Date,Low,Open,Volume,High,Close,Adjusted Close
28-03-1980,0.625,0.0,2400,0.671875,0.625,0.15464186668395996
31-03-1980,0.625,0.625,0,0.625,0.625,0.15464186668395996
01-04-1980,0.625,0.625,0,0.625,0.625,0.15464186668395996
02-04-1980,0.625,0.0,800,0.671875,0.625,0.15464186668395996
03-04-1980,0.625,0.625,0,0.625,0.625,0.15464186668395996
07-04-1980,0.625,0.0,2400,0.671875,0.625,0.15464186668395996
08-04-1980,0.625,0.625,0,0.625,0.625,0.15464186668395996
09-04-1980,0.625,0.625,0,0.625,0.625,0.15464186668395996
10-04-1980,0.625,0.625,0,0.625,0.625,0.15464186668395996
11-04-1980,0.640625,0.0,1600,0.6875,0.640625,0.15850786864757538
14-04-1980,0.640625,0.640625,0,0.640625,0.640625,0.15850786864757538
15-04-1980,0.59375,0.0,4000,0.640625,0.59375,0.14690972864627838
16-04-1980,0.59375,0.0,4000,0.640625,0.59375,0.14690972864627838
17-04-1980,0.59375,0.59375,0,0.59375,0.59375,0.14690972864627838
18-04-1980,0.59375,0.59375,0,0.59375,0.59375,0.14690972864627838
21-04-1980,0.59375,0.59375,0,0.59375,0.59375,0.14690972864627838
22-04-1980,0.59375,0.59375,0,0.59375,0.59375,0.14690972864627838
23-04-1980,0.59375,0.59375,0,0.59375,0.59375,0.14690972864627838
24-04-1980,0.59375,0.59375,0,0.59375,0.59375,0.14690972864627838
25-04-1980,0.59375,0.59375,0,0.59375,0.59375,0.14690972864627838
28-04-1980,0.59375,0.59375,0,0.59375,0.59375,0.14690972864627838
29-04-1980,0.546875,0.0,800,0.59375,0.546875,0.13531167805194855
30-04-1980,0.546875,0.546875,0,0.546875,0.546875,0.13531167805194855
01-05-1980,0.546875,0.546875,0,0.546875,0.546875,0.13531167805194855
02-05-1980,0.546875,0.0,1600,0.59375,0.546875,0.13531167805194855
05-05-1980,0.546875,0.546875,0,0.546875,0.546875,0.13531167805194855
06-05-1980,0.546875,0.0,3200,0.59375,0.546875,0.13531167805194855
07-05-1980,0.546875,0.546875,0,0.546875,0.546875,0.13531167805194855
08-05-1980,0.546875,0.546875,0,0.546875,0.546875,0.13531167805194855
09-05-1980,0.546875,0.546875,0,0.546875,0.546875,0.13531167805194855
12-05-1980,0.546875,0.546875,0,0.546875,0.546875,0.13531167805194855
13-05-1980,0.546875,0.546875,0,0.546875,0.546875,0.13531167805194855
14-05-1980,0.546875,0.546875,0,0.546875,0.546875,0.13531167805194855
15-05-1980,0.546875,0.546875,0,0.546875,0.546875,0.13531167805194855
16-05-1980,0.515625,0.0,800,0.5625,0.515625,0.12757955491542816
19-05-1980,0.515625,0.0,2400,0.5625,0.515625,0.12757955491542816
20-05-1980,0.515625,0.515625,0,0.515625,0.515625,0.12757955491542816
21-05-1980,0.515625,0.0,1600,0.5625,0.515625,0.12757955491542816
22-05-1980,0.515625,0.515625,0,0.515625,0.515625,0.12757955491542816
23-05-1980,0.515625,0.0,2400,0.5625,0.515625,0.12757955491542816
27-05-1980,0.515625,0.515625,0,0.515625,0.515625,0.12757955491542816
28-05-1980,0.515625,0.515625,0,0.515625,0.515625,0.12757955491542816
29-05-1980,0.515625,0.515625,0,0.515625,0.515625,0.12757955491542816
30-05-1980,0.515625,0.0,3200,0.5625,0.515625,0.12757955491542816
02-06-1980,0.515625,0.515625,0,0.515625,0.515625,0.12757955491542816
03-06-1980,0.515625,0.0,7200,0.5625,0.515625,0.12757955491542816
04-06-1980,0.53125,0.0,1600,0.578125,0.53125,0.13144558668136597
05-06-1980,0.53125,0.0,1600,0.578125,0.53125,0.13144558668136597
06-06-1980,0.53125,0.53125,0,0.53125,0.53125,0.13144558668136597
09-06-1980,0.5625,0.0,17600,0.609375,0.5625,0.1391775757074356
10-06-1980,0.5625,0.5625,0,0.5625,0.5625,0.1391775757074356
11-06-1980,0.5625,0.5625,0,0.5625,0.5625,0.1391775757074356
12-06-1980,0.578125,0.0,8000,0.625,0.578125,0.1430436372756958
13-06-1980,0.59375,0.0,800,0.640625,0.59375,0.14690972864627838
16-06-1980,0.59375,0.59375,0,0.59375,0.59375,0.14690972864627838
17-06-1980,0.625,0.0,8000,0.671875,0.625,0.15464186668395996
18-06-1980,0.625,0.625,0,0.625,0.625,0.15464186668395996
19-06-1980,0.625,0.0,8800,0.671875,0.625,0.15464186668395996
20-06-1980,0.625,0.625,0,0.625,0.625,0.15464186668395996
23-06-1980,0.625,0.0,800,0.671875,0.625,0.15464186668395996
24-06-1980,0.625,0.625,0,0.625,0.625,0.15464186668395996
25-06-1980,0.625,0.625,0,0.625,0.625,0.15464186668395996
26-06-1980,0.625,0.625,0,0.625,0.625,0.15464186668395996
27-06-1980,0.625,0.625,0,0.625,0.625,0.15464186668395996
30-06-1980,0.625,0.625,0,0.625,0.625,0.15464186668395996
01-07-1980,0.625,0.625,0,0.625,0.625,0.15464186668395996
02-07-1980,0.625,0.625,0,0.625,0.625,0.15464186668395996
03-07-1980,0.65625,0.0,3200,0.703125,0.65625,0.16237396001815796
07-07-1980,0.671875,0.0,800,0.71875,0.671875,0.16623999178409576
08-07-1980,0.671875,0.671875,0,0.671875,0.671875,0.16623999178409576
09-07-1980,0.671875,0.671875,0,0.671875,0.671875,0.16623999178409576
10-07-1980,0.671875,0.0,800,0.703125,0.671875,0.16623999178409576
11-07-1980,0.671875,0.0,800,0.703125,0.671875,0.16623999178409576
14-07-1980,0.65625,0.0,28000,0.703125,0.65625,0.16237396001815796
15-07-1980,0.65625,0.65625,0,0.65625,0.65625,0.16237396001815796
16-07-1980,0.65625,0.65625,0,0.65625,0.65625,0.16237396001815796
17-07-1980,0.65625,0.0,1600,0.703125,0.65625,0.16237396001815796
18-07-1980,0.65625,0.65625,0,0.65625,0.65625,0.16237396001815796
21-07-1980,0.65625,0.65625,0,0.65625,0.65625,0.16237396001815796
22-07-1980,0.65625,0.65625,0,0.65625,0.65625,0.16237396001815796
23-07-1980,0.65625,0.65625,0,0.65625,0.65625,0.16237396001815796
24-07-1980,0.640625,0.0,1600,0.6875,0.640625,0.15850786864757538
25-07-1980,0.640625,0.640625,0,0.640625,0.640625,0.15850786864757538
28-07-1980,0.640625,0.640625,0,0.640625,0.640625,0.15850786864757538
29-07-1980,0.640625,0.640625,0,0.640625,0.640625,0.15850786864757538
30-07-1980,0.640625,0.640625,0,0.640625,0.640625,0.15850786864757538
31-07-1980,0.640625,0.640625,0,0.640625,0.640625,0.15850786864757538
01-08-1980,0.640625,0.640625,0,0.640625,0.640625,0.15850786864757538
04-08-1980,0.640625,0.640625,0,0.640625,0.640625,0.15850786864757538
05-08-1980,0.640625,0.640625,0,0.640625,0.640625,0.15850786864757538
06-08-1980,0.640625,0.640625,0,0.640625,0.640625,0.15850786864757538
07-08-1980,0.640625,0.640625,0,0.640625,0.640625,0.15850786864757538
08-08-1980,0.640625,0.640625,0,0.640625,0.640625,0.15850786864757538
11-08-1980,0.640625,0.0,1600,0.6875,0.640625,0.15850786864757538
12-08-1980,0.65625,0.0,2400,0.6875,0.65625,0.16237396001815796
13-08-1980,0.65625,0.0,3200,0.6875,0.65625,0.16237396001815796
14-08-1980,0.65625,0.65625,0,0.65625,0.65625,0.16237396001815796
15-08-1980,0.65625,0.65625,0,0.65625,0.65625,0.16237396001815796
18-08-1980,0.671875,0.0,8800,0.703125,0.671875,0.16623999178409576
19-08-1980,0.671875,0.0,9600,0.703125,0.671875,0.16623999178409576
20-08-1980,0.671875,0.671875,0,0.671875,0.671875,0.16623999178409576
21-08-1980,0.671875,0.671875,0,0.671875,0.671875,0.16623999178409576
22-08-1980,0.671875,0.671875,0,0.671875,0.671875,0.16623999178409576
25-08-1980,0.671875,0.671875,0,0.671875,0.671875,0.16623999178409576
26-08-1980,0.671875,0.0,12000,0.71875,0.671875,0.16623999178409576
27-08-1980,0.6875,0.0,4800,0.703125,0.6875,0.17010602355003357
28-08-1980,0.6875,0.6875,0,0.6875,0.6875,0.17010602355003357
29-08-1980,0.6875,0.6875,0,0.6875,0.6875,0.17010602355003357
02-09-1980,0.6875,0.6875,0,0.6875,0.6875,0.17010602355003357
03-09-1980,0.6875,0.6875,0,0.6875,0.6875,0.17010602355003357
04-09-1980,0.6875,0.6875,0,0.6875,0.6875,0.17010602355003357
05-09-1980,0.6875,0.6875,0,0.6875,0.6875,0.17010602355003357
08-09-1980,0.6875,0.6875,0,0.6875,0.6875,0.17010602355003357
09-09-1980,0.6875,0.0,4800,0.734375,0.6875,0.17010602355003357
10-09-1980,0.703125,0.0,1600,0.734375,0.703125,0.1739719957113266
11-09-1980,0.703125,0.703125,0,0.703125,0.703125,0.1739719957113266
12-09-1980,0.71875,0.0,6400,0.765625,0.71875,0.17783808708190918
15-09-1980,0.734375,0.0,3200,0.765625,0.734375,0.18170422315597534
16-09-1980,0.734375,0.734375,0,0.734375,0.734375,0.18170422315597534
17-09-1980,0.734375,0.734375,0,0.734375,0.734375,0.18170422315597534
18-09-1980,0.734375,0.734375,0,0.734375,0.734375,0.18170422315597534
19-09-1980,0.734375,0.734375,0,0.734375,0.734375,0.18170422315597534
22-09-1980,0.734375,0.734375,0,0.734375,0.734375,0.18170422315597534
23-09-1980,0.734375,0.0,8000,0.765625,0.734375,0.18170422315597534
24-09-1980,0.734375,0.0,8000,0.765625,0.734375,0.18170422315597534
25-09-1980,0.75,0.0,24000,0.765625,0.75,0.18557018041610718
26-09-1980,0.75,0.75,0,0.75,0.75,0.18557018041610718
29-09-1980,0.75,0.75,0,0.75,0.75,0.18557018041610718
30-09-1980,0.75,0.75,0,0.75,0.75,0.18557018041610718
01-10-1980,0.75,0.75,0,0.75,0.75,0.18557018041610718
02-10-1980,0.75,0.75,0,0.75,0.75,0.18557018041610718
03-10-1980,0.75,0.75,0,0.75,0.75,0.18557018041610718
06-10-1980,0.703125,0.0,4000,0.75,0.703125,0.1739719957113266
07-10-1980,0.6875,0.0,7200,0.734375,0.6875,0.17010602355003357
08-10-1980,0.671875,0.0,1600,0.703125,0.671875,0.16623999178409576
09-10-1980,0.671875,0.671875,0,0.671875,0.671875,0.16623999178409576
10-10-1980,0.640625,0.0,800,0.671875,0.640625,0.15850786864757538
13-10-1980,0.640625,0.640625,0,0.640625,0.640625,0.15850786864757538
14-10-1980,0.640625,0.640625,0,0.640625,0.640625,0.15850786864757538
15-10-1980,0.640625,0.640625,0,0.640625,0.640625,0.15850786864757538
16-10-1980,0.6875,0.0,4000,0.71875,0.6875,0.17010602355003357
17-10-1980,0.671875,0.0,4800,0.71875,0.671875,0.16623999178409576
20-10-1980,0.671875,0.0,1600,0.71875,0.671875,0.16623999178409576
21-10-1980,0.671875,0.671875,0,0.671875,0.671875,0.16623999178409576
22-10-1980,0.703125,0.0,1600,0.734375,0.703125,0.1739719957113266
23-10-1980,0.703125,0.703125,0,0.703125,0.703125,0.1739719957113266
24-10-1980,0.734375,0.0,800,0.765625,0.734375,0.18170422315597534
27-10-1980,0.75,0.0,17600,0.78125,0.75,0.18557018041610718
28-10-1980,0.734375,0.0,14400,0.78125,0.734375,0.18170422315597534
29-10-1980,0.734375,0.0,1600,0.765625,0.734375,0.18170422315597534
30-10-1980,0.734375,0.0,3200,0.765625,0.734375,0.18170422315597534
31-10-1980,0.734375,0.734375,0,0.734375,0.734375,0.18170422315597534
03-11-1980,0.734375,0.0,800,0.765625,0.734375,0.18170422315597534
05-11-1980,0.734375,0.0,800,0.78125,0.734375,0.18170422315597534
06-11-1980,0.734375,0.734375,0,0.734375,0.734375,0.18170422315597534
07-11-1980,0.71875,0.0,8000,0.765625,0.71875,0.17783808708190918
10-11-1980,0.71875,0.0,12800,0.75,0.71875,0.17783808708190918
11-11-1980,0.71875,0.0,4800,0.765625,0.71875,0.17783808708190918
12-11-1980,0.71875,0.71875,0,0.71875,0.71875,0.17783808708190918
13-11-1980,0.734375,0.0,1600,0.765625,0.734375,0.18170422315597534
14-11-1980,0.734375,0.0,4000,0.78125,0.734375,0.18170422315597534
17-11-1980,0.734375,0.0,40000,0.78125,0.734375,0.18170422315597534
18-11-1980,0.765625,0.0,1600,0.796875,0.765625,0.1894361525774002
19-11-1980,0.765625,0.0,4800,0.8125,0.765625,0.1894361525774002
20-11-1980,0.765625,0.765625,0,0.765625,0.765625,0.1894361525774002
21-11-1980,0.765625,0.0,41600,0.8125,0.765625,0.1894361525774002
24-11-1980,0.765625,0.765625,0,0.765625,0.765625,0.1894361525774002
25-11-1980,0.75,0.0,1600,0.78125,0.75,0.18557018041610718
26-11-1980,0.75,0.0,1600,0.78125,0.75,0.18557018041610718
28-11-1980,0.734375,0.0,4800,0.765625,0.734375,0.18170422315597534
01-12-1980,0.734375,0.734375,0,0.734375,0.734375,0.18170422315597534
02-12-1980,0.703125,0.0,4000,0.75,0.703125,0.1739719957113266
03-12-1980,0.703125,0.0,2400,0.71875,0.703125,0.1739719957113266
04-12-1980,0.703125,0.0,2400,0.734375,0.703125,0.1739719957113266
05-12-1980,0.703125,0.0,800,0.71875,0.703125,0.1739719957113266
08-12-1980,0.6875,0.0,5600,0.71875,0.6875,0.17010602355003357
09-12-1980,0.6875,0.0,8000,0.71875,0.6875,0.17010602355003357
10-12-1980,0.671875,0.0,4000,0.71875,0.671875,0.16623999178409576
11-12-1980,0.671875,0.671875,0,0.671875,0.671875,0.16623999178409576
12-12-1980,0.6875,0.0,4000,0.71875,0.6875,0.17010602355003357
15-12-1980,0.6875,0.6875,0,0.6875,0.6875,0.17010602355003357
16-12-1980,0.6875,0.6875,0,0.6875,0.6875,0.17010602355003357
17-12-1980,0.6875,0.6875,0,0.6875,0.6875,0.17010602355003357
18-12-1980,0.71875,0.0,800,0.75,0.71875,0.17783808708190918
19-12-1980,0.71875,0.71875,0,0.71875,0.71875,0.17783808708190918
22-12-1980,0.734375,0.0,1600,0.765625,0.734375,0.18170422315597534
23-12-1980,0.734375,0.734375,0,0.734375,0.734375,0.18170422315597534
24-12-1980,0.734375,0.734375,0,0.734375,0.734375,0.18170422315597534
26-12-1980,0.734375,0.734375,0,0.734375,0.734375,0.18170422315597534
29-12-1980,0.765625,0.0,24800,0.796875,0.765625,0.1894361525774002
30-12-1980,0.765625,0.765625,0,0.765625,0.765625,0.1894361525774002
31-12-1980,0.78125,0.0,4800,0.8125,0.78125,0.1933024376630783
02-01-1981,0.796875,0.0,12000,0.828125,0.796875,0.19716835021972656
05-01-1981,0.8125,0.0,4000,0.84375,0.8125,0.20103445649147034
06-01-1981,0.8125,0.0,9600,0.84375,0.8125,0.20103445649147034
07-01-1981,0.796875,0.0,14400,0.828125,0.796875,0.19716835021972656
08-01-1981,0.765625,0.0,10400,0.796875,0.765625,0.1894361525774002
09-01-1981,0.765625,0.0,6400,0.796875,0.765625,0.1894361525774002
12-01-1981,0.75,0.0,25600,0.78125,0.75,0.18557018041610718
13-01-1981,0.734375,0.0,800,0.765625,0.734375,0.18170422315597534
14-01-1981,0.734375,0.734375,0,0.734375,0.734375,0.18170422315597534
15-01-1981,0.734375,0.0,1600,0.765625,0.734375,0.18170422315597534
16-01-1981,0.734375,0.0,800,0.765625,0.734375,0.18170422315597534
19-01-1981,0.734375,0.0,8000,0.765625,0.734375,0.18170422315597534
20-01-1981,0.75,0.0,3200,0.765625,0.75,0.18557018041610718
21-01-1981,0.75,0.0,4800,0.78125,0.75,0.18557018041610718
22-01-1981,0.734375,0.0,8000,0.765625,0.734375,0.18170422315597534
23-01-1981,0.734375,0.0,13600,0.765625,0.734375,0.18170422315597534
26-01-1981,0.765625,0.0,8800,0.796875,0.765625,0.1894361525774002
27-01-1981,0.765625,0.0,4800,0.796875,0.765625,0.1894361525774002
28-01-1981,0.765625,0.0,800,0.796875,0.765625,0.1894361525774002
29-01-1981,0.765625,0.765625,0,0.765625,0.765625,0.1894361525774002
30-01-1981,0.765625,0.0,6400,0.765625,0.765625,0.1894361525774002
02-02-1981,0.78125,0.0,4800,0.8125,0.78125,0.1933024376630783
03-02-1981,0.78125,0.0,1600,0.8125,0.78125,0.1933024376630783
04-02-1981,0.78125,0.0,1600,0.8125,0.78125,0.1933024376630783
05-02-1981,0.78125,0.78125,0,0.78125,0.78125,0.1933024376630783
06-02-1981,0.78125,0.0,4000,0.8125,0.78125,0.1933024376630783
09-02-1981,0.765625,0.0,4800,0.796875,0.765625,0.1894361525774002
10-02-1981,0.78125,0.0,8800,0.796875,0.78125,0.1933024376630783
11-02-1981,0.765625,0.0,1600,0.796875,0.765625,0.1894361525774002
12-02-1981,0.765625,0.765625,0,0.765625,0.765625,0.1894361525774002
13-02-1981,0.78125,0.0,800,0.8125,0.78125,0.1933024376630783
17-02-1981,0.75,0.0,23200,0.78125,0.75,0.18557018041610718
18-02-1981,0.765625,0.0,3200,0.78125,0.765625,0.1894361525774002
19-02-1981,0.765625,0.0,800,0.796875,0.765625,0.1894361525774002
20-02-1981,0.765625,0.0,9600,0.8125,0.765625,0.1894361525774002
23-02-1981,0.75,0.0,25600,0.78125,0.75,0.18557018041610718
24-02-1981,0.734375,0.0,2400,0.765625,0.734375,0.18170422315597534
25-02-1981,0.75,0.0,16800,0.78125,0.75,0.18557018041610718
26-02-1981,0.75,0.0,17600,0.78125,0.75,0.18557018041610718
27-02-1981,0.78125,0.0,9600,0.8125,0.78125,0.1933024376630783
02-03-1981,0.78125,0.0,12000,0.8125,0.78125,0.1933024376630783
03-03-1981,0.796875,0.0,20800,0.8125,0.796875,0.19716835021972656
04-03-1981,0.796875,0.0,800,0.84375,0.796875,0.19716835021972656
05-03-1981,0.796875,0.0,9600,0.828125,0.796875,0.19716835021972656
06-03-1981,0.796875,0.796875,0,0.796875,0.796875,0.19716835021972656
09-03-1981,0.78125,0.0,60000,0.828125,0.78125,0.1933024376630783
10-03-1981,0.78125,0.0,48800,0.8125,0.78125,0.1933024376630783
11-03-1981,0.75,0.0,800,0.796875,0.75,0.18557018041610718
12-03-1981,0.75,0.0,4000,0.78125,0.75,0.18557018041610718
13-03-1981,0.75,0.0,1600,0.78125,0.75,0.18557018041610718
16-03-1981,0.75,0.0,3200,0.78125,0.75,0.18557018041610718
17-03-1981,0.765625,0.0,32800,0.796875,0.765625,0.1894361525774002
18-03-1981,0.765625,0.0,3200,0.796875,0.765625,0.1894361525774002
19-03-1981,0.796875,0.0,13600,0.8125,0.796875,0.19716835021972656
20-03-1981,0.8125,0.0,38400,0.84375,0.8125,0.20103445649147034
23-03-1981,0.8125,0.0,79200,0.828125,0.8125,0.20103445649147034
24-03-1981,0.84375,0.0,31200,0.875,0.84375,0.2087664157152176
25-03-1981,0.828125,0.0,46400,0.859375,0.828125,0.20490041375160217
26-03-1981,0.84375,0.0,18400,0.875,0.84375,0.2087664157152176
27-03-1981,0.828125,0.0,35200,0.859375,0.828125,0.20490041375160217
30-03-1981,0.8125,0.0,4800,0.84375,0.8125,0.20103445649147034
31-03-1981,0.84375,0.0,12800,0.859375,0.84375,0.2087664157152176
01-04-1981,0.84375,0.0,6400,0.875,0.84375,0.2087664157152176
02-04-1981,0.890625,0.0,23200,0.90625,0.890625,0.22036460041999817
03-04-1981,0.875,0.0,14400,0.90625,0.875,0.21649862825870514
06-04-1981,0.84375,0.0,29600,0.875,0.84375,0.2087664157152176
07-04-1981,0.84375,0.0,20000,0.875,0.84375,0.2087664157152176
08-04-1981,0.890625,0.0,34400,0.921875,0.890625,0.22036460041999817
09-04-1981,0.890625,0.0,108000,0.90625,0.890625,0.22036460041999817
10-04-1981,0.890625,0.0,22400,0.90625,0.890625,0.22036460041999817
13-04-1981,0.90625,0.0,98400,0.9375,0.90625,0.22423073649406433
14-04-1981,0.90625,0.0,22400,0.9375,0.90625,0.22423073649406433
15-04-1981,0.90625,0.0,72800,0.9375,0.90625,0.22423073649406433
16-04-1981,0.921875,0.0,90400,0.953125,0.921875,0.22809675335884094
20-04-1981,0.921875,0.0,22400,0.96875,0.921875,0.22809675335884094
21-04-1981,0.9375,0.0,120800,0.96875,0.9375,0.2319626808166504
22-04-1981,0.9375,0.0,50400,0.984375,0.9375,0.2319626808166504
23-04-1981,0.9375,0.0,48000,0.96875,0.9375,0.2319626808166504
24-04-1981,0.953125,0.0,39200,0.984375,0.953125,0.23582875728607178
27-04-1981,0.96875,0.0,35200,0.984375,0.96875,0.2396947145462036
28-04-1981,0.9375,0.0,20000,0.96875,0.9375,0.2319626808166504
29-04-1981,0.9375,0.0,13600,0.96875,0.9375,0.2319626808166504
30-04-1981,0.96875,0.0,16800,1.0,0.96875,0.2396947145462036
01-05-1981,1.0,0.0,56000,1.015625,1.0,0.2474268227815628
04-05-1981,0.96875,0.0,207200,1.0,0.96875,0.2396947145462036
05-05-1981,0.953125,0.0,64000,1.0,0.953125,0.23582875728607178
06-05-1981,0.953125,0.0,88800,0.984375,0.953125,0.23582875728607178
07-05-1981,0.9375,0.0,51200,0.96875,0.9375,0.2319626808166504
08-05-1981,0.921875,0.0,35200,0.953125,0.921875,0.22809675335884094
11-05-1981,0.90625,0.0,51200,0.9375,0.90625,0.22423073649406433
12-05-1981,0.890625,0.0,30400,0.921875,0.890625,0.22036460041999817
13-05-1981,0.875,0.0,21600,0.890625,0.875,0.21649862825870514
14-05-1981,0.875,0.0,20000,0.890625,0.875,0.21649862825870514
15-05-1981,0.875,0.0,11200,0.90625,0.875,0.21649862825870514
18-05-1981,0.890625,0.0,14400,0.921875,0.890625,0.22036460041999817
19-05-1981,0.890625,0.0,31200,0.90625,0.890625,0.22036460041999817
20-05-1981,0.859375,0.0,37600,0.875,0.859375,0.21263259649276733
21-05-1981,0.859375,0.0,1600,0.875,0.859375,0.21263259649276733
22-05-1981,0.84375,0.0,35200,0.875,0.84375,0.2087664157152176
26-05-1981,0.84375,0.0,10400,0.890625,0.84375,0.2087664157152176
27-05-1981,0.859375,0.0,16000,0.890625,0.859375,0.21263259649276733
28-05-1981,0.875,0.0,800,0.90625,0.875,0.21649862825870514
29-05-1981,0.875,0.0,38400,0.90625,0.875,0.21649862825870514
01-06-1981,0.875,0.0,56000,0.921875,0.875,0.21649862825870514
02-06-1981,0.890625,0.0,4000,0.90625,0.890625,0.22036460041999817
03-06-1981,0.890625,0.0,52800,0.921875,0.890625,0.22036460041999817
04-06-1981,0.875,0.0,10400,0.90625,0.875,0.21649862825870514
05-06-1981,0.859375,0.0,49600,0.875,0.859375,0.21263259649276733
08-06-1981,0.859375,0.0,28800,0.890625,0.859375,0.21263259649276733
09-06-1981,0.875,0.0,14400,0.890625,0.875,0.21649862825870514
10-06-1981,0.890625,0.0,15200,0.90625,0.890625,0.22036460041999817
11-06-1981,0.875,0.0,37600,0.90625,0.875,0.21649862825870514
12-06-1981,0.890625,0.0,10400,0.90625,0.890625,0.22036460041999817
15-06-1981,0.90625,0.0,5600,0.9375,0.90625,0.22423073649406433
16-06-1981,0.921875,0.0,29600,0.96875,0.921875,0.22809675335884094
17-06-1981,0.921875,0.0,21600,0.953125,0.921875,0.22809675335884094
18-06-1981,0.90625,0.0,3200,0.9375,0.90625,0.22423073649406433
19-06-1981,0.890625,0.0,29600,0.921875,0.890625,0.22036460041999817
22-06-1981,0.90625,0.0,12800,0.9375,0.90625,0.22423073649406433
23-06-1981,0.90625,0.0,34400,0.9375,0.90625,0.22423073649406433
24-06-1981,0.90625,0.0,42400,0.9375,0.90625,0.22423073649406433
25-06-1981,0.890625,0.0,24000,0.921875,0.890625,0.22036460041999817
26-06-1981,0.875,0.0,32800,0.90625,0.875,0.21649862825870514
29-06-1981,0.875,0.0,5600,0.90625,0.875,0.21649862825870514
30-06-1981,0.875,0.0,8800,0.90625,0.875,0.21649862825870514
01-07-1981,0.875,0.0,12000,0.90625,0.875,0.21649862825870514
02-07-1981,0.875,0.0,48800,0.90625,0.875,0.21649862825870514
06-07-1981,0.90625,0.0,13600,0.9375,0.90625,0.22423073649406433
07-07-1981,0.90625,0.0,56800,0.921875,0.90625,0.22423073649406433
08-07-1981,0.90625,0.0,22400,0.90625,0.90625,0.22423073649406433
09-07-1981,0.875,0.0,24800,0.90625,0.875,0.21649862825870514
10-07-1981,0.890625,0.0,17600,0.921875,0.890625,0.22036460041999817
13-07-1981,0.890625,0.0,13600,0.90625,0.890625,0.22036460041999817
14-07-1981,0.875,0.0,12800,0.90625,0.875,0.21649862825870514
15-07-1981,0.890625,0.0,19200,0.921875,0.890625,0.22036460041999817
16-07-1981,0.890625,0.0,9600,0.921875,0.890625,0.22036460041999817
17-07-1981,0.875,0.0,28000,0.90625,0.875,0.21649862825870514
20-07-1981,0.859375,0.0,17600,0.890625,0.859375,0.21263259649276733
21-07-1981,0.84375,0.0,10400,0.859375,0.84375,0.2087664157152176
22-07-1981,0.84375,0.0,38400,0.875,0.84375,0.2087664157152176
23-07-1981,0.859375,0.0,4800,0.890625,0.859375,0.21263259649276733
24-07-1981,0.859375,0.0,6400,0.890625,0.859375,0.21263259649276733
27-07-1981,0.875,0.0,3200,0.90625,0.875,0.21649862825870514
28-07-1981,0.859375,0.0,8000,0.90625,0.859375,0.21263259649276733
29-07-1981,0.875,0.0,2400,0.90625,0.875,0.21649862825870514
30-07-1981,0.875,0.0,9600,0.90625,0.875,0.21649862825870514
31-07-1981,0.875,0.0,19200,0.921875,0.875,0.21649862825870514
03-08-1981,0.875,0.0,24000,0.90625,0.875,0.21649862825870514
04-08-1981,0.875,0.0,2400,0.90625,0.875,0.21649862825870514
05-08-1981,0.890625,0.0,32800,0.90625,0.890625,0.22036460041999817
06-08-1981,0.875,0.0,82400,0.890625,0.875,0.21649862825870514
07-08-1981,0.859375,0.0,20800,0.890625,0.859375,0.21263259649276733
10-08-1981,0.859375,0.859375,0,0.859375,0.859375,0.21263259649276733
11-08-1981,0.875,0.0,18400,0.90625,0.875,0.21649862825870514
12-08-1981,0.890625,0.0,13600,0.9375,0.890625,0.22036460041999817
13-08-1981,0.90625,0.0,10400,0.9375,0.90625,0.22423073649406433
14-08-1981,0.90625,0.0,40000,0.9375,0.90625,0.22423073649406433
17-08-1981,0.921875,0.0,24800,0.953125,0.921875,0.22809675335884094
18-08-1981,0.9375,0.0,8800,0.96875,0.9375,0.2319626808166504
19-08-1981,0.9375,0.0,12800,0.96875,0.9375,0.2319626808166504
20-08-1981,0.9375,0.0,1600,0.96875,0.9375,0.2319626808166504
21-08-1981,0.953125,0.0,21600,0.984375,0.953125,0.23582875728607178
24-08-1981,0.9375,0.0,11200,0.984375,0.9375,0.2319626808166504
25-08-1981,0.921875,0.0,16800,0.96875,0.921875,0.22809675335884094
26-08-1981,0.921875,0.0,19200,0.96875,0.921875,0.22809675335884094
27-08-1981,0.921875,0.0,800,0.953125,0.921875,0.22809675335884094
28-08-1981,0.9375,0.0,3200,0.96875,0.9375,0.2319626808166504
31-08-1981,0.9375,0.9375,0,0.9375,0.9375,0.2319626808166504
01-09-1981,0.9375,0.0,8800,0.953125,0.9375,0.2319626808166504
02-09-1981,0.921875,0.0,5600,0.953125,0.921875,0.22809675335884094
03-09-1981,0.9375,0.0,20800,0.96875,0.9375,0.2319626808166504
04-09-1981,0.9375,0.0,4800,0.96875,0.9375,0.2319626808166504
08-09-1981,0.90625,0.0,36800,0.9375,0.90625,0.22423073649406433
09-09-1981,0.921875,0.0,1600,0.9375,0.921875,0.22809675335884094
10-09-1981,0.90625,0.0,5600,0.9375,0.90625,0.22423073649406433
11-09-1981,0.90625,0.0,6400,0.9375,0.90625,0.22423073649406433
14-09-1981,0.890625,0.0,19200,0.90625,0.890625,0.22036460041999817
15-09-1981,0.890625,0.890625,0,0.890625,0.890625,0.22036460041999817
16-09-1981,0.875,0.0,1600,0.921875,0.875,0.21649862825870514
17-09-1981,0.875,0.0,8000,0.921875,0.875,0.21649862825870514
18-09-1981,0.875,0.0,2400,0.90625,0.875,0.21649862825870514
21-09-1981,0.859375,0.0,20800,0.890625,0.859375,0.21263259649276733
22-09-1981,0.859375,0.0,11200,0.890625,0.859375,0.21263259649276733
23-09-1981,0.84375,0.0,13600,0.875,0.84375,0.2087664157152176
24-09-1981,0.796875,0.0,8000,0.84375,0.796875,0.19716835021972656
25-09-1981,0.78125,0.0,22400,0.8125,0.78125,0.1933024376630783
28-09-1981,0.765625,0.0,21600,0.78125,0.765625,0.1894361525774002
29-09-1981,0.765625,0.0,4800,0.8125,0.765625,0.1894361525774002
30-09-1981,0.796875,0.0,16000,0.8125,0.796875,0.19716835021972656
01-10-1981,0.8125,0.0,26400,0.84375,0.8125,0.20103445649147034
02-10-1981,0.828125,0.0,14400,0.859375,0.828125,0.20490041375160217
05-10-1981,0.890625,0.0,56000,0.921875,0.890625,0.22036460041999817
06-10-1981,0.875,0.0,16000,0.921875,0.875,0.21649862825870514
07-10-1981,0.890625,0.0,20000,0.921875,0.890625,0.22036460041999817
08-10-1981,0.90625,0.0,16000,0.9375,0.90625,0.22423073649406433
09-10-1981,0.90625,0.0,14400,0.953125,0.90625,0.22423073649406433
12-10-1981,0.9375,0.0,23200,0.96875,0.9375,0.2319626808166504
13-10-1981,0.921875,0.0,13600,0.953125,0.921875,0.22809675335884094
14-10-1981,0.875,0.0,20800,0.921875,0.875,0.21649862825870514
15-10-1981,0.890625,0.0,800,0.921875,0.890625,0.22036460041999817
16-10-1981,0.859375,0.0,22400,0.875,0.859375,0.21263259649276733
19-10-1981,0.875,0.0,800,0.921875,0.875,0.21649862825870514
20-10-1981,0.875,0.875,0,0.875,0.875,0.21649862825870514
21-10-1981,0.875,0.875,0,0.875,0.875,0.21649862825870514
22-10-1981,0.890625,0.0,11200,0.921875,0.890625,0.22036460041999817
23-10-1981,0.875,0.0,17600,0.90625,0.875,0.21649862825870514
26-10-1981,0.859375,0.0,12800,0.90625,0.859375,0.21263259649276733
27-10-1981,0.875,0.0,12000,0.90625,0.875,0.21649862825870514
28-10-1981,0.90625,0.0,4000,0.953125,0.90625,0.22423073649406433
29-10-1981,0.921875,0.0,1600,0.96875,0.921875,0.22809675335884094
30-10-1981,0.921875,0.0,8800,0.96875,0.921875,0.22809675335884094
02-11-1981,0.984375,0.0,41600,1.015625,0.984375,0.24356088042259216
03-11-1981,1.0,0.0,27200,1.03125,1.0,0.2474268227815628
04-11-1981,1.015625,0.0,43200,1.046875,1.015625,0.25129297375679016
05-11-1981,1.03125,0.0,24000,1.0625,1.03125,0.2551591098308563
06-11-1981,1.0,0.0,5600,1.03125,1.0,0.2474268227815628
09-11-1981,1.015625,0.0,32000,1.03125,1.015625,0.25129297375679016
10-11-1981,1.0,0.0,22400,1.015625,1.0,0.2474268227815628
11-11-1981,1.015625,0.0,18400,1.03125,1.015625,0.25129297375679016
12-11-1981,1.03125,0.0,16800,1.046875,1.03125,0.2551591098308563
13-11-1981,1.046875,0.0,1600,1.078125,1.046875,0.25902503728866577
16-11-1981,1.046875,0.0,4000,1.078125,1.046875,0.25902503728866577
17-11-1981,1.046875,0.0,18400,1.0625,1.046875,0.25902503728866577
18-11-1981,1.046875,0.0,46400,1.0625,1.046875,0.25902503728866577
19-11-1981,1.046875,1.046875,0,1.046875,1.046875,0.25902503728866577
20-11-1981,1.015625,0.0,24800,1.0625,1.015625,0.25129297375679016
23-11-1981,1.015625,0.0,1600,1.0625,1.015625,0.25129297375679016
24-11-1981,1.015625,0.0,11200,1.046875,1.015625,0.25129297375679016
25-11-1981,1.03125,0.0,41600,1.0625,1.03125,0.2551591098308563
27-11-1981,1.03125,0.0,77600,1.0625,1.03125,0.2551591098308563
30-11-1981,1.046875,0.0,12800,1.0625,1.046875,0.25902503728866577
01-12-1981,1.046875,0.0,39200,1.0625,1.046875,0.25902503728866577
02-12-1981,1.015625,0.0,33600,1.0625,1.015625,0.25129297375679016
03-12-1981,1.0,0.0,32000,1.03125,1.0,0.2474268227815628
04-12-1981,1.0,0.0,10400,1.046875,1.0,0.2474268227815628
07-12-1981,1.03125,0.0,15200,1.046875,1.03125,0.2551591098308563
08-12-1981,1.0,0.0,16800,1.03125,1.0,0.2474268227815628
09-12-1981,0.984375,0.0,1600,1.015625,0.984375,0.24356088042259216
10-12-1981,0.984375,0.0,11200,1.0,0.984375,0.24356088042259216
11-12-1981,0.984375,0.0,12000,1.0,0.984375,0.24356088042259216
14-12-1981,0.953125,0.0,10400,0.984375,0.953125,0.23582875728607178
15-12-1981,0.953125,0.0,4800,0.984375,0.953125,0.23582875728607178
16-12-1981,0.953125,0.953125,0,0.953125,0.953125,0.23582875728607178
17-12-1981,0.96875,0.0,2400,1.0,0.96875,0.2396947145462036
18-12-1981,0.953125,0.0,2400,1.0,0.953125,0.23582875728607178
21-12-1981,0.953125,0.0,5600,0.984375,0.953125,0.23582875728607178
22-12-1981,0.953125,0.0,2400,0.984375,0.953125,0.23582875728607178
23-12-1981,0.953125,0.953125,0,0.953125,0.953125,0.23582875728607178
24-12-1981,0.953125,0.0,800,0.984375,0.953125,0.23582875728607178
28-12-1981,0.953125,0.0,800,0.984375,0.953125,0.23582875728607178
29-12-1981,0.96875,0.0,1600,0.984375,0.96875,0.2396947145462036
30-12-1981,0.984375,0.0,14400,1.015625,0.984375,0.24356088042259216
31-12-1981,0.984375,0.0,4000,1.015625,0.984375,0.24356088042259216
04-01-1982,1.0,0.0,4000,1.015625,1.0,0.2474268227815628
05-01-1982,0.984375,0.0,17600,1.015625,0.984375,0.24356088042259216
06-01-1982,0.984375,0.0,19200,1.015625,0.984375,0.24356088042259216
07-01-1982,0.984375,0.0,24800,1.015625,0.984375,0.24356088042259216
08-01-1982,1.03125,0.0,14400,1.046875,1.03125,0.2551591098308563
11-01-1982,1.015625,0.0,12000,1.046875,1.015625,0.25129297375679016
12-01-1982,1.015625,0.0,8800,1.03125,1.015625,0.25129297375679016
13-01-1982,1.015625,0.0,7200,1.046875,1.015625,0.25129297375679016
14-01-1982,1.015625,0.0,6400,1.046875,1.015625,0.25129297375679016
15-01-1982,1.046875,0.0,22400,1.078125,1.046875,0.25902503728866577
18-01-1982,1.046875,0.0,5600,1.078125,1.046875,0.25902503728866577
19-01-1982,1.078125,0.0,33600,1.125,1.078125,0.26675713062286377
20-01-1982,1.109375,0.0,30400,1.140625,1.109375,0.27448922395706177
21-01-1982,1.125,0.0,55200,1.15625,1.125,0.2783551514148712
22-01-1982,1.140625,0.0,48000,1.15625,1.140625,0.28222140669822693
25-01-1982,1.109375,0.0,80800,1.140625,1.109375,0.27448922395706177
26-01-1982,1.125,0.0,20000,1.15625,1.125,0.2783551514148712
27-01-1982,1.125,0.0,22400,1.15625,1.125,0.2783551514148712
28-01-1982,1.125,0.0,11200,1.140625,1.125,0.2783551514148712
29-01-1982,1.125,0.0,15200,1.140625,1.125,0.2783551514148712
01-02-1982,1.109375,0.0,20800,1.140625,1.109375,0.27448922395706177
02-02-1982,1.109375,0.0,15200,1.140625,1.109375,0.27448922395706177
03-02-1982,1.125,0.0,22400,1.140625,1.125,0.2783551514148712
04-02-1982,1.125,0.0,4000,1.140625,1.125,0.2783551514148712
05-02-1982,1.109375,0.0,24000,1.140625,1.109375,0.27448922395706177
08-02-1982,1.109375,0.0,28000,1.125,1.109375,0.27448922395706177
09-02-1982,1.09375,0.0,20800,1.109375,1.09375,0.2706233561038971
10-02-1982,1.09375,0.0,3200,1.109375,1.09375,0.2706233561038971
11-02-1982,1.09375,0.0,53600,1.140625,1.09375,0.2706233561038971
12-02-1982,1.078125,0.0,64800,1.109375,1.078125,0.26675713062286377
16-02-1982,1.0625,0.0,5600,1.09375,1.0625,0.26289117336273193
17-02-1982,1.0625,0.0,4000,1.09375,1.0625,0.26289117336273193
18-02-1982,1.0625,0.0,4000,1.09375,1.0625,0.26289117336273193
19-02-1982,1.078125,0.0,5600,1.109375,1.078125,0.26675713062286377
22-02-1982,1.078125,0.0,7200,1.109375,1.078125,0.26675713062286377
23-02-1982,1.078125,0.0,4800,1.09375,1.078125,0.26675713062286377
24-02-1982,1.0625,0.0,6400,1.09375,1.0625,0.26289117336273193
25-02-1982,1.0625,0.0,9600,1.09375,1.0625,0.26289117336273193
26-02-1982,1.0625,0.0,7200,1.09375,1.0625,0.26289117336273193
01-03-1982,1.0625,0.0,7200,1.09375,1.0625,0.26289117336273193
02-03-1982,1.078125,0.0,28000,1.109375,1.078125,0.26675713062286377
03-03-1982,1.078125,0.0,10400,1.125,1.078125,0.26675713062286377
04-03-1982,1.078125,0.0,800,1.125,1.078125,0.26675713062286377
05-03-1982,1.109375,0.0,13600,1.125,1.109375,0.27448922395706177
08-03-1982,1.125,0.0,16000,1.171875,1.125,0.2783551514148712
09-03-1982,1.140625,0.0,20000,1.15625,1.140625,0.28222140669822693
10-03-1982,1.140625,0.0,24000,1.15625,1.140625,0.28222140669822693
11-03-1982,1.140625,0.0,33600,1.171875,1.140625,0.28222140669822693
12-03-1982,1.140625,0.0,8000,1.171875,1.140625,0.28222140669822693
15-03-1982,1.140625,0.0,9600,1.171875,1.140625,0.28222140669822693
16-03-1982,1.15625,0.0,16800,1.171875,1.15625,0.2860872745513916
17-03-1982,1.140625,0.0,21600,1.171875,1.140625,0.28222140669822693
18-03-1982,1.15625,0.0,14400,1.171875,1.15625,0.2860872745513916
19-03-1982,1.15625,0.0,8800,1.1875,1.15625,0.2860872745513916
22-03-1982,1.15625,0.0,17600,1.1875,1.15625,0.2860872745513916
23-03-1982,1.171875,0.0,14400,1.203125,1.171875,0.2899533808231354
24-03-1982,1.171875,0.0,18400,1.203125,1.171875,0.2899533808231354
25-03-1982,1.171875,0.0,27200,1.203125,1.171875,0.2899533808231354
26-03-1982,1.15625,0.0,44000,1.1875,1.15625,0.2860872745513916
29-03-1982,1.15625,0.0,14400,1.1875,1.15625,0.2860872745513916
30-03-1982,1.15625,0.0,24800,1.171875,1.15625,0.2860872745513916
31-03-1982,1.15625,0.0,4800,1.1875,1.15625,0.2860872745513916
01-04-1982,1.171875,0.0,19200,1.203125,1.171875,0.2899533808231354
02-04-1982,1.203125,0.0,24800,1.234375,1.203125,0.2976857125759125
05-04-1982,1.21875,0.0,38400,1.234375,1.21875,0.30155149102211
06-04-1982,1.21875,0.0,47200,1.234375,1.21875,0.30155149102211
07-04-1982,1.25,0.0,30400,1.265625,1.25,0.3092837333679199
08-04-1982,1.296875,0.0,77600,1.328125,1.296875,0.32088175415992737
12-04-1982,1.390625,0.0,269600,1.40625,1.390625,0.34407803416252136
13-04-1982,1.296875,0.0,418400,1.3125,1.296875,0.32088175415992737
14-04-1982,1.296875,0.0,118400,1.3125,1.296875,0.32088175415992737
15-04-1982,1.296875,0.0,31200,1.3125,1.296875,0.32088175415992737
16-04-1982,1.296875,0.0,43200,1.3125,1.296875,0.32088175415992737
19-04-1982,1.3125,0.0,72800,1.34375,1.3125,0.3247479200363159
20-04-1982,1.34375,0.0,79200,1.375,1.34375,0.33247998356819153
21-04-1982,1.40625,0.0,184800,1.453125,1.40625,0.3479439914226532
22-04-1982,1.40625,0.0,188800,1.4375,1.40625,0.3479439914226532
23-04-1982,1.40625,0.0,48000,1.4375,1.40625,0.3479439914226532
26-04-1982,1.40625,0.0,16800,1.4375,1.40625,0.3479439914226532
27-04-1982,1.40625,0.0,52000,1.4375,1.40625,0.3479439914226532
28-04-1982,1.40625,0.0,51200,1.4375,1.40625,0.3479439914226532
29-04-1982,1.40625,0.0,49600,1.4375,1.40625,0.3479439914226532
30-04-1982,1.421875,0.0,79200,1.453125,1.421875,0.35181018710136414
03-05-1982,1.421875,0.0,60800,1.4375,1.421875,0.35181018710136414
04-05-1982,1.4375,0.0,44800,1.453125,1.4375,0.35567617416381836
05-05-1982,1.421875,0.0,86400,1.453125,1.421875,0.35181018710136414
06-05-1982,1.453125,0.0,64800,1.46875,1.453125,0.3595421314239502
07-05-1982,1.46875,0.0,114400,1.5,1.46875,0.3634084463119507
10-05-1982,1.515625,0.0,206400,1.546875,1.515625,0.3750063478946686
11-05-1982,1.5625,0.0,211200,1.59375,1.5625,0.3866048753261566
12-05-1982,1.5625,0.0,199200,1.59375,1.5625,0.3866048753261566
13-05-1982,1.5625,0.0,338400,1.578125,1.5625,0.3866048753261566
14-05-1982,1.59375,0.0,332800,1.609375,1.59375,0.3943367004394531
17-05-1982,1.5625,0.0,231200,1.578125,1.5625,0.3866048753261566
18-05-1982,1.515625,0.0,184000,1.53125,1.515625,0.3750063478946686
19-05-1982,1.484375,0.0,76000,1.5,1.484375,0.36727437376976013
20-05-1982,1.4375,0.0,64000,1.46875,1.4375,0.35567617416381836
21-05-1982,1.453125,0.0,144000,1.46875,1.453125,0.3595421314239502
24-05-1982,1.5,0.0,128000,1.53125,1.5,0.37114036083221436
25-05-1982,1.515625,0.0,61600,1.546875,1.515625,0.3750063478946686
26-05-1982,1.515625,0.0,32000,1.546875,1.515625,0.3750063478946686
27-05-1982,1.53125,0.0,104800,1.546875,1.53125,0.3788723051548004
28-05-1982,1.53125,0.0,70400,1.5625,1.53125,0.3788723051548004
01-06-1982,1.546875,0.0,104800,1.5625,1.546875,0.38273847103118896
02-06-1982,1.5625,0.0,152000,1.578125,1.5625,0.3866048753261566
03-06-1982,1.578125,0.0,72800,1.609375,1.578125,0.3904705345630646
04-06-1982,1.59375,0.0,52800,1.625,1.59375,0.3943367004394531
07-06-1982,1.609375,0.0,97600,1.640625,1.609375,0.3982027769088745
08-06-1982,1.609375,0.0,214400,1.640625,1.609375,0.3982027769088745
09-06-1982,1.609375,0.0,71200,1.625,1.609375,0.3982027769088745
10-06-1982,1.578125,0.0,124800,1.609375,1.578125,0.3904705345630646
11-06-1982,1.59375,0.0,32000,1.625,1.59375,0.3943367004394531
14-06-1982,1.59375,0.0,23200,1.609375,1.59375,0.3943367004394531
15-06-1982,1.578125,0.0,60000,1.609375,1.578125,0.3904705345630646
16-06-1982,1.5625,0.0,118400,1.59375,1.5625,0.3866048753261566
17-06-1982,1.515625,0.0,30400,1.53125,1.515625,0.3750063478946686
18-06-1982,1.5,0.0,69600,1.515625,1.5,0.37114036083221436
21-06-1982,1.453125,0.0,53600,1.484375,1.453125,0.3595421314239502
22-06-1982,1.484375,0.0,59200,1.5,1.484375,0.36727437376976013
23-06-1982,1.5,0.0,82400,1.515625,1.5,0.37114036083221436
24-06-1982,1.515625,0.0,54400,1.546875,1.515625,0.3750063478946686
25-06-1982,1.5,0.0,84000,1.515625,1.5,0.37114036083221436
28-06-1982,1.5,0.0,59200,1.53125,1.5,0.37114036083221436
29-06-1982,1.53125,0.0,81600,1.546875,1.53125,0.3788723051548004
30-06-1982,1.53125,0.0,83200,1.5625,1.53125,0.3788723051548004
01-07-1982,1.546875,0.0,91200,1.578125,1.546875,0.38273847103118896
02-07-1982,1.53125,0.0,62400,1.5625,1.53125,0.3788723051548004
06-07-1982,1.578125,0.0,117600,1.609375,1.578125,0.3904705345630646
07-07-1982,1.578125,0.0,156800,1.59375,1.578125,0.3904705345630646
08-07-1982,1.609375,0.0,122400,1.625,1.609375,0.3982027769088745
09-07-1982,1.609375,0.0,94400,1.640625,1.609375,0.3982027769088745
12-07-1982,1.640625,0.0,132000,1.65625,1.640625,0.40593481063842773
13-07-1982,1.671875,0.0,144800,1.703125,1.671875,0.41366687417030334
14-07-1982,1.703125,0.0,436800,1.71875,1.703125,0.4213988184928894
15-07-1982,1.734375,0.0,725600,1.765625,1.734375,0.4291309118270874
16-07-1982,1.65625,0.0,500800,1.671875,1.65625,0.40980082750320435
19-07-1982,1.640625,0.0,167200,1.671875,1.640625,0.40593481063842773
20-07-1982,1.65625,0.0,63200,1.671875,1.65625,0.40980082750320435
21-07-1982,1.625,0.0,167200,1.640625,1.625,0.4020689129829407
22-07-1982,1.625,0.0,116000,1.65625,1.625,0.4020689129829407
23-07-1982,1.671875,0.0,159200,1.6875,1.671875,0.41366687417030334
26-07-1982,1.640625,0.0,163200,1.671875,1.640625,0.40593481063842773
27-07-1982,1.625,0.0,72800,1.640625,1.625,0.4020689129829407
28-07-1982,1.5625,0.0,94400,1.59375,1.5625,0.3866048753261566
29-07-1982,1.609375,0.0,160800,1.625,1.609375,0.3982027769088745
30-07-1982,1.578125,0.0,119200,1.59375,1.578125,0.3904705345630646
02-08-1982,1.59375,0.0,21600,1.625,1.59375,0.3943367004394531
03-08-1982,1.609375,0.0,44800,1.625,1.609375,0.3982027769088745
04-08-1982,1.59375,0.0,63200,1.609375,1.59375,0.3943367004394531
05-08-1982,1.578125,0.0,24000,1.609375,1.578125,0.3904705345630646
06-08-1982,1.546875,0.0,75200,1.5625,1.546875,0.38273847103118896
09-08-1982,1.515625,0.0,36000,1.53125,1.515625,0.3750063478946686
10-08-1982,1.515625,0.0,35200,1.546875,1.515625,0.3750063478946686
11-08-1982,1.53125,0.0,47200,1.546875,1.53125,0.3788723051548004
12-08-1982,1.546875,0.0,14400,1.578125,1.546875,0.38273847103118896
13-08-1982,1.578125,0.0,159200,1.59375,1.578125,0.3904705345630646
16-08-1982,1.59375,0.0,94400,1.609375,1.59375,0.3943367004394531
17-08-1982,1.625,0.0,110400,1.65625,1.625,0.4020689129829407
18-08-1982,1.65625,0.0,200800,1.671875,1.65625,0.40980082750320435
19-08-1982,1.640625,0.0,66400,1.65625,1.640625,0.40593481063842773
20-08-1982,1.671875,0.0,68800,1.6875,1.671875,0.41366687417030334
23-08-1982,1.671875,0.0,62400,1.6875,1.671875,0.41366687417030334
24-08-1982,1.6875,0.0,100000,1.703125,1.6875,0.4175328314304352
25-08-1982,1.6875,0.0,51200,1.703125,1.6875,0.4175328314304352
26-08-1982,1.703125,0.0,121600,1.71875,1.703125,0.4213988184928894
27-08-1982,1.6875,0.0,81600,1.703125,1.6875,0.4175328314304352
30-08-1982,1.6875,0.0,42400,1.703125,1.6875,0.4175328314304352
31-08-1982,1.671875,0.0,78400,1.703125,1.671875,0.41366687417030334
01-09-1982,1.6875,0.0,77600,1.703125,1.6875,0.4175328314304352
02-09-1982,1.734375,0.0,81600,1.75,1.734375,0.4291309118270874
03-09-1982,1.734375,0.0,196800,1.765625,1.734375,0.4291309118270874
07-09-1982,1.734375,0.0,164800,1.75,1.734375,0.4291309118270874
08-09-1982,1.734375,0.0,75200,1.765625,1.734375,0.4291309118270874
09-09-1982,1.734375,0.0,80800,1.765625,1.734375,0.4291309118270874
10-09-1982,1.671875,0.0,184800,1.703125,1.671875,0.41366687417030334
13-09-1982,1.671875,0.0,415200,1.703125,1.671875,0.41366687417030334
14-09-1982,1.6875,0.0,171200,1.71875,1.6875,0.4175328314304352
15-09-1982,1.6875,0.0,165600,1.71875,1.6875,0.4175328314304352
16-09-1982,1.671875,0.0,181600,1.6875,1.671875,0.41366687417030334
17-09-1982,1.671875,0.0,106400,1.703125,1.671875,0.41366687417030334
20-09-1982,1.6875,0.0,166400,1.703125,1.6875,0.4175328314304352
21-09-1982,1.71875,0.0,384800,1.734375,1.71875,0.42526519298553467
22-09-1982,1.71875,0.0,359200,1.734375,1.71875,0.42526519298553467
23-09-1982,1.71875,0.0,144800,1.75,1.71875,0.42526519298553467
24-09-1982,1.75,0.0,202400,1.765625,1.75,0.4329972565174103
27-09-1982,1.734375,0.0,238400,1.75,1.734375,0.4291309118270874
28-09-1982,1.8125,0.0,463200,1.84375,1.8125,0.44846147298812866
29-09-1982,1.8125,0.0,552000,1.828125,1.8125,0.44846147298812866
30-09-1982,1.828125,0.0,316000,1.84375,1.828125,0.4523273706436157
01-10-1982,1.84375,0.0,486400,1.859375,1.84375,0.4561935067176819
04-10-1982,1.78125,0.0,296000,1.796875,1.78125,0.44072920083999634
05-10-1982,1.765625,0.0,138400,1.78125,1.765625,0.43686336278915405
06-10-1982,1.796875,0.0,224000,1.8125,1.796875,0.44459521770477295
07-10-1982,1.859375,0.0,264800,1.875,1.859375,0.4600594639778137
08-10-1982,1.859375,0.0,296800,1.875,1.859375,0.4600594639778137
11-10-1982,2.15625,0.0,960000,2.1875,2.15625,0.5335142612457275
12-10-1982,2.203125,0.0,1386400,2.21875,2.203125,0.5451124906539917
13-10-1982,2.359375,0.0,1523200,2.390625,2.359375,0.5837727189064026
14-10-1982,2.34375,0.0,1456000,2.375,2.34375,0.5799067616462708
15-10-1982,2.296875,0.0,641600,2.3125,2.296875,0.5683088898658752
18-10-1982,2.40625,0.0,643200,2.421875,2.40625,0.595371425151825
19-10-1982,2.328125,0.0,528800,2.34375,2.328125,0.5760405659675598
20-10-1982,2.328125,0.0,456000,2.34375,2.328125,0.5760405659675598
21-10-1982,2.3125,0.0,509600,2.328125,2.3125,0.5721745491027832
22-10-1982,2.296875,0.0,227200,2.3125,2.296875,0.5683088898658752
25-10-1982,2.171875,0.0,902400,2.203125,2.171875,0.5373805165290833
26-10-1982,2.1875,0.0,400800,2.203125,2.1875,0.5412467122077942
27-10-1982,2.1875,0.0,353600,2.203125,2.1875,0.5412467122077942
28-10-1982,2.109375,0.0,354400,2.140625,2.109375,0.5219159722328186
29-10-1982,2.140625,0.0,360000,2.15625,2.140625,0.5296484231948853
01-11-1982,2.3125,0.0,1021600,2.328125,2.3125,0.5721745491027832
02-11-1982,2.421875,0.0,1807200,2.4375,2.421875,0.5992370247840881
03-11-1982,2.546875,0.0,1674400,2.5625,2.546875,0.6301656365394592
04-11-1982,2.46875,0.0,1142400,2.484375,2.46875,0.610835611820221
05-11-1982,2.46875,0.0,784800,2.484375,2.46875,0.610835611820221
08-11-1982,2.46875,2.46875,0,2.46875,2.46875,0.610835611820221
09-11-1982,2.71875,0.0,2548000,2.734375,2.71875,0.6726917028427124
10-11-1982,2.828125,0.0,4662400,2.859375,2.828125,0.699753999710083
11-11-1982,2.828125,0.0,1867200,2.859375,2.828125,0.699753999710083
12-11-1982,3.046875,0.0,4395200,3.0625,3.046875,0.7538790702819824
15-11-1982,3.046875,0.0,2929600,3.0625,3.046875,0.7538790702819824
16-11-1982,2.921875,0.0,2109600,2.9375,2.921875,0.7229504585266113
17-11-1982,2.796875,0.0,1612800,2.8125,2.796875,0.6920222640037537
18-11-1982,2.703125,0.0,1583200,2.71875,2.703125,0.6688259243965149
19-11-1982,2.78125,0.0,1558400,2.796875,2.78125,0.6881560683250427
22-11-1982,2.6875,0.0,1018400,2.703125,2.6875,0.6649599671363831
23-11-1982,2.671875,0.0,624800,2.6875,2.671875,0.6610938906669617
24-11-1982,2.75,0.0,867200,2.765625,2.75,0.6804240942001343
26-11-1982,2.609375,0.0,1127200,2.625,2.609375,0.6456294059753418
29-11-1982,2.59375,0.0,745600,2.609375,2.59375,0.6417635083198547
30-11-1982,2.640625,0.0,1027200,2.671875,2.640625,0.6533616185188293
01-12-1982,2.828125,0.0,1766400,2.84375,2.828125,0.699753999710083
02-12-1982,2.875,0.0,1444800,2.890625,2.875,0.7113523483276367
03-12-1982,2.890625,0.0,1092000,2.90625,2.890625,0.7152184844017029
06-12-1982,2.78125,0.0,1400000,2.8125,2.78125,0.6881560683250427
07-12-1982,2.75,0.0,948800,2.765625,2.75,0.6804240942001343
08-12-1982,2.6875,0.0,1195200,2.703125,2.6875,0.6649599671363831
09-12-1982,2.578125,0.0,931200,2.609375,2.578125,0.6378974914550781
10-12-1982,2.640625,0.0,846400,2.671875,2.640625,0.6533616185188293
13-12-1982,2.71875,0.0,1085600,2.734375,2.71875,0.6726917028427124
14-12-1982,2.703125,0.0,1103200,2.71875,2.703125,0.6688259243965149
15-12-1982,2.609375,0.0,769600,2.625,2.609375,0.6456294059753418
16-12-1982,2.65625,0.0,776000,2.6875,2.65625,0.6572278141975403
17-12-1982,2.65625,0.0,767200,2.671875,2.65625,0.6572278141975403
20-12-1982,2.609375,0.0,438400,2.625,2.609375,0.6456294059753418
21-12-1982,2.609375,0.0,670400,2.625,2.609375,0.6456294059753418
22-12-1982,2.609375,0.0,694400,2.625,2.609375,0.6456294059753418
23-12-1982,2.5625,0.0,701600,2.578125,2.5625,0.6340314745903015
27-12-1982,2.5625,0.0,596800,2.578125,2.5625,0.6340314745903015
28-12-1982,2.53125,0.0,656000,2.546875,2.53125,0.6262995004653931
29-12-1982,2.578125,0.0,488800,2.59375,2.578125,0.6378974914550781
30-12-1982,2.5625,0.0,466400,2.578125,2.5625,0.6340314745903015
31-12-1982,2.546875,0.0,423200,2.5625,2.546875,0.6301656365394592
03-01-1983,2.578125,0.0,568800,2.59375,2.578125,0.6378974914550781
04-01-1983,2.671875,0.0,1128000,2.6875,2.671875,0.6610938906669617
05-01-1983,2.859375,0.0,2796800,2.875,2.859375,0.7074860334396362
06-01-1983,2.890625,0.0,3531200,2.90625,2.890625,0.7152184844017029
07-01-1983,2.859375,0.0,2066400,2.875,2.859375,0.7074860334396362
10-01-1983,2.78125,0.0,1167200,2.796875,2.78125,0.6881560683250427
11-01-1983,2.734375,0.0,1067200,2.75,2.734375,0.6765578985214233
12-01-1983,2.8125,0.0,1724000,2.828125,2.8125,0.6958879828453064
13-01-1983,2.765625,0.0,1252800,2.78125,2.765625,0.6842899918556213
14-01-1983,2.859375,0.0,1917600,2.875,2.859375,0.7074860334396362
17-01-1983,2.90625,0.0,1410400,2.921875,2.90625,0.7190842628479004
18-01-1983,2.828125,0.0,981600,2.84375,2.828125,0.699753999710083
19-01-1983,2.890625,0.0,2272800,2.90625,2.890625,0.7152184844017029
20-01-1983,2.984375,0.0,3300800,3.0,2.984375,0.7384146451950073
21-01-1983,2.890625,0.0,1612800,2.921875,2.890625,0.7152184844017029
24-01-1983,2.78125,0.0,1554400,2.796875,2.78125,0.6881560683250427
25-01-1983,2.875,0.0,1932000,2.890625,2.875,0.7113523483276367
26-01-1983,2.890625,0.0,804800,2.90625,2.890625,0.7152184844017029
27-01-1983,2.890625,0.0,3263200,2.90625,2.890625,0.7152184844017029
28-01-1983,2.859375,0.0,1300000,2.875,2.859375,0.7074860334396362
31-01-1983,2.75,0.0,1475200,2.765625,2.75,0.6804240942001343
01-02-1983,2.703125,0.0,2041600,2.71875,2.703125,0.6688259243965149
02-02-1983,2.671875,0.0,1518400,2.6875,2.671875,0.6610938906669617
03-02-1983,2.75,0.0,1694400,2.765625,2.75,0.6804240942001343
04-02-1983,2.6875,0.0,2029600,2.703125,2.6875,0.6649599671363831
07-02-1983,2.671875,0.0,807200,2.703125,2.671875,0.6610938906669617
08-02-1983,2.625,0.0,1206400,2.640625,2.625,0.6494958400726318
09-02-1983,2.6875,0.0,1080800,2.703125,2.6875,0.6649599671363831
10-02-1983,2.765625,0.0,1306400,2.78125,2.765625,0.6842899918556213
11-02-1983,2.75,0.0,943200,2.765625,2.75,0.6804240942001343
14-02-1983,2.703125,0.0,747200,2.71875,2.703125,0.6688259243965149
15-02-1983,2.625,0.0,3624800,2.640625,2.625,0.6494958400726318
16-02-1983,2.59375,0.0,1477600,2.609375,2.59375,0.6417635083198547
17-02-1983,2.5625,0.0,633600,2.59375,2.5625,0.6340314745903015
18-02-1983,2.703125,0.0,1558400,2.71875,2.703125,0.6688259243965149
22-02-1983,2.625,0.0,2438400,2.65625,2.625,0.6494958400726318
23-02-1983,2.78125,0.0,4742400,2.8125,2.78125,0.6881560683250427
24-02-1983,2.8125,0.0,5974000,2.84375,2.8125,0.6958879828453064
25-02-1983,2.78125,0.0,3088000,2.8125,2.78125,0.6881560683250427
28-02-1983,2.65625,0.0,1957600,2.6875,2.65625,0.6572278141975403
01-03-1983,2.65625,0.0,1888000,2.6875,2.65625,0.6572278141975403
02-03-1983,2.65625,0.0,1306800,2.6875,2.65625,0.6572278141975403
03-03-1983,2.625,0.0,2565600,2.65625,2.625,0.6494958400726318
04-03-1983,2.625,0.0,2215600,2.65625,2.625,0.6494958400726318
07-03-1983,2.625,0.0,1694000,2.65625,2.625,0.6494958400726318
08-03-1983,2.5625,0.0,1588000,2.59375,2.5625,0.6340314745903015
09-03-1983,2.59375,0.0,1099600,2.625,2.59375,0.6417635083198547
10-03-1983,2.65625,0.0,2774000,2.6875,2.65625,0.6572278141975403
11-03-1983,2.625,0.0,1308400,2.65625,2.625,0.6494958400726318
14-03-1983,2.65625,0.0,1142400,2.6875,2.65625,0.6572278141975403
15-03-1983,2.65625,0.0,964400,2.71875,2.65625,0.6572278141975403
16-03-1983,2.625,0.0,1316400,2.6875,2.625,0.6494958400726318
17-03-1983,2.625,0.0,1487200,2.65625,2.625,0.6494958400726318
18-03-1983,2.625,0.0,1265200,2.65625,2.625,0.6494958400726318
21-03-1983,2.59375,0.0,1156000,2.625,2.59375,0.6417635083198547
22-03-1983,2.59375,0.0,1017200,2.625,2.59375,0.6417635083198547
23-03-1983,2.625,0.0,1004400,2.65625,2.625,0.6494958400726318
24-03-1983,2.75,0.0,3764400,2.78125,2.75,0.6804240942001343
25-03-1983,3.03125,0.0,12427600,3.0625,3.03125,0.7500126957893372
28-03-1983,3.09375,0.0,7746400,3.125,3.09375,0.7654769420623779
29-03-1983,3.09375,0.0,4208800,3.125,3.09375,0.7654769420623779
30-03-1983,3.03125,0.0,2871200,3.0625,3.03125,0.7500126957893372
31-03-1983,3.0625,0.0,2705200,3.09375,3.0625,0.7577446103096008
04-04-1983,3.09375,0.0,1854800,3.125,3.09375,0.7654769420623779
05-04-1983,3.1875,0.0,2574000,3.21875,3.1875,0.7886734008789062
06-04-1983,3.28125,0.0,3376400,3.3125,3.28125,0.8118696212768555
07-04-1983,3.3125,0.0,3387200,3.34375,3.3125,0.8196016550064087
08-04-1983,3.25,0.0,3478800,3.28125,3.25,0.8041378259658813
11-04-1983,3.1875,0.0,2656800,3.21875,3.1875,0.7886734008789062
12-04-1983,3.21875,0.0,3106000,3.25,3.21875,0.796405553817749
13-04-1983,3.21875,0.0,1915600,3.25,3.21875,0.796405553817749
14-04-1983,3.5,0.0,7330800,3.53125,3.5,0.8659945130348206
15-04-1983,3.71875,0.0,9811600,3.75,3.71875,0.9201189279556274
18-04-1983,3.9375,0.0,12329600,3.96875,3.9375,0.9742435216903687
19-04-1983,3.71875,0.0,10192000,3.75,3.71875,0.9201189279556274
20-04-1983,3.71875,0.0,5981200,3.75,3.71875,0.9201189279556274
21-04-1983,3.53125,0.0,5666800,3.5625,3.53125,0.8737267255783081
22-04-1983,3.40625,0.0,3944000,3.4375,3.40625,0.8427976369857788
25-04-1983,3.40625,0.0,4064000,3.4375,3.40625,0.8427976369857788
26-04-1983,3.5,0.0,3289600,3.53125,3.5,0.8659945130348206
27-04-1983,3.46875,0.0,3812000,3.5,3.46875,0.8582618236541748
28-04-1983,3.46875,0.0,2600400,3.5,3.46875,0.8582618236541748
29-04-1983,3.5,0.0,2093200,3.53125,3.5,0.8659945130348206
02-05-1983,3.4375,0.0,2178400,3.46875,3.4375,0.8505303859710693
03-05-1983,3.46875,0.0,1967200,3.5,3.46875,0.8582618236541748
04-05-1983,3.4375,0.0,4500800,3.46875,3.4375,0.8505303859710693
05-05-1983,3.6875,0.0,4101600,3.71875,3.6875,0.9123870134353638
06-05-1983,3.625,0.0,11865600,3.65625,3.625,0.8969229459762573
09-05-1983,3.59375,0.0,6675600,3.625,3.59375,0.8891904354095459
10-05-1983,3.46875,0.0,3840400,3.5,3.46875,0.8582618236541748
11-05-1983,3.3125,0.0,3248400,3.34375,3.3125,0.8196016550064087
12-05-1983,3.1875,0.0,4995200,3.21875,3.1875,0.7886734008789062
13-05-1983,3.375,0.0,6170400,3.40625,3.375,0.8350656628608704
16-05-1983,3.34375,0.0,2382400,3.375,3.34375,0.8273337483406067
17-05-1983,3.40625,0.0,2056400,3.4375,3.40625,0.8427976369857788
18-05-1983,3.46875,0.0,3430400,3.5,3.46875,0.8582618236541748
19-05-1983,3.375,0.0,1405200,3.40625,3.375,0.8350656628608704
20-05-1983,3.40625,0.0,983600,3.4375,3.40625,0.8427976369857788
23-05-1983,3.3125,0.0,3004800,3.34375,3.3125,0.8196016550064087
24-05-1983,3.375,0.0,1212000,3.40625,3.375,0.8350656628608704
25-05-1983,3.375,0.0,1263200,3.40625,3.375,0.8350656628608704
26-05-1983,3.40625,0.0,940000,3.4375,3.40625,0.8427976369857788
27-05-1983,3.4375,0.0,869600,3.46875,3.4375,0.8505303859710693
31-05-1983,3.375,0.0,930000,3.40625,3.375,0.8350656628608704
01-06-1983,3.375,0.0,1283600,3.40625,3.375,0.8350656628608704
02-06-1983,3.375,0.0,1050000,3.40625,3.375,0.8350656628608704
03-06-1983,3.34375,0.0,1599600,3.375,3.34375,0.8273337483406067
06-06-1983,3.40625,0.0,964400,3.4375,3.40625,0.8427976369857788
07-06-1983,3.34375,0.0,1225600,3.375,3.34375,0.8273337483406067
08-06-1983,3.375,0.0,1602000,3.40625,3.375,0.8350656628608704
09-06-1983,3.46875,0.0,1612400,3.5,3.46875,0.8582618236541748
10-06-1983,3.5625,0.0,4758800,3.59375,3.5625,0.8814584016799927
13-06-1983,3.78125,0.0,8635600,3.8125,3.78125,0.9355831742286682
14-06-1983,3.78125,0.0,5625600,3.8125,3.78125,0.9355831742286682
15-06-1983,3.6875,0.0,3581200,3.71875,3.6875,0.9123870134353638
16-06-1983,3.65625,0.0,2654000,3.6875,3.65625,0.9046547412872314
17-06-1983,3.5,0.0,2020800,3.53125,3.5,0.8659945130348206
20-06-1983,3.59375,0.0,2304400,3.625,3.59375,0.8891904354095459
21-06-1983,3.625,0.0,1418800,3.65625,3.625,0.8969229459762573
22-06-1983,3.59375,0.0,1559600,3.625,3.59375,0.8891904354095459
23-06-1983,3.59375,0.0,1150800,3.625,3.59375,0.8891904354095459
24-06-1983,3.5625,0.0,1007200,3.59375,3.5625,0.8814584016799927
27-06-1983,3.46875,0.0,1644000,3.5,3.46875,0.8582618236541748
28-06-1983,3.40625,0.0,1176800,3.4375,3.40625,0.8427976369857788
29-06-1983,3.4375,0.0,1257200,3.46875,3.4375,0.8505303859710693
30-06-1983,3.46875,0.0,807600,3.5,3.46875,0.8582618236541748
01-07-1983,3.40625,0.0,1756000,3.4375,3.40625,0.8427976369857788
05-07-1983,3.25,0.0,1919600,3.28125,3.25,0.8041378259658813
06-07-1983,3.28125,0.0,1744000,3.3125,3.28125,0.8118696212768555
07-07-1983,3.28125,0.0,2133600,3.3125,3.28125,0.8118696212768555
08-07-1983,3.1875,0.0,6414400,3.21875,3.1875,0.7886734008789062
11-07-1983,3.25,0.0,2165200,3.3125,3.25,0.8041378259658813
12-07-1983,3.1875,0.0,1435600,3.21875,3.1875,0.7886734008789062
13-07-1983,3.21875,0.0,2125600,3.25,3.21875,0.796405553817749
14-07-1983,3.25,0.0,1359200,3.28125,3.25,0.8041378259658813
15-07-1983,3.21875,0.0,619200,3.25,3.21875,0.796405553817749
18-07-1983,3.21875,0.0,579200,3.25,3.21875,0.796405553817749
19-07-1983,3.21875,0.0,869200,3.25,3.21875,0.796405553817749
20-07-1983,3.28125,0.0,2536800,3.3125,3.28125,0.8118696212768555
21-07-1983,3.28125,0.0,1507200,3.3125,3.28125,0.8118696212768555
22-07-1983,3.25,0.0,933600,3.28125,3.25,0.8041378259658813
25-07-1983,3.25,0.0,1204800,3.28125,3.25,0.8041378259658813
26-07-1983,3.4375,0.0,4500000,3.46875,3.4375,0.8505303859710693
27-07-1983,3.53125,0.0,4404800,3.5625,3.53125,0.8737267255783081
28-07-1983,3.53125,3.53125,0,3.53125,3.53125,0.8737267255783081
29-07-1983,3.4375,0.0,1660000,3.46875,3.4375,0.8505303859710693
01-08-1983,3.4375,0.0,1046000,3.46875,3.4375,0.8505303859710693
02-08-1983,3.5,0.0,2367600,3.53125,3.5,0.8659945130348206
03-08-1983,3.53125,0.0,1857200,3.5625,3.53125,0.8737267255783081
04-08-1983,3.4375,0.0,3120800,3.46875,3.4375,0.8505303859710693
05-08-1983,3.40625,0.0,892800,3.4375,3.40625,0.8427976369857788
08-08-1983,3.40625,0.0,766000,3.4375,3.40625,0.8427976369857788
09-08-1983,3.4375,0.0,1203200,3.46875,3.4375,0.8505303859710693
10-08-1983,3.4375,0.0,566000,3.46875,3.4375,0.8505303859710693
11-08-1983,3.3125,0.0,1288400,3.34375,3.3125,0.8196016550064087
12-08-1983,3.3125,0.0,836400,3.34375,3.3125,0.8196016550064087
15-08-1983,3.40625,0.0,1587600,3.4375,3.40625,0.8427976369857788
16-08-1983,3.34375,0.0,604800,3.375,3.34375,0.8273337483406067
17-08-1983,3.3125,0.0,943200,3.34375,3.3125,0.8196016550064087
18-08-1983,3.28125,0.0,610800,3.3125,3.28125,0.8118696212768555
19-08-1983,3.28125,0.0,218000,3.3125,3.28125,0.8118696212768555
22-08-1983,3.21875,0.0,878400,3.25,3.21875,0.796405553817749
23-08-1983,3.03125,0.0,1160800,3.0625,3.03125,0.7500126957893372
24-08-1983,2.96875,0.0,1572000,3.0,2.96875,0.7345487475395203
25-08-1983,2.96875,0.0,1879600,2.96875,2.96875,0.7345487475395203
26-08-1983,2.9375,0.0,980000,2.96875,2.9375,0.7268168926239014
29-08-1983,2.90625,0.0,580800,2.9375,2.90625,0.7190842628479004
30-08-1983,3.0625,0.0,1639600,3.09375,3.0625,0.7577446103096008
31-08-1983,3.09375,0.0,1528000,3.125,3.09375,0.7654769420623779
01-09-1983,3.03125,0.0,1487600,3.0625,3.03125,0.7500126957893372
02-09-1983,3.0,0.0,514800,3.03125,3.0,0.7422807216644287
06-09-1983,3.0625,0.0,742800,3.09375,3.0625,0.7577446103096008
07-09-1983,3.03125,0.0,684400,3.0625,3.03125,0.7500126957893372
08-09-1983,3.0,0.0,656000,3.03125,3.0,0.7422807216644287
09-09-1983,2.90625,0.0,1784400,2.9375,2.90625,0.7190842628479004
12-09-1983,2.8125,0.0,2888800,2.84375,2.8125,0.6958879828453064
13-09-1983,2.8125,0.0,1244000,2.84375,2.8125,0.6958879828453064
14-09-1983,2.90625,0.0,2083600,2.9375,2.90625,0.7190842628479004
15-09-1983,2.875,0.0,2925600,2.90625,2.875,0.7113523483276367
16-09-1983,3.09375,0.0,2550800,3.125,3.09375,0.7654769420623779
19-09-1983,3.09375,0.0,1411600,3.125,3.09375,0.7654769420623779
20-09-1983,3.0,0.0,1251200,3.03125,3.0,0.7422807216644287
21-09-1983,2.9375,0.0,706800,2.96875,2.9375,0.7268168926239014
22-09-1983,2.96875,0.0,968400,3.0,2.96875,0.7345487475395203
23-09-1983,2.96875,0.0,743200,3.0,2.96875,0.7345487475395203
26-09-1983,2.96875,0.0,573200,3.0,2.96875,0.7345487475395203
27-09-1983,2.875,0.0,743600,2.90625,2.875,0.7113523483276367
28-09-1983,2.9375,0.0,1754800,2.9375,2.9375,0.7268168926239014
29-09-1983,3.03125,0.0,1174400,3.0625,3.03125,0.7500126957893372
30-09-1983,3.03125,0.0,1112400,3.0625,3.03125,0.7500126957893372
03-10-1983,3.0,0.0,1331200,3.03125,3.0,0.7422807216644287
04-10-1983,3.0,0.0,786000,3.03125,3.0,0.7422807216644287
05-10-1983,2.96875,0.0,550000,3.0,2.96875,0.7345487475395203
06-10-1983,2.96875,0.0,919200,3.0,2.96875,0.7345487475395203
07-10-1983,2.9375,0.0,572400,2.96875,2.9375,0.7268168926239014
10-10-1983,2.8125,0.0,1132000,2.84375,2.8125,0.6958879828453064
11-10-1983,2.65625,0.0,1906000,2.6875,2.65625,0.6572278141975403
12-10-1983,2.5625,0.0,4811200,2.59375,2.5625,0.6340314745903015
13-10-1983,2.59375,0.0,2474000,2.625,2.59375,0.6417635083198547
14-10-1983,2.6875,0.0,3067200,2.71875,2.6875,0.6649599671363831
17-10-1983,2.78125,0.0,2482000,2.8125,2.78125,0.6881560683250427
18-10-1983,2.75,0.0,1297600,2.78125,2.75,0.6804240942001343
19-10-1983,2.71875,0.0,1706800,2.75,2.71875,0.6726917028427124
20-10-1983,2.78125,0.0,1332800,2.8125,2.78125,0.6881560683250427
21-10-1983,2.78125,0.0,830400,2.8125,2.78125,0.6881560683250427
24-10-1983,2.75,0.0,478400,2.78125,2.75,0.6804240942001343
25-10-1983,2.78125,0.0,764000,2.8125,2.78125,0.6881560683250427
26-10-1983,2.75,0.0,862800,2.78125,2.75,0.6804240942001343
27-10-1983,2.75,0.0,556400,2.78125,2.75,0.6804240942001343
28-10-1983,2.71875,0.0,1029600,2.75,2.71875,0.6726917028427124
31-10-1983,2.6875,0.0,1532400,2.71875,2.6875,0.6649599671363831
01-11-1983,2.625,0.0,1064400,2.65625,2.625,0.6494958400726318
02-11-1983,2.71875,0.0,1405200,2.75,2.71875,0.6726917028427124
03-11-1983,2.6875,0.0,1337200,2.71875,2.6875,0.6649599671363831
04-11-1983,2.6875,0.0,549600,2.71875,2.6875,0.6649599671363831
07-11-1983,2.65625,0.0,440000,2.6875,2.65625,0.6572278141975403
08-11-1983,2.625,0.0,510000,2.65625,2.625,0.6494958400726318
09-11-1983,2.65625,0.0,620000,2.6875,2.65625,0.6572278141975403
10-11-1983,2.625,0.0,549600,2.65625,2.625,0.6494958400726318
11-11-1983,2.65625,0.0,408800,2.6875,2.65625,0.6572278141975403
14-11-1983,2.65625,0.0,770000,2.6875,2.65625,0.6572278141975403
15-11-1983,2.6875,0.0,874800,2.71875,2.6875,0.6649599671363831
16-11-1983,2.71875,0.0,709200,2.75,2.71875,0.6726917028427124
17-11-1983,2.6875,0.0,374400,2.71875,2.6875,0.6649599671363831
18-11-1983,2.6875,0.0,390000,2.71875,2.6875,0.6649599671363831
21-11-1983,2.71875,0.0,1004400,2.75,2.71875,0.6726917028427124
22-11-1983,2.75,0.0,1170000,2.78125,2.75,0.6804240942001343
23-11-1983,2.71875,0.0,933200,2.75,2.71875,0.6726917028427124
25-11-1983,2.78125,0.0,333200,2.8125,2.78125,0.6881560683250427
28-11-1983,2.8125,0.0,792400,2.84375,2.8125,0.6958879828453064
29-11-1983,2.8125,0.0,666800,2.84375,2.8125,0.6958879828453064
30-11-1983,2.8125,0.0,2255600,2.84375,2.8125,0.6958879828453064
01-12-1983,2.6875,0.0,1686000,2.71875,2.6875,0.6649599671363831
02-12-1983,2.6875,0.0,1732400,2.71875,2.6875,0.6649599671363831
05-12-1983,2.6875,0.0,998000,2.71875,2.6875,0.6649599671363831
06-12-1983,2.71875,0.0,1455600,2.75,2.71875,0.6726917028427124
07-12-1983,2.65625,0.0,782400,2.6875,2.65625,0.6572278141975403
08-12-1983,2.59375,0.0,827600,2.625,2.59375,0.6417635083198547
09-12-1983,2.59375,0.0,479200,2.625,2.59375,0.6417635083198547
12-12-1983,2.5625,0.0,1089200,2.59375,2.5625,0.6340314745903015
13-12-1983,2.53125,0.0,1381200,2.5625,2.53125,0.6262995004653931
14-12-1983,2.5,0.0,1198000,2.53125,2.5,0.6185674667358398
15-12-1983,2.46875,0.0,1580000,2.5,2.46875,0.610835611820221
16-12-1983,2.5,0.0,1084800,2.5,2.5,0.6185674667358398
19-12-1983,2.5,0.0,924800,2.5,2.5,0.6185674667358398
20-12-1983,2.5,0.0,1034000,2.5,2.5,0.6185674667358398
21-12-1983,2.5,0.0,1136000,2.5,2.5,0.6185674667358398
22-12-1983,2.5625,0.0,2286800,2.59375,2.5625,0.6340314745903015
23-12-1983,2.53125,0.0,599600,2.5625,2.53125,0.6262995004653931
27-12-1983,2.53125,0.0,724400,2.5625,2.53125,0.6262995004653931
28-12-1983,2.53125,0.0,1206800,2.5625,2.53125,0.6262995004653931
29-12-1983,2.53125,0.0,1656400,2.53125,2.53125,0.6262995004653931
30-12-1983,2.5,0.0,2751200,2.5,2.5,0.6185674667358398
03-01-1984,2.46875,0.0,1092000,2.46875,2.46875,0.610835611820221
04-01-1984,2.5,0.0,2376800,2.5,2.5,0.6185674667358398
05-01-1984,2.53125,0.0,2378000,2.53125,2.53125,0.6262995004653931
06-01-1984,2.5625,0.0,1503200,2.59375,2.5625,0.6340314745903015
09-01-1984,2.59375,0.0,1224400,2.625,2.59375,0.6417635083198547
10-01-1984,2.625,0.0,2205200,2.65625,2.625,0.6494958400726318
11-01-1984,2.65625,0.0,1035600,2.6875,2.65625,0.6572278141975403
12-01-1984,2.75,0.0,1812800,2.78125,2.75,0.6804240942001343
13-01-1984,2.8125,0.0,1636400,2.84375,2.8125,0.6958879828453064
16-01-1984,2.8125,0.0,790400,2.84375,2.8125,0.6958879828453064
17-01-1984,2.8125,0.0,908000,2.84375,2.8125,0.6958879828453064
18-01-1984,2.8125,0.0,671600,2.84375,2.8125,0.6958879828453064
19-01-1984,2.84375,0.0,1000400,2.875,2.84375,0.7036203742027283
20-01-1984,2.78125,0.0,720800,2.8125,2.78125,0.6881560683250427
23-01-1984,2.75,0.0,478400,2.78125,2.75,0.6804240942001343
24-01-1984,2.71875,0.0,688000,2.75,2.71875,0.6726917028427124
25-01-1984,2.71875,0.0,1386800,2.75,2.71875,0.6726917028427124
26-01-1984,2.71875,0.0,722400,2.75,2.71875,0.6726917028427124
27-01-1984,2.6875,0.0,476400,2.71875,2.6875,0.6649599671363831
30-01-1984,2.6875,0.0,979600,2.71875,2.6875,0.6649599671363831
31-01-1984,2.6875,0.0,538000,2.71875,2.6875,0.6649599671363831
01-02-1984,2.65625,0.0,1065200,2.6875,2.65625,0.6572278141975403
02-02-1984,2.71875,0.0,1377200,2.75,2.71875,0.6726917028427124
03-02-1984,2.75,0.0,1027200,2.78125,2.75,0.6804240942001343
06-02-1984,2.65625,0.0,883600,2.6875,2.65625,0.6572278141975403
07-02-1984,2.65625,0.0,1250800,2.6875,2.65625,0.6572278141975403
08-02-1984,2.625,0.0,1645200,2.65625,2.625,0.6494958400726318
09-02-1984,2.625,0.0,1342800,2.65625,2.625,0.6494958400726318
10-02-1984,2.625,0.0,1111600,2.65625,2.625,0.6494958400726318
13-02-1984,2.59375,0.0,1941600,2.625,2.59375,0.6417635083198547
14-02-1984,2.625,0.0,2086400,2.65625,2.625,0.6494958400726318
15-02-1984,2.625,0.0,1220800,2.65625,2.625,0.6494958400726318
16-02-1984,2.625,0.0,683200,2.65625,2.625,0.6494958400726318
17-02-1984,2.65625,0.0,818000,2.6875,2.65625,0.6572278141975403
21-02-1984,2.65625,0.0,574800,2.6875,2.65625,0.6572278141975403
22-02-1984,2.6875,0.0,397200,2.71875,2.6875,0.6649599671363831
23-02-1984,2.65625,0.0,736000,2.6875,2.65625,0.6572278141975403
24-02-1984,2.71875,0.0,742400,2.75,2.71875,0.6726917028427124
27-02-1984,2.75,0.0,1054400,2.78125,2.75,0.6804240942001343
28-02-1984,2.6875,0.0,1024800,2.71875,2.6875,0.6649599671363831
29-02-1984,2.75,0.0,835200,2.78125,2.75,0.6804240942001343
01-03-1984,2.84375,0.0,1297200,2.875,2.84375,0.7036203742027283
02-03-1984,2.9375,0.0,1112400,2.96875,2.9375,0.7268168926239014
05-03-1984,2.875,0.0,387200,2.90625,2.875,0.7113523483276367
06-03-1984,2.875,0.0,1880800,2.90625,2.875,0.7113523483276367
07-03-1984,2.84375,0.0,914000,2.875,2.84375,0.7036203742027283
08-03-1984,2.84375,0.0,703200,2.875,2.84375,0.7036203742027283
09-03-1984,2.90625,0.0,2158000,2.9375,2.90625,0.7190842628479004
12-03-1984,3.0625,0.0,2006400,3.09375,3.0625,0.7577446103096008
13-03-1984,3.125,0.0,2299600,3.15625,3.125,0.7732097506523132
14-03-1984,3.09375,0.0,1350000,3.125,3.09375,0.7654769420623779
15-03-1984,3.125,0.0,576400,3.15625,3.125,0.7732097506523132
16-03-1984,3.09375,0.0,1049200,3.125,3.09375,0.7654769420623779
19-03-1984,3.0,0.0,884800,3.03125,3.0,0.7422807216644287
20-03-1984,3.0625,0.0,871600,3.09375,3.0625,0.7577446103096008
21-03-1984,3.0625,0.0,1156800,3.09375,3.0625,0.7577446103096008
22-03-1984,3.0,0.0,1320000,3.03125,3.0,0.7422807216644287
23-03-1984,3.03125,0.0,469600,3.0625,3.03125,0.7500126957893372
26-03-1984,3.0,0.0,1398400,3.03125,3.0,0.7422807216644287
27-03-1984,3.0,0.0,919600,3.03125,3.0,0.7422807216644287
28-03-1984,3.03125,0.0,742000,3.0625,3.03125,0.7500126957893372
29-03-1984,3.03125,0.0,503600,3.0625,3.03125,0.7500126957893372
30-03-1984,3.0,0.0,594000,3.03125,3.0,0.7422807216644287
02-04-1984,2.9375,0.0,413600,2.96875,2.9375,0.7268168926239014
03-04-1984,2.84375,0.0,604800,2.875,2.84375,0.7036203742027283
04-04-1984,2.9375,0.0,1694800,2.96875,2.9375,0.7268168926239014
05-04-1984,2.84375,0.0,892000,2.875,2.84375,0.7036203742027283
06-04-1984,2.90625,0.0,838000,2.9375,2.90625,0.7190842628479004
09-04-1984,2.96875,0.0,1608800,3.0,2.96875,0.7345487475395203
10-04-1984,3.0,0.0,2154800,3.03125,3.0,0.7422807216644287
11-04-1984,3.0,0.0,1040800,3.03125,3.0,0.7422807216644287
12-04-1984,3.03125,0.0,981600,3.0625,3.03125,0.7500126957893372
13-04-1984,3.09375,0.0,2201200,3.125,3.09375,0.7654769420623779
16-04-1984,3.0625,0.0,732400,3.09375,3.0625,0.7577446103096008
17-04-1984,3.09375,0.0,1236800,3.125,3.09375,0.7654769420623779
18-04-1984,3.09375,0.0,2050400,3.125,3.09375,0.7654769420623779
19-04-1984,3.0625,0.0,651200,3.09375,3.0625,0.7577446103096008
23-04-1984,3.0625,0.0,689200,3.09375,3.0625,0.7577446103096008
24-04-1984,3.03125,0.0,831200,3.0625,3.03125,0.7500126957893372
25-04-1984,3.03125,0.0,930000,3.0625,3.03125,0.7500126957893372
26-04-1984,3.0625,0.0,934000,3.09375,3.0625,0.7577446103096008
27-04-1984,3.0625,0.0,1081600,3.09375,3.0625,0.7577446103096008
30-04-1984,3.03125,0.0,417600,3.0625,3.03125,0.7500126957893372
01-05-1984,3.03125,0.0,503600,3.0625,3.03125,0.7500126957893372
02-05-1984,3.0,0.0,590000,3.03125,3.0,0.7422807216644287
03-05-1984,3.03125,0.0,1236400,3.0625,3.03125,0.7500126957893372
04-05-1984,3.0,0.0,1158000,3.03125,3.0,0.7422807216644287
07-05-1984,2.96875,0.0,531600,3.0,2.96875,0.7345487475395203
08-05-1984,2.9375,0.0,921200,2.96875,2.9375,0.7268168926239014
09-05-1984,2.875,0.0,1058400,2.90625,2.875,0.7113523483276367
10-05-1984,2.875,0.0,480400,2.90625,2.875,0.7113523483276367
11-05-1984,2.78125,0.0,840000,2.8125,2.78125,0.6881560683250427
14-05-1984,2.8125,0.0,1291600,2.84375,2.8125,0.6958879828453064
15-05-1984,2.84375,0.0,788000,2.875,2.84375,0.7036203742027283
16-05-1984,2.875,0.0,1653600,2.90625,2.875,0.7113523483276367
17-05-1984,2.84375,0.0,1276800,2.875,2.84375,0.7036203742027283
18-05-1984,2.875,0.0,956800,2.90625,2.875,0.7113523483276367
21-05-1984,2.84375,0.0,2364400,2.875,2.84375,0.7036203742027283
22-05-1984,2.78125,0.0,2284800,2.8125,2.78125,0.6881560683250427
23-05-1984,2.78125,0.0,1587200,2.8125,2.78125,0.6881560683250427
24-05-1984,2.71875,0.0,1258000,2.75,2.71875,0.6726917028427124
25-05-1984,2.75,0.0,1450000,2.78125,2.75,0.6804240942001343
29-05-1984,2.78125,0.0,997200,2.8125,2.78125,0.6881560683250427
30-05-1984,2.75,0.0,764000,2.78125,2.75,0.6804240942001343
31-05-1984,2.71875,0.0,824000,2.75,2.71875,0.6726917028427124
01-06-1984,2.75,0.0,747200,2.78125,2.75,0.6804240942001343
04-06-1984,2.84375,0.0,870800,2.875,2.84375,0.7036203742027283
05-06-1984,2.8125,0.0,997600,2.84375,2.8125,0.6958879828453064
06-06-1984,2.875,0.0,607200,2.90625,2.875,0.7113523483276367
07-06-1984,2.84375,0.0,1024800,2.875,2.84375,0.7036203742027283
08-06-1984,2.875,0.0,971200,2.90625,2.875,0.7113523483276367
11-06-1984,2.84375,0.0,1100400,2.875,2.84375,0.7036203742027283
12-06-1984,2.84375,0.0,586800,2.875,2.84375,0.7036203742027283
13-06-1984,2.875,0.0,436800,2.90625,2.875,0.7113523483276367
14-06-1984,2.8125,0.0,2438000,2.84375,2.8125,0.6958879828453064
15-06-1984,2.78125,0.0,984800,2.8125,2.78125,0.6881560683250427
18-06-1984,2.875,0.0,652400,2.90625,2.875,0.7113523483276367
19-06-1984,2.875,0.0,560800,2.90625,2.875,0.7113523483276367
20-06-1984,2.875,0.0,817200,2.90625,2.875,0.7113523483276367
21-06-1984,2.875,0.0,634000,2.90625,2.875,0.7113523483276367
22-06-1984,2.90625,0.0,640800,2.9375,2.90625,0.7190842628479004
25-06-1984,2.875,0.0,614800,2.90625,2.875,0.7113523483276367
26-06-1984,2.875,0.0,1889200,2.90625,2.875,0.7113523483276367
27-06-1984,2.875,0.0,979200,2.90625,2.875,0.7113523483276367
28-06-1984,2.84375,0.0,436800,2.875,2.84375,0.7036203742027283
29-06-1984,2.875,0.0,942400,2.90625,2.875,0.7113523483276367
02-07-1984,2.875,0.0,1027600,2.90625,2.875,0.7113523483276367
03-07-1984,2.875,0.0,682000,2.90625,2.875,0.7113523483276367
05-07-1984,2.84375,0.0,984400,2.875,2.84375,0.7036203742027283
06-07-1984,2.8125,0.0,679200,2.84375,2.8125,0.6958879828453064
09-07-1984,2.78125,0.0,1145200,2.8125,2.78125,0.6881560683250427
10-07-1984,2.75,0.0,814800,2.78125,2.75,0.6804240942001343
11-07-1984,2.78125,0.0,1872000,2.8125,2.78125,0.6881560683250427
12-07-1984,2.78125,0.0,2276400,2.8125,2.78125,0.6881560683250427
13-07-1984,2.84375,0.0,1358400,2.875,2.84375,0.7036203742027283
16-07-1984,2.8125,0.0,938000,2.84375,2.8125,0.6958879828453064
17-07-1984,2.8125,0.0,1844400,2.84375,2.8125,0.6958879828453064
18-07-1984,2.8125,0.0,1318800,2.84375,2.8125,0.6958879828453064
19-07-1984,2.78125,0.0,1399600,2.8125,2.78125,0.6881560683250427
20-07-1984,2.75,0.0,1101200,2.78125,2.75,0.6804240942001343
23-07-1984,2.71875,0.0,1286400,2.75,2.71875,0.6726917028427124
24-07-1984,2.71875,0.0,736800,2.75,2.71875,0.6726917028427124
25-07-1984,2.78125,0.0,1226400,2.8125,2.78125,0.6881560683250427
26-07-1984,2.71875,0.0,950000,2.75,2.71875,0.6726917028427124
27-07-1984,2.71875,0.0,520000,2.75,2.71875,0.6726917028427124
30-07-1984,2.71875,0.0,255200,2.75,2.71875,0.6726917028427124
31-07-1984,2.75,0.0,653200,2.78125,2.75,0.6804240942001343
01-08-1984,2.78125,0.0,1328000,2.8125,2.78125,0.6881560683250427
02-08-1984,2.875,0.0,1542400,2.90625,2.875,0.7113523483276367
03-08-1984,3.0,0.0,1720800,3.03125,3.0,0.7422807216644287
06-08-1984,2.9375,0.0,2348400,2.96875,2.9375,0.7268168926239014
07-08-1984,2.9375,0.0,1349200,3.0,2.9375,0.7268168926239014
08-08-1984,2.96875,0.0,1434400,3.0,2.96875,0.7345487475395203
09-08-1984,3.0,0.0,733600,3.03125,3.0,0.7422807216644287
10-08-1984,3.0,0.0,1953200,3.03125,3.0,0.7422807216644287
13-08-1984,3.03125,0.0,674000,3.0625,3.03125,0.7500126957893372
14-08-1984,3.03125,0.0,1113200,3.0625,3.03125,0.7500126957893372
15-08-1984,3.03125,0.0,721200,3.0625,3.03125,0.7500126957893372
16-08-1984,3.03125,0.0,554400,3.0625,3.03125,0.7500126957893372
17-08-1984,3.03125,0.0,613200,3.0625,3.03125,0.7500126957893372
20-08-1984,3.03125,0.0,944400,3.0625,3.03125,0.7500126957893372
21-08-1984,3.09375,0.0,1200800,3.125,3.09375,0.7654769420623779
22-08-1984,3.09375,0.0,2149600,3.125,3.09375,0.7654769420623779
23-08-1984,3.09375,0.0,976800,3.125,3.09375,0.7654769420623779
24-08-1984,3.09375,0.0,822400,3.125,3.09375,0.7654769420623779
27-08-1984,3.0625,0.0,719200,3.09375,3.0625,0.7577446103096008
28-08-1984,3.0625,0.0,1910400,3.09375,3.0625,0.7577446103096008
29-08-1984,3.09375,0.0,2050800,3.125,3.09375,0.7654769420623779
30-08-1984,3.09375,0.0,1145600,3.125,3.09375,0.7654769420623779
31-08-1984,3.125,0.0,1142000,3.15625,3.125,0.7732097506523132
04-09-1984,3.09375,0.0,1714800,3.125,3.09375,0.7654769420623779
05-09-1984,3.09375,0.0,1002000,3.125,3.09375,0.7654769420623779
06-09-1984,3.125,0.0,1359600,3.15625,3.125,0.7732097506523132
07-09-1984,3.09375,0.0,1602800,3.125,3.09375,0.7654769420623779
10-09-1984,3.09375,0.0,646400,3.125,3.09375,0.7654769420623779
11-09-1984,3.09375,0.0,684400,3.125,3.09375,0.7654769420623779
12-09-1984,3.09375,0.0,334800,3.125,3.09375,0.7654769420623779
13-09-1984,3.09375,0.0,761200,3.125,3.09375,0.7654769420623779
14-09-1984,3.0625,0.0,1136800,3.09375,3.0625,0.7577446103096008
17-09-1984,3.0,0.0,1242000,3.03125,3.0,0.7422807216644287
18-09-1984,3.0,0.0,958800,3.03125,3.0,0.7422807216644287
19-09-1984,3.0,0.0,790800,3.03125,3.0,0.7422807216644287
20-09-1984,3.0,0.0,467600,3.03125,3.0,0.7422807216644287
21-09-1984,3.0625,0.0,1955200,3.09375,3.0625,0.7577446103096008
24-09-1984,3.03125,0.0,495200,3.0625,3.03125,0.7500126957893372
25-09-1984,3.0,0.0,779200,3.03125,3.0,0.7422807216644287
26-09-1984,3.03125,0.0,700400,3.0625,3.03125,0.7500126957893372
27-09-1984,3.03125,0.0,456800,3.0625,3.03125,0.7500126957893372
28-09-1984,2.96875,0.0,530800,3.0,2.96875,0.7345487475395203
01-10-1984,2.96875,0.0,482000,3.0,2.96875,0.7345487475395203
02-10-1984,3.0,0.0,669200,3.03125,3.0,0.7422807216644287
03-10-1984,2.96875,0.0,1015200,3.0,2.96875,0.7345487475395203
04-10-1984,3.03125,0.0,1138000,3.0625,3.03125,0.7500126957893372
05-10-1984,3.03125,0.0,1002400,3.0625,3.03125,0.7500126957893372
08-10-1984,2.96875,0.0,659200,3.0,2.96875,0.7345487475395203
09-10-1984,2.9375,0.0,633200,2.96875,2.9375,0.7268168926239014
10-10-1984,2.9375,0.0,1720000,2.96875,2.9375,0.7268168926239014
11-10-1984,2.9375,0.0,220000,2.96875,2.9375,0.7268168926239014
12-10-1984,2.9375,0.0,445200,2.96875,2.9375,0.7268168926239014
15-10-1984,2.90625,0.0,594400,2.9375,2.90625,0.7190842628479004
16-10-1984,2.8125,0.0,969600,2.84375,2.8125,0.6958879828453064
17-10-1984,2.78125,0.0,926800,2.8125,2.78125,0.6881560683250427
18-10-1984,2.8125,0.0,694000,2.84375,2.8125,0.6958879828453064
19-10-1984,2.875,0.0,2410400,2.90625,2.875,0.7113523483276367
22-10-1984,2.84375,0.0,856800,2.875,2.84375,0.7036203742027283
23-10-1984,2.9375,0.0,832800,2.96875,2.9375,0.7268168926239014
24-10-1984,2.96875,0.0,622400,3.0,2.96875,0.7345487475395203
25-10-1984,2.96875,0.0,762400,3.0,2.96875,0.7345487475395203
26-10-1984,3.0,0.0,1169200,3.03125,3.0,0.7422807216644287
29-10-1984,3.0,0.0,795200,3.03125,3.0,0.7422807216644287
30-10-1984,3.03125,0.0,726800,3.0625,3.03125,0.7500126957893372
31-10-1984,3.0625,0.0,790800,3.09375,3.0625,0.7577446103096008
01-11-1984,3.125,0.0,1276400,3.15625,3.125,0.7732097506523132
02-11-1984,3.15625,0.0,1710800,3.1875,3.15625,0.7809410691261292
05-11-1984,3.21875,0.0,1395600,3.25,3.21875,0.796405553817749
06-11-1984,3.1875,0.0,1257600,3.21875,3.1875,0.7886734008789062
07-11-1984,3.15625,0.0,766400,3.1875,3.15625,0.7809410691261292
08-11-1984,3.09375,0.0,1138400,3.125,3.09375,0.7654769420623779
09-11-1984,3.09375,0.0,889600,3.125,3.09375,0.7654769420623779
12-11-1984,3.1875,0.0,975600,3.21875,3.1875,0.7886734008789062
13-11-1984,3.1875,0.0,1032400,3.21875,3.1875,0.7886734008789062
14-11-1984,3.1875,0.0,558800,3.21875,3.1875,0.7886734008789062
15-11-1984,3.15625,0.0,801600,3.1875,3.15625,0.7809410691261292
16-11-1984,3.15625,0.0,936000,3.1875,3.15625,0.7809410691261292
19-11-1984,3.09375,0.0,1008800,3.125,3.09375,0.7654769420623779
20-11-1984,3.0625,0.0,1171600,3.09375,3.0625,0.7577446103096008
21-11-1984,3.125,0.0,2378800,3.15625,3.125,0.7732097506523132
23-11-1984,3.0625,0.0,418400,3.09375,3.0625,0.7577446103096008
26-11-1984,3.03125,0.0,633200,3.0625,3.03125,0.7500126957893372
27-11-1984,3.0625,0.0,739600,3.09375,3.0625,0.7577446103096008
28-11-1984,3.09375,0.0,1160800,3.125,3.09375,0.7654769420623779
29-11-1984,3.125,0.0,669200,3.15625,3.125,0.7732097506523132
30-11-1984,3.125,0.0,1006800,3.15625,3.125,0.7732097506523132
03-12-1984,3.15625,0.0,510000,3.1875,3.15625,0.7809410691261292
04-12-1984,3.15625,0.0,572400,3.1875,3.15625,0.7809410691261292
05-12-1984,3.09375,0.0,1008800,3.125,3.09375,0.7654769420623779
06-12-1984,3.125,0.0,1001200,3.15625,3.125,0.7732097506523132
07-12-1984,3.15625,0.0,590800,3.1875,3.15625,0.7809410691261292
10-12-1984,3.21875,0.0,1130400,3.25,3.21875,0.796405553817749
11-12-1984,3.28125,0.0,2398400,3.3125,3.28125,0.8118696212768555
12-12-1984,3.1875,0.0,779200,3.21875,3.1875,0.7886734008789062
13-12-1984,3.1875,0.0,1014800,3.21875,3.1875,0.7886734008789062
14-12-1984,3.25,0.0,1212000,3.28125,3.25,0.8041378259658813
17-12-1984,3.1875,0.0,652400,3.21875,3.1875,0.7886734008789062
18-12-1984,3.21875,0.0,711200,3.25,3.21875,0.796405553817749
19-12-1984,3.1875,0.0,1783600,3.21875,3.1875,0.7886734008789062
20-12-1984,3.15625,0.0,694400,3.1875,3.15625,0.7809410691261292
21-12-1984,3.125,0.0,714400,3.15625,3.125,0.7732097506523132
24-12-1984,3.125,0.0,166800,3.15625,3.125,0.7732097506523132
26-12-1984,3.125,0.0,199200,3.15625,3.125,0.7732097506523132
27-12-1984,3.15625,0.0,1248000,3.1875,3.15625,0.7809410691261292
28-12-1984,3.15625,0.0,808800,3.1875,3.15625,0.7809410691261292
31-12-1984,3.15625,0.0,614800,3.1875,3.15625,0.7809410691261292
02-01-1985,3.125,0.0,447200,3.15625,3.125,0.7732097506523132
03-01-1985,3.09375,0.0,1008000,3.125,3.09375,0.7654769420623779
04-01-1985,3.125,0.0,637200,3.15625,3.125,0.7732097506523132
07-01-1985,3.15625,0.0,602400,3.1875,3.15625,0.7809410691261292
08-01-1985,3.1875,0.0,1232400,3.21875,3.1875,0.7886734008789062
09-01-1985,3.21875,0.0,555600,3.25,3.21875,0.796405553817749
10-01-1985,3.1875,0.0,580800,3.21875,3.1875,0.7886734008789062
11-01-1985,3.125,0.0,661600,3.15625,3.125,0.7732097506523132
14-01-1985,3.09375,0.0,1183200,3.125,3.09375,0.7654769420623779
15-01-1985,3.09375,0.0,434400,3.125,3.09375,0.7654769420623779
16-01-1985,3.21875,0.0,2278000,3.25,3.21875,0.796405553817749
17-01-1985,3.25,0.0,833600,3.28125,3.25,0.8041378259658813
18-01-1985,3.28125,0.0,725200,3.3125,3.28125,0.8118696212768555
21-01-1985,3.4375,0.0,1174000,3.46875,3.4375,0.8505303859710693
22-01-1985,3.46875,0.0,2691600,3.5,3.46875,0.8582618236541748
23-01-1985,3.4375,0.0,1701600,3.46875,3.4375,0.8505303859710693
24-01-1985,3.40625,0.0,1341600,3.4375,3.40625,0.8427976369857788
25-01-1985,3.375,0.0,1071600,3.40625,3.375,0.8350656628608704
28-01-1985,3.34375,0.0,849200,3.375,3.34375,0.8273337483406067
29-01-1985,3.3125,0.0,903200,3.34375,3.3125,0.8196016550064087
30-01-1985,3.375,0.0,958800,3.40625,3.375,0.8350656628608704
31-01-1985,3.34375,0.0,1575600,3.375,3.34375,0.8273337483406067
01-02-1985,3.25,0.0,822400,3.28125,3.25,0.8041378259658813
04-02-1985,3.21875,0.0,1293200,3.25,3.21875,0.796405553817749
05-02-1985,3.21875,0.0,794800,3.25,3.21875,0.796405553817749
06-02-1985,3.28125,0.0,1516000,3.3125,3.28125,0.8118696212768555
07-02-1985,3.3125,0.0,524000,3.34375,3.3125,0.8196016550064087
08-02-1985,3.28125,0.0,1054400,3.3125,3.28125,0.8118696212768555
11-02-1985,3.25,0.0,760000,3.28125,3.25,0.8041378259658813
12-02-1985,3.21875,0.0,1298400,3.25,3.21875,0.796405553817749
13-02-1985,3.25,0.0,1220400,3.28125,3.25,0.8041378259658813
14-02-1985,3.21875,0.0,1372400,3.25,3.21875,0.796405553817749
15-02-1985,3.25,0.0,1425600,3.28125,3.25,0.8041378259658813
19-02-1985,3.21875,0.0,1075200,3.25,3.21875,0.796405553817749
20-02-1985,3.21875,0.0,399200,3.25,3.21875,0.796405553817749
21-02-1985,3.1875,0.0,402000,3.21875,3.1875,0.7886734008789062
22-02-1985,3.15625,0.0,688400,3.1875,3.15625,0.7809410691261292
25-02-1985,3.125,0.0,922800,3.15625,3.125,0.7732097506523132
26-02-1985,3.15625,0.0,1961200,3.1875,3.15625,0.7809410691261292
27-02-1985,3.1875,0.0,671200,3.21875,3.1875,0.7886734008789062
28-02-1985,3.1875,0.0,1370000,3.21875,3.1875,0.7886734008789062
01-03-1985,3.1875,0.0,1104400,3.21875,3.1875,0.7886734008789062
04-03-1985,3.1875,0.0,1040400,3.21875,3.1875,0.7886734008789062
05-03-1985,3.15625,0.0,1041200,3.1875,3.15625,0.7809410691261292
06-03-1985,3.1875,0.0,684800,3.21875,3.1875,0.7886734008789062
07-03-1985,3.1875,0.0,1117600,3.21875,3.1875,0.7886734008789062
08-03-1985,3.15625,0.0,1541200,3.1875,3.15625,0.7809410691261292
11-03-1985,3.1875,0.0,502800,3.21875,3.1875,0.7886734008789062
12-03-1985,3.15625,0.0,1273200,3.1875,3.15625,0.7809410691261292
13-03-1985,3.15625,0.0,1073200,3.1875,3.15625,0.7809410691261292
14-03-1985,3.15625,0.0,807600,3.1875,3.15625,0.7809410691261292
15-03-1985,3.1875,0.0,1197600,3.21875,3.1875,0.7886734008789062
18-03-1985,3.21875,0.0,998800,3.25,3.21875,0.796405553817749
19-03-1985,3.3125,0.0,2990800,3.34375,3.3125,0.8196016550064087
20-03-1985,3.3125,0.0,1986000,3.34375,3.3125,0.8196016550064087
21-03-1985,3.375,0.0,1723600,3.40625,3.375,0.8350656628608704
22-03-1985,3.375,0.0,2226800,3.40625,3.375,0.8350656628608704
25-03-1985,3.375,0.0,790400,3.40625,3.375,0.8350656628608704
26-03-1985,3.34375,0.0,1286800,3.375,3.34375,0.8273337483406067
27-03-1985,3.40625,0.0,2424400,3.4375,3.40625,0.8427976369857788
28-03-1985,3.40625,0.0,2741200,3.4375,3.40625,0.8427976369857788
29-03-1985,3.34375,0.0,2955600,3.375,3.34375,0.8273337483406067
01-04-1985,3.34375,0.0,1186800,3.375,3.34375,0.8273337483406067
02-04-1985,3.3125,0.0,1840000,3.34375,3.3125,0.8196016550064087
03-04-1985,3.21875,0.0,1410000,3.25,3.21875,0.796405553817749
04-04-1985,3.28125,0.0,2550400,3.3125,3.28125,0.8118696212768555
08-04-1985,3.28125,3.28125,0,3.28125,3.28125,0.8118696212768555
09-04-1985,3.25,0.0,1225200,3.28125,3.25,0.8041378259658813
10-04-1985,3.34375,0.0,1160400,3.375,3.34375,0.8273337483406067
11-04-1985,3.375,0.0,1064800,3.40625,3.375,0.8350656628608704
12-04-1985,3.375,0.0,2212000,3.40625,3.375,0.8350656628608704
15-04-1985,3.6875,0.0,6996800,3.71875,3.6875,0.9123870134353638
16-04-1985,3.78125,0.0,3851600,3.8125,3.78125,0.9355831742286682
17-04-1985,3.84375,0.0,324800,3.875,3.84375,0.9510473012924194
18-04-1985,3.875,0.0,2661600,3.90625,3.875,0.9587788581848145
19-04-1985,3.8125,0.0,1745600,3.84375,3.8125,0.9433150291442871
22-04-1985,3.6875,0.0,2041200,3.71875,3.6875,0.9123870134353638
23-04-1985,3.71875,0.0,2816400,3.75,3.71875,0.9201189279556274
24-04-1985,3.71875,0.0,3741200,3.75,3.71875,0.9201189279556274
25-04-1985,3.71875,0.0,1767200,3.75,3.71875,0.9201189279556274
26-04-1985,3.71875,0.0,1282400,3.75,3.71875,0.9201189279556274
29-04-1985,3.6875,0.0,1267200,3.71875,3.6875,0.9123870134353638
30-04-1985,3.65625,0.0,705200,3.6875,3.65625,0.9046547412872314
01-05-1985,3.625,0.0,692800,3.65625,3.625,0.8969229459762573
02-05-1985,3.59375,0.0,1012000,3.625,3.59375,0.8891904354095459
03-05-1985,3.53125,0.0,1357600,3.5625,3.53125,0.8737267255783081
06-05-1985,3.5,0.0,1191600,3.53125,3.5,0.8659945130348206
07-05-1985,3.53125,0.0,1417200,3.5625,3.53125,0.8737267255783081
08-05-1985,3.53125,0.0,918000,3.5625,3.53125,0.8737267255783081
09-05-1985,3.5625,0.0,1427600,3.59375,3.5625,0.8814584016799927
10-05-1985,3.6875,0.0,2673600,3.71875,3.6875,0.9123870134353638
13-05-1985,3.78125,0.0,1440000,3.8125,3.78125,0.9355831742286682
14-05-1985,3.78125,0.0,1474800,3.8125,3.78125,0.9355831742286682
15-05-1985,3.84375,0.0,1481600,3.875,3.84375,0.9510473012924194
16-05-1985,3.84375,0.0,812000,3.875,3.84375,0.9510473012924194
17-05-1985,3.875,0.0,1453200,3.90625,3.875,0.9587788581848145
20-05-1985,3.90625,0.0,1309600,3.9375,3.90625,0.966511607170105
21-05-1985,3.90625,0.0,3188000,3.9375,3.90625,0.966511607170105
22-05-1985,3.875,0.0,1718800,3.90625,3.875,0.9587788581848145
23-05-1985,3.90625,0.0,1280000,3.9375,3.90625,0.966511607170105
24-05-1985,3.875,0.0,1344000,3.90625,3.875,0.9587788581848145
28-05-1985,3.90625,0.0,1305600,3.9375,3.90625,0.966511607170105
29-05-1985,3.96875,0.0,2596000,4.0,3.96875,0.981975257396698
30-05-1985,4.03125,0.0,2290800,4.0625,4.03125,0.9974396824836731
31-05-1985,4.0625,0.0,1822400,4.09375,4.0625,1.0051718950271606
03-06-1985,4.09375,0.0,1268000,4.125,4.09375,1.0129040479660034
04-06-1985,4.09375,0.0,958400,4.125,4.09375,1.0129040479660034
05-06-1985,4.09375,0.0,670800,4.125,4.09375,1.0129040479660034
06-06-1985,4.125,0.0,1967600,4.15625,4.125,1.0206364393234253
07-06-1985,4.09375,0.0,599200,4.125,4.09375,1.0129040479660034
10-06-1985,4.0625,0.0,677200,4.09375,4.0625,1.0051718950271606
11-06-1985,4.15625,0.0,2741600,4.1875,4.15625,1.0283684730529785
12-06-1985,4.15625,0.0,1396000,4.1875,4.15625,1.0283684730529785
13-06-1985,4.09375,0.0,3510400,4.125,4.09375,1.0129040479660034
14-06-1985,4.125,0.0,1805200,4.15625,4.125,1.0206364393234253
17-06-1985,4.09375,0.0,539200,4.125,4.09375,1.0129040479660034
18-06-1985,4.15625,0.0,1416400,4.1875,4.15625,1.0283684730529785
19-06-1985,4.09375,0.0,1245200,4.125,4.09375,1.0129040479660034
20-06-1985,4.0,0.0,1034800,4.03125,4.0,0.9897072911262512
21-06-1985,4.0,0.0,1022800,4.03125,4.0,0.9897072911262512
24-06-1985,4.0,0.0,507600,4.03125,4.0,0.9897072911262512
25-06-1985,3.96875,0.0,1245200,4.0,3.96875,0.981975257396698
26-06-1985,4.0,0.0,1074400,4.03125,4.0,0.9897072911262512
27-06-1985,3.96875,0.0,1198000,4.0,3.96875,0.981975257396698
28-06-1985,3.96875,0.0,1356800,4.0,3.96875,0.981975257396698
01-07-1985,4.0,0.0,1511600,4.03125,4.0,0.9897072911262512
02-07-1985,4.0,0.0,339200,4.03125,4.0,0.9897072911262512
03-07-1985,4.0,0.0,940000,4.03125,4.0,0.9897072911262512
05-07-1985,4.125,0.0,877600,4.15625,4.125,1.0206364393234253
08-07-1985,4.125,0.0,702800,4.15625,4.125,1.0206364393234253
09-07-1985,4.15625,0.0,1410400,4.1875,4.15625,1.0283684730529785
10-07-1985,4.15625,0.0,920000,4.1875,4.15625,1.0283684730529785
11-07-1985,4.15625,0.0,776400,4.1875,4.15625,1.0283684730529785
12-07-1985,4.15625,0.0,1935600,4.1875,4.15625,1.0283684730529785
15-07-1985,4.21875,0.0,1561200,4.25,4.21875,1.0438319444656372
16-07-1985,4.21875,0.0,384400,4.25,4.21875,1.0438319444656372
17-07-1985,4.21875,0.0,933600,4.25,4.21875,1.0438319444656372
18-07-1985,4.21875,0.0,1554800,4.25,4.21875,1.0438319444656372
19-07-1985,4.28125,0.0,1375200,4.3125,4.28125,1.0592968463897705
22-07-1985,4.25,0.0,1092000,4.3125,4.25,1.0515646934509277
23-07-1985,4.28125,0.0,1310400,4.3125,4.28125,1.0592968463897705
24-07-1985,4.28125,0.0,2210000,4.3125,4.28125,1.0592968463897705
25-07-1985,4.28125,0.0,2478000,4.3125,4.28125,1.0592968463897705
26-07-1985,4.3125,0.0,2128000,4.375,4.3125,1.067028522491455
29-07-1985,4.34375,0.0,423600,4.375,4.34375,1.0747610330581665
30-07-1985,4.34375,0.0,900000,4.375,4.34375,1.0747610330581665
31-07-1985,4.375,0.0,742800,4.40625,4.375,1.0824934244155884
01-08-1985,4.4375,0.0,2104000,4.46875,4.4375,1.097956895828247
02-08-1985,4.46875,0.0,2001600,4.5,4.46875,1.105689525604248
05-08-1985,4.46875,0.0,603600,4.5,4.46875,1.105689525604248
06-08-1985,4.4375,0.0,1444400,4.46875,4.4375,1.097956895828247
07-08-1985,4.46875,0.0,1666000,4.5,4.46875,1.105689525604248
08-08-1985,4.5,0.0,1594400,4.53125,4.5,1.1134206056594849
09-08-1985,4.59375,0.0,3320400,4.625,4.59375,1.1366177797317505
12-08-1985,4.625,0.0,1755200,4.65625,4.625,1.1443490982055664
13-08-1985,4.53125,0.0,1022400,4.5625,4.53125,1.1211528778076172
14-08-1985,4.53125,0.0,635200,4.5625,4.53125,1.1211528778076172
15-08-1985,4.53125,0.0,517200,4.5625,4.53125,1.1211528778076172
16-08-1985,4.5,0.0,1981600,4.53125,4.5,1.1134206056594849
19-08-1985,4.4375,0.0,1407200,4.46875,4.4375,1.097956895828247
20-08-1985,4.40625,0.0,1877200,4.4375,4.40625,1.0902249813079834
21-08-1985,4.4375,0.0,1120400,4.46875,4.4375,1.097956895828247
22-08-1985,4.4375,0.0,726400,4.46875,4.4375,1.097956895828247
23-08-1985,4.46875,0.0,472000,4.5,4.46875,1.105689525604248
26-08-1985,4.46875,0.0,177600,4.5,4.46875,1.105689525604248
27-08-1985,4.46875,0.0,119200,4.5,4.46875,1.105689525604248
28-08-1985,4.53125,0.0,1310400,4.5625,4.53125,1.1211528778076172
29-08-1985,4.625,0.0,2172800,4.65625,4.625,1.1443490982055664
30-08-1985,4.6875,0.0,1364000,4.71875,4.6875,1.1598135232925415
03-09-1985,4.625,0.0,1009200,4.65625,4.625,1.1443490982055664
04-09-1985,4.625,0.0,828000,4.65625,4.625,1.1443490982055664
05-09-1985,4.5625,0.0,1021200,4.59375,4.5625,1.1288856267929077
06-09-1985,4.5625,0.0,605600,4.59375,4.5625,1.1288856267929077
09-09-1985,4.46875,0.0,1160400,4.5,4.46875,1.105689525604248
10-09-1985,4.40625,0.0,1464000,4.4375,4.40625,1.0902249813079834
11-09-1985,4.34375,0.0,1649200,4.375,4.34375,1.0747610330581665
12-09-1985,4.375,0.0,816800,4.40625,4.375,1.0824934244155884
13-09-1985,4.375,0.0,1284400,4.40625,4.375,1.0824934244155884
16-09-1985,4.40625,0.0,798800,4.4375,4.40625,1.0902249813079834
17-09-1985,4.375,0.0,949600,4.40625,4.375,1.0824934244155884
18-09-1985,4.34375,0.0,2120000,4.375,4.34375,1.0747610330581665
19-09-1985,4.34375,0.0,906400,4.375,4.34375,1.0747610330581665
20-09-1985,4.40625,0.0,461200,4.4375,4.40625,1.0902249813079834
23-09-1985,4.59375,0.0,1267200,4.625,4.59375,1.1366177797317505
24-09-1985,4.5625,0.0,1012800,4.59375,4.5625,1.1288856267929077
25-09-1985,4.5625,0.0,780800,4.59375,4.5625,1.1288856267929077
26-09-1985,4.5,0.0,1462000,4.53125,4.5,1.1134206056594849
30-09-1985,4.5,0.0,541600,4.53125,4.5,1.1134206056594849
01-10-1985,4.59375,0.0,1812800,4.625,4.59375,1.1366177797317505
02-10-1985,4.625,0.0,1188000,4.65625,4.625,1.1443490982055664
03-10-1985,4.75,0.0,1686000,4.78125,4.75,1.175277829170227
04-10-1985,4.75,0.0,1549200,4.78125,4.75,1.175277829170227
07-10-1985,4.71875,0.0,654000,4.75,4.71875,1.1675454378128052
08-10-1985,4.71875,0.0,1278800,4.75,4.71875,1.1675454378128052
09-10-1985,4.71875,0.0,940400,4.75,4.71875,1.1675454378128052
10-10-1985,4.71875,0.0,2535200,4.75,4.71875,1.1675454378128052
11-10-1985,4.59375,0.0,3824400,4.625,4.59375,1.1366177797317505
14-10-1985,4.65625,0.0,4859200,4.6875,4.65625,1.1520811319351196
15-10-1985,4.65625,0.0,2497200,4.6875,4.65625,1.1520811319351196
16-10-1985,4.6875,0.0,1370800,4.71875,4.6875,1.1598135232925415
17-10-1985,4.75,0.0,1450400,4.78125,4.75,1.175277829170227
18-10-1985,4.84375,0.0,1353200,4.875,4.84375,1.1984740495681763
21-10-1985,4.84375,0.0,762000,4.875,4.84375,1.1984740495681763
22-10-1985,4.8125,0.0,502000,4.84375,4.8125,1.19074285030365
23-10-1985,4.875,0.0,1474000,4.90625,4.875,1.20620596408844
24-10-1985,4.84375,0.0,2083600,4.875,4.84375,1.1984740495681763
25-10-1985,4.90625,0.0,777600,4.9375,4.90625,1.213938593864441
28-10-1985,4.90625,0.0,724400,4.9375,4.90625,1.213938593864441
29-10-1985,5.03125,0.0,1570800,5.0625,5.03125,1.2448666095733643
30-10-1985,5.15625,0.0,2920000,5.1875,5.15625,1.2757949829101562
31-10-1985,5.28125,0.0,4020400,5.3125,5.28125,1.3067232370376587
01-11-1985,5.3125,0.0,5212800,5.34375,5.3125,1.3144556283950806
04-11-1985,5.34375,0.0,2244000,5.375,5.34375,1.3221877813339233
05-11-1985,5.34375,0.0,1671600,5.375,5.34375,1.3221877813339233
06-11-1985,5.375,0.0,1245600,5.40625,5.375,1.3299199342727661
07-11-1985,5.25,0.0,1805200,5.28125,5.25,1.2989916801452637
08-11-1985,5.3125,0.0,1148400,5.34375,5.3125,1.3144556283950806
11-11-1985,5.3125,0.0,1196400,5.34375,5.3125,1.3144556283950806
12-11-1985,5.46875,0.0,1960400,5.5,5.46875,1.3531157970428467
13-11-1985,5.46875,0.0,4190000,5.5,5.46875,1.3531157970428467
14-11-1985,5.46875,0.0,1059200,5.5,5.46875,1.3531157970428467
15-11-1985,5.5,0.0,1449600,5.53125,5.5,1.3608481884002686
18-11-1985,5.5,0.0,560800,5.53125,5.5,1.3608481884002686
19-11-1985,5.5625,0.0,1813600,5.59375,5.5625,1.3763121366500854
20-11-1985,5.5625,0.0,2181200,5.59375,5.5625,1.3763121366500854
21-11-1985,5.65625,0.0,1844000,5.6875,5.65625,1.399507999420166
22-11-1985,5.65625,0.0,1001200,5.6875,5.65625,1.399507999420166
25-11-1985,5.65625,0.0,619200,5.6875,5.65625,1.399507999420166
26-11-1985,5.65625,0.0,645200,5.6875,5.65625,1.399507999420166
27-11-1985,5.6875,0.0,973600,5.71875,5.6875,1.4072407484054565
29-11-1985,5.78125,0.0,734400,5.8125,5.78125,1.4304369688034058
02-12-1985,5.71875,0.0,732000,5.75,5.71875,1.4149720668792725
03-12-1985,5.71875,0.0,665600,5.75,5.71875,1.4149720668792725
04-12-1985,5.6875,0.0,1488000,5.71875,5.6875,1.4072407484054565
05-12-1985,5.6875,0.0,2211600,5.71875,5.6875,1.4072407484054565
06-12-1985,5.6875,0.0,1104400,5.71875,5.6875,1.4072407484054565
09-12-1985,5.625,0.0,641600,5.65625,5.625,1.3917759656906128
10-12-1985,5.53125,0.0,2720800,5.5625,5.53125,1.3685799837112427
11-12-1985,5.375,0.0,5808400,5.40625,5.375,1.3299199342727661
12-12-1985,5.34375,0.0,5066000,5.375,5.34375,1.3221877813339233
13-12-1985,5.375,0.0,2151200,5.40625,5.375,1.3299199342727661
16-12-1985,5.40625,0.0,2754400,5.4375,5.40625,1.3376518487930298
17-12-1985,5.375,0.0,1591200,5.40625,5.375,1.3299199342727661
18-12-1985,5.375,0.0,1910800,5.40625,5.375,1.3299199342727661
19-12-1985,5.40625,0.0,714400,5.4375,5.40625,1.3376518487930298
20-12-1985,5.4375,0.0,2782800,5.46875,5.4375,1.3453834056854248
23-12-1985,5.46875,0.0,682000,5.5,5.46875,1.3531157970428467
24-12-1985,5.46875,0.0,389200,5.5,5.46875,1.3531157970428467
26-12-1985,5.46875,0.0,256400,5.5,5.46875,1.3531157970428467
27-12-1985,5.53125,0.0,928800,5.5625,5.53125,1.3685799837112427
30-12-1985,5.5,0.0,809600,5.53125,5.5,1.3608481884002686
31-12-1985,5.53125,0.0,911200,5.5625,5.53125,1.3685799837112427
02-01-1986,5.5625,0.0,590000,5.59375,5.5625,1.3763121366500854
03-01-1986,5.5625,0.0,600000,5.59375,5.5625,1.3763121366500854
06-01-1986,5.5625,0.0,390000,5.59375,5.5625,1.3763121366500854
07-01-1986,5.625,0.0,1199600,5.65625,5.625,1.3917759656906128
08-01-1986,5.53125,0.0,1645600,5.5625,5.53125,1.3685799837112427
09-01-1986,5.53125,0.0,1505200,5.5625,5.53125,1.3685799837112427
10-01-1986,5.53125,0.0,840000,5.5625,5.53125,1.3685799837112427
13-01-1986,5.46875,0.0,931600,5.5,5.46875,1.3531157970428467
14-01-1986,5.4375,0.0,2377200,5.46875,5.4375,1.3453834056854248
15-01-1986,5.5,0.0,1156000,5.53125,5.5,1.3608481884002686
16-01-1986,5.5,0.0,544400,5.53125,5.5,1.3608481884002686
17-01-1986,5.53125,0.0,1828400,5.5625,5.53125,1.3685799837112427
20-01-1986,5.5,0.0,1270000,5.53125,5.5,1.3608481884002686
21-01-1986,5.53125,0.0,1082000,5.5625,5.53125,1.3685799837112427
22-01-1986,5.6875,0.0,3557200,5.71875,5.6875,1.4072407484054565
23-01-1986,5.75,0.0,3987600,5.78125,5.75,1.4227046966552734
24-01-1986,5.75,0.0,1426000,5.78125,5.75,1.4227046966552734
27-01-1986,5.875,0.0,2544800,5.9375,5.875,1.4536337852478027
28-01-1986,6.1875,0.0,3808000,6.25,6.1875,1.5309538841247559
29-01-1986,6.125,0.0,3248800,6.1875,6.125,1.5154892206192017
30-01-1986,6.125,0.0,3513400,6.1875,6.125,1.5154892206192017
31-01-1986,6.125,0.0,2846400,6.1875,6.125,1.5154892206192017
03-02-1986,6.0625,0.0,1473200,6.125,6.0625,1.5000253915786743
04-02-1986,6.1875,0.0,5860200,6.25,6.1875,1.5309538841247559
05-02-1986,6.25,0.0,3567600,6.3125,6.25,1.5464195013046265
06-02-1986,6.125,0.0,5388200,6.1875,6.125,1.5154892206192017
07-02-1986,6.125,0.0,2812600,6.1875,6.125,1.5154892206192017
10-02-1986,6.1875,0.0,3630200,6.25,6.1875,1.5309538841247559
11-02-1986,6.125,0.0,3688200,6.1875,6.125,1.5154892206192017
12-02-1986,6.25,0.0,6296800,6.3125,6.25,1.5464195013046265
13-02-1986,6.375,0.0,10672000,6.4375,6.375,1.5773468017578125
14-02-1986,6.4375,0.0,9519600,6.5,6.4375,1.592811107635498
18-02-1986,6.75,0.0,9016800,6.8125,6.75,1.6701313257217407
19-02-1986,6.75,0.0,1923800,6.8125,6.75,1.6701313257217407
20-02-1986,7.0,0.0,7981600,7.0625,7.0,1.7319890260696411
21-02-1986,7.3125,0.0,11195200,7.375,7.3125,1.809309482574463
24-02-1986,7.5625,0.0,6766800,7.625,7.5625,1.8711663484573364
25-02-1986,7.25,0.0,4121000,7.3125,7.25,1.7938458919525146
26-02-1986,7.3125,0.0,4757200,7.375,7.3125,1.809309482574463
27-02-1986,7.3125,0.0,3235600,7.375,7.3125,1.809309482574463
28-02-1986,7.1875,0.0,2447400,7.25,7.1875,1.7783808708190918
03-03-1986,7.0625,0.0,2547600,7.125,7.0625,1.7474534511566162
04-03-1986,7.25,0.0,3675200,7.3125,7.25,1.7938458919525146
05-03-1986,7.3125,0.0,2247200,7.375,7.3125,1.809309482574463
06-03-1986,7.25,0.0,2407400,7.3125,7.25,1.7938458919525146
07-03-1986,7.1875,0.0,1609800,7.25,7.1875,1.7783808708190918
10-03-1986,7.0625,0.0,1415600,7.125,7.0625,1.7474534511566162
11-03-1986,7.1875,0.0,1353400,7.25,7.1875,1.7783808708190918
12-03-1986,7.375,0.0,5449400,7.4375,7.375,1.8247740268707275
13-03-1986,7.5,0.0,4560000,7.5625,7.5,1.8557014465332031
14-03-1986,7.875,0.0,5433200,7.9375,7.875,1.9484870433807373
17-03-1986,7.75,0.0,1657600,7.8125,7.75,1.917557716369629
18-03-1986,7.9375,0.0,3195000,8.0,7.9375,1.963950514793396
19-03-1986,7.9375,0.0,2421600,8.0,7.9375,1.963950514793396
20-03-1986,8.0625,0.0,3097400,8.125,8.0625,1.9948793649673462
21-03-1986,8.125,0.0,3780800,8.1875,8.125,2.0103437900543213
24-03-1986,7.9375,0.0,2416000,8.0,7.9375,1.963950514793396
25-03-1986,7.8125,0.0,1815800,7.875,7.8125,1.93302321434021
26-03-1986,7.875,0.0,1770200,7.9375,7.875,1.9484870433807373
27-03-1986,7.875,0.0,2070600,7.9375,7.875,1.9484870433807373
31-03-1986,7.9375,0.0,1556000,8.0,7.9375,1.963950514793396
01-04-1986,7.9375,0.0,221600,8.0,7.9375,1.963950514793396
02-04-1986,7.9375,0.0,1122800,8.0,7.9375,1.963950514793396
03-04-1986,7.8125,0.0,987000,7.875,7.8125,1.93302321434021
04-04-1986,7.625,0.0,1788400,7.6875,7.625,1.8866300582885742
07-04-1986,7.625,0.0,816000,7.6875,7.625,1.8866300582885742
08-04-1986,7.5,0.0,1107400,7.5625,7.5,1.8557014465332031
09-04-1986,7.625,0.0,3778200,7.6875,7.625,1.8866300582885742
10-04-1986,7.875,0.0,3115800,7.9375,7.875,1.9484870433807373
11-04-1986,7.875,0.0,2280800,7.9375,7.875,1.9484870433807373
14-04-1986,8.1875,0.0,2400600,8.25,8.1875,2.025808095932007
15-04-1986,8.3125,0.0,4630000,8.375,8.3125,2.056736946105957
16-04-1986,8.625,0.0,382800,8.6875,8.625,2.13405704498291
17-04-1986,8.4375,0.0,7541600,8.5,8.4375,2.0876638889312744
18-04-1986,8.25,0.0,3881200,8.3125,8.25,2.0412728786468506
21-04-1986,8.125,0.0,1538200,8.1875,8.125,2.0103437900543213
22-04-1986,7.8125,0.0,2782400,7.875,7.8125,1.93302321434021
23-04-1986,7.6875,0.0,2984000,7.75,7.6875,1.9020946025848389
24-04-1986,7.8125,0.0,4809200,7.875,7.8125,1.93302321434021
25-04-1986,7.8125,0.0,1932200,7.875,7.8125,1.93302321434021
28-04-1986,7.75,0.0,690000,7.8125,7.75,1.917557716369629
29-04-1986,7.6875,0.0,1059600,7.75,7.6875,1.9020946025848389
30-04-1986,7.5625,0.0,1792600,7.625,7.5625,1.8711663484573364
01-05-1986,7.3125,0.0,2028800,7.375,7.3125,1.809309482574463
02-05-1986,7.375,0.0,2000000,7.4375,7.375,1.8247740268707275
05-05-1986,7.375,0.0,2146000,7.4375,7.375,1.8247740268707275
06-05-1986,7.1875,0.0,3134000,7.25,7.1875,1.7783808708190918
07-05-1986,7.125,0.0,2379400,7.1875,7.125,1.7629168033599854
08-05-1986,7.125,0.0,2784000,7.1875,7.125,1.7629168033599854
09-05-1986,7.25,0.0,4319600,7.3125,7.25,1.7938458919525146
12-05-1986,7.5625,0.0,3527200,7.625,7.5625,1.8711663484573364
13-05-1986,7.5625,0.0,2351000,7.625,7.5625,1.8711663484573364
14-05-1986,7.5625,0.0,1655600,7.625,7.5625,1.8711663484573364
15-05-1986,7.375,0.0,1357400,7.4375,7.375,1.8247740268707275
16-05-1986,7.375,0.0,1545400,7.4375,7.375,1.8247740268707275
19-05-1986,7.4375,0.0,954400,7.5,7.4375,1.8402378559112549
20-05-1986,7.5,0.0,1264600,7.5625,7.5,1.8557014465332031
21-05-1986,7.375,0.0,1765200,7.4375,7.375,1.8247740268707275
22-05-1986,7.375,0.0,1300600,7.4375,7.375,1.8247740268707275
23-05-1986,7.375,0.0,1457000,7.4375,7.375,1.8247740268707275
27-05-1986,7.4375,0.0,871800,7.5,7.4375,1.8402378559112549
28-05-1986,7.4375,0.0,1647800,7.5,7.4375,1.8402378559112549
29-05-1986,7.4375,0.0,1657200,7.5,7.4375,1.8402378559112549
30-05-1986,7.4375,0.0,1297000,7.5,7.4375,1.8402378559112549
02-06-1986,7.375,0.0,790000,7.4375,7.375,1.8247740268707275
03-06-1986,7.5,0.0,1208800,7.5625,7.5,1.8557014465332031
04-06-1986,7.4375,0.0,1199400,7.5,7.4375,1.8402378559112549
05-06-1986,7.5625,0.0,975200,7.625,7.5625,1.8711663484573364
06-06-1986,7.75,0.0,2763400,7.8125,7.75,1.917557716369629
09-06-1986,7.6875,0.0,2049400,7.75,7.6875,1.9020946025848389
10-06-1986,7.8125,0.0,869000,7.875,7.8125,1.93302321434021
11-06-1986,8.1875,0.0,4614000,8.25,8.1875,2.025808095932007
12-06-1986,8.25,0.0,3120800,8.3125,8.25,2.0412728786468506
13-06-1986,8.375,0.0,1173800,8.4375,8.375,2.072200298309326
16-06-1986,8.3125,0.0,2495000,8.375,8.3125,2.056736946105957
17-06-1986,8.25,0.0,1507000,8.3125,8.25,2.0412728786468506
18-06-1986,8.3125,0.0,1011000,8.375,8.3125,2.056736946105957
19-06-1986,8.25,0.0,743800,8.3125,8.25,2.0412728786468506
20-06-1986,8.25,0.0,483400,8.3125,8.25,2.0412728786468506
23-06-1986,8.1875,0.0,909400,8.25,8.1875,2.025808095932007
24-06-1986,8.125,0.0,1012000,8.1875,8.125,2.0103437900543213
25-06-1986,7.9375,0.0,852200,8.0,7.9375,1.963950514793396
26-06-1986,7.875,0.0,1172200,7.9375,7.875,1.9484870433807373
27-06-1986,7.875,0.0,721000,7.9375,7.875,1.9484870433807373
30-06-1986,7.875,0.0,424000,7.9375,7.875,1.9484870433807373
01-07-1986,7.875,0.0,679800,7.9375,7.875,1.9484870433807373
02-07-1986,8.0,0.0,1268600,8.0625,8.0,1.9794145822525024
03-07-1986,8.1875,0.0,3561400,8.25,8.1875,2.025808095932007
07-07-1986,7.875,0.0,2103000,7.9375,7.875,1.9484870433807373
08-07-1986,7.625,0.0,1887800,7.75,7.625,1.8866300582885742
09-07-1986,7.6875,7.75,884400,7.75,7.6875,1.9020946025848389
10-07-1986,7.5625,7.625,1910000,7.625,7.5625,1.8711663484573364
11-07-1986,7.375,7.4375,1452200,7.4375,7.375,1.8247740268707275
14-07-1986,7.0,7.0625,1773800,7.0625,7.0,1.7319890260696411
15-07-1986,7.1875,7.25,2320000,7.25,7.1875,1.7783808708190918
16-07-1986,7.4375,7.5,1979600,7.5,7.4375,1.8402378559112549
17-07-1986,7.5,7.5625,1827200,7.5625,7.5,1.8557014465332031
18-07-1986,7.3125,7.375,2280000,7.375,7.3125,1.809309482574463
21-07-1986,7.1875,7.25,856400,7.25,7.1875,1.7783808708190918
22-07-1986,7.1875,7.25,832600,7.25,7.1875,1.7783808708190918
23-07-1986,7.25,7.3125,1968200,7.3125,7.25,1.7938458919525146
24-07-1986,7.0625,7.125,1641200,7.125,7.0625,1.7474534511566162
25-07-1986,7.125,7.1875,938400,7.1875,7.125,1.7629168033599854
28-07-1986,7.0625,7.125,889800,7.125,7.0625,1.7474534511566162
29-07-1986,7.0625,7.125,874200,7.125,7.0625,1.7474534511566162
30-07-1986,7.1875,7.25,1258200,7.25,7.1875,1.7783808708190918
31-07-1986,7.125,7.1875,694400,7.1875,7.125,1.7629168033599854
01-08-1986,7.0625,7.125,707800,7.125,7.0625,1.7474534511566162
04-08-1986,7.0,7.0,1040200,7.0,7.0,1.7319890260696411
05-08-1986,7.0625,7.125,1495200,7.125,7.0625,1.7474534511566162
06-08-1986,6.9375,7.0,1519200,7.0,6.9375,1.7165236473083496
07-08-1986,6.9375,7.0,724800,7.0,6.9375,1.7165236473083496
08-08-1986,7.0,7.0625,776400,7.0625,7.0,1.7319890260696411
11-08-1986,7.1875,7.25,1100600,7.25,7.1875,1.7783808708190918
12-08-1986,7.375,7.4375,2340000,7.4375,7.375,1.8247740268707275
13-08-1986,7.375,7.4375,1670200,7.4375,7.375,1.8247740268707275
14-08-1986,7.375,7.4375,828000,7.4375,7.375,1.8247740268707275
15-08-1986,7.375,7.4375,1348400,7.4375,7.375,1.8247740268707275
18-08-1986,7.3125,7.375,940400,7.375,7.3125,1.809309482574463
19-08-1986,7.0,7.0625,3300000,7.0625,7.0,1.7319890260696411
20-08-1986,7.125,7.1875,5700000,7.1875,7.125,1.7629168033599854
21-08-1986,7.0,7.0625,2400000,7.0625,7.0,1.7319890260696411
22-08-1986,7.0,7.0625,977400,7.0625,7.0,1.7319890260696411
25-08-1986,6.9375,7.0,525000,7.0,6.9375,1.7165236473083496
26-08-1986,7.0625,7.125,1625200,7.125,7.0625,1.7474534511566162
27-08-1986,7.1875,7.25,1945600,7.25,7.1875,1.7783808708190918
28-08-1986,7.1875,7.25,200000,7.25,7.1875,1.7783808708190918
29-08-1986,7.25,7.3125,202000,7.3125,7.25,1.7938458919525146
02-09-1986,7.25,7.3125,1488400,7.3125,7.25,1.7938458919525146
03-09-1986,7.5625,7.625,29200,7.625,7.5625,1.8711663484573364
04-09-1986,7.875,7.9375,42600,7.9375,7.875,1.9484870433807373
05-09-1986,7.6875,7.75,1790000,7.75,7.6875,1.9020946025848389
08-09-1986,7.4375,7.5,1797800,7.5,7.4375,1.8402378559112549
09-09-1986,7.375,7.4375,320000,7.4375,7.375,1.8247740268707275
10-09-1986,7.3125,7.375,1928200,7.375,7.3125,1.809309482574463
11-09-1986,6.9375,7.0,1926800,7.0,6.9375,1.7165236473083496
12-09-1986,6.8125,6.875,4020000,6.875,6.8125,1.6855952739715576
15-09-1986,6.9375,7.0,8200000,7.0,6.9375,1.7165236473083496
16-09-1986,6.875,6.9375,3220000,6.9375,6.875,1.7010607719421387
17-09-1986,7.0625,7.1875,2220000,7.1875,7.0625,1.7474534511566162
18-09-1986,7.0625,7.125,2560000,7.125,7.0625,1.7474534511566162
19-09-1986,7.125,7.1875,2980000,7.1875,7.125,1.7629168033599854
22-09-1986,7.0625,7.125,617600,7.125,7.0625,1.7474534511566162
23-09-1986,6.9375,7.0,690600,7.0,6.9375,1.7165236473083496
24-09-1986,6.8125,6.875,1606200,6.875,6.8125,1.6855952739715576
25-09-1986,6.5625,6.625,2230000,6.625,6.5625,1.623739242553711
26-09-1986,6.625,6.6875,1589600,6.6875,6.625,1.6392033100128174
29-09-1986,6.5,6.5625,808800,6.5625,6.5,1.6082756519317627
30-09-1986,6.75,6.8125,1108200,6.8125,6.75,1.6701313257217407
01-10-1986,6.9375,7.0,1613000,7.0,6.9375,1.7165236473083496
02-10-1986,6.75,6.8125,1750400,6.8125,6.75,1.6701313257217407
03-10-1986,6.6875,6.75,782000,6.75,6.6875,1.6546674966812134
06-10-1986,6.75,6.8125,1132600,6.8125,6.75,1.6701313257217407
07-10-1986,6.75,6.8125,580800,6.8125,6.75,1.6701313257217407
08-10-1986,6.6875,6.75,580800,6.75,6.6875,1.6546674966812134
09-10-1986,6.6875,6.75,1162000,6.75,6.6875,1.6546674966812134
10-10-1986,6.5625,6.625,1223200,6.625,6.5625,1.623739242553711
13-10-1986,6.625,6.6875,1639400,6.6875,6.625,1.6392033100128174
14-10-1986,6.625,6.6875,2540000,6.6875,6.625,1.6392033100128174
15-10-1986,6.8125,6.875,2780000,6.875,6.8125,1.6855952739715576
16-10-1986,6.8125,6.875,2780000,6.875,6.8125,1.6855952739715576
17-10-1986,6.75,6.8125,1571600,6.8125,6.75,1.6701313257217407
20-10-1986,6.6875,6.75,1607200,6.75,6.6875,1.6546674966812134
21-10-1986,6.6875,6.75,961800,6.75,6.6875,1.6546674966812134
22-10-1986,6.625,6.6875,1304600,6.6875,6.625,1.6392033100128174
23-10-1986,6.625,6.6875,1183400,6.6875,6.625,1.6392033100128174
24-10-1986,6.4375,6.5,1694000,6.5,6.4375,1.592811107635498
27-10-1986,6.3125,6.375,1760400,6.375,6.3125,1.5618821382522583
28-10-1986,6.4375,6.5,3460000,6.5,6.4375,1.592811107635498
29-10-1986,6.5625,6.625,1970800,6.625,6.5625,1.623739242553711
30-10-1986,6.6875,6.75,2444000,6.75,6.6875,1.6546674966812134
31-10-1986,6.625,6.6875,2440000,6.6875,6.625,1.6392033100128174
03-11-1986,6.6875,6.75,1862000,6.75,6.6875,1.6546674966812134
04-11-1986,6.625,6.6875,2440000,6.6875,6.625,1.6392033100128174
05-11-1986,6.5625,6.625,1145000,6.625,6.5625,1.623739242553711
06-11-1986,6.5,6.5625,1428400,6.5625,6.5,1.6082756519317627
07-11-1986,6.5,6.5625,1188400,6.5625,6.5,1.6082756519317627
10-11-1986,6.625,6.6875,1452400,6.6875,6.625,1.6392033100128174
11-11-1986,6.625,6.75,1341800,6.75,6.625,1.6392033100128174
12-11-1986,6.5625,6.625,1795400,6.625,6.5625,1.623739242553711
13-11-1986,6.5625,6.625,1957800,6.625,6.5625,1.623739242553711
14-11-1986,6.5625,6.625,792400,6.625,6.5625,1.623739242553711
17-11-1986,6.4375,6.5,1155600,6.5,6.4375,1.592811107635498
18-11-1986,6.3125,6.375,1155600,6.375,6.3125,1.5618821382522583
19-11-1986,6.375,6.4375,1719000,6.4375,6.375,1.5773468017578125
20-11-1986,6.375,6.4375,694800,6.4375,6.375,1.5773468017578125
21-11-1986,6.4375,6.5,1773600,6.5,6.4375,1.592811107635498
24-11-1986,6.4375,6.5,1052400,6.5,6.4375,1.592811107635498
25-11-1986,6.375,6.4375,1463000,6.4375,6.375,1.5773468017578125
26-11-1986,6.375,6.4375,1269400,6.4375,6.375,1.5773468017578125
28-11-1986,6.5625,6.625,1820800,6.625,6.5625,1.623739242553711
01-12-1986,6.5,6.5625,884000,6.5625,6.5,1.6082756519317627
02-12-1986,6.625,6.6875,1707400,6.6875,6.625,1.6392033100128174
03-12-1986,6.5,6.5625,1423000,6.5625,6.5,1.6082756519317627
04-12-1986,6.4375,6.5,1158800,6.5,6.4375,1.592811107635498
05-12-1986,6.375,6.4375,1072800,6.4375,6.375,1.5773468017578125
08-12-1986,6.5,6.5625,2440000,6.5625,6.5,1.6082756519317627
09-12-1986,6.625,6.6875,1950200,6.6875,6.625,1.6392033100128174
10-12-1986,6.75,6.8125,1872600,6.8125,6.75,1.6701313257217407
11-12-1986,6.8125,6.875,5500000,6.875,6.8125,1.6855952739715576
12-12-1986,6.6875,6.75,2340000,6.75,6.6875,1.6546674966812134
15-12-1986,7.0625,7.125,4560000,7.125,7.0625,1.7474534511566162
16-12-1986,7.25,7.3125,3180000,7.3125,7.25,1.7938458919525146
17-12-1986,7.375,7.4375,4800000,7.4375,7.375,1.8247740268707275
18-12-1986,7.5,7.5625,4580000,7.5625,7.5,1.8557014465332031
19-12-1986,7.5,7.5625,2140000,7.5625,7.5,1.8557014465332031
22-12-1986,7.5625,7.625,1612800,7.625,7.5625,1.8711663484573364
23-12-1986,7.5625,7.6875,1680400,7.6875,7.5625,1.8711663484573364
24-12-1986,7.5625,7.625,1198000,7.625,7.5625,1.8711663484573364
26-12-1986,7.5625,7.625,523000,7.625,7.5625,1.8711663484573364
29-12-1986,7.625,7.6875,2260000,7.6875,7.625,1.8866300582885742
30-12-1986,7.625,7.6875,1535800,7.6875,7.625,1.8866300582885742
31-12-1986,7.6875,7.75,1869600,7.75,7.6875,1.9020946025848389
02-01-1987,7.6875,7.75,1257200,7.75,7.6875,1.9020946025848389
05-01-1987,7.8125,7.875,1977200,7.875,7.8125,1.93302321434021
06-01-1987,8.125,8.1875,4640000,8.1875,8.125,2.0103437900543213
07-01-1987,8.4375,8.5,6480000,8.5,8.4375,2.0876638889312744
08-01-1987,8.375,8.4375,3400000,8.4375,8.375,2.072200298309326
09-01-1987,8.375,8.4375,2180000,8.4375,8.375,2.072200298309326
12-01-1987,8.4375,8.5,2240000,8.5,8.4375,2.0876638889312744
13-01-1987,8.3125,8.375,1483400,8.375,8.3125,2.056736946105957
14-01-1987,8.5,8.5625,2480000,8.5625,8.5,2.1031293869018555
15-01-1987,8.625,8.6875,2520000,8.6875,8.625,2.13405704498291
16-01-1987,8.5,8.5625,1337400,8.5625,8.5,2.1031293869018555
19-01-1987,8.625,8.6875,929600,8.6875,8.625,2.13405704498291
20-01-1987,8.625,8.6875,3700000,8.6875,8.625,2.13405704498291
21-01-1987,8.75,8.8125,4420000,8.8125,8.75,2.1649868488311768
22-01-1987,9.375,9.4375,3680000,9.4375,9.375,2.319627046585083
23-01-1987,9.3125,9.375,4600000,9.375,9.3125,2.3041622638702393
26-01-1987,9.3125,9.375,2000000,9.375,9.3125,2.3041622638702393
27-01-1987,9.5,9.5625,1762000,9.5625,9.5,2.350555658340454
28-01-1987,9.5625,9.625,1568000,9.625,9.5625,2.3660199642181396
29-01-1987,9.5,9.5625,1599200,9.5625,9.5,2.350555658340454
30-01-1987,9.8125,9.875,3680000,9.875,9.8125,2.427877187728882
02-02-1987,10.5,10.5625,4940000,10.5625,10.5,2.5979833602905273
03-02-1987,10.3125,10.375,3080000,10.375,10.3125,2.5515899658203125
04-02-1987,10.3125,10.375,2260000,10.375,10.3125,2.5515899658203125
05-02-1987,10.25,10.3125,1895400,10.3125,10.25,2.536125898361206
06-02-1987,10.1875,10.25,1188000,10.25,10.1875,2.520662546157837
09-02-1987,9.9375,10.0,2540000,10.0,9.9375,2.458805561065674
10-02-1987,9.75,9.8125,2420000,9.8125,9.75,2.41241192817688
11-02-1987,10.0625,10.125,2100000,10.125,10.0625,2.4897332191467285
12-02-1987,10.0,10.0625,1557200,10.0625,10.0,2.4742698669433594
13-02-1987,10.5625,10.625,2320000,10.625,10.5625,2.6134464740753174
17-02-1987,10.6875,10.75,1865800,10.75,10.6875,2.6443755626678467
18-02-1987,11.0625,11.125,4220000,11.125,11.0625,2.7371599674224854
19-02-1987,11.4375,11.5,4120000,11.5,11.4375,2.829944133758545
20-02-1987,11.75,11.8125,3500000,11.8125,11.75,2.9072675704956055
23-02-1987,11.5625,11.625,2660000,11.625,11.5625,2.8608739376068115
24-02-1987,12.4375,12.5,7600000,12.5,12.4375,3.0773727893829346
25-02-1987,12.875,12.9375,8800000,12.9375,12.875,3.185622215270996
26-02-1987,12.625,12.6875,4340000,12.6875,12.625,3.1237642765045166
27-02-1987,12.375,12.4375,2960000,12.4375,12.375,3.0619077682495117
02-03-1987,12.3125,12.375,2300000,12.375,12.3125,3.046442747116089
03-03-1987,12.375,12.4375,1932600,12.4375,12.375,3.0619077682495117
04-03-1987,12.5,12.5625,2200000,12.5625,12.5,3.092839002609253
05-03-1987,12.5,12.5625,2540000,12.5625,12.5,3.092839002609253
06-03-1987,12.25,12.3125,3760000,12.3125,12.25,3.0309784412384033
09-03-1987,12.0,12.0625,2588000,12.0625,12.0,2.969122886657715
10-03-1987,12.125,12.1875,1812400,12.1875,12.125,3.0000507831573486
11-03-1987,12.25,12.3125,1810600,12.3125,12.25,3.0309784412384033
12-03-1987,12.25,12.3125,1255600,12.3125,12.25,3.0309784412384033
13-03-1987,12.4375,12.5,2420000,12.5,12.4375,3.0773727893829346
16-03-1987,12.5,12.5625,1026600,12.5625,12.5,3.092839002609253
17-03-1987,13.1875,13.25,2760000,13.25,13.1875,3.2629430294036865
18-03-1987,12.625,12.6875,4440000,12.6875,12.625,3.1237642765045166
19-03-1987,12.5625,12.625,2140000,12.625,12.5625,3.1083004474639893
20-03-1987,12.5,12.5625,1834000,12.5625,12.5,3.092839002609253
23-03-1987,12.5,12.5625,1471400,12.5625,12.5,3.092839002609253
24-03-1987,12.5,12.5625,847800,12.5625,12.5,3.092839002609253
25-03-1987,12.25,12.3125,1969000,12.3125,12.25,3.0309784412384033
26-03-1987,12.125,12.1875,1451600,12.1875,12.125,3.0000507831573486
27-03-1987,12.1875,12.25,1342800,12.25,12.1875,3.0155162811279297
30-03-1987,11.6875,11.75,3234000,11.75,11.6875,2.8918018341064453
31-03-1987,11.6875,11.75,1871600,11.75,11.6875,2.8918018341064453
01-04-1987,11.5,11.5625,1793600,11.5625,11.5,2.845409393310547
02-04-1987,11.6875,11.75,1557000,11.75,11.6875,2.8918018341064453
03-04-1987,11.875,11.9375,2180000,11.9375,11.875,2.938194990158081
06-04-1987,12.125,12.1875,1775000,12.1875,12.125,3.0000507831573486
07-04-1987,12.125,12.1875,2300000,12.1875,12.125,3.0000507831573486
08-04-1987,12.25,12.3125,1423400,12.3125,12.25,3.0309784412384033
09-04-1987,12.375,12.4375,2960000,12.4375,12.375,3.0619077682495117
10-04-1987,12.3125,12.375,2380000,12.375,12.3125,3.046442747116089
13-04-1987,11.5625,11.625,3140000,11.625,11.5625,2.8608739376068115
14-04-1987,11.3125,11.375,4460000,11.375,11.3125,2.799015998840332
15-04-1987,11.6875,11.75,2240000,11.75,11.6875,2.8918018341064453
16-04-1987,11.875,11.9375,1734200,11.9375,11.875,2.938194990158081
20-04-1987,11.8125,11.875,1149200,11.875,11.8125,2.922729730606079
21-04-1987,11.875,11.9375,1895600,11.9375,11.875,2.938194990158081
22-04-1987,11.8125,11.875,1282600,11.875,11.8125,2.922729730606079
23-04-1987,11.875,11.9375,1180000,11.9375,11.875,2.938194990158081
24-04-1987,11.6875,11.75,3460000,11.75,11.6875,2.8918018341064453
27-04-1987,11.75,11.8125,1453200,11.8125,11.75,2.9072675704956055
28-04-1987,11.6875,11.75,1398800,11.75,11.6875,2.8918018341064453
29-04-1987,11.875,11.9375,1303400,11.9375,11.875,2.938194990158081
30-04-1987,11.8125,11.875,421800,11.875,11.8125,2.922729730606079
01-05-1987,11.75,11.8125,1324600,11.8125,11.75,2.9072675704956055
04-05-1987,11.875,11.9375,563600,11.9375,11.875,2.938194990158081
05-05-1987,11.9375,12.0,842400,12.0,11.9375,2.9536585807800293
06-05-1987,11.9375,12.0,1187200,12.0,11.9375,2.9536585807800293
07-05-1987,11.9375,12.0,796400,12.0,11.9375,2.9536585807800293
08-05-1987,12.3125,12.375,2600000,12.375,12.3125,3.046442747116089
11-05-1987,12.5,12.5625,3400000,12.5625,12.5,3.092839002609253
12-05-1987,12.6875,12.75,4360000,12.75,12.6875,3.139228582382202
13-05-1987,12.9375,13.0,2880000,13.0,12.9375,3.201085329055786
14-05-1987,13.375,13.4375,2280000,13.4375,13.375,3.3093349933624268
15-05-1987,13.0625,13.125,1285400,13.125,13.0625,3.242194175720215
18-05-1987,13.125,13.1875,1349000,13.1875,13.125,3.2577080726623535
19-05-1987,13.3125,13.375,1651000,13.375,13.3125,3.3042478561401367
20-05-1987,13.1875,13.3125,2280000,13.3125,13.1875,3.273221254348755
21-05-1987,13.25,13.3125,2040000,13.3125,13.25,3.288733720779419
22-05-1987,13.1875,13.25,1031400,13.25,13.1875,3.273221254348755
26-05-1987,13.0,13.0625,938000,13.0625,13.0,3.226682662963867
27-05-1987,12.6875,12.75,1047200,12.75,12.6875,3.1491174697875977
28-05-1987,12.875,12.9375,1309400,12.9375,12.875,3.1956567764282227
29-05-1987,13.0,13.125,1975800,13.125,13.0,3.226682662963867
01-06-1987,13.25,13.3125,1912600,13.3125,13.25,3.288733720779419
02-06-1987,13.25,13.3125,1537000,13.3125,13.25,3.288733720779419
03-06-1987,13.4375,13.5,1536200,13.5,13.4375,3.3352718353271484
04-06-1987,13.5625,13.625,2740000,13.625,13.5625,3.3662986755371094
05-06-1987,13.5625,13.625,1808800,13.625,13.5625,3.3662986755371094
08-06-1987,14.125,14.1875,2540000,14.1875,14.125,3.505915641784668
09-06-1987,14.5625,14.625,3920000,14.625,14.5625,3.6145036220550537
10-06-1987,14.375,14.375,2760000,14.75,14.4375,3.5834786891937256
11-06-1987,14.1875,14.3125,975600,14.4375,14.375,3.5679664611816406
12-06-1987,14.3125,14.5,925800,14.5,14.4375,3.5834786891937256
15-06-1987,14.3125,14.375,730600,14.4375,14.4375,3.5834786891937256
16-06-1987,14.25,14.375,708600,14.4375,14.375,3.5679664611816406
17-06-1987,14.125,14.4375,3580000,14.6875,14.1875,3.521428108215332
18-06-1987,13.8125,13.875,4200000,14.125,13.875,3.443861722946167
19-06-1987,13.375,13.625,2020000,13.6875,13.5,3.350785255432129
22-06-1987,13.0,13.375,2220000,13.375,13.0625,3.242194175720215
23-06-1987,13.125,13.125,1418600,13.4375,13.4375,3.3352718353271484
24-06-1987,13.5,13.625,813400,13.6875,13.5625,3.3662986755371094
25-06-1987,13.5625,13.5625,2220000,14.0625,14.0,3.4748899936676025
26-06-1987,13.8125,14.0,760400,14.0625,13.875,3.443861722946167
29-06-1987,13.3125,13.625,539800,13.625,13.4375,3.3352718353271484
30-06-1987,13.25,13.4375,782800,13.5,13.3125,3.3042478561401367
01-07-1987,13.1875,13.375,809000,13.375,13.1875,3.273221254348755
02-07-1987,13.25,13.4375,797200,13.5625,13.5,3.350785255432129
06-07-1987,13.5625,13.5625,1816800,13.75,13.75,3.4128386974334717
07-07-1987,13.75,13.75,2120000,14.375,14.25,3.5369396209716797
08-07-1987,14.1875,14.4375,1814000,14.5625,14.4375,3.5834786891937256
09-07-1987,14.25,14.375,1505800,14.5,14.375,3.5679664611816406
10-07-1987,14.25,14.25,838600,14.4375,14.375,3.5679664611816406
13-07-1987,14.1875,14.4375,1102000,14.4375,14.25,3.5369396209716797
14-07-1987,14.25,14.25,2600000,14.9375,14.8125,3.67655611038208
15-07-1987,14.875,14.9375,2260000,15.25,15.125,3.754122257232666
16-07-1987,15.0,15.25,1731200,15.3125,15.1875,3.769634246826172
17-07-1987,14.9375,15.125,1767200,15.125,14.9375,3.7075812816619873
20-07-1987,14.625,14.8125,1265600,14.8125,14.625,3.630018472671509
21-07-1987,14.375,14.5,1569800,14.625,14.4375,3.5834786891937256
22-07-1987,14.3125,14.375,947200,14.4375,14.375,3.5679664611816406
23-07-1987,14.1875,14.3125,524400,14.375,14.3125,3.5524518489837646
24-07-1987,14.1875,14.3125,399200,14.375,14.25,3.5369396209716797
27-07-1987,14.0625,14.125,1395600,14.25,14.1875,3.521428108215332
28-07-1987,14.375,14.375,1577000,14.5625,14.5625,3.6145036220550537
29-07-1987,14.3125,14.5625,1360200,14.625,14.5625,3.6145036220550537
30-07-1987,14.0,14.1875,5020000,14.25,14.125,3.505915641784668
31-07-1987,13.9375,14.0,3480000,14.1875,14.1875,3.521428108215332
03-08-1987,13.875,13.9375,1729800,14.0,13.875,3.443861722946167
04-08-1987,13.625,13.875,1838200,13.875,13.6875,3.397324323654175
05-08-1987,13.6875,13.75,1546800,14.0,13.9375,3.459373712539673
06-08-1987,13.5625,13.625,4240000,14.0,14.0,3.4748899936676025
07-08-1987,13.625,13.75,1394400,13.8125,13.6875,3.397324323654175
10-08-1987,13.5625,13.625,1820600,13.875,13.8125,3.428351640701294
11-08-1987,13.9375,13.9375,2260000,14.125,14.125,3.505915641784668
12-08-1987,14.0625,14.1875,3040000,14.5625,14.375,3.5679664611816406
13-08-1987,14.3125,14.375,1251800,14.5,14.4375,3.5834786891937256
14-08-1987,14.3125,14.4375,1068400,14.5,14.375,3.5679664611816406
17-08-1987,14.3125,14.375,2000000,14.5,14.375,3.5679664611816406
18-08-1987,14.3125,14.4375,1315800,14.5,14.375,3.5679664611816406
19-08-1987,14.1875,14.25,1058800,14.375,14.375,3.5679664611816406
20-08-1987,14.125,14.1875,2220000,14.3125,14.3125,3.5524518489837646
21-08-1987,14.3125,14.375,1498200,14.6875,14.625,3.630018472671509
24-08-1987,14.5625,14.6875,891600,14.75,14.625,3.630018472671509
25-08-1987,14.5,14.5625,595200,14.625,14.5625,3.6145036220550537
26-08-1987,14.375,14.4375,1441000,14.5,14.5,3.5989933013916016
27-08-1987,14.375,14.4375,688800,14.5625,14.5,3.5989933013916016
28-08-1987,13.9375,14.25,1854400,14.25,13.9375,3.459373712539673
31-08-1987,13.875,13.9375,819200,14.0625,14.0625,3.490400552749634
01-09-1987,14.0,14.125,1601400,14.4375,14.1875,3.521428108215332
02-09-1987,14.125,14.125,470400,14.25,14.125,3.505915641784668
03-09-1987,14.125,14.1875,907000,14.3125,14.1875,3.521428108215332
04-09-1987,14.125,14.25,819000,14.25,14.125,3.505915641784668
08-09-1987,13.75,14.1875,859000,14.25,14.0,3.4748899936676025
09-09-1987,13.75,13.875,1001800,14.0625,13.875,3.443861722946167
10-09-1987,13.9375,14.0,1054000,14.0625,13.9375,3.459373712539673
11-09-1987,13.875,13.875,816000,14.1875,14.1875,3.521428108215332
14-09-1987,14.1875,14.25,1090000,14.3125,14.25,3.5369396209716797
15-09-1987,14.25,14.25,831000,14.375,14.25,3.5369396209716797
16-09-1987,14.25,14.25,824400,14.4375,14.4375,3.5834786891937256
17-09-1987,14.5,14.5,1678400,14.8125,14.8125,3.67655611038208
18-09-1987,14.8125,14.875,990400,14.9375,14.9375,3.7075812816619873
21-09-1987,14.9375,15.0,1053800,15.125,15.0,3.7230939865112305
22-09-1987,14.875,14.9375,1537400,15.0,15.0,3.7230939865112305
23-09-1987,14.8125,14.9375,923400,14.9375,14.8125,3.67655611038208
24-09-1987,14.3125,14.3125,976400,14.4375,14.375,3.5679664611816406
25-09-1987,14.5,14.5,568000,14.6875,14.5625,3.6145036220550537
28-09-1987,14.375,14.75,485400,14.8125,14.75,3.661043882369995
29-09-1987,14.625,14.75,970400,14.8125,14.6875,3.6455307006835938
30-09-1987,14.625,14.6875,557200,14.75,14.625,3.630018472671509
01-10-1987,14.375,14.5625,1291800,14.5625,14.5,3.5989933013916016
02-10-1987,14.4375,14.5,814000,14.5625,14.5,3.5989933013916016
05-10-1987,14.3125,14.4375,633600,14.5,14.4375,3.5834786891937256
06-10-1987,14.125,14.3125,838400,14.3125,14.1875,3.521428108215332
07-10-1987,14.0625,14.125,1141600,14.1875,14.1875,3.521428108215332
08-10-1987,14.1875,14.3125,847800,14.375,14.25,3.5369396209716797
09-10-1987,14.0625,14.1875,903000,14.25,14.125,3.505915641784668
12-10-1987,11.5625,13.0,12460000,13.125,11.9375,2.962963819503784
13-10-1987,11.875,12.125,7900000,12.3125,12.125,3.0095012187957764
14-10-1987,11.375,11.9375,3940000,12.0,11.375,2.823347806930542
15-10-1987,11.5625,11.625,6940000,12.0,11.6875,2.900912284851074
16-10-1987,10.75,11.5625,4740000,11.75,10.8125,2.6837310791015625
19-10-1987,8.4375,8.4375,4900000,10.4375,8.4375,2.094240665435791
20-10-1987,7.875,11.0,4460000,11.0,9.5,2.357959508895874
21-10-1987,9.8125,10.25,3740000,10.625,10.3125,2.559628486633301
22-10-1987,9.0,9.0625,1640000,10.0,9.5,2.357959508895874
23-10-1987,9.375,9.4375,919200,10.0,9.4375,2.342447519302368
26-10-1987,8.625,9.0,1357400,9.25,8.75,2.1718058586120605
27-10-1987,9.0625,9.5,1733800,9.625,9.3125,2.3114209175109863
28-10-1987,8.375,8.8125,2080000,9.1875,9.0,2.233856201171875
29-10-1987,9.1875,9.1875,1135200,9.9375,9.8125,2.4355251789093018
30-10-1987,9.8125,10.3125,1006200,10.5,10.0,2.4820642471313477
02-11-1987,9.6875,9.875,849200,10.125,10.0625,2.497575521469116
03-11-1987,8.9375,9.75,1271200,9.75,9.125,2.2648839950561523
04-11-1987,8.6875,8.75,1446600,9.25,9.0,2.233856201171875
05-11-1987,9.0625,9.0625,1598600,9.4375,9.4375,2.342447519302368
06-11-1987,9.0625,9.25,753400,9.25,9.1875,2.2803964614868164
09-11-1987,9.0,9.0,648400,9.1875,9.0,2.233856201171875
10-11-1987,8.9375,9.0625,3360000,9.125,9.125,2.2648839950561523
11-11-1987,9.25,9.5625,3220000,9.6875,9.4375,2.342447519302368
12-11-1987,9.6875,9.75,3900000,9.9375,9.8125,2.4355251789093018
13-11-1987,9.4375,9.5,907400,9.625,9.5,2.357959508895874
16-11-1987,9.375,9.75,688400,9.75,9.4375,2.342447519302368
17-11-1987,9.0,9.3125,1062000,9.4375,9.125,2.2648839950561523
18-11-1987,9.25,9.625,2577600,9.6875,9.375,2.3269336223602295
19-11-1987,9.0,9.3125,905800,9.375,9.0,2.233856201171875
20-11-1987,8.75,8.8125,762200,9.1875,9.125,2.3011903762817383
23-11-1987,9.25,9.3125,889200,9.5,9.5,2.3957602977752686
24-11-1987,9.1875,9.6875,2140000,9.75,9.25,2.3327131271362305
25-11-1987,9.25,9.25,1604600,9.4375,9.25,2.3327131271362305
27-11-1987,9.25,9.25,359600,9.375,9.3125,2.3484737873077393
30-11-1987,8.75,8.9375,1296800,9.0,8.9375,2.253906726837158
01-12-1987,8.9375,9.0,451400,9.0625,8.9375,2.253906726837158
02-12-1987,8.9375,9.125,761600,9.25,9.1875,2.316952705383301
03-12-1987,8.875,9.3125,1317800,9.3125,8.9375,2.253906726837158
04-12-1987,8.625,8.75,1614400,8.875,8.8125,2.2223827838897705
07-12-1987,8.9375,9.0,1044800,9.125,9.0625,2.285428047180176
08-12-1987,9.1875,9.3125,2040000,9.375,9.375,2.3642373085021973
09-12-1987,9.1875,9.1875,1076000,9.375,9.3125,2.3484737873077393
10-12-1987,8.9375,9.0,2020000,9.375,9.125,2.3011903762817383
11-12-1987,9.25,9.3125,682800,9.375,9.25,2.3327131271362305
14-12-1987,8.8125,9.0,2360000,9.0,8.9375,2.253906726837158
15-12-1987,8.6875,8.875,3397800,8.9375,8.75,2.2066211700439453
16-12-1987,8.625,8.875,2020000,8.9375,8.875,2.238144636154175
17-12-1987,8.8125,8.875,1648000,9.0,8.9375,2.253906726837158
18-12-1987,8.9375,9.0,1609200,9.125,9.0625,2.285428047180176
21-12-1987,9.125,9.1875,958200,9.25,9.25,2.3327131271362305
22-12-1987,9.0625,9.25,1467000,9.25,9.25,2.3327131271362305
23-12-1987,9.3125,9.375,1555400,9.5625,9.4375,2.379998207092285
24-12-1987,9.3125,9.3125,873200,9.4375,9.4375,2.379998207092285
28-12-1987,9.0625,9.25,826600,9.25,9.1875,2.316952705383301
29-12-1987,9.125,9.25,759200,9.3125,9.1875,2.316952705383301
30-12-1987,9.25,9.25,593000,9.375,9.3125,2.3484737873077393
31-12-1987,9.0625,9.125,608000,9.25,9.125,2.3011903762817383
04-01-1988,9.1875,9.25,1630800,9.5,9.4375,2.379998207092285
05-01-1988,9.1875,9.5,2637200,9.625,9.25,2.3327131271362305
06-01-1988,9.125,9.4375,2695600,9.4375,9.25,2.3327131271362305
07-01-1988,9.0,9.0625,1082400,9.125,9.0625,2.285428047180176
08-01-1988,8.375,9.0,1267600,9.0,8.4375,2.1278128623962402
11-01-1988,8.625,8.8125,906600,8.875,8.8125,2.2223827838897705
12-01-1988,8.8125,8.9375,720000,8.9375,8.9375,2.253906726837158
13-01-1988,8.8125,8.875,995800,8.9375,8.9375,2.253906726837158
14-01-1988,8.875,9.0,716200,9.0625,8.875,2.238144636154175
15-01-1988,9.0625,9.25,1959600,9.25,9.1875,2.316952705383301
18-01-1988,9.0625,9.1875,723200,9.25,9.125,2.3011903762817383
19-01-1988,8.9375,9.0,893600,9.125,9.0,2.269667387008667
20-01-1988,8.75,8.9375,1135000,9.0,8.8125,2.2223827838897705
21-01-1988,8.875,8.9375,720800,9.0625,9.0,2.269667387008667
22-01-1988,9.0625,9.125,376800,9.25,9.125,2.3011903762817383
25-01-1988,8.8125,9.0,1066600,9.0625,8.9375,2.253906726837158
26-01-1988,8.875,8.875,646000,9.0,8.875,2.238144636154175
27-01-1988,9.0625,9.0625,1108400,9.1875,9.125,2.3011903762817383
28-01-1988,9.3125,9.375,1111000,9.5625,9.5,2.3957602977752686
29-01-1988,9.3125,9.4375,1169200,9.4375,9.375,2.3642373085021973
01-02-1988,9.0625,9.375,1031000,9.375,9.0625,2.285428047180176
02-02-1988,9.0,9.0625,1249600,9.1875,9.09375,2.2933106422424316
03-02-1988,8.8125,9.0,633000,9.0,8.875,2.238144636154175
04-02-1988,8.75,8.9375,760400,8.9375,8.8125,2.2223827838897705
05-02-1988,8.625,8.6875,584400,8.75,8.625,2.175097703933716
08-02-1988,8.375,8.4375,779000,8.5,8.4375,2.1278128623962402
09-02-1988,8.5,8.5,943200,8.75,8.75,2.2066211700439453
10-02-1988,8.8125,8.8125,1408400,9.125,9.125,2.3011903762817383
11-02-1988,8.8125,9.125,691400,9.125,8.875,2.238144636154175
12-02-1988,8.8125,8.8125,599600,9.0625,9.0,2.269667387008667
16-02-1988,8.875,8.9375,462000,9.0,8.9375,2.253906726837158
17-02-1988,8.9375,9.0,1213400,9.0625,9.0,2.269667387008667
18-02-1988,8.8125,8.9375,616000,8.9375,8.875,2.238144636154175
19-02-1988,8.75,8.8125,695200,9.0,8.9375,2.253906726837158
22-02-1988,8.9375,9.0,781000,9.1875,9.1875,2.316952705383301
23-02-1988,9.125,9.125,346000,9.25,9.125,2.3011903762817383
24-02-1988,9.125,9.1875,628200,9.25,9.1875,2.316952705383301
25-02-1988,9.1875,9.25,766400,9.375,9.1875,2.316952705383301
26-02-1988,9.125,9.3125,1596200,9.375,9.125,2.3011903762817383
29-02-1988,9.125,9.125,433400,9.3125,9.25,2.3327131271362305
01-03-1988,9.1875,9.25,486600,9.3125,9.25,2.3327131271362305
02-03-1988,9.4375,9.4375,1605600,9.75,9.75,2.4588065147399902
03-03-1988,9.5,9.75,1866400,9.75,9.625,2.4272844791412354
04-03-1988,9.5,9.5625,877800,9.6875,9.6875,2.4430441856384277
07-03-1988,9.5625,9.5625,1306400,9.75,9.75,2.4588065147399902
08-03-1988,9.625,9.6875,1179200,9.8125,9.8125,2.4745688438415527
09-03-1988,9.8125,9.875,658000,9.9375,9.8125,2.4745688438415527
10-03-1988,9.75,9.875,1486800,9.9375,9.75,2.4588065147399902
11-03-1988,9.5,9.75,855800,9.75,9.6875,2.4430441856384277
14-03-1988,9.9375,9.9375,2730400,10.0625,10.0625,2.5376150608062744
15-03-1988,10.125,10.125,2874800,10.25,10.1875,2.5691378116607666
16-03-1988,9.9375,9.9375,2260200,10.125,10.125,2.5533759593963623
17-03-1988,9.875,10.0,506000,10.0,9.9375,2.506091356277466
18-03-1988,9.625,9.875,2220000,9.9375,9.75,2.4588065147399902
21-03-1988,9.5,9.625,370800,9.75,9.625,2.4272844791412354
22-03-1988,9.5625,9.625,553400,9.625,9.5625,2.4115211963653564
23-03-1988,9.5,9.625,473000,9.625,9.5,2.3957602977752686
24-03-1988,9.0,9.3125,1052000,9.375,9.0625,2.285428047180176
25-03-1988,9.0625,9.125,565000,9.1875,9.0625,2.285428047180176
28-03-1988,9.0625,9.0625,306000,9.3125,9.3125,2.3484737873077393
29-03-1988,9.3125,9.4375,281800,9.4375,9.375,2.3642373085021973
30-03-1988,9.25,9.3125,677000,9.375,9.25,2.3327131271362305
31-03-1988,9.125,9.25,570400,9.3125,9.1875,2.316952705383301
04-04-1988,9.0,9.1875,580400,9.25,9.0,2.269667387008667
05-04-1988,9.125,9.125,1122000,9.3125,9.3125,2.3484737873077393
06-04-1988,9.3125,9.375,905600,9.5625,9.5,2.3957602977752686
07-04-1988,9.1875,9.375,596800,9.4375,9.3125,2.3484737873077393
08-04-1988,9.375,9.375,405800,9.5,9.4375,2.379998207092285
11-04-1988,9.5,9.5625,344800,9.625,9.5625,2.4115211963653564
12-04-1988,9.5,9.5625,815400,9.625,9.5,2.3957602977752686
13-04-1988,9.25,9.375,978600,9.4375,9.3125,2.3484737873077393
14-04-1988,9.0,9.1875,1295000,9.25,9.0,2.269667387008667
15-04-1988,9.125,9.125,1028000,9.3125,9.25,2.3327131271362305
18-04-1988,9.0625,9.125,936200,9.25,9.1875,2.335510015487671
19-04-1988,9.1875,9.1875,638000,9.25,9.1875,2.335510015487671
20-04-1988,9.0,9.125,537600,9.1875,9.125,2.319622755050659
21-04-1988,9.0625,9.0625,520800,9.1875,9.125,2.319622755050659
22-04-1988,8.8125,8.9375,1361800,9.0,8.8125,2.2401835918426514
25-04-1988,8.8125,8.8125,625600,8.9375,8.875,2.256070375442505
26-04-1988,8.8125,8.875,1196600,8.9375,8.875,2.256070375442505
27-04-1988,8.6875,8.8125,1146000,8.875,8.75,2.224295139312744
28-04-1988,8.625,8.75,430600,8.75,8.625,2.1925203800201416
29-04-1988,8.625,8.6875,587800,8.75,8.6875,2.208407402038574
02-05-1988,8.625,8.6875,490600,8.75,8.6875,2.208407402038574
03-05-1988,8.8125,8.8125,646000,8.9375,8.9375,2.2719597816467285
04-05-1988,8.8125,8.875,520600,8.875,8.8125,2.2401835918426514
05-05-1988,8.8125,8.875,344600,8.875,8.875,2.256070375442505
06-05-1988,8.75,8.8125,511200,8.875,8.8125,2.2401835918426514
09-05-1988,8.75,8.75,349400,8.875,8.875,2.256070375442505
10-05-1988,8.75,8.8125,210800,8.875,8.8125,2.2401835918426514
11-05-1988,8.625,8.6875,910600,8.6875,8.625,2.1925203800201416
12-05-1988,8.625,8.625,742000,8.8125,8.75,2.224295139312744
13-05-1988,8.75,8.875,284200,8.875,8.8125,2.2401835918426514
16-05-1988,8.6875,8.875,406200,8.875,8.75,2.224295139312744
17-05-1988,8.625,8.8125,622800,8.8125,8.625,2.1925203800201416
18-05-1988,8.3125,8.5625,977800,8.5625,8.375,2.1289682388305664
19-05-1988,8.375,8.375,1019600,8.5625,8.5,2.1607437133789062
20-05-1988,8.375,8.5,1058400,8.5,8.375,2.1289682388305664
23-05-1988,8.25,8.375,596000,8.4375,8.25,2.0971930027008057
24-05-1988,8.375,8.375,556000,8.625,8.5625,2.1766319274902344
25-05-1988,8.3125,8.5,958400,8.5,8.3125,2.113081932067871
26-05-1988,8.25,8.25,697000,8.3125,8.3125,2.113081932067871
27-05-1988,8.125,8.25,559000,8.25,8.1875,2.0813047885894775
31-05-1988,8.0625,8.125,1494200,8.5,8.5,2.1607437133789062
01-06-1988,8.3125,8.4375,1075400,8.5,8.4375,2.1448557376861572
02-06-1988,8.25,8.25,976200,8.375,8.3125,2.113081932067871
03-06-1988,8.25,8.25,1627200,8.375,8.375,2.1289682388305664
06-06-1988,8.375,8.4375,467800,8.4375,8.375,2.1289682388305664
07-06-1988,8.25,8.375,585600,8.4375,8.3125,2.113081932067871
08-06-1988,8.3125,8.3125,559000,8.5,8.5,2.1607437133789062
09-06-1988,8.4375,8.4375,519800,8.5,8.4375,2.1448557376861572
10-06-1988,8.4375,8.4375,756600,8.625,8.625,2.1925203800201416
13-06-1988,8.4375,8.5625,587400,8.5625,8.5625,2.1766319274902344
14-06-1988,8.625,8.625,2254200,8.875,8.75,2.224295139312744
15-06-1988,8.75,8.8125,859400,8.875,8.875,2.256070375442505
16-06-1988,8.5625,8.75,1907000,8.75,8.5625,2.1766319274902344
17-06-1988,8.5,8.5625,1062800,8.6875,8.625,2.1925203800201416
20-06-1988,8.5,8.5,466800,8.625,8.5,2.1607437133789062
21-06-1988,8.625,8.625,1308600,8.8125,8.8125,2.2401835918426514
22-06-1988,8.75,8.875,956800,8.875,8.875,2.256070375442505
23-06-1988,8.625,8.75,547200,8.8125,8.625,2.1925203800201416
24-06-1988,8.375,8.625,1090000,8.625,8.4375,2.1448557376861572
27-06-1988,8.25,8.25,1396600,8.375,8.25,2.0971930027008057
28-06-1988,8.3125,8.375,749600,8.4375,8.375,2.1289682388305664
29-06-1988,8.5,8.5,1554400,8.625,8.5625,2.1766319274902344
30-06-1988,8.5,8.625,1006000,8.625,8.5625,2.1766319274902344
01-07-1988,8.5,8.5625,669400,8.625,8.5,2.1607437133789062
05-07-1988,8.4375,8.4375,462800,8.625,8.5625,2.1766319274902344
06-07-1988,8.5,8.5625,466800,8.625,8.5,2.1607437133789062
07-07-1988,8.4375,8.4375,194000,8.5,8.4375,2.1448557376861572
08-07-1988,8.4375,8.4375,351000,8.5625,8.5,2.1607437133789062
11-07-1988,8.5,8.5625,404600,8.625,8.5625,2.1766319274902344
12-07-1988,8.5,8.5625,768600,8.9375,8.5625,2.1766319274902344
13-07-1988,8.5,8.5,1254600,8.5625,8.5625,2.1766319274902344
14-07-1988,8.4375,8.5625,364800,8.5625,8.5,2.1607437133789062
15-07-1988,8.3125,8.4375,941800,8.5,8.375,2.1289682388305664
18-07-1988,8.25,8.3125,673200,8.375,8.375,2.1289682388305664
19-07-1988,8.375,8.375,680600,8.5,8.4375,2.1448557376861572
20-07-1988,8.5,8.5,660000,8.625,8.5625,2.1766319274902344
21-07-1988,8.5,8.5625,102400,8.625,8.625,2.1925203800201416
22-07-1988,8.4375,8.5625,357200,8.5625,8.4375,2.1448557376861572
25-07-1988,8.375,8.375,486200,8.4375,8.375,2.1289682388305664
26-07-1988,8.25,8.375,561800,8.375,8.3125,2.113081932067871
27-07-1988,8.25,8.3125,699000,8.4375,8.3125,2.113081932067871
28-07-1988,8.25,8.3125,404200,8.375,8.3125,2.113081932067871
29-07-1988,8.25,8.3125,370200,8.5,8.4375,2.1448557376861572
01-08-1988,8.4375,8.4375,339200,8.5625,8.4375,2.1448557376861572
02-08-1988,8.375,8.4375,532200,8.5,8.4375,2.1448557376861572
03-08-1988,8.4375,8.4375,275800,8.5,8.4375,2.1448557376861572
04-08-1988,8.4375,8.5,430000,8.5,8.4375,2.1448557376861572
05-08-1988,8.375,8.4375,188800,8.5,8.375,2.1289682388305664
08-08-1988,8.375,8.4375,196400,8.4375,8.375,2.1289682388305664
09-08-1988,8.1875,8.375,367000,8.4375,8.1875,2.0813047885894775
10-08-1988,8.0625,8.1875,953000,8.25,8.125,2.0654172897338867
11-08-1988,8.125,8.1875,528400,8.25,8.25,2.0971930027008057
12-08-1988,8.1875,8.1875,163000,8.3125,8.25,2.0971930027008057
15-08-1988,8.125,8.1875,275600,8.25,8.125,2.0654172897338867
16-08-1988,8.125,8.125,442800,8.25,8.1875,2.0813047885894775
17-08-1988,8.1875,8.1875,460000,8.375,8.25,2.0971930027008057
18-08-1988,8.1875,8.25,187400,8.25,8.25,2.0971930027008057
19-08-1988,8.25,8.25,276200,8.375,8.3125,2.113081932067871
22-08-1988,8.125,8.25,577400,8.25,8.125,2.0654172897338867
23-08-1988,8.0625,8.125,455600,8.125,8.0625,2.0495288372039795
24-08-1988,8.0625,8.0625,320200,8.1875,8.125,2.0654172897338867
25-08-1988,8.0,8.0625,481200,8.125,8.0,2.0336403846740723
26-08-1988,8.0,8.0,246800,8.0625,8.0625,2.0495288372039795
29-08-1988,7.9375,8.0,215800,8.0625,8.0625,2.0495288372039795
30-08-1988,8.0,8.0,155400,8.125,8.125,2.0654172897338867
31-08-1988,8.0,8.0625,387000,8.125,8.0,2.0336403846740723
01-09-1988,8.0,8.0,592400,8.0625,8.0625,2.0495288372039795
02-09-1988,8.0625,8.0625,551600,8.1875,8.1875,2.0813047885894775
06-09-1988,8.3125,8.375,340800,8.4375,8.375,2.1289682388305664
07-09-1988,8.3125,8.375,389800,8.4375,8.4375,2.1448557376861572
08-09-1988,8.3125,8.375,1140200,8.5,8.4375,2.1448557376861572
09-09-1988,8.4375,8.5,1417800,8.75,8.625,2.1925203800201416
12-09-1988,8.625,8.625,591800,8.6875,8.625,2.1925203800201416
13-09-1988,8.6875,8.6875,1569600,8.8125,8.8125,2.2401835918426514
14-09-1988,8.75,8.8125,1313000,8.875,8.8125,2.2401835918426514
15-09-1988,8.5625,8.6875,1149000,8.75,8.5625,2.1766319274902344
16-09-1988,8.5,8.5625,759000,8.625,8.5625,2.1766319274902344
19-09-1988,8.3125,8.5625,1491000,8.5625,8.5,2.1607437133789062
20-09-1988,8.5625,8.5625,1207200,8.75,8.75,2.224295139312744
21-09-1988,8.8125,8.8125,4272400,9.125,9.0625,2.30373477935791
22-09-1988,8.8125,8.9375,3344200,9.0,8.9375,2.2719597816467285
23-09-1988,8.8125,8.875,1820600,9.0,8.9375,2.2719597816467285
26-09-1988,8.8125,8.9375,2091000,8.9375,8.8125,2.2401835918426514
27-09-1988,8.875,8.9375,1325800,9.0,8.875,2.256070375442505
28-09-1988,8.875,8.875,219400,8.9375,8.9375,2.2719597816467285
29-09-1988,8.875,8.9375,2448000,9.625,9.1875,2.335510015487671
30-09-1988,9.1875,9.1875,2894000,9.3125,9.25,2.3513975143432617
03-10-1988,9.125,9.25,959200,9.25,9.1875,2.335510015487671
04-10-1988,9.125,9.1875,1186800,9.25,9.1875,2.335510015487671
05-10-1988,9.25,9.3125,3526600,9.5625,9.5,2.4149487018585205
06-10-1988,9.5,9.5,3002400,9.625,9.5,2.4149487018585205
07-10-1988,9.5,9.625,1914600,9.625,9.625,2.4467251300811768
10-10-1988,9.5625,9.625,1327600,9.6875,9.6875,2.462613105773926
11-10-1988,9.4375,9.5625,1296200,9.5625,9.5,2.4149487018585205
12-10-1988,9.3125,9.375,665200,9.4375,9.375,2.3831729888916016
13-10-1988,9.375,9.375,1475600,9.625,9.5,2.4149487018585205
14-10-1988,9.5625,9.625,1034400,9.6875,9.625,2.4467251300811768
17-10-1988,9.75,9.8125,1433200,9.9375,9.8125,2.494387626647949
18-10-1988,9.75,9.8125,1115800,9.8125,9.8125,2.494387626647949
19-10-1988,9.8125,9.8125,2560000,10.0,9.875,2.5102767944335938
20-10-1988,9.875,9.9375,3823600,10.125,10.0625,2.557939291000366
21-10-1988,10.0625,10.125,1683000,10.125,10.0625,2.557939291000366
24-10-1988,9.9375,10.125,1614600,10.125,10.0,2.542051076889038
25-10-1988,9.9375,10.0,1263600,10.0625,10.0,2.542051076889038
26-10-1988,10.0,10.0625,3189000,10.125,10.0625,2.557939291000366
27-10-1988,9.875,10.0625,1161600,10.125,10.0625,2.557939291000366
28-10-1988,9.9375,10.0,367200,10.0625,10.0625,2.557939291000366
31-10-1988,9.9375,10.0,506400,10.0625,10.0625,2.557939291000366
01-11-1988,9.9375,10.0625,1160800,10.0625,9.9375,2.5261642932891846
02-11-1988,9.875,9.875,1034200,10.0,9.9375,2.5261642932891846
03-11-1988,9.875,9.9375,507800,10.0,10.0,2.542051076889038
04-11-1988,9.75,9.8125,1146600,9.875,9.75,2.4785006046295166
07-11-1988,9.625,9.6875,741400,9.75,9.75,2.4785006046295166
08-11-1988,9.75,9.8125,1071600,9.875,9.8125,2.494387626647949
09-11-1988,9.6875,9.75,701000,9.8125,9.75,2.4785006046295166
10-11-1988,9.75,9.75,695000,9.875,9.8125,2.494387626647949
11-11-1988,9.625,9.75,533000,9.8125,9.6875,2.462613105773926
14-11-1988,9.5625,9.625,981800,9.6875,9.625,2.4467251300811768
15-11-1988,9.625,9.6875,437000,9.6875,9.6875,2.462613105773926
16-11-1988,9.625,9.6875,622000,9.6875,9.625,2.4467251300811768
17-11-1988,9.75,9.8125,678400,9.875,9.8125,2.494387626647949
18-11-1988,9.625,9.6875,403400,9.6875,9.625,2.4620299339294434
21-11-1988,9.625,9.75,549400,9.75,9.6875,2.4780173301696777
22-11-1988,9.6875,9.75,704400,9.9375,9.875,2.5259790420532227
23-11-1988,9.9375,9.9375,2123200,10.125,10.0625,2.5739409923553467
25-11-1988,9.8125,9.875,283600,9.9375,9.8125,2.509991407394409
28-11-1988,9.75,9.875,807600,9.875,9.8125,2.509991407394409
29-11-1988,9.8125,9.8125,602200,9.9375,9.875,2.5259790420532227
30-11-1988,9.875,9.875,1986000,10.0625,9.9375,2.541966199874878
01-12-1988,9.875,10.0,674000,10.0,10.0,2.557953119277954
02-12-1988,9.875,9.875,757600,10.0,9.875,2.5259790420532227
05-12-1988,9.875,9.875,923800,10.0,9.9375,2.541966199874878
06-12-1988,9.875,9.9375,963000,10.0,9.9375,2.541966199874878
07-12-1988,9.75,9.9375,986200,9.9375,9.875,2.5259790420532227
08-12-1988,9.75,9.8125,420400,9.875,9.8125,2.509991407394409
09-12-1988,9.75,9.75,688600,9.875,9.875,2.5259790420532227
12-12-1988,9.5625,9.625,598200,9.6875,9.5625,2.446043014526367
13-12-1988,9.375,9.4375,485400,9.5625,9.4375,2.4140684604644775
14-12-1988,9.375,9.4375,974400,9.5625,9.4375,2.4140684604644775
15-12-1988,9.375,9.375,478600,9.4375,9.375,2.3980815410614014
16-12-1988,9.3125,9.375,470200,9.4375,9.375,2.3980815410614014
19-12-1988,9.375,9.375,265600,9.4375,9.375,2.3980815410614014
20-12-1988,9.375,9.4375,737600,9.5625,9.375,2.3980815410614014
21-12-1988,9.375,9.375,1033000,9.5,9.4375,2.4140684604644775
22-12-1988,9.4375,9.4375,687600,9.625,9.5625,2.446043014526367
23-12-1988,9.5625,9.5625,84000,9.625,9.625,2.4620299339294434
27-12-1988,9.5,9.5,182600,9.625,9.5625,2.446043014526367
28-12-1988,9.5625,9.625,278600,9.625,9.625,2.4620299339294434
29-12-1988,9.6875,9.6875,473800,9.8125,9.75,2.494004249572754
30-12-1988,9.625,9.625,182800,9.6875,9.625,2.4620299339294434
03-01-1989,9.625,9.6875,445800,9.6875,9.625,2.4620299339294434
04-01-1989,9.625,9.6875,542000,9.75,9.6875,2.4780173301696777
05-01-1989,9.625,9.6875,478800,9.75,9.75,2.494004249572754
06-01-1989,9.625,9.6875,1015000,9.875,9.8125,2.509991407394409
09-01-1989,9.8125,9.8125,456000,9.9375,9.875,2.5259790420532227
10-01-1989,9.625,9.8125,1201400,9.875,9.625,2.4620299339294434
11-01-1989,9.625,9.625,880400,9.75,9.625,2.4620299339294434
12-01-1989,9.375,9.5625,3307000,9.5625,9.5,2.43005633354187
13-01-1989,9.25,9.5,1834000,9.5,9.25,2.3661081790924072
16-01-1989,9.25,9.375,2949200,9.375,9.375,2.3980815410614014
17-01-1989,9.25,9.3125,982600,9.4375,9.4375,2.4140684604644775
18-01-1989,9.375,9.4375,1634800,9.5625,9.5,2.43005633354187
19-01-1989,9.625,9.6875,1002000,9.75,9.625,2.4620299339294434
20-01-1989,9.625,9.6875,846600,9.75,9.6875,2.4780173301696777
23-01-1989,9.75,9.8125,643600,9.875,9.8125,2.509991407394409
24-01-1989,9.8125,9.875,1789800,10.0625,10.0,2.557953119277954
25-01-1989,9.875,10.0625,1164000,10.125,9.875,2.5259790420532227
26-01-1989,9.9375,9.9375,1026200,10.0625,10.0,2.557953119277954
27-01-1989,10.125,10.1875,1670400,10.375,10.1875,2.605915069580078
30-01-1989,10.375,10.5,1211200,10.5625,10.4375,2.6698641777038574
31-01-1989,10.4375,10.5625,1304600,10.625,10.625,2.717825412750244
01-02-1989,10.625,10.6875,981600,10.75,10.625,2.717825412750244
02-02-1989,10.625,10.6875,1418800,10.75,10.625,2.717825412750244
03-02-1989,10.8125,10.8125,473200,10.9375,10.8125,2.76578688621521
06-02-1989,10.75,10.8125,263800,10.875,10.75,2.749800682067871
07-02-1989,10.9375,10.9375,1544000,11.125,11.125,2.8457236289978027
08-02-1989,10.875,10.875,987200,11.25,11.0625,2.829735040664673
09-02-1989,11.0,11.125,928400,11.3125,11.0,2.8137495517730713
10-02-1989,10.875,11.0625,980800,11.125,10.9375,2.7977616786956787
13-02-1989,10.875,10.875,575800,11.0625,11.0625,2.829735040664673
14-02-1989,11.0625,11.125,448600,11.1875,11.0625,2.829735040664673
15-02-1989,11.0,11.0,517400,11.125,11.125,2.8457236289978027
16-02-1989,11.0,11.125,467400,11.125,11.0,2.8137495517730713
17-02-1989,11.0,11.0,525200,11.125,11.0625,2.829735040664673
21-02-1989,10.9375,11.0625,563800,11.125,10.9375,2.7977616786956787
22-02-1989,10.8125,11.0,754600,11.0,10.8125,2.76578688621521
23-02-1989,10.8125,10.8125,570600,11.0625,10.9375,2.7977616786956787
24-02-1989,10.8125,11.0,764400,11.0,10.8125,2.76578688621521
27-02-1989,10.6875,10.75,647400,10.8125,10.75,2.749800682067871
28-02-1989,10.6875,10.75,132000,10.8125,10.6875,2.7338128089904785
01-03-1989,10.625,10.75,295600,10.8125,10.6875,2.7338128089904785
02-03-1989,10.6875,10.75,527600,10.875,10.8125,2.76578688621521
03-03-1989,10.875,10.875,339000,11.0,11.0,2.8137495517730713
06-03-1989,10.8125,11.0,1161400,11.0625,10.9375,2.7977616786956787
07-03-1989,10.875,10.9375,295800,11.0,10.9375,2.7977616786956787
08-03-1989,10.8125,10.875,357600,10.875,10.8125,2.76578688621521
09-03-1989,10.75,10.75,854400,10.875,10.8125,2.76578688621521
10-03-1989,10.75,10.8125,422800,10.9375,10.875,2.7817749977111816
13-03-1989,11.0625,11.0625,695600,11.25,11.0625,2.829735040664673
14-03-1989,11.25,11.3125,1153200,11.375,11.25,2.877697229385376
15-03-1989,11.1875,11.25,786600,11.25,11.1875,2.8617093563079834
16-03-1989,11.3125,11.375,1953400,11.5625,11.5625,2.9576334953308105
17-03-1989,11.0,11.3125,1199600,11.3125,11.125,2.8457236289978027
20-03-1989,11.0,11.0625,400200,11.125,11.0625,2.829735040664673
21-03-1989,11.1875,11.1875,553600,11.25,11.25,2.877697229385376
22-03-1989,10.9375,11.125,275400,11.125,10.9375,2.7977616786956787
23-03-1989,10.9375,11.0,292400,11.0625,11.0,2.8137495517730713
27-03-1989,10.9375,11.0,128600,11.0625,11.0625,2.829735040664673
28-03-1989,10.9375,11.125,166800,11.1875,11.0,2.8137495517730713
29-03-1989,10.9375,11.0,149400,11.0625,11.0,2.8137495517730713
30-03-1989,10.8125,10.9375,241600,10.9375,10.9375,2.7977616786956787
31-03-1989,11.0625,11.0625,313800,11.1875,11.125,2.8457236289978027
03-04-1989,11.3125,11.375,386400,11.4375,11.4375,2.925658941268921
04-04-1989,11.4375,11.5,781400,11.625,11.5,2.9416463375091553
05-04-1989,11.4375,11.5,560800,11.5625,11.5,2.9416463375091553
06-04-1989,11.3125,11.4375,441600,11.5,11.375,2.909672260284424
07-04-1989,11.125,11.1875,183200,11.25,11.25,2.9018046855926514
10-04-1989,11.1875,11.1875,525000,11.3125,11.3125,2.917926073074341
11-04-1989,11.3125,11.3125,339600,11.4375,11.4375,2.950167655944824
12-04-1989,11.625,11.625,373800,11.6875,11.625,2.9985296726226807
13-04-1989,11.5,11.5625,1110800,11.75,11.5625,2.9824106693267822
14-04-1989,11.625,11.6875,380600,11.75,11.75,3.0307745933532715
17-04-1989,11.6875,11.75,288800,11.8125,11.6875,3.0146522521972656
18-04-1989,11.8125,11.875,877800,12.0,11.9375,3.0791373252868652
19-04-1989,11.875,11.875,799200,12.0625,12.0,3.0952577590942383
20-04-1989,11.6875,11.9375,510600,11.9375,11.8125,3.0468955039978027
21-04-1989,11.75,11.75,575800,11.875,11.875,3.0630171298980713
24-04-1989,11.6875,11.75,312400,11.875,11.75,3.0307745933532715
25-04-1989,11.5625,11.75,279600,11.75,11.625,2.9985296726226807
26-04-1989,11.5625,11.625,128000,11.6875,11.6875,3.0146522521972656
27-04-1989,11.6875,11.75,411400,11.8125,11.75,3.0307745933532715
28-04-1989,11.625,11.75,152800,11.75,11.625,2.9985296726226807
01-05-1989,11.5625,11.625,446600,11.8125,11.8125,3.0468955039978027
02-05-1989,11.6875,11.8125,347800,11.8125,11.6875,3.0146522521972656
03-05-1989,11.6875,11.6875,401600,11.8125,11.75,3.0307745933532715
04-05-1989,11.625,11.8125,1451400,11.8125,11.75,3.0307745933532715
05-05-1989,11.625,11.75,686600,11.75,11.625,2.9985296726226807
08-05-1989,11.375,11.5625,417200,11.5625,11.4375,2.950167655944824
09-05-1989,11.125,11.4375,637400,11.4375,11.25,2.9018046855926514
10-05-1989,11.125,11.25,515800,11.25,11.25,2.9018046855926514
11-05-1989,11.1875,11.1875,220400,11.25,11.1875,2.8856825828552246
12-05-1989,11.375,11.375,2199200,11.625,11.5,2.9662890434265137
15-05-1989,11.5,11.5625,1875200,11.6875,11.6875,3.0146522521972656
16-05-1989,11.4375,11.5,718600,11.5,11.5,2.9662890434265137
17-05-1989,11.25,11.5,1522400,11.5,11.3125,2.917926073074341
18-05-1989,11.25,11.25,1229400,11.4375,11.375,2.934047222137451
19-05-1989,11.5,11.5,1570600,11.6875,11.6875,3.0146522521972656
22-05-1989,11.4375,11.625,944800,11.625,11.5625,2.9824106693267822
23-05-1989,11.25,11.5,754600,11.5,11.25,2.9018046855926514
24-05-1989,11.0,11.125,829400,11.1875,11.125,2.869563102722168
25-05-1989,10.875,10.9375,758000,11.0625,11.0625,2.853440284729004
26-05-1989,11.0625,11.1875,482200,11.1875,11.125,2.869563102722168
30-05-1989,10.875,11.0625,448000,11.0625,10.9375,2.8211991786956787
31-05-1989,10.75,10.8125,755000,10.875,10.8125,2.788957357406616
01-06-1989,10.6875,10.75,760800,10.8125,10.75,2.772836446762085
02-06-1989,10.6875,10.75,1134600,10.9375,10.9375,2.8211991786956787
05-06-1989,10.5625,10.8125,771000,10.875,10.5625,2.7244718074798584
06-06-1989,10.625,10.6875,1457000,10.75,10.6875,2.7567148208618164
07-06-1989,10.75,10.8125,1189400,10.875,10.75,2.772836446762085
08-06-1989,10.75,10.875,830400,10.875,10.875,2.8050785064697266
09-06-1989,10.5625,10.6875,1448600,10.75,10.6875,2.7567148208618164
12-06-1989,10.4375,10.5625,522000,10.625,10.5625,2.7244718074798584
13-06-1989,10.3125,10.4375,1416800,10.4375,10.375,2.6761090755462646
14-06-1989,10.3125,10.375,683000,10.4375,10.375,2.6761090755462646
15-06-1989,10.1875,10.3125,1169200,10.375,10.375,2.6761090755462646
16-06-1989,10.375,10.375,315800,10.5,10.5,2.7083523273468018
19-06-1989,10.5625,10.5625,854600,10.75,10.75,2.772836446762085
20-06-1989,10.8125,10.875,430000,11.0,10.8125,2.788957357406616
21-06-1989,10.8125,10.875,626000,10.9375,10.9375,2.8211991786956787
22-06-1989,10.875,10.875,758800,11.0625,11.0,2.837320566177368
23-06-1989,11.0,11.0625,1415800,11.375,11.25,2.9018046855926514
26-06-1989,11.125,11.25,556600,11.25,11.1875,2.8856825828552246
27-06-1989,11.25,11.3125,442000,11.4375,11.3125,2.917926073074341
28-06-1989,11.125,11.3125,281800,11.3125,11.125,2.869563102722168
29-06-1989,10.8125,11.0625,766200,11.0625,10.875,2.8050785064697266
30-06-1989,10.625,10.75,572400,10.875,10.75,2.772836446762085
03-07-1989,10.875,10.875,417000,11.0,11.0,2.837320566177368
05-07-1989,11.0,11.0625,324400,11.25,11.25,2.9018046855926514
06-07-1989,11.0625,11.125,312000,11.25,11.25,2.9018046855926514
07-07-1989,11.25,11.3125,498600,11.5,11.375,2.934047222137451
10-07-1989,11.3125,11.3125,92000,11.4375,11.3125,2.917926073074341
11-07-1989,11.375,11.4375,520400,11.4375,11.375,2.934047222137451
12-07-1989,11.3125,11.3125,278400,11.4375,11.4375,2.950167655944824
13-07-1989,11.3125,11.375,267200,11.4375,11.4375,2.950167655944824
14-07-1989,11.3125,11.375,175200,11.5,11.375,2.934047222137451
17-07-1989,11.3125,11.3125,653000,11.5,11.5,2.9662890434265137
18-07-1989,11.375,11.375,209800,11.5,11.4375,2.950167655944824
19-07-1989,11.5,11.5,1196800,11.8125,11.6875,3.0146522521972656
20-07-1989,11.625,11.6875,428600,11.8125,11.625,2.9985296726226807
21-07-1989,11.5625,11.625,380400,11.6875,11.6875,3.0146522521972656
24-07-1989,11.4375,11.5625,112600,11.5625,11.4375,2.950167655944824
25-07-1989,11.5,11.625,199600,11.625,11.625,2.9985296726226807
26-07-1989,11.5,11.5625,732800,11.6875,11.625,2.9985296726226807
27-07-1989,11.875,12.0,1387400,12.0625,11.9375,3.0791373252868652
28-07-1989,12.0,12.0625,757600,12.125,12.0625,3.1113791465759277
31-07-1989,12.1875,12.25,295400,12.3125,12.25,3.159743547439575
01-08-1989,12.125,12.1875,372200,12.25,12.1875,3.1436219215393066
02-08-1989,12.375,12.375,965800,12.75,12.6875,3.2725913524627686
03-08-1989,12.3125,12.375,388000,12.4375,12.4375,3.2081055641174316
04-08-1989,12.3125,12.3125,157400,12.4375,12.3125,3.1758644580841064
07-08-1989,12.25,12.4375,406800,12.4375,12.375,3.191986322402954
08-08-1989,12.5,12.625,292800,12.6875,12.625,3.2564690113067627
09-08-1989,12.5625,12.5625,639800,12.75,12.625,3.2564690113067627
10-08-1989,12.5,12.625,354800,12.6875,12.5625,3.240349292755127
11-08-1989,12.0,12.375,496200,12.375,12.0625,3.1113791465759277
14-08-1989,11.8125,11.9375,560200,12.125,11.9375,3.0791373252868652
15-08-1989,11.8125,11.875,152600,11.9375,11.875,3.0630171298980713
16-08-1989,11.9375,11.9375,685600,12.1875,12.125,3.127500295639038
17-08-1989,11.9375,12.125,192400,12.125,12.0,3.0952577590942383
18-08-1989,11.9375,12.0625,695800,12.125,12.0,3.0952577590942383
21-08-1989,11.9375,12.1875,426200,12.25,11.9375,3.0791373252868652
22-08-1989,12.0,12.0625,296600,12.125,12.0625,3.1113791465759277
23-08-1989,12.0625,12.0625,469800,12.25,12.1875,3.1436219215393066
24-08-1989,12.1875,12.3125,449600,12.4375,12.375,3.191986322402954
25-08-1989,12.3125,12.375,342400,12.4375,12.375,3.191986322402954
28-08-1989,12.1875,12.375,239000,12.375,12.3125,3.1758644580841064
29-08-1989,12.25,12.25,284400,12.375,12.3125,3.1758644580841064
30-08-1989,12.375,12.4375,254600,12.625,12.5,3.2242283821105957
31-08-1989,12.5625,12.625,235000,12.625,12.5625,3.240349292755127
01-09-1989,12.4375,12.625,224200,12.625,12.4375,3.2081055641174316
05-09-1989,12.5625,12.625,225600,12.625,12.5625,3.240349292755127
06-09-1989,12.3125,12.4375,366800,12.5,12.5,3.2242283821105957
07-09-1989,12.5,12.625,273200,12.625,12.5625,3.240349292755127
08-09-1989,12.3125,12.5,124200,12.5,12.375,3.191986322402954
11-09-1989,12.1875,12.3125,206600,12.375,12.375,3.191986322402954
12-09-1989,12.25,12.3125,105800,12.375,12.3125,3.1758644580841064
13-09-1989,12.3125,12.4375,203400,12.4375,12.3125,3.1758644580841064
14-09-1989,12.3125,12.375,712200,12.4375,12.375,3.191986322402954
15-09-1989,12.125,12.25,477800,12.3125,12.25,3.159743547439575
18-09-1989,12.375,12.375,513600,12.5625,12.5625,3.240349292755127
19-09-1989,11.9375,12.1875,1193600,12.1875,12.0,3.0952577590942383
20-09-1989,11.9375,12.0625,1381400,12.125,12.0625,3.1113791465759277
21-09-1989,12.0625,12.0625,700400,12.25,12.1875,3.1436219215393066
22-09-1989,12.25,12.3125,724600,12.3125,12.25,3.159743547439575
25-09-1989,12.1875,12.3125,723000,12.3125,12.25,3.159743547439575
26-09-1989,12.125,12.25,869000,12.375,12.3125,3.1758644580841064
27-09-1989,12.125,12.1875,634800,12.3125,12.3125,3.1758644580841064
28-09-1989,11.9375,12.125,440800,12.125,12.125,3.127500295639038
29-09-1989,12.125,12.1875,234600,12.25,12.25,3.159743547439575
02-10-1989,12.0,12.0,385000,12.1875,12.1875,3.1436219215393066
03-10-1989,12.1875,12.25,672400,12.375,12.3125,3.1758644580841064
04-10-1989,12.1875,12.3125,315800,12.375,12.3125,3.1758644580841064
05-10-1989,11.9375,12.0,959400,12.125,12.0,3.152482509613037
06-10-1989,11.75,12.0,539400,12.0,11.875,3.119645357131958
09-10-1989,11.5,11.75,528600,11.75,11.625,3.053967237472534
10-10-1989,11.375,11.6875,395800,11.75,11.4375,3.0047121047973633
11-10-1989,11.25,11.3125,677000,11.75,11.3125,2.9718728065490723
12-10-1989,11.25,11.3125,341600,11.5,11.4375,3.0047121047973633
13-10-1989,10.3125,11.4375,685800,11.5625,11.0,2.8897769451141357
16-10-1989,10.4375,10.4375,1439800,11.5,11.125,2.922614574432373
17-10-1989,10.8125,11.0625,1358000,11.1875,11.0,2.8897769451141357
18-10-1989,11.0,11.0,519000,11.25,11.25,2.955451726913452
19-10-1989,11.125,11.25,1046400,11.3125,11.1875,2.9390339851379395
20-10-1989,10.875,11.0625,522000,11.125,11.0,2.8897769451141357
23-10-1989,10.9375,11.0,703800,11.125,11.0,2.8897769451141357
24-10-1989,10.8125,11.0,446200,11.0,10.9375,2.873357057571411
25-10-1989,10.6875,10.9375,439800,11.0625,11.0,2.8897769451141357
26-10-1989,10.4375,10.875,1018800,10.9375,10.5625,2.774841785430908
27-10-1989,10.5,10.5,632200,10.8125,10.6875,2.807680368423462
30-10-1989,10.8125,10.875,306200,11.0625,11.0625,2.9061944484710693
31-10-1989,11.0,11.0625,486800,11.125,11.0625,2.9061944484710693
01-11-1989,11.0625,11.125,315000,11.25,11.1875,2.9390339851379395
02-11-1989,11.25,11.25,285400,11.375,11.3125,2.9718728065490723
03-11-1989,11.3125,11.3125,389600,11.6875,11.625,3.053967237472534
06-11-1989,11.375,11.625,864000,11.625,11.4375,3.0047121047973633
07-11-1989,11.4375,11.5,455000,11.5625,11.5,3.021130323410034
08-11-1989,11.5625,11.625,454000,11.75,11.6875,3.070387363433838
09-11-1989,11.5,11.6875,415600,11.6875,11.5625,3.0375492572784424
10-11-1989,11.5625,11.6875,239200,11.6875,11.625,3.053967237472534
13-11-1989,11.625,11.75,290600,11.8125,11.625,3.053967237472534
14-11-1989,11.5625,11.625,432200,11.6875,11.6875,3.070387363433838
15-11-1989,11.5,11.625,420000,11.6875,11.625,3.053967237472534
16-11-1989,11.4375,11.625,476000,11.625,11.5,3.021130323410034
17-11-1989,11.4375,11.5,424800,11.5625,11.5625,3.0375492572784424
20-11-1989,11.1875,11.4375,465600,11.4375,11.25,2.955451726913452
21-11-1989,11.25,11.25,306400,11.4375,11.4375,3.0047121047973633
22-11-1989,11.3125,11.375,505600,11.4375,11.4375,3.0047121047973633
24-11-1989,11.5,11.5,55000,11.625,11.5625,3.0375492572784424
27-11-1989,11.4375,11.5,708200,11.625,11.625,3.053967237472534
28-11-1989,11.6875,11.75,351000,11.8125,11.75,3.0868072509765625
29-11-1989,11.6875,11.75,630600,11.875,11.75,3.0868072509765625
30-11-1989,11.6875,11.6875,714800,12.125,12.0,3.152482509613037
01-12-1989,11.9375,12.0625,882200,12.1875,12.0625,3.1689019203186035
04-12-1989,12.0,12.0625,416200,12.125,12.0625,3.1689019203186035
05-12-1989,12.0625,12.0625,433200,12.3125,12.1875,3.201740026473999
06-12-1989,12.3125,12.3125,592800,12.5625,12.5625,3.30025577545166
07-12-1989,12.375,12.5,439600,12.5625,12.375,3.2509984970092773
08-12-1989,12.4375,12.5,379800,12.5625,12.4375,3.2674171924591064
11-12-1989,12.5,12.625,265600,12.625,12.625,3.31667423248291
12-12-1989,12.6875,12.6875,876000,13.3125,13.1875,3.4644479751586914
13-12-1989,13.1875,13.3125,1067400,13.4375,13.1875,3.4644479751586914
14-12-1989,12.9375,13.125,614000,13.1875,12.9375,3.3987717628479004
15-12-1989,12.625,12.875,282600,12.875,12.75,3.3495140075683594
18-12-1989,12.375,12.9375,484600,13.0,12.625,3.31667423248291
19-12-1989,12.5625,12.8125,755800,12.8125,12.75,3.3495140075683594
20-12-1989,12.6875,12.75,426000,12.875,12.8125,3.3659322261810303
21-12-1989,12.5,12.625,371800,12.6875,12.6875,3.3330953121185303
22-12-1989,12.5625,12.75,412600,12.75,12.6875,3.3330953121185303
26-12-1989,12.6875,12.75,126800,12.875,12.75,3.3495140075683594
27-12-1989,12.75,12.8125,1061400,13.0,12.875,3.382351875305176
28-12-1989,12.5625,12.8125,423000,12.8125,12.5625,3.30025577545166
29-12-1989,12.6875,12.6875,400800,13.0,13.0,3.415189027786255
02-01-1990,12.75,12.875,888000,12.875,12.875,3.382351875305176
03-01-1990,13.0,13.0625,1532600,13.3125,13.25,3.4808671474456787
04-01-1990,13.375,13.4375,925000,13.625,13.5625,3.562962770462036
05-01-1990,13.4375,13.4375,345000,13.5625,13.5,3.5465450286865234
08-01-1990,13.3125,13.375,751800,13.625,13.625,3.5793824195861816
09-01-1990,13.4375,13.5625,1750400,13.6875,13.6875,3.595802068710327
10-01-1990,13.375,13.5,975000,13.5625,13.4375,3.5301241874694824
11-01-1990,13.375,13.5,1474800,13.5,13.4375,3.5301241874694824
12-01-1990,12.75,13.125,628000,13.1875,12.875,3.382351875305176
15-01-1990,12.75,12.8125,482600,12.9375,12.875,3.382351875305176
16-01-1990,12.5625,12.625,752200,13.0,13.0,3.415189027786255
17-01-1990,12.625,12.75,893400,12.875,12.6875,3.3330953121185303
18-01-1990,12.3125,12.375,942200,12.5,12.4375,3.2674171924591064
19-01-1990,12.3125,12.375,656800,12.4375,12.375,3.2509984970092773
22-01-1990,11.75,12.3125,1307400,12.3125,11.8125,3.10322642326355
23-01-1990,11.75,12.0,708200,12.125,12.0625,3.1689019203186035
24-01-1990,11.75,11.75,808600,12.1875,12.0625,3.1689019203186035
25-01-1990,11.875,12.125,1204800,12.25,12.0625,3.1689019203186035
26-01-1990,12.125,12.25,803000,12.3125,12.3125,3.234579563140869
29-01-1990,12.25,12.4375,805200,12.5,12.375,3.2509984970092773
30-01-1990,12.0,12.375,421200,12.4375,12.0625,3.1689019203186035
31-01-1990,12.125,12.1875,329200,12.25,12.125,3.1853206157684326
01-02-1990,12.0,12.125,1021200,12.1875,12.125,3.1853206157684326
02-02-1990,12.0625,12.0625,517400,12.1875,12.1875,3.201740026473999
05-02-1990,12.125,12.125,1131200,12.375,12.375,3.2509984970092773
06-02-1990,12.0625,12.25,520400,12.25,12.125,3.1853206157684326
07-02-1990,11.9375,12.0,647400,12.125,12.0625,3.1689019203186035
08-02-1990,12.0,12.0625,517800,12.125,12.0,3.152482509613037
09-02-1990,11.9375,12.0625,813000,12.125,12.0625,3.1689019203186035
12-02-1990,11.9375,12.0625,395600,12.0625,11.9375,3.13606333732605
13-02-1990,11.875,12.0,490800,12.0625,12.0,3.152482509613037
14-02-1990,12.125,12.125,647000,12.1875,12.1875,3.201740026473999
15-02-1990,12.3125,12.375,941200,12.75,12.6875,3.3330953121185303
16-02-1990,12.6875,12.75,398600,12.8125,12.6875,3.3330953121185303
20-02-1990,12.375,12.5,308200,12.5625,12.4375,3.2674171924591064
21-02-1990,12.125,12.1875,478200,12.375,12.375,3.2509984970092773
22-02-1990,12.25,12.375,917000,12.5625,12.375,3.2509984970092773
23-02-1990,12.0,12.0,653600,12.1875,12.1875,3.201740026473999
26-02-1990,11.9375,12.0,232800,12.0625,12.0625,3.1689019203186035
27-02-1990,11.9375,12.0,316400,12.0625,11.9375,3.13606333732605
28-02-1990,11.875,11.9375,990800,12.0625,11.9375,3.13606333732605
01-03-1990,11.625,11.8125,543200,11.8125,11.6875,3.070387363433838
02-03-1990,11.5625,11.6875,277200,11.75,11.625,3.053967237472534
05-03-1990,11.375,11.5,721400,11.5625,11.4375,3.0047121047973633
06-03-1990,11.3125,11.3125,824400,11.5625,11.4375,3.0047121047973633
07-03-1990,11.4375,11.5625,1416000,11.5625,11.4375,3.0047121047973633
08-03-1990,11.625,11.625,634600,11.875,11.8125,3.10322642326355
09-03-1990,11.625,11.75,703400,11.75,11.75,3.0868072509765625
12-03-1990,11.75,11.75,517400,11.9375,11.9375,3.13606333732605
13-03-1990,11.8125,11.8125,934200,11.875,11.875,3.119645357131958
14-03-1990,11.875,11.875,1764200,12.125,12.0,3.152482509613037
15-03-1990,12.125,12.25,2588200,12.625,12.5625,3.30025577545166
16-03-1990,12.875,12.875,3143000,13.25,13.0625,3.431607484817505
19-03-1990,12.8125,12.875,1578200,13.0,12.875,3.382351875305176
20-03-1990,12.9375,12.9375,4989000,13.5,13.1875,3.4644479751586914
21-03-1990,12.75,13.0625,1506600,13.125,12.75,3.3495140075683594
22-03-1990,12.5,12.75,1551600,12.8125,12.625,3.31667423248291
23-03-1990,12.75,12.75,1052600,12.9375,12.9375,3.3987717628479004
26-03-1990,13.0625,13.125,647600,13.25,13.1875,3.4644479751586914
27-03-1990,12.875,12.9375,684800,13.125,13.0625,3.431607484817505
28-03-1990,12.9375,13.0625,2887800,13.1875,12.9375,3.3987717628479004
29-03-1990,12.9375,13.0,881200,13.0625,13.0,3.415189027786255
30-03-1990,12.75,12.875,884000,12.9375,12.875,3.422100305557251
02-04-1990,12.5625,12.625,868200,12.875,12.8125,3.405489683151245
03-04-1990,13.0,13.0,1407000,13.3125,13.3125,3.5383856296539307
04-04-1990,13.125,13.3125,2314400,13.4375,13.125,3.4885504245758057
05-04-1990,13.25,13.3125,1267800,13.375,13.25,3.521775960922241
06-04-1990,13.0,13.25,1323800,13.25,13.125,3.4885504245758057
09-04-1990,12.9375,13.0,795800,13.0625,13.0625,3.4719362258911133
10-04-1990,12.8125,12.875,967400,13.0625,13.0625,3.4719362258911133
11-04-1990,13.0,13.1875,1623800,13.1875,13.0625,3.4719362258911133
12-04-1990,13.25,13.3125,1754200,13.625,13.5625,3.60483455657959
16-04-1990,13.5,13.5625,926000,13.6875,13.5625,3.60483455657959
17-04-1990,13.3125,13.5625,591400,13.5625,13.4375,3.571608304977417
18-04-1990,13.0625,13.3125,769800,13.375,13.125,3.4885504245758057
19-04-1990,13.0,13.0,604600,13.125,13.0,3.455324411392212
20-04-1990,12.875,13.0,1177400,13.0625,13.0,3.455324411392212
23-04-1990,12.625,12.75,857400,12.8125,12.8125,3.405489683151245
24-04-1990,12.625,12.75,646000,12.8125,12.6875,3.372265100479126
25-04-1990,12.5,12.75,702600,12.75,12.625,3.3556506633758545
26-04-1990,12.4375,12.625,751600,12.625,12.5625,3.3390402793884277
27-04-1990,12.25,12.375,646000,12.4375,12.25,3.2559800148010254
30-04-1990,12.25,12.25,816200,12.5625,12.5625,3.3390402793884277
01-05-1990,12.625,12.6875,1101400,12.875,12.75,3.3888776302337646
02-05-1990,12.75,12.8125,721200,12.875,12.8125,3.405489683151245
03-05-1990,12.6875,12.75,399800,12.75,12.6875,3.372265100479126
04-05-1990,12.875,12.9375,701000,13.0625,13.0625,3.4719362258911133
07-05-1990,13.1875,13.1875,1177400,13.5,13.3125,3.5383856296539307
08-05-1990,13.3125,13.375,939600,13.4375,13.4375,3.571608304977417
09-05-1990,13.25,13.3125,1106800,13.375,13.3125,3.5383856296539307
10-05-1990,13.375,13.5,1422200,13.5,13.4375,3.571608304977417
11-05-1990,13.625,13.6875,1843200,14.1875,14.0625,3.7377331256866455
14-05-1990,13.875,13.9375,2233800,14.25,14.0625,3.7377331256866455
15-05-1990,13.6875,13.875,1242600,14.0,13.75,3.6546714305877686
16-05-1990,13.3125,13.625,2319600,13.625,13.4375,3.571608304977417
17-05-1990,13.625,13.625,1299200,13.875,13.6875,3.638059377670288
18-05-1990,13.5625,13.625,1146200,13.8125,13.75,3.6546714305877686
21-05-1990,13.625,13.6875,1172600,14.125,14.0,3.721118450164795
22-05-1990,14.125,14.3125,2081400,14.3125,14.1875,3.77095627784729
23-05-1990,13.875,13.9375,1721200,14.0625,14.0625,3.7377331256866455
24-05-1990,13.75,13.9375,1040400,13.9375,13.875,3.6878952980041504
25-05-1990,13.3125,13.625,2226600,13.75,13.3125,3.5383856296539307
29-05-1990,13.125,13.1875,2603600,13.8125,13.8125,3.6712822914123535
30-05-1990,13.5625,13.6875,3637200,13.75,13.6875,3.638059377670288
31-05-1990,13.3125,13.3125,2841000,13.5,13.375,3.554996967315674
01-06-1990,13.375,13.5,2389000,13.5625,13.5625,3.60483455657959
04-06-1990,13.3125,13.4375,2620800,13.6875,13.625,3.621446371078491
05-06-1990,13.5625,13.6875,2275600,13.6875,13.5625,3.60483455657959
06-06-1990,13.5,13.5625,1415600,13.6875,13.6875,3.638059377670288
07-06-1990,13.875,14.0,1365600,14.125,13.9375,3.704507350921631
08-06-1990,13.625,13.875,1114600,13.9375,13.75,3.6546714305877686
11-06-1990,13.5625,13.625,1271200,13.75,13.625,3.621446371078491
12-06-1990,13.875,13.9375,1960800,14.1875,14.125,3.754342555999756
13-06-1990,14.125,14.1875,2548200,14.5,14.3125,3.8041810989379883
14-06-1990,14.375,14.375,1589000,14.5625,14.5,3.8540165424346924
15-06-1990,14.0625,14.25,1529400,14.3125,14.3125,3.8041810989379883
18-06-1990,14.0,14.25,949400,14.3125,14.125,3.754342555999756
19-06-1990,14.1875,14.1875,1263400,14.375,14.25,3.7875680923461914
20-06-1990,14.125,14.3125,1198200,14.3125,14.25,3.7875680923461914
21-06-1990,13.9375,14.0625,830800,14.125,14.0625,3.7377331256866455
22-06-1990,14.125,14.125,1129000,14.3125,14.1875,3.77095627784729
25-06-1990,14.0625,14.25,1106800,14.25,14.125,3.754342555999756
26-06-1990,14.0625,14.25,1396200,14.3125,14.0625,3.7377331256866455
27-06-1990,14.0,14.0625,1029600,14.125,14.125,3.754342555999756
28-06-1990,14.125,14.1875,2148800,14.4375,14.375,3.820793867111206
29-06-1990,14.375,14.375,1538000,14.5625,14.5,3.8540165424346924
02-07-1990,14.6875,14.6875,1537000,15.0,15.0,3.986912965774536
03-07-1990,14.6875,14.9375,1298000,15.0,15.0,3.986912965774536
05-07-1990,14.5625,14.6875,1113600,14.6875,14.5625,3.87062931060791
06-07-1990,14.5625,14.625,948000,14.9375,14.875,3.953688621520996
09-07-1990,15.0,15.0,1934000,15.3125,15.3125,4.069973945617676
10-07-1990,15.1875,15.3125,4111400,15.5625,15.4375,4.103198528289795
11-07-1990,15.4375,15.625,3817800,15.8125,15.8125,4.202871322631836
12-07-1990,15.4375,15.5625,2542600,15.75,15.6875,4.169648170471191
13-07-1990,15.5,15.625,3025800,15.875,15.6875,4.169648170471191
16-07-1990,15.8125,15.875,1886400,16.0625,15.875,4.219482421875
17-07-1990,15.875,16.125,1611400,16.125,15.875,4.219482421875
18-07-1990,15.625,15.875,1146000,15.9375,15.6875,4.169648170471191
19-07-1990,15.5625,15.625,944600,15.75,15.75,4.186258316040039
20-07-1990,15.6875,15.75,749200,15.875,15.6875,4.169648170471191
23-07-1990,15.0,15.6875,1981800,15.75,15.1875,4.036749839782715
24-07-1990,14.875,15.125,1630000,15.1875,15.1875,4.036749839782715
25-07-1990,15.125,15.125,628000,15.25,15.125,4.020137310028076
26-07-1990,15.0,15.0625,1133800,15.375,15.3125,4.069973945617676
27-07-1990,15.25,15.3125,1156000,15.4375,15.375,4.086586952209473
30-07-1990,15.1875,15.25,1139800,15.375,15.375,4.086586952209473
31-07-1990,15.4375,15.4375,1261400,15.6875,15.5,4.119811058044434
01-08-1990,15.4375,15.4375,660800,15.5625,15.5,4.119811058044434
02-08-1990,14.75,15.125,694200,15.3125,14.9375,3.9703004360198975
03-08-1990,13.8125,14.9375,2168200,15.0,14.5,3.8540165424346924
06-08-1990,14.0,14.1875,1515800,14.4375,14.25,3.7875680923461914
07-08-1990,14.5,14.8125,953400,14.875,14.5625,3.87062931060791
08-08-1990,14.6875,14.6875,1566400,15.1875,15.1875,4.036749839782715
09-08-1990,14.25,15.1875,5226000,15.3125,14.375,3.820793867111206
10-08-1990,14.125,14.4375,2280000,14.625,14.3125,3.8041810989379883
13-08-1990,14.25,14.25,1223800,14.625,14.625,3.887241840362549
14-08-1990,14.5,14.5,643600,14.6875,14.625,3.887241840362549
15-08-1990,14.8125,14.875,623600,15.0,14.9375,3.9703004360198975
16-08-1990,14.3125,14.625,695400,14.6875,14.375,3.820793867111206
17-08-1990,13.375,14.0,1946200,14.125,13.8125,3.6712822914123535
20-08-1990,13.75,13.75,705200,13.9375,13.875,3.6878952980041504
21-08-1990,13.25,13.5,1016400,13.625,13.5,3.5882225036621094
22-08-1990,13.1875,13.6875,881400,13.875,13.25,3.521775960922241
23-08-1990,12.9375,13.0,1889000,13.25,13.0,3.455324411392212
24-08-1990,13.0625,13.5,1222600,13.75,13.6875,3.638059377670288
27-08-1990,14.125,14.125,900200,14.4375,14.4375,3.83740496635437
28-08-1990,14.125,14.25,672600,14.4375,14.375,3.820793867111206
29-08-1990,14.0625,14.1875,917200,14.5,14.5,3.8540165424346924
30-08-1990,14.0625,14.4375,266800,14.4375,14.125,3.754342555999756
31-08-1990,13.9375,14.0,286400,14.125,14.0625,3.7377331256866455
04-09-1990,13.625,13.75,489000,13.9375,13.9375,3.704507350921631
05-09-1990,13.875,13.9375,966200,14.3125,14.1875,3.77095627784729
06-09-1990,13.9375,14.0625,785000,14.125,14.0625,3.7377331256866455
07-09-1990,13.875,13.9375,1372800,14.4375,14.3125,3.8041810989379883
10-09-1990,14.25,14.5625,781200,14.6875,14.3125,3.8041810989379883
11-09-1990,14.125,14.25,436400,14.25,14.1875,3.77095627784729
12-09-1990,13.875,14.3125,541600,14.375,14.3125,3.8041810989379883
13-09-1990,13.5,13.6875,853000,13.875,13.75,3.6546714305877686
14-09-1990,13.625,13.625,486200,13.75,13.6875,3.638059377670288
17-09-1990,13.75,13.75,721200,14.3125,14.25,3.7875680923461914
18-09-1990,14.0,14.1875,901800,14.25,14.0625,3.7377331256866455
19-09-1990,13.75,14.0,1323000,14.0,13.8125,3.6712822914123535
20-09-1990,13.5,13.6875,1377200,13.75,13.6875,3.638059377670288
21-09-1990,13.5625,13.625,1549000,13.875,13.75,3.6546714305877686
24-09-1990,13.4375,13.6875,1058000,13.75,13.5625,3.689903736114502
25-09-1990,13.8125,13.8125,817800,14.125,14.0625,3.8259377479553223
26-09-1990,13.9375,14.125,718800,14.1875,14.0625,3.8259377479553223
27-09-1990,13.8125,14.375,1142000,14.4375,14.0,3.808932065963745
28-09-1990,13.625,13.6875,938000,14.125,14.0625,3.8259377479553223
01-10-1990,14.25,14.375,2087400,15.0625,15.0,4.08099889755249
02-10-1990,14.8125,15.125,1519200,15.1875,14.8125,4.029987812042236
03-10-1990,15.0625,15.125,2034400,15.625,15.25,4.149015426635742
04-10-1990,15.1875,15.25,1035400,15.4375,15.375,4.183023929595947
05-10-1990,15.0,15.0,2661000,16.3125,16.25,4.421083450317383
08-10-1990,15.8125,16.5,2006200,16.5,16.0,4.3530659675598145
09-10-1990,15.1875,15.5,2013600,15.6875,15.25,4.149015426635742
10-10-1990,15.0,15.25,2038400,15.5625,15.1875,4.132011890411377
11-10-1990,14.625,14.9375,1525800,15.0625,14.9375,4.06399393081665
12-10-1990,14.875,15.1875,1117400,15.4375,15.3125,4.166019916534424
15-10-1990,15.0,15.25,965400,15.25,15.1875,4.132011890411377
16-10-1990,14.5625,14.8125,1356800,14.875,14.75,4.012986183166504
17-10-1990,14.6875,14.6875,1180000,14.875,14.875,4.046989917755127
18-10-1990,14.875,14.875,1582800,15.25,15.25,4.149015426635742
19-10-1990,15.125,15.4375,1237000,15.4375,15.1875,4.132011890411377
22-10-1990,15.0625,15.0625,1847000,15.625,15.5,4.2170329093933105
23-10-1990,15.3125,15.5625,1188200,15.625,15.4375,4.200026988983154
24-10-1990,15.1875,15.25,693200,15.375,15.375,4.183023929595947
25-10-1990,15.0,15.3125,1098400,15.375,15.0,4.08099889755249
26-10-1990,15.1875,15.1875,1502600,15.4375,15.375,4.183023929595947
29-10-1990,15.1875,15.375,656400,15.5,15.25,4.149015426635742
30-10-1990,15.125,15.25,936400,15.3125,15.25,4.149015426635742
31-10-1990,15.0,15.25,729600,15.3125,15.0625,4.0980024337768555
01-11-1990,14.4375,14.75,2162000,15.0,14.5,3.9449660778045654
02-11-1990,14.75,14.75,1473800,15.125,14.9375,4.06399393081665
05-11-1990,15.125,15.1875,1083800,15.4375,15.4375,4.200026988983154
06-11-1990,15.375,15.4375,747200,15.5625,15.375,4.183023929595947
07-11-1990,15.1875,15.375,1008200,15.5,15.25,4.149015426635742
08-11-1990,15.0625,15.125,677600,15.25,15.1875,4.132011890411377
09-11-1990,15.125,15.1875,770200,15.375,15.375,4.183023929595947
12-11-1990,15.5,15.5,1194000,15.75,15.75,4.28504753112793
13-11-1990,15.5625,15.6875,1378800,15.75,15.6875,4.2680463790893555
14-11-1990,15.5,15.625,750600,15.75,15.625,4.251041889190674
15-11-1990,15.5,15.625,914000,15.75,15.5625,4.234037399291992
16-11-1990,15.3125,15.5,1335200,15.5625,15.3125,4.166019916534424
19-11-1990,15.4375,15.5625,768800,15.625,15.5,4.2170329093933105
20-11-1990,15.375,15.625,1191200,15.6875,15.4375,4.200026988983154
21-11-1990,15.5625,15.6875,443200,15.8125,15.8125,4.302052021026611
23-11-1990,15.8125,15.8125,491800,16.0625,15.875,4.319056034088135
26-11-1990,15.5625,15.6875,917200,15.75,15.75,4.28504753112793
27-11-1990,15.6875,15.75,810200,15.9375,15.875,4.319056034088135
28-11-1990,15.6875,15.8125,1864000,16.0,15.9375,4.336061477661133
29-11-1990,15.9375,16.0,3604400,16.5,16.375,4.455090045928955
30-11-1990,15.875,16.0625,2662800,16.5625,16.5,4.48909854888916
03-12-1990,16.1875,16.375,1849200,16.5625,16.3125,4.43808650970459
04-12-1990,16.125,16.25,4427600,16.9375,16.6875,4.540113925933838
05-12-1990,16.6875,16.75,4029800,17.1875,17.0,4.625129699707031
06-12-1990,16.6875,17.1875,2439200,17.25,16.6875,4.540113925933838
07-12-1990,16.4375,16.6875,789400,16.6875,16.6875,4.540113925933838
10-12-1990,16.5625,16.6875,1509000,17.125,17.0625,4.64213752746582
11-12-1990,16.875,17.0625,1871000,17.1875,16.9375,4.608128070831299
12-12-1990,16.8125,17.0,1832200,17.1875,17.0625,4.64213752746582
13-12-1990,17.0,17.0625,1713000,17.3125,17.3125,4.7101521492004395
14-12-1990,17.0,17.1875,921600,17.1875,17.0625,4.64213752746582
17-12-1990,16.8125,16.875,1018800,17.0,16.8125,4.57412052154541
18-12-1990,16.625,16.75,1233000,16.875,16.8125,4.57412052154541
19-12-1990,16.4375,16.5,1503600,16.5625,16.5625,4.506103038787842
20-12-1990,16.0625,16.0625,2567800,16.625,16.5,4.48909854888916
21-12-1990,16.25,16.5,2822200,16.625,16.3125,4.43808650970459
24-12-1990,15.9375,16.1875,498000,16.1875,16.125,4.387075424194336
26-12-1990,16.0,16.25,701400,16.5,16.4375,4.472094535827637
27-12-1990,16.5,16.5,690000,16.625,16.5,4.48909854888916
28-12-1990,16.5,16.5625,578200,16.6875,16.625,4.523110389709473
31-12-1990,16.375,16.5,486400,16.625,16.375,4.455090045928955
02-01-1991,16.375,16.4375,519000,16.5625,16.4375,4.472094535827637
03-01-1991,15.8125,16.375,957600,16.4375,15.8125,4.302052021026611
04-01-1991,15.75,15.875,1320400,16.125,16.125,4.387075424194336
07-01-1991,15.5625,15.6875,1957000,15.875,15.5625,4.234037399291992
08-01-1991,15.5625,15.6875,1354600,15.8125,15.625,4.251041889190674
09-01-1991,15.625,16.0,1279600,16.3125,15.625,4.251041889190674
10-01-1991,15.75,15.875,641400,16.0625,15.9375,4.336061477661133
11-01-1991,16.125,16.25,1195400,16.4375,16.375,4.455090045928955
14-01-1991,15.625,15.9375,1322400,16.125,15.75,4.28504753112793
15-01-1991,15.6875,15.9375,867000,16.0,15.875,4.319056034088135
16-01-1991,15.75,15.8125,1002200,16.125,16.0625,4.37006950378418
17-01-1991,16.5625,16.875,1798400,16.9375,16.75,4.5571160316467285
18-01-1991,16.125,16.375,3646200,16.5625,16.5,4.48909854888916
21-01-1991,16.375,16.4375,1088400,16.75,16.6875,4.540113925933838
22-01-1991,16.5625,16.5625,1622000,16.75,16.5625,4.506103038787842
23-01-1991,16.6875,16.6875,738800,16.9375,16.875,4.591126918792725
24-01-1991,16.875,17.0,1815200,17.75,17.25,4.693149089813232
25-01-1991,17.0,17.25,1157400,17.3125,17.0625,4.64213752746582
28-01-1991,17.125,17.125,1916800,17.5,17.3125,4.7101521492004395
29-01-1991,17.1875,17.3125,1108200,17.375,17.25,4.693149089813232
30-01-1991,17.1875,17.25,1704000,17.6875,17.625,4.795176029205322
31-01-1991,17.5625,17.625,1425800,17.8125,17.8125,4.846187591552734
01-02-1991,17.6875,17.75,1445200,18.0625,17.9375,4.880194664001465
04-02-1991,17.8125,17.875,1902600,18.25,18.25,4.965217113494873
05-02-1991,18.0625,18.1875,1805800,18.4375,18.375,4.9992218017578125
06-02-1991,18.125,18.1875,1832600,18.625,18.5,5.033236026763916
07-02-1991,18.3125,18.5,2279600,18.625,18.5,5.033236026763916
08-02-1991,18.375,18.375,1336800,18.625,18.4375,5.016229629516602
11-02-1991,18.3125,18.625,2174200,19.4375,19.375,5.271291255950928
12-02-1991,18.8125,19.0,2526800,19.125,18.9375,5.15226411819458
13-02-1991,18.8125,19.1875,1093800,19.25,19.0,5.169265270233154
14-02-1991,18.875,19.0625,1799600,19.125,18.9375,5.15226411819458
15-02-1991,19.0,19.0625,1278400,19.3125,19.25,5.237283706665039
19-02-1991,19.125,19.25,1386400,19.3125,19.125,5.203272342681885
20-02-1991,18.125,18.8125,2807600,18.8125,18.5,5.033236026763916
21-02-1991,18.375,18.5625,1437000,18.625,18.4375,5.016229629516602
22-02-1991,18.1875,18.375,1296600,18.4375,18.25,4.965217113494873
25-02-1991,18.1875,18.4375,1628000,18.5,18.375,4.9992218017578125
26-02-1991,17.6875,18.25,2470400,18.4375,17.8125,4.846187591552734
27-02-1991,17.625,17.75,4313400,18.3125,18.1875,4.9482102394104
28-02-1991,18.875,19.0625,4150000,19.1875,18.9375,5.15226411819458
01-03-1991,18.5625,18.875,2501400,19.125,18.9375,5.15226411819458
04-03-1991,18.9375,19.0,2400200,19.5625,19.375,5.271291255950928
05-03-1991,19.5625,19.625,2413000,20.125,20.0625,5.458339691162109
06-03-1991,19.6875,19.875,2524800,20.0,19.75,5.373314380645752
07-03-1991,19.3125,19.5625,1460600,19.625,19.3125,5.254286766052246
08-03-1991,18.875,19.0625,2021600,19.125,19.0,5.169265270233154
11-03-1991,18.8125,19.0625,1275600,19.125,18.9375,5.15226411819458
12-03-1991,18.75,18.875,1286600,18.9375,18.75,5.101250648498535
13-03-1991,18.25,18.5,2753400,18.6875,18.625,5.067239761352539
14-03-1991,18.5625,18.625,2797000,19.25,19.0625,5.186270236968994
15-03-1991,18.8125,19.0,1569200,19.0625,18.9375,5.202065944671631
18-03-1991,18.5625,18.75,1662600,18.75,18.625,5.11622428894043
19-03-1991,17.9375,18.0,1909800,18.4375,18.25,5.013210296630859
20-03-1991,18.0,18.0625,2887200,18.5625,18.5,5.081887245178223
21-03-1991,18.75,18.8125,1952600,19.125,18.9375,5.202065944671631
22-03-1991,18.75,18.875,1200800,19.0625,19.0,5.219233989715576
25-03-1991,18.75,18.875,2047200,19.0625,18.875,5.184895038604736
26-03-1991,18.875,18.875,2234800,19.5,19.375,5.3222455978393555
27-03-1991,19.375,19.5,2049800,19.625,19.5,5.356583118438721
28-03-1991,19.3125,19.375,1817600,20.0625,19.8125,5.4424238204956055
01-04-1991,19.8125,19.9375,1249400,20.1875,19.875,5.459595203399658
02-04-1991,20.125,20.1875,2417000,20.6875,20.625,5.665613651275635
03-04-1991,20.375,20.5625,3053800,20.75,20.5625,5.6484456062316895
04-04-1991,20.1875,20.375,2654800,20.5625,20.4375,5.614109039306641
05-04-1991,20.0625,20.25,2038800,20.3125,20.25,5.562601566314697
08-04-1991,19.875,20.0,1576200,20.125,20.0,5.493927478790283
09-04-1991,19.3125,19.3125,3965600,19.6875,19.4375,5.339414596557617
10-04-1991,19.125,19.375,2421200,19.4375,19.1875,5.2707390785217285
11-04-1991,19.3125,19.3125,3502000,20.0,19.8125,5.4424238204956055
12-04-1991,19.6875,19.9375,2316800,20.0625,19.8125,5.4424238204956055
15-04-1991,19.8125,20.0,2197600,20.1875,19.9375,5.4767608642578125
16-04-1991,19.5,19.625,3248200,20.125,19.6875,5.408084869384766
17-04-1991,19.6875,19.9375,3159200,20.0,19.875,5.459595203399658
18-04-1991,19.1875,19.5,3442800,19.5625,19.25,5.287907600402832
19-04-1991,18.6875,19.0625,3531600,19.125,18.875,5.184895038604736
22-04-1991,18.3125,18.5625,3774400,18.625,18.5,5.081887245178223
23-04-1991,18.5625,18.6875,2207600,18.8125,18.6875,5.133389472961426
24-04-1991,18.75,18.875,2455800,18.9375,18.9375,5.202065944671631
25-04-1991,18.8125,18.875,2038800,19.125,18.875,5.184895038604736
26-04-1991,18.875,18.9375,868800,19.0,18.9375,5.202065944671631
29-04-1991,18.8125,18.9375,1522600,19.25,18.8125,5.167729377746582
30-04-1991,18.8125,18.875,2011000,19.125,19.0625,5.236401557922363
01-05-1991,19.0625,19.1875,2394000,19.25,19.1875,5.2707390785217285
02-05-1991,18.9375,19.125,1410800,19.1875,19.0,5.219233989715576
03-05-1991,18.8125,18.9375,1216600,19.0,19.0,5.219233989715576
06-05-1991,18.9375,19.0,939800,19.125,19.125,5.25356912612915
07-05-1991,19.25,19.3125,1853200,19.5,19.4375,5.339414596557617
08-05-1991,19.1875,19.25,1281800,19.375,19.375,5.3222455978393555
09-05-1991,19.25,19.375,1630000,19.75,19.625,5.390918254852295
10-05-1991,19.25,19.75,959600,19.8125,19.25,5.287907600402832
13-05-1991,19.1875,19.3125,999800,19.5,19.5,5.356583118438721
14-05-1991,18.9375,19.25,759000,19.3125,19.0,5.219233989715576
15-05-1991,18.75,19.0625,1734200,19.125,18.8125,5.167729377746582
16-05-1991,18.8125,18.9375,2131000,19.25,19.125,5.25356912612915
17-05-1991,18.9375,18.9375,3412800,19.5,19.4375,5.339414596557617
20-05-1991,19.3125,19.4375,2115600,19.6875,19.5625,5.373751640319824
21-05-1991,19.4375,19.5,2428600,20.0,19.875,5.459595203399658
22-05-1991,19.75,19.9375,1552000,19.9375,19.875,5.459595203399658
23-05-1991,19.75,19.8125,2195800,20.125,20.0,5.493927478790283
24-05-1991,19.8125,19.9375,5303800,21.0625,21.0,5.768628120422363
28-05-1991,21.0,21.25,3199600,21.375,21.3125,5.854466915130615
29-05-1991,21.125,21.3125,2538800,21.3125,21.125,5.8029608726501465
30-05-1991,20.25,21.0625,3208600,21.1875,20.625,5.665613651275635
31-05-1991,20.125,20.5,3063400,20.625,20.375,5.596942901611328
03-06-1991,20.0625,20.25,1418200,20.375,20.1875,5.545434951782227
04-06-1991,20.0625,20.125,2954200,20.9375,20.9375,5.751457691192627
05-06-1991,21.3125,21.4375,5626000,22.125,21.75,5.974649906158447
06-06-1991,21.4375,21.625,2183800,21.75,21.5,5.90597677230835
07-06-1991,20.75,21.25,2423800,21.375,21.0625,5.785793781280518
10-06-1991,20.6875,21.125,1442000,21.125,20.9375,5.751457691192627
11-06-1991,20.875,20.9375,2265400,21.125,21.0,5.768628120422363
12-06-1991,20.375,20.9375,2576800,21.0,20.375,5.596942901611328
13-06-1991,20.25,20.25,4154800,21.125,20.9375,5.751457691192627
14-06-1991,21.0625,21.0625,3444600,21.5,21.4375,5.888805389404297
17-06-1991,20.8125,20.875,2817800,21.3125,21.0625,5.785793781280518
18-06-1991,20.8125,20.9375,2546000,21.1875,20.9375,5.751457691192627
19-06-1991,20.5,20.75,2004800,20.875,20.6875,5.682783126831055
20-06-1991,20.625,20.625,1145800,20.8125,20.625,5.665613651275635
21-06-1991,20.625,20.75,1231800,20.8125,20.6875,5.682783126831055
24-06-1991,20.5625,20.625,1788600,20.875,20.75,5.699950695037842
25-06-1991,20.8125,21.0,1492000,21.0,20.875,5.734287738800049
26-06-1991,20.5625,20.8125,1802200,20.9375,20.9375,5.751457691192627
27-06-1991,20.625,20.875,1606800,20.9375,20.6875,5.682783126831055
28-06-1991,20.0,20.375,2285600,20.4375,20.25,5.562601566314697
01-07-1991,20.4375,20.5,2435400,20.8125,20.75,5.699950695037842
02-07-1991,20.5,20.6875,1600800,20.75,20.5625,5.6484456062316895
03-07-1991,20.1875,20.375,1110400,20.375,20.375,5.596942901611328
05-07-1991,20.375,20.375,599600,20.625,20.5,5.631278038024902
08-07-1991,20.3125,20.3125,1739800,20.9375,20.875,5.734287738800049
09-07-1991,20.5625,20.9375,1205200,20.9375,20.6875,5.682783126831055
10-07-1991,20.625,20.6875,2172600,20.9375,20.625,5.665613651275635
11-07-1991,20.625,20.875,1557600,20.875,20.6875,5.682783126831055
12-07-1991,20.8125,20.875,1393000,21.125,21.0625,5.785793781280518
15-07-1991,21.0,21.125,1227000,21.375,21.25,5.83729887008667
16-07-1991,21.25,21.375,1087000,21.4375,21.3125,5.854466915130615
17-07-1991,21.1875,21.25,1396400,21.4375,21.3125,5.854466915130615
18-07-1991,21.25,21.3125,1005400,21.5,21.4375,5.888805389404297
19-07-1991,21.4375,21.75,2610400,22.0,22.0,6.043323993682861
22-07-1991,21.6875,22.0,1462000,22.0625,21.8125,5.99181604385376
23-07-1991,21.5625,21.9375,1528600,21.9375,21.5625,5.923144340515137
24-07-1991,21.6875,21.75,1003800,21.9375,21.75,5.974649906158447
25-07-1991,21.25,21.625,1239200,21.625,21.3125,5.854466915130615
26-07-1991,21.1875,21.25,923800,21.375,21.25,5.83729887008667
29-07-1991,21.25,21.375,2042400,21.5,21.5,5.90597677230835
30-07-1991,21.6875,21.75,2754400,22.0625,21.9375,6.0261549949646
31-07-1991,21.8125,22.0,1434200,22.0,22.0,6.043323993682861
01-08-1991,21.9375,22.0,3077000,22.3125,22.0625,6.06049108505249
02-08-1991,22.0625,22.25,1910000,22.3125,22.1875,6.094827175140381
05-08-1991,21.9375,22.0,1313200,22.1875,22.0,6.043323993682861
06-08-1991,21.875,22.0,1649400,22.25,22.1875,6.094827175140381
07-08-1991,22.1875,22.25,2640000,22.5625,22.4375,6.163501262664795
08-08-1991,22.3125,22.4375,1664400,22.625,22.4375,6.163501262664795
09-08-1991,21.875,22.375,808000,22.375,21.875,6.0089850425720215
12-08-1991,21.5,21.6875,820000,21.875,21.8125,5.99181604385376
13-08-1991,22.0,22.125,5057800,22.6875,22.5625,6.197840213775635
14-08-1991,22.625,22.8125,2091400,22.9375,22.75,6.249344348907471
15-08-1991,22.5625,22.9375,1714800,23.0,22.5625,6.197840213775635
16-08-1991,22.4375,22.625,1925800,22.6875,22.4375,6.163501262664795
19-08-1991,21.0,21.0625,3578000,21.6875,21.5625,5.923144340515137
20-08-1991,21.5,21.8125,2069400,21.875,21.8125,5.99181604385376
21-08-1991,22.5,22.625,2251000,23.125,22.9375,6.300849437713623
22-08-1991,22.875,23.125,1532600,23.125,22.9375,6.300849437713623
23-08-1991,22.6875,22.75,1767600,23.1875,22.875,6.283682346343994
26-08-1991,22.75,22.875,769600,23.125,23.0625,6.335188865661621
27-08-1991,22.8125,23.0,1111600,23.0625,22.8125,6.266512870788574
28-08-1991,22.875,22.9375,2460600,23.25,23.1875,6.369527339935303
29-08-1991,23.0,23.375,1750800,23.5,23.375,6.421032428741455
30-08-1991,23.0625,23.25,964800,23.375,23.125,6.352355480194092
03-09-1991,23.0625,23.25,1497200,23.375,23.0625,6.335188865661621
04-09-1991,22.9375,23.125,1172400,23.1875,23.125,6.352355480194092
05-09-1991,23.3125,23.375,1752600,23.5625,23.375,6.421032428741455
06-09-1991,23.5,23.5,2400600,24.125,24.0,6.592715263366699
09-09-1991,23.6875,23.9375,1586600,24.0,23.875,6.558380126953125
10-09-1991,23.0625,23.6875,3539600,23.75,23.125,6.352355480194092
11-09-1991,22.9375,23.1875,1516400,23.1875,23.125,6.352355480194092
12-09-1991,23.8125,24.125,3755600,24.25,24.125,6.627054214477539
13-09-1991,23.8125,24.1875,2348800,24.25,24.0625,6.609886169433594
16-09-1991,23.4375,23.5,1911000,23.75,23.625,6.59480619430542
17-09-1991,23.3125,23.4375,1477400,23.5625,23.4375,6.542470932006836
18-09-1991,23.1875,23.3125,1410600,23.4375,23.375,6.5250244140625
19-09-1991,23.6875,23.75,3808600,24.125,23.875,6.664597511291504
20-09-1991,23.9375,24.0,4464800,24.625,24.5,6.8390631675720215
23-09-1991,24.3125,24.5625,1471600,24.625,24.4375,6.821613311767578
24-09-1991,23.875,24.1875,1678400,24.25,23.9375,6.68204402923584
25-09-1991,23.625,23.9375,2153600,24.0,23.6875,6.612256050109863
26-09-1991,23.375,23.625,1309000,23.6875,23.625,6.59480619430542
27-09-1991,23.8125,23.875,1320000,24.0,23.9375,6.68204402923584
30-09-1991,24.0,24.125,1575400,24.5625,24.5,6.8390631675720215
01-10-1991,24.375,24.5,1699400,24.625,24.5,6.8390631675720215
02-10-1991,24.5,24.5,1800200,24.875,24.8125,6.926297664642334
03-10-1991,24.5,24.625,1802600,24.8125,24.6875,6.891400337219238
04-10-1991,24.5625,24.625,1460200,24.75,24.6875,6.891400337219238
07-10-1991,24.4375,24.5625,777400,24.625,24.5625,6.856508255004883
08-10-1991,24.6875,24.8125,1690200,25.0,24.875,6.943742752075195
09-10-1991,24.5625,24.6875,2043600,24.8125,24.625,6.873959541320801
10-10-1991,23.4375,24.3125,4631800,24.375,23.875,6.664597511291504
11-10-1991,23.6875,23.8125,2230400,24.1875,24.125,6.7343831062316895
14-10-1991,24.0,24.1875,1226400,24.3125,24.3125,6.78672456741333
15-10-1991,24.0625,24.125,1516800,24.25,24.1875,6.751828670501709
16-10-1991,24.0,24.1875,1545000,24.25,24.1875,6.751828670501709
17-10-1991,24.25,24.25,1917600,24.75,24.75,6.908851623535156
18-10-1991,24.9375,25.0,2398400,25.25,25.1875,7.03097677230835
21-10-1991,24.625,24.9375,1008000,25.0,24.6875,6.891400337219238
22-10-1991,24.3125,24.4375,1903000,24.6875,24.5625,6.856508255004883
23-10-1991,24.5625,24.625,2781400,24.875,24.75,6.908851623535156
24-10-1991,24.375,24.6875,2445800,24.75,24.625,6.873959541320801
25-10-1991,25.0625,25.25,7154400,26.125,25.625,7.153103351593018
28-10-1991,25.875,26.0,4986800,26.875,26.6875,7.449696063995361
29-10-1991,26.75,26.875,6780000,28.125,27.6875,7.7288408279418945
30-10-1991,27.25,27.375,5547000,28.1875,28.0625,7.833516597747803
31-10-1991,27.625,27.875,3298000,27.9375,27.75,7.7462849617004395
01-11-1991,27.5625,27.75,2518200,28.1875,27.9375,7.798625946044922
04-11-1991,27.6875,27.875,1812400,27.9375,27.75,7.7462849617004395
05-11-1991,27.6875,27.75,2602800,28.125,27.875,7.7811784744262695
06-11-1991,27.4375,27.75,2877400,27.875,27.5625,7.693943500518799
07-11-1991,27.5625,27.5625,3134200,28.125,27.8125,7.763731002807617
08-11-1991,27.75,28.125,1956000,28.1875,27.875,7.7811784744262695
11-11-1991,27.9375,28.0,2701600,28.6875,28.5,7.9556450843811035
12-11-1991,29.0,29.0,6386200,30.0,29.75,8.304579734802246
13-11-1991,29.375,29.625,5716000,30.625,30.375,8.479040145874023
14-11-1991,30.5,30.75,9643400,32.125,31.375,8.758191108703613
15-11-1991,28.75,30.625,9056700,30.75,29.125,8.130109786987305
18-11-1991,28.25,28.875,6896500,30.5,30.375,8.479040145874023
19-11-1991,27.875,29.25,6651100,29.375,28.75,8.02542781829834
20-11-1991,28.25,29.125,4001700,29.375,28.375,7.920752048492432
21-11-1991,27.625,27.875,3918100,29.625,28.625,7.990537643432617
22-11-1991,27.75,28.5,2150300,28.625,28.0,7.816073894500732
25-11-1991,27.375,27.875,2178000,28.25,27.625,7.711390972137451
26-11-1991,27.25,27.75,2444000,28.125,27.625,7.711390972137451
27-11-1991,27.125,27.625,1751500,27.875,27.625,7.711390972137451
29-11-1991,26.75,27.0,1608600,27.875,27.25,7.60671329498291
02-12-1991,26.875,27.0,2824000,29.125,29.0,8.095219612121582
03-12-1991,28.5,28.875,2823400,29.75,28.875,8.060322761535645
04-12-1991,29.125,29.5,1889500,29.75,29.375,8.199897766113281
05-12-1991,29.375,29.5,2022700,30.125,29.75,8.304579734802246
06-12-1991,29.375,29.625,1520000,29.875,29.625,8.269681930541992
09-12-1991,29.125,29.75,2024700,30.375,29.75,8.304579734802246
10-12-1991,28.875,29.75,2270700,30.0,29.125,8.130109786987305
11-12-1991,28.375,29.125,1745300,29.25,29.0,8.095219612121582
12-12-1991,29.125,29.375,1770000,29.875,29.625,8.269681930541992
13-12-1991,29.5,30.125,1927500,30.25,29.75,8.304579734802246
16-12-1991,29.75,30.0,1723700,30.25,30.0,8.37436294555664
17-12-1991,30.0,30.25,2611600,30.875,30.5,8.513936042785645
18-12-1991,29.75,30.125,1969000,30.25,30.125,8.409255981445312
19-12-1991,29.375,29.625,1649300,29.75,29.5,8.234792709350586
20-12-1991,29.0,29.625,1858800,30.0,29.5,8.234792709350586
23-12-1991,29.25,29.25,2132800,30.375,30.25,8.444151878356934
24-12-1991,30.125,30.625,1217100,30.75,30.375,8.479040145874023
26-12-1991,30.375,30.5,1420200,31.25,30.875,8.618616104125977
27-12-1991,30.625,31.0,1530700,31.25,30.75,8.583724021911621
30-12-1991,30.5,30.75,1872600,31.25,31.25,8.72329330444336
31-12-1991,31.5,32.0,2437400,32.375,31.75,8.862865447998047
02-01-1992,31.5,31.875,1963400,32.125,31.875,8.897758483886719
03-01-1992,31.5,31.75,2030700,32.375,32.25,9.002439498901367
06-01-1992,31.875,32.125,1995600,32.375,32.0,8.932655334472656
07-01-1992,32.375,32.5,5328400,34.25,34.0,9.490943908691406
08-01-1992,33.125,33.125,5834500,34.125,33.625,9.38626480102539
09-01-1992,33.625,34.0,6543500,35.25,34.75,9.700301170349121
10-01-1992,33.25,34.25,4845800,34.5,33.75,9.421164512634277
13-01-1992,33.5,33.875,2802700,34.0,33.875,9.456053733825684
14-01-1992,33.375,33.75,3099200,34.125,33.875,9.456053733825684
15-01-1992,32.5,33.375,5219500,33.5,32.75,9.142009735107422
16-01-1992,29.875,30.5,9455000,30.875,30.875,8.618616104125977
17-01-1992,29.875,30.375,6924900,31.375,31.0,8.6535062789917
20-01-1992,30.875,31.125,3707800,31.75,31.5,8.793078422546387
21-01-1992,30.5,31.625,3723300,31.75,30.625,8.548828125
22-01-1992,30.5,30.625,4274900,31.375,31.125,8.688399314880371
23-01-1992,30.5,31.375,3268800,31.5,30.625,8.548828125
24-01-1992,30.375,30.5,2738100,31.375,31.125,8.688399314880371
27-01-1992,30.625,31.375,2106400,31.5,30.875,8.618616104125977
28-01-1992,30.75,30.875,1736500,31.25,30.875,8.618616104125977
29-01-1992,30.0,30.625,3324200,31.25,30.0,8.37436294555664
30-01-1992,29.75,30.0,3729000,30.625,30.625,8.548828125
31-01-1992,30.5,30.625,2320600,31.25,30.75,8.583724021911621
03-02-1992,30.25,30.375,2187700,30.75,30.5,8.513936042785645
04-02-1992,30.5,30.625,2916500,31.0,30.875,8.618616104125977
05-02-1992,30.625,31.125,2573400,31.25,30.75,8.583724021911621
06-02-1992,30.0,30.5,2284200,30.625,30.5,8.513936042785645
07-02-1992,29.875,30.375,2244700,30.625,30.0,8.37436294555664
10-02-1992,30.375,30.625,2056900,30.875,30.625,8.548828125
11-02-1992,29.75,30.5,2464900,30.5,29.75,8.304579734802246
12-02-1992,29.125,29.875,4086600,29.875,29.375,8.199897766113281
13-02-1992,28.625,29.25,3971400,29.25,29.0,8.095219612121582
14-02-1992,28.875,29.0,1958600,29.375,29.375,8.199897766113281
18-02-1992,29.625,30.0,3883000,30.375,29.75,8.304579734802246
19-02-1992,29.125,29.625,2238300,29.75,29.625,8.269681930541992
20-02-1992,28.25,28.5,5184500,29.875,29.25,8.165003776550293
21-02-1992,28.875,29.5,2880200,29.5,29.125,8.130109786987305
24-02-1992,28.75,29.0,1794400,29.25,29.0,8.095219612121582
25-02-1992,28.375,28.875,2692200,29.5,28.625,7.990537643432617
26-02-1992,28.0,28.625,4330000,28.875,28.5,7.9556450843811035
27-02-1992,27.75,28.25,4399400,28.5,28.25,7.885860919952393
28-02-1992,27.75,28.125,3026500,28.375,28.0,7.8946003913879395
02-03-1992,27.5,27.75,2325500,28.0,27.75,7.824112415313721
03-03-1992,27.75,27.875,3872600,28.5,28.375,8.000324249267578
04-03-1992,27.375,28.25,3885400,28.375,27.625,7.788867950439453
05-03-1992,26.75,27.125,4047100,27.5,27.0,7.612646579742432
06-03-1992,26.75,27.125,2728900,27.25,27.0,7.612646579742432
09-03-1992,27.125,27.25,2539500,27.5,27.5,7.753622055053711
10-03-1992,27.5,27.75,2514900,28.0,27.75,7.824112415313721
11-03-1992,27.0,27.375,2219900,27.625,27.25,7.683135032653809
12-03-1992,27.0,27.375,1686400,27.5,27.5,7.753622055053711
13-03-1992,27.125,27.5,1568100,27.75,27.375,7.718381404876709
16-03-1992,26.875,27.25,1391600,27.375,27.375,7.718381404876709
17-03-1992,26.875,27.125,2326600,27.5,27.0,7.612646579742432
18-03-1992,26.5,27.0,2312400,27.125,26.625,7.506916522979736
19-03-1992,26.0,26.375,3450200,26.625,26.25,7.40118408203125
20-03-1992,26.125,26.375,3309900,26.875,26.75,7.542160987854004
23-03-1992,26.875,27.0,3234600,27.75,27.75,7.824112415313721
24-03-1992,28.125,28.25,3028700,28.875,28.5,8.035578727722168
25-03-1992,28.5,28.875,3054500,29.25,28.625,8.070813179016113
26-03-1992,27.5,28.375,2145200,28.375,27.5,7.753622055053711
27-03-1992,27.25,27.25,1882000,27.75,27.375,7.718381404876709
30-03-1992,27.5,27.625,1343100,28.625,28.0,7.8946003913879395
31-03-1992,27.125,27.75,1573800,27.875,27.125,7.64789342880249
01-04-1992,26.875,27.0,2156700,27.75,27.625,7.788867950439453
02-04-1992,26.875,27.5,1240900,28.375,27.125,7.64789342880249
03-04-1992,26.75,27.0,1117900,27.25,27.25,7.683135032653809
06-04-1992,26.75,27.25,1142400,27.375,27.25,7.683135032653809
07-04-1992,26.25,27.0,2075300,27.0,26.25,7.40118408203125
08-04-1992,26.125,26.25,3528400,26.625,26.5,7.47167444229126
09-04-1992,26.5,26.75,2235900,27.5,27.0,7.612646579742432
10-04-1992,27.625,28.375,2192100,28.5,27.875,7.859353542327881
13-04-1992,27.875,28.0,1194600,28.25,28.25,7.965084552764893
14-04-1992,27.875,28.5,2042200,29.0,28.75,8.106059074401855
15-04-1992,28.5,29.125,2148600,29.25,28.625,8.070813179016113
16-04-1992,27.125,28.0,2110600,28.125,27.25,7.683135032653809
20-04-1992,26.125,27.0,3251700,27.125,26.25,7.40118408203125
21-04-1992,26.375,26.5,2660300,26.875,26.875,7.5774102210998535
22-04-1992,26.125,26.875,2503100,27.0,26.375,7.436428070068359
23-04-1992,25.125,26.25,7362900,26.5,25.625,7.224966526031494
24-04-1992,25.25,25.625,3684500,25.875,25.75,7.260209560394287
27-04-1992,25.5,25.625,2012000,26.25,25.875,7.295457363128662
28-04-1992,25.625,25.75,2410200,26.125,26.0,7.330702304840088
29-04-1992,25.5,26.375,3962900,26.375,25.75,7.260209560394287
30-04-1992,25.375,25.75,3295500,26.75,26.625,7.506916522979736
01-05-1992,25.375,25.75,3678100,25.875,25.625,7.224966526031494
04-05-1992,26.25,26.375,2777100,26.75,26.625,7.506916522979736
05-05-1992,26.5,26.625,3419900,27.25,27.0,7.612646579742432
06-05-1992,27.5,27.625,3046600,28.0,27.625,7.788867950439453
07-05-1992,25.625,27.75,2067200,27.875,27.5,7.753622055053711
08-05-1992,27.625,27.875,1489900,28.0,27.875,7.859353542327881
11-05-1992,27.5,27.75,1368200,27.875,27.75,7.824112415313721
12-05-1992,27.5,27.75,1268300,27.875,27.625,7.788867950439453
13-05-1992,27.0,27.5,1918000,27.625,27.125,7.64789342880249
14-05-1992,26.375,27.0,2160600,27.125,26.625,7.506916522979736
15-05-1992,26.375,26.5,1177700,26.875,26.625,7.506916522979736
18-05-1992,26.5,26.625,948800,27.0,27.0,7.612646579742432
19-05-1992,27.25,27.375,2293600,27.75,27.75,7.824112415313721
20-05-1992,27.375,27.875,1279000,27.875,27.5,7.753622055053711
21-05-1992,26.75,27.25,1731600,27.375,27.0,7.612646579742432
22-05-1992,27.125,27.25,1107800,27.625,27.5,7.753622055053711
26-05-1992,27.0,27.375,945400,27.625,27.125,7.64789342880249
27-05-1992,26.875,27.0,1193800,27.125,26.875,7.5774102210998535
28-05-1992,26.875,27.0,1530100,27.75,27.75,7.824112415313721
29-05-1992,28.125,28.25,2293300,28.5,28.25,7.965084552764893
01-06-1992,27.875,28.25,1095000,28.625,28.5,8.035578727722168
02-06-1992,27.25,28.375,3571300,28.5,27.25,7.683135032653809
03-06-1992,27.0,27.25,2523300,27.875,27.25,7.683135032653809
04-06-1992,26.625,27.375,2290300,27.5,26.625,7.506916522979736
05-06-1992,26.75,26.875,953900,27.25,27.25,7.683135032653809
08-06-1992,26.5,27.0,1845500,27.125,26.75,7.542160987854004
09-06-1992,26.5,26.75,1637300,26.875,26.5,7.47167444229126
10-06-1992,26.5,26.75,839200,27.0,26.5,7.47167444229126
11-06-1992,26.0,26.375,2943500,26.625,26.5,7.47167444229126
12-06-1992,26.625,26.875,779000,27.0,26.75,7.542160987854004
15-06-1992,26.5,26.5,851200,26.875,26.5,7.47167444229126
16-06-1992,26.5,26.625,2172600,27.25,26.75,7.542160987854004
17-06-1992,25.75,26.125,1907700,26.5,25.75,7.260209560394287
18-06-1992,25.75,25.75,2040100,26.25,26.0,7.330702304840088
19-06-1992,25.75,26.25,2193300,26.5,25.75,7.260209560394287
22-06-1992,25.375,25.875,1853400,26.0,26.0,7.330702304840088
23-06-1992,26.0,26.0,1945900,26.5,26.0,7.330702304840088
24-06-1992,26.125,26.125,1115200,26.375,26.25,7.40118408203125
25-06-1992,26.0,26.625,1542200,26.75,26.125,7.365938186645508
26-06-1992,25.75,26.25,1122000,26.375,26.125,7.365938186645508
29-06-1992,24.625,25.875,4831100,26.0,25.125,7.0839924812316895
30-06-1992,25.25,25.375,2097800,25.625,25.375,7.154481887817383
01-07-1992,24.75,25.125,3184100,25.25,25.125,7.0839924812316895
02-07-1992,23.75,25.25,5516100,25.5,23.875,6.731556415557861
06-07-1992,24.125,24.375,3698300,25.25,25.25,7.119236946105957
07-07-1992,25.625,25.875,2391000,26.0,25.75,7.260209560394287
08-07-1992,25.625,25.75,2141500,26.25,26.125,7.365938186645508
09-07-1992,26.5,26.625,2649300,27.0,27.0,7.612646579742432
10-07-1992,26.75,27.375,2043700,27.5,26.75,7.542160987854004
13-07-1992,26.0,26.5,2473000,26.5,26.125,7.365938186645508
14-07-1992,26.0,26.125,1506200,26.5,26.375,7.436428070068359
15-07-1992,26.0,26.5,1341200,26.75,26.125,7.365938186645508
16-07-1992,26.25,26.25,1816700,26.875,26.875,7.5774102210998535
17-07-1992,26.125,26.625,726800,26.75,26.375,7.436428070068359
20-07-1992,26.125,26.375,1691000,26.875,26.625,7.506916522979736
21-07-1992,26.875,27.125,1642600,27.25,27.0,7.612646579742432
22-07-1992,26.5,27.0,1334300,27.125,26.5,7.47167444229126
23-07-1992,26.5,26.5,1496100,27.0,26.75,7.542160987854004
24-07-1992,26.5,26.625,766700,26.875,26.625,7.506916522979736
27-07-1992,26.75,27.0,963400,27.125,26.875,7.5774102210998535
28-07-1992,26.875,26.875,1921000,27.5,27.375,7.718381404876709
29-07-1992,27.5,28.0,2448300,28.125,27.625,7.788867950439453
30-07-1992,27.375,27.375,1184800,27.875,27.75,7.824112415313721
31-07-1992,27.5,27.75,577700,27.75,27.5,7.753622055053711
03-08-1992,27.5,27.625,1178800,27.875,27.875,7.859353542327881
04-08-1992,27.5,27.875,961400,28.0,27.625,7.788867950439453
05-08-1992,27.0,27.375,500400,27.375,27.0,7.612646579742432
06-08-1992,27.0,27.0,734800,27.375,27.25,7.683135032653809
07-08-1992,27.125,27.375,850400,27.5,27.375,7.718381404876709
10-08-1992,26.75,27.125,746500,27.25,27.125,7.64789342880249
11-08-1992,26.75,27.0,746500,27.125,27.0,7.612646579742432
12-08-1992,26.0,26.75,686700,26.875,26.5,7.47167444229126
13-08-1992,26.625,26.75,605300,26.875,26.625,7.506916522979736
14-08-1992,26.875,27.0,828800,27.375,27.375,7.718381404876709
17-08-1992,27.5,27.5,1171200,27.875,27.625,7.788867950439453
18-08-1992,27.5,27.75,677400,27.875,27.75,7.824112415313721
19-08-1992,27.75,27.875,1827800,28.125,27.75,7.824112415313721
20-08-1992,27.875,28.25,1765600,28.375,28.0,7.8946003913879395
21-08-1992,27.75,28.125,1418200,28.25,27.75,7.824112415313721
24-08-1992,27.375,27.875,1757200,28.0,27.5,7.753622055053711
25-08-1992,26.875,27.375,1306700,27.5,27.25,7.683135032653809
26-08-1992,27.125,27.375,1232200,27.5,27.375,7.718381404876709
27-08-1992,27.75,27.875,795100,28.125,28.0,7.8946003913879395
28-08-1992,28.25,28.5,1840500,28.625,28.375,8.000324249267578
31-08-1992,28.0,28.375,1189500,28.5,28.125,7.929841041564941
01-09-1992,27.875,28.0,953500,28.25,28.0,7.8946003913879395
02-09-1992,28.25,28.375,1925400,29.0,29.0,8.176551818847656
03-09-1992,29.0,29.25,1808900,29.5,29.25,8.247032165527344
04-09-1992,29.25,29.375,1630300,29.875,29.625,8.352766990661621
08-09-1992,29.625,30.125,2349300,30.25,29.625,8.352766990661621
09-09-1992,29.25,29.75,1390000,29.75,29.375,8.282279968261719
10-09-1992,29.0,29.125,1351500,29.625,29.625,8.352766990661621
11-09-1992,29.125,29.75,1232300,29.875,29.25,8.247032165527344
14-09-1992,27.625,29.75,1977500,30.0,29.875,8.423258781433105
15-09-1992,28.875,29.5,1155800,29.625,29.125,8.211793899536133
16-09-1992,28.375,28.625,2586600,29.375,29.0,8.176551818847656
17-09-1992,28.625,29.125,1141100,29.875,29.0,8.176551818847656
18-09-1992,29.0,29.25,1154400,29.375,29.125,8.211793899536133
21-09-1992,28.125,28.75,819600,28.875,28.375,8.162882804870605
22-09-1992,27.5,28.125,864300,28.125,27.5,7.911165237426758
23-09-1992,26.875,27.125,1698900,27.375,27.375,7.875205993652344
24-09-1992,26.25,26.75,1945800,26.875,26.875,7.731372833251953
25-09-1992,25.5,26.625,2201000,26.625,25.625,7.371769905090332
28-09-1992,25.5,25.625,2358100,25.875,25.875,7.443690776824951
29-09-1992,26.125,26.25,2185500,27.25,27.125,7.803288459777832
30-09-1992,27.0,27.25,1178000,27.375,27.25,7.8392486572265625
01-10-1992,26.75,27.5,1127300,27.5,26.75,7.695409297943115
02-10-1992,26.125,26.875,997500,26.875,26.125,7.51560640335083
05-10-1992,24.875,25.75,2771400,25.875,25.75,7.4077301025390625
06-10-1992,25.625,25.75,1612600,26.25,26.0,7.479652404785156
07-10-1992,26.0,26.125,1145500,26.375,26.0,7.479652404785156
08-10-1992,25.625,26.625,1236700,26.625,26.125,7.51560640335083
09-10-1992,25.75,26.0,681500,26.25,26.0,7.479652404785156
12-10-1992,26.125,26.125,673700,26.5,26.5,7.6234893798828125
13-10-1992,26.5,26.625,1693900,27.125,26.875,7.731372833251953
14-10-1992,26.0,26.25,1115100,26.75,26.625,7.659448146820068
15-10-1992,26.125,26.25,747100,26.625,26.5,7.6234893798828125
16-10-1992,25.5,26.5,1655000,26.5,25.625,7.371769905090332
19-10-1992,25.0,25.25,1753200,25.5,25.25,7.263889312744141
20-10-1992,25.0,25.375,1745600,25.625,25.5,7.335808753967285
21-10-1992,25.125,25.625,1064100,25.75,25.25,7.263889312744141
22-10-1992,25.0,25.0,1468500,25.5,25.125,7.227931499481201
23-10-1992,24.875,25.0,1891400,25.125,25.0,7.191971778869629
26-10-1992,24.625,24.75,2614100,25.0,25.0,7.191971778869629
27-10-1992,24.875,25.125,2396800,25.375,25.125,7.227931499481201
28-10-1992,24.875,25.125,1940000,25.25,25.125,7.227931499481201
29-10-1992,25.25,25.375,1669700,25.625,25.5,7.335808753967285
30-10-1992,24.75,25.0,3622200,25.625,25.125,7.227931499481201
02-11-1992,24.875,25.0,1111700,25.25,25.25,7.263889312744141
03-11-1992,25.5,25.875,1303300,26.0,25.75,7.4077301025390625
04-11-1992,25.0,25.625,1326200,25.75,25.0,7.191971778869629
05-11-1992,25.0,25.25,1992800,25.375,25.25,7.263889312744141
06-11-1992,24.625,25.25,1278600,25.375,24.75,7.120051860809326
09-11-1992,24.5,24.625,1060500,24.75,24.625,7.08409309387207
10-11-1992,24.625,24.875,1336900,25.0,24.625,7.08409309387207
11-11-1992,24.375,24.5,2975400,25.25,24.875,7.156009197235107
12-11-1992,24.625,25.0,2762300,25.0,24.75,7.120051860809326
13-11-1992,24.5,24.75,1299900,25.0,25.0,7.191971778869629
16-11-1992,24.5,24.75,975100,25.625,24.75,7.120051860809326
17-11-1992,24.25,24.625,1581900,24.625,24.375,7.012172698974609
18-11-1992,24.25,24.5,1666400,24.875,24.75,7.120051860809326
19-11-1992,24.625,25.0,1963600,25.125,24.875,7.156009197235107
20-11-1992,24.625,24.75,2383000,25.125,24.75,7.120051860809326
23-11-1992,24.25,24.75,1877100,24.75,24.375,7.012172698974609
24-11-1992,24.125,24.25,1889900,24.5,24.25,6.976208686828613
25-11-1992,23.75,24.0,3599800,24.125,24.0,6.90429162979126
27-11-1992,23.625,23.75,1286600,24.0,23.75,6.832373142242432
30-11-1992,23.875,24.0,2605600,24.25,24.25,6.976208686828613
01-12-1992,23.5,23.75,2030200,24.125,23.875,6.868332862854004
02-12-1992,23.875,23.875,1743700,24.5,24.25,6.976208686828613
03-12-1992,24.375,24.5,6399500,26.375,26.25,7.551565647125244
04-12-1992,25.375,26.0,4505800,26.0,25.5,7.335808753967285
07-12-1992,25.75,25.875,2219200,26.875,26.125,7.51560640335083
08-12-1992,26.0,26.125,1904700,26.375,26.25,7.551565647125244
09-12-1992,25.5,25.625,2047800,25.875,25.5,7.335808753967285
10-12-1992,24.75,25.125,2584100,25.25,25.125,7.227931499481201
11-12-1992,24.875,25.0,1212300,26.25,25.375,7.299849510192871
14-12-1992,25.0,25.5,1458400,25.5,25.0,7.191971778869629
15-12-1992,24.5,24.625,1675800,24.875,24.875,7.156009197235107
16-12-1992,24.5,25.0,1624400,25.125,24.5,7.048131465911865
17-12-1992,24.125,24.5,2358900,24.625,24.375,7.012172698974609
18-12-1992,24.0,24.25,2068700,24.5,24.375,7.012172698974609
21-12-1992,24.0,24.125,1731400,24.25,24.125,6.940249919891357
22-12-1992,23.625,23.75,2093000,24.125,24.0,6.90429162979126
23-12-1992,22.375,23.5,6920600,23.75,22.875,6.580650329589844
24-12-1992,21.75,22.75,2514700,23.625,22.75,6.544691562652588
28-12-1992,22.0,22.5,2981900,22.625,22.25,6.400851726531982
29-12-1992,22.0,22.125,6049000,23.625,23.375,6.724492073059082
30-12-1992,23.625,24.0,4869200,24.375,24.0,6.90429162979126
31-12-1992,23.75,24.0,1686900,24.125,23.75,6.832373142242432
04-01-1993,23.625,23.75,2294000,24.25,23.875,6.868332862854004
05-01-1993,23.25,23.625,2094700,23.625,23.5,6.7604498863220215
06-01-1993,22.625,23.25,2123700,23.875,22.875,6.580650329589844
07-01-1993,22.25,22.625,2061700,22.75,22.25,6.400851726531982
08-01-1993,22.125,22.375,2158200,22.625,22.5,6.472772121429443
11-01-1993,22.75,22.75,1636100,23.75,23.125,6.652573108673096
12-01-1993,22.0,22.375,3940500,23.375,22.375,6.436812877655029
13-01-1993,22.0,22.5,2678000,22.5,22.25,6.400851726531982
14-01-1993,21.625,22.375,3658000,22.5,21.75,6.257013320922852
15-01-1993,21.5,21.625,3118200,22.375,22.25,6.400851726531982
18-01-1993,21.5,22.5,1500900,22.625,22.25,6.400851726531982
19-01-1993,21.5,22.125,3170700,22.125,21.625,6.221055030822754
20-01-1993,21.125,21.375,2884100,22.375,21.75,6.257013320922852
21-01-1993,21.5,21.875,1646700,22.0,21.875,6.292974472045898
22-01-1993,21.5,21.625,1589400,22.0,21.625,6.221055030822754
25-01-1993,21.125,21.375,1525300,21.625,21.125,6.077213764190674
26-01-1993,20.875,21.25,2987300,21.375,21.0,6.041257381439209
27-01-1993,20.375,20.75,2595300,20.875,20.625,5.933378219604492
28-01-1993,20.5,20.625,1679400,20.75,20.625,5.933378219604492
29-01-1993,20.375,20.625,1210500,20.75,20.75,5.969334602355957
01-02-1993,19.0,19.875,4346000,20.0,19.625,5.645695686340332
02-02-1993,18.0,19.25,7093700,19.625,18.625,5.358016490936279
03-02-1993,18.5,18.625,7057600,19.375,19.375,5.573777675628662
04-02-1993,18.5,19.375,4850500,19.5,18.875,5.4299397468566895
05-02-1993,18.5,18.75,2191900,19.0,18.875,5.4299397468566895
08-02-1993,18.875,18.875,2102300,19.25,19.0,5.465895652770996
09-02-1993,18.5,18.75,2617900,18.875,18.5,5.322057723999023
10-02-1993,18.75,18.75,2475000,19.375,19.375,5.573777675628662
11-02-1993,19.375,19.5,2468700,19.75,19.625,5.645695686340332
12-02-1993,19.75,19.875,1758600,20.125,19.75,5.681657791137695
16-02-1993,18.75,19.25,3498700,19.375,18.75,5.393978118896484
17-02-1993,18.75,19.0,2680100,19.25,19.0,5.465895652770996
18-02-1993,19.0,19.875,3829100,20.0,19.375,5.573777675628662
19-02-1993,18.75,19.25,2810300,19.5,18.875,5.4299397468566895
22-02-1993,18.5,19.0,3058100,19.25,18.75,5.393978118896484
23-02-1993,18.25,18.75,2751700,19.125,19.0,5.465895652770996
24-02-1993,18.5,18.625,2474300,19.0,18.625,5.358016490936279
25-02-1993,18.125,18.375,2257800,18.75,18.625,5.358016490936279
26-02-1993,18.75,18.875,1638100,19.25,18.875,5.4299397468566895
01-03-1993,19.125,19.25,2164500,19.625,19.25,5.537815570831299
02-03-1993,19.125,19.25,1461900,19.75,19.75,5.681657791137695
03-03-1993,19.5,19.75,1362100,19.875,19.75,5.681657791137695
04-03-1993,19.25,19.75,1740900,19.75,19.25,5.537815570831299
05-03-1993,18.875,19.125,1645100,19.375,19.25,5.626969814300537
08-03-1993,18.375,18.625,2462100,19.125,19.0,5.553894519805908
09-03-1993,18.875,19.0,1857700,19.375,19.125,5.5904316902160645
10-03-1993,19.25,19.5,3117700,20.0,19.875,5.809666633605957
11-03-1993,18.625,19.0,6024400,19.25,19.0,5.553894519805908
12-03-1993,18.375,18.75,2262200,19.125,19.125,5.5904316902160645
15-03-1993,18.75,19.0,1484000,19.125,18.875,5.5173563957214355
16-03-1993,18.5,18.625,1644000,18.75,18.625,5.444278240203857
17-03-1993,17.875,18.375,3812000,18.5,18.25,5.334659576416016
18-03-1993,18.0,18.25,3298500,18.25,18.25,5.334659576416016
19-03-1993,18.0,18.25,3029000,18.5,18.125,5.298123359680176
22-03-1993,17.25,17.875,2648500,18.0,17.75,5.188507080078125
23-03-1993,18.0,18.125,2102000,18.25,18.0,5.261584281921387
24-03-1993,17.375,17.5,3039200,17.75,17.625,5.151971340179443
25-03-1993,17.375,17.375,1592600,17.875,17.625,5.151971340179443
26-03-1993,17.375,17.875,2038300,17.875,17.5,5.115428924560547
29-03-1993,16.875,17.125,3021700,17.375,17.25,5.042350769042969
30-03-1993,17.375,17.375,2113300,18.0,18.0,5.261584281921387
31-03-1993,18.125,18.25,3453700,18.5,18.25,5.334659576416016
01-04-1993,17.75,18.125,1744100,18.25,18.0,5.261584281921387
02-04-1993,17.375,17.5,1554600,17.625,17.5,5.115428924560547
05-04-1993,17.25,17.5,1343600,17.75,17.375,5.078888893127441
06-04-1993,17.25,17.625,1382200,17.625,17.375,5.078888893127441
07-04-1993,17.375,17.625,1158400,17.75,17.5,5.115428924560547
08-04-1993,16.875,17.375,2359700,17.5,17.0,4.96927547454834
12-04-1993,16.25,16.5,3908200,16.75,16.75,4.896196365356445
13-04-1993,16.75,17.0,3940600,17.25,17.0,4.96927547454834
14-04-1993,17.0,17.25,2198800,17.625,17.625,5.151971340179443
15-04-1993,17.0,17.5,2106200,17.625,17.25,5.042350769042969
16-04-1993,16.625,17.0,1876700,17.125,16.75,4.896196365356445
19-04-1993,17.0,17.0,2198000,17.625,17.5,5.115428924560547
20-04-1993,17.625,17.75,2646700,18.125,18.125,5.298123359680176
21-04-1993,18.25,18.5,2220200,18.5,18.375,5.37120246887207
22-04-1993,18.125,18.5,2316400,18.625,18.25,5.334659576416016
23-04-1993,17.875,18.125,1102500,18.25,18.0,5.261584281921387
26-04-1993,18.0,18.125,1357500,18.375,18.125,5.298123359680176
27-04-1993,18.125,18.25,3098600,18.75,18.625,5.444278240203857
28-04-1993,18.25,18.375,1943700,18.5,18.375,5.37120246887207
29-04-1993,18.25,18.5,1185600,18.625,18.5,5.407738208770752
30-04-1993,18.375,18.5,1228600,18.75,18.375,5.37120246887207
03-05-1993,18.375,18.375,2631900,18.75,18.625,5.444278240203857
04-05-1993,18.375,18.625,1043800,18.75,18.5,5.407738208770752
05-05-1993,18.375,18.5,1266200,18.75,18.5,5.407738208770752
06-05-1993,18.625,18.625,1922100,18.875,18.625,5.444278240203857
07-05-1993,18.5,18.75,956300,18.75,18.625,5.444278240203857
10-05-1993,18.5,18.625,1224700,18.875,18.625,5.444278240203857
11-05-1993,19.0,19.125,3680500,19.75,19.75,5.773129940032959
12-05-1993,19.375,19.75,2604300,19.875,19.625,5.736590385437012
13-05-1993,19.25,19.5,2152800,19.625,19.375,5.663512229919434
14-05-1993,19.375,19.375,1445000,19.875,19.75,5.773129940032959
17-05-1993,19.875,20.0,2968300,20.25,20.25,5.91928243637085
18-05-1993,19.75,20.0,1515500,20.125,19.875,5.809666633605957
19-05-1993,19.5,19.625,1801400,20.125,20.125,5.88274621963501
20-05-1993,19.5,19.875,1573900,19.875,19.625,5.736590385437012
21-05-1993,19.125,19.25,1669200,19.75,19.5,5.700051784515381
24-05-1993,19.125,19.25,1065800,19.375,19.125,5.5904316902160645
25-05-1993,19.0,19.25,720600,19.375,19.125,5.5904316902160645
26-05-1993,18.875,19.0,1270100,19.25,19.125,5.5904316902160645
27-05-1993,18.75,19.0,1434000,19.125,18.875,5.5173563957214355
28-05-1993,18.75,18.875,889000,19.125,19.0,5.553894519805908
01-06-1993,19.0,19.0,1211900,19.25,19.0,5.553894519805908
02-06-1993,18.5,18.875,1146600,18.875,18.5,5.407738208770752
03-06-1993,18.25,18.5,1208100,18.5,18.5,5.407738208770752
04-06-1993,17.625,18.125,1769100,18.25,18.0,5.261584281921387
07-06-1993,17.75,17.875,707700,18.0,17.875,5.2250447273254395
08-06-1993,17.375,17.75,1510700,17.875,17.625,5.151971340179443
09-06-1993,17.25,17.375,896300,18.0,17.625,5.151971340179443
10-06-1993,17.75,17.75,1333400,18.25,18.125,5.298123359680176
11-06-1993,18.125,18.375,998000,18.5,18.125,5.298123359680176
14-06-1993,18.25,18.375,997300,18.5,18.375,5.37120246887207
15-06-1993,18.0,18.375,1247200,18.5,18.125,5.298123359680176
16-06-1993,17.5,17.875,1863600,18.0,18.0,5.261584281921387
17-06-1993,17.875,18.0,1142500,18.25,18.125,5.298123359680176
18-06-1993,17.75,18.125,1334600,18.125,17.875,5.2250447273254395
21-06-1993,17.625,17.75,902600,17.875,17.75,5.188507080078125
22-06-1993,17.25,17.625,1472600,17.625,17.25,5.042350769042969
23-06-1993,16.625,17.0,2479300,17.125,16.875,4.932735919952393
24-06-1993,16.5,16.75,3739700,16.875,16.625,4.859660625457764
25-06-1993,16.5,16.5,2118900,16.875,16.625,4.859660625457764
28-06-1993,16.75,16.875,1434500,17.0,16.75,4.896196365356445
29-06-1993,16.75,16.875,1372900,17.0,16.875,4.932735919952393
30-06-1993,16.625,16.875,1338000,17.0,16.875,4.932735919952393
01-07-1993,16.5,16.625,1137300,16.75,16.75,4.896196365356445
02-07-1993,16.375,16.625,1458500,16.75,16.5,4.8231201171875
06-07-1993,16.625,16.75,1265200,17.0,16.75,4.896196365356445
07-07-1993,16.625,16.875,1628100,17.0,16.625,4.859660625457764
08-07-1993,16.625,16.75,1452100,16.875,16.75,4.896196365356445
09-07-1993,16.375,16.625,1157100,16.625,16.625,4.859660625457764
12-07-1993,16.25,16.375,1070300,16.625,16.5,4.8231201171875
13-07-1993,16.375,16.5,853800,16.625,16.625,4.859660625457764
14-07-1993,16.375,16.5,854900,16.625,16.5,4.8231201171875
15-07-1993,16.25,16.5,1399900,16.625,16.5,4.8231201171875
16-07-1993,15.625,16.0,2217300,16.125,15.75,4.603885650634766
19-07-1993,15.375,15.625,2082900,15.75,15.625,4.56734561920166
20-07-1993,15.375,15.625,2840000,16.0,15.625,4.56734561920166
21-07-1993,15.375,15.5,1818300,15.875,15.75,4.603885650634766
22-07-1993,15.75,15.875,1656200,16.125,15.875,4.640427112579346
23-07-1993,15.875,15.875,1082000,16.125,15.875,4.640427112579346
26-07-1993,15.875,16.0,1014900,16.25,16.125,4.713502883911133
27-07-1993,16.0,16.25,1532500,16.375,16.25,4.750040531158447
28-07-1993,16.25,16.875,2815700,16.875,16.5,4.8231201171875
29-07-1993,16.125,16.375,2508800,16.5,16.25,4.750040531158447
30-07-1993,15.75,16.25,1841700,16.375,15.875,4.640427112579346
02-08-1993,15.75,16.0,1547800,16.125,15.75,4.603885650634766
03-08-1993,15.75,15.875,1631100,16.125,15.875,4.640427112579346
04-08-1993,15.75,15.875,939000,16.0,15.75,4.603885650634766
05-08-1993,15.5,15.75,1572000,15.875,15.5,4.530808448791504
06-08-1993,15.5,15.625,1667700,15.875,15.625,4.56734561920166
09-08-1993,15.25,15.5,1650500,15.625,15.375,4.494270324707031
10-08-1993,15.125,15.375,1601700,15.625,15.25,4.457728862762451
11-08-1993,15.125,15.25,1358300,15.375,15.25,4.457728862762451
12-08-1993,15.0,15.125,1172900,15.25,15.0,4.384655952453613
13-08-1993,14.75,15.0,1663600,15.125,14.875,4.348113059997559
16-08-1993,15.0,15.125,2243300,15.625,15.5,4.530808448791504
17-08-1993,16.125,16.25,3531900,16.875,16.75,4.896196365356445
18-08-1993,17.375,17.375,4012700,18.0,17.875,5.2250447273254395
19-08-1993,17.625,17.75,2690100,17.875,17.625,5.151971340179443
20-08-1993,17.375,17.75,1446800,17.75,17.625,5.151971340179443
23-08-1993,17.25,17.5,1333700,17.625,17.5,5.115428924560547
24-08-1993,17.125,17.5,1272300,17.5,17.375,5.078888893127441
25-08-1993,16.875,17.25,1267700,17.375,17.0,4.96927547454834
26-08-1993,16.875,17.0,1867200,17.75,17.625,5.151971340179443
27-08-1993,17.5,17.75,774600,17.75,17.625,5.151971340179443
30-08-1993,17.375,17.5,710400,17.625,17.5,5.115428924560547
31-08-1993,17.5,17.625,1565300,17.875,17.875,5.2250447273254395
01-09-1993,17.75,17.875,2983000,19.375,18.375,5.37120246887207
02-09-1993,18.75,19.0,3053800,19.125,18.875,5.5173563957214355
03-09-1993,18.625,18.75,1159000,18.875,18.625,5.444278240203857
07-09-1993,18.25,18.75,2154800,18.875,18.375,5.37120246887207
08-09-1993,18.0,18.375,2463400,18.5,18.125,5.298123359680176
09-09-1993,19.25,19.375,4806300,19.75,19.5,5.700051784515381
10-09-1993,19.625,19.75,2211000,19.875,19.625,5.736590385437012
13-09-1993,18.875,19.375,2282200,19.375,19.125,5.5904316902160645
14-09-1993,19.0,19.125,1827800,19.5,19.5,5.700051784515381
15-09-1993,19.125,19.375,6101800,19.5,19.375,5.663512229919434
16-09-1993,19.125,19.25,1114500,19.5,19.25,5.626969814300537
17-09-1993,19.375,19.5,1995600,19.75,19.5,5.700051784515381
20-09-1993,19.75,20.375,3701900,20.5,20.0,5.846203804016113
21-09-1993,19.375,19.875,2552900,20.0,19.625,5.736590385437012
22-09-1993,19.5,19.875,2096000,20.0,19.625,5.736590385437012
23-09-1993,19.75,19.875,3026500,20.375,20.125,5.88274621963501
24-09-1993,19.125,19.75,1710000,19.75,19.25,5.643235206604004
27-09-1993,19.25,19.5,1632200,19.625,19.5,5.716523170471191
28-09-1993,18.875,19.25,1000900,19.375,19.0,5.569946765899658
29-09-1993,18.625,18.75,1027200,19.0,18.75,5.4966583251953125
30-09-1993,18.625,18.75,1208600,19.125,19.0,5.569946765899658
01-10-1993,18.875,19.125,672500,19.25,19.125,5.606592178344727
04-10-1993,19.125,19.125,673700,19.375,19.125,5.606592178344727
05-10-1993,19.5,19.5,1457800,19.75,19.75,5.789817810058594
06-10-1993,19.75,19.875,2080600,20.125,19.875,5.826457977294922
07-10-1993,19.75,19.875,1121500,20.0,19.875,5.826457977294922
08-10-1993,20.125,20.125,1580200,20.375,20.25,5.936391830444336
11-10-1993,20.125,20.25,840600,20.375,20.25,5.936391830444336
12-10-1993,20.125,20.5,903600,20.5,20.25,5.936391830444336
13-10-1993,19.875,20.25,1305600,20.25,20.125,5.899746894836426
14-10-1993,19.875,20.0,1696300,20.25,20.125,5.899746894836426
15-10-1993,20.0,20.125,1129400,20.25,20.0,5.863101005554199
18-10-1993,20.125,20.125,2156700,20.75,20.375,5.97303581237793
19-10-1993,20.25,20.5,1607300,20.75,20.375,5.97303581237793
20-10-1993,20.625,20.625,2128000,21.0,21.0,6.156260013580322
21-10-1993,20.875,21.0,2075400,21.5,21.25,6.22954797744751
22-10-1993,20.875,21.125,1455400,21.375,21.0,6.156260013580322
25-10-1993,20.875,20.875,1437400,21.25,21.0,6.156260013580322
26-10-1993,20.0,20.5,1931800,20.625,20.25,5.936391830444336
27-10-1993,20.0,20.25,1633900,20.375,20.0,5.863101005554199
28-10-1993,20.125,20.125,1198900,20.625,20.25,5.936391830444336
29-10-1993,20.125,20.25,510800,20.375,20.25,5.936391830444336
01-11-1993,19.75,19.875,968700,20.0,19.875,5.826457977294922
02-11-1993,19.375,19.75,1277300,19.75,19.5,5.716523170471191
03-11-1993,19.875,19.875,1943300,20.375,20.125,5.899746894836426
04-11-1993,19.625,20.125,1045400,20.25,19.625,5.753170490264893
05-11-1993,19.125,19.5,1522700,19.875,19.5,5.716523170471191
08-11-1993,19.125,19.625,1052300,19.625,19.375,5.6798787117004395
09-11-1993,19.0,19.25,1012900,19.375,19.125,5.606592178344727
10-11-1993,19.0,19.125,1156200,19.5,19.5,5.716523170471191
11-11-1993,19.0,19.375,730400,19.5,19.0,5.569946765899658
12-11-1993,19.0,19.125,905800,19.5,19.375,5.6798787117004395
15-11-1993,18.875,19.25,896800,19.375,19.0,5.569946765899658
16-11-1993,19.125,19.125,1029600,19.375,19.25,5.643235206604004
17-11-1993,19.25,19.25,938800,19.5,19.25,5.643235206604004
18-11-1993,19.0,19.25,835300,19.25,19.125,5.606592178344727
19-11-1993,18.75,18.875,949600,19.0,18.75,5.4966583251953125
22-11-1993,18.625,18.75,988900,18.875,18.75,5.4966583251953125
23-11-1993,18.875,18.875,885900,19.25,19.0,5.569946765899658
24-11-1993,18.75,19.0,657500,19.125,19.0,5.569946765899658
26-11-1993,19.125,19.375,412200,19.5,19.25,5.643235206604004
29-11-1993,19.625,19.75,1663800,19.875,19.75,5.789817810058594
30-11-1993,19.625,19.75,1674600,20.125,20.125,5.899746894836426
01-12-1993,20.0,20.5,1766100,20.625,20.25,5.936391830444336
02-12-1993,20.125,20.25,1125300,20.375,20.25,5.936391830444336
03-12-1993,20.25,20.5,1749200,20.75,20.375,5.97303581237793
06-12-1993,20.5,20.625,1941900,20.875,20.625,6.046324253082275
07-12-1993,20.25,20.5,1023600,20.5,20.375,5.97303581237793
08-12-1993,20.125,20.5,1409200,20.625,20.5,6.009677886962891
09-12-1993,20.5,20.75,1611900,20.875,20.625,6.046324253082275
10-12-1993,20.125,20.5,1301200,20.625,20.375,5.97303581237793
13-12-1993,20.125,20.375,1833400,20.5,20.25,5.936391830444336
14-12-1993,20.25,20.375,2532600,20.625,20.375,5.97303581237793
15-12-1993,20.25,20.5,3639800,20.625,20.375,5.97303581237793
16-12-1993,20.5,20.625,2706400,20.75,20.625,6.046324253082275
17-12-1993,20.875,21.0,1706800,21.125,20.875,6.119612216949463
20-12-1993,20.625,20.875,1283800,21.0,20.625,6.046324253082275
21-12-1993,20.625,20.875,1000500,20.875,20.75,6.08297061920166
22-12-1993,20.75,20.875,1847200,21.25,21.0,6.156260013580322
23-12-1993,21.375,21.375,1689100,21.75,21.375,6.266190528869629
27-12-1993,21.375,21.5,962400,21.75,21.75,6.376124382019043
28-12-1993,21.375,21.625,1000800,21.75,21.625,6.339480876922607
29-12-1993,21.5,21.875,1268800,22.0,21.625,6.339480876922607
30-12-1993,21.25,21.5,1024200,21.625,21.375,6.266190528869629
31-12-1993,20.875,21.25,1067400,21.375,20.875,6.119612216949463
03-01-1994,21.0,21.0,869500,21.25,21.125,6.1929030418396
04-01-1994,20.875,21.0,1217400,21.375,21.375,6.266190528869629
05-01-1994,20.375,20.625,2063300,20.75,20.625,6.046324253082275
06-01-1994,19.5,20.375,2521100,20.375,19.625,5.753170490264893
07-01-1994,19.5,19.75,2495700,20.0,19.875,5.826457977294922
10-01-1994,20.0,20.0,1608800,20.375,20.375,5.97303581237793
11-01-1994,20.0,20.375,1246400,20.5,20.0,5.863101005554199
12-01-1994,19.875,20.125,1125500,20.125,19.875,5.826457977294922
13-01-1994,19.625,19.75,1426200,20.0,19.75,5.789817810058594
14-01-1994,20.0,20.0,888700,20.25,20.0,5.863101005554199
17-01-1994,19.875,20.0,1016100,20.25,20.125,5.899746894836426
18-01-1994,20.125,20.125,1066000,20.375,20.375,5.97303581237793
19-01-1994,19.875,20.375,1973200,20.375,20.125,5.899746894836426
20-01-1994,19.5,19.625,1648900,19.875,19.5,5.716523170471191
21-01-1994,19.5,19.625,2584500,19.875,19.75,5.789817810058594
24-01-1994,19.5,19.75,990500,19.875,19.625,5.753170490264893
25-01-1994,19.375,19.5,1668800,19.75,19.625,5.753170490264893
26-01-1994,19.75,19.75,1023400,20.0,20.0,5.863101005554199
27-01-1994,19.625,19.875,1232700,20.0,19.875,5.826457977294922
28-01-1994,19.625,19.875,982300,20.0,19.75,5.789817810058594
31-01-1994,19.625,19.75,1455500,20.0,19.75,5.789817810058594
01-02-1994,19.375,19.75,769300,19.875,19.5,5.716523170471191
02-02-1994,19.75,19.875,2654000,20.375,20.25,5.936391830444336
03-02-1994,19.625,20.25,1257100,20.25,19.875,5.826457977294922
04-02-1994,19.25,19.875,1453300,20.0,19.25,5.643235206604004
07-02-1994,19.125,19.125,2842300,19.75,19.75,5.789817810058594
08-02-1994,19.375,19.875,1562000,20.0,19.375,5.6798787117004395
09-02-1994,19.0,19.375,1780200,19.375,19.125,5.606592178344727
10-02-1994,18.25,19.125,3142100,19.125,18.375,5.386725902557373
11-02-1994,18.25,18.375,2065100,18.75,18.75,5.4966583251953125
14-02-1994,18.75,18.875,1650800,19.125,19.0,5.569946765899658
15-02-1994,19.25,19.25,1507200,19.625,19.625,5.753170490264893
16-02-1994,19.375,19.875,2237500,20.125,19.5,5.716523170471191
17-02-1994,20.125,20.75,4154700,20.875,20.125,5.899746894836426
18-02-1994,19.75,20.125,1977900,20.25,19.875,5.826457977294922
22-02-1994,19.625,19.75,1751000,20.0,19.875,5.826457977294922
23-02-1994,19.875,20.125,1573000,20.125,20.0,5.863101005554199
24-02-1994,19.875,19.875,1951700,20.25,20.0,5.863101005554199
25-02-1994,20.125,20.25,1789300,20.5,20.25,5.936391830444336
28-02-1994,20.25,20.375,1441300,20.625,20.5,6.009677886962891
01-03-1994,20.375,20.625,1538800,20.75,20.625,6.046324253082275
02-03-1994,20.25,20.5,1422600,20.75,20.625,6.046324253082275
03-03-1994,20.625,20.625,2957700,21.25,21.125,6.1929030418396
04-03-1994,20.5,21.5,2210000,21.625,21.0,6.156260013580322
07-03-1994,20.875,21.0,1195100,21.125,20.875,6.119612216949463
08-03-1994,20.125,20.75,1691200,20.75,20.25,5.936391830444336
09-03-1994,20.0,20.25,1781300,20.375,20.25,5.936391830444336
10-03-1994,19.875,20.25,1897600,20.375,20.125,5.899746894836426
11-03-1994,20.0,20.125,1366600,20.375,20.25,5.936391830444336
14-03-1994,19.875,20.0,746400,20.125,19.875,5.9235758781433105
15-03-1994,19.875,20.0,920000,20.25,20.0,5.960827827453613
16-03-1994,20.0,20.125,1174300,20.375,20.25,6.035339832305908
17-03-1994,20.375,20.5,788300,20.625,20.5,6.10984992980957
18-03-1994,20.125,20.25,1005100,20.375,20.25,6.035339832305908
21-03-1994,20.0,20.25,1076800,20.375,20.125,5.998085975646973
22-03-1994,19.375,20.25,1560500,20.25,19.5,5.811807632446289
23-03-1994,18.0,18.375,3272000,18.625,18.5,5.513769149780273
24-03-1994,18.375,18.5,2315100,18.75,18.625,5.551023483276367
25-03-1994,18.25,18.625,1617400,18.75,18.25,5.439258098602295
28-03-1994,18.25,18.375,1246000,18.625,18.5,5.513769149780273
29-03-1994,17.875,18.375,1628800,18.5,18.125,5.402001857757568
30-03-1994,17.5,18.0,1363200,18.125,17.625,5.252981185913086
31-03-1994,17.625,17.75,1249400,17.875,17.875,5.327489852905273
04-04-1994,16.75,17.375,1968500,17.375,17.25,5.141213893890381
05-04-1994,17.375,17.5,990500,17.875,17.875,5.327489852905273
06-04-1994,17.875,17.875,983400,18.5,18.25,5.439258098602295
07-04-1994,17.75,18.125,843000,18.125,18.125,5.402001857757568
08-04-1994,17.25,17.875,1322500,17.875,17.375,5.178471088409424
11-04-1994,17.25,17.5,940900,17.625,17.25,5.141213893890381
12-04-1994,16.875,17.375,1529200,17.375,17.25,5.141213893890381
13-04-1994,16.5,17.125,1638200,17.25,16.625,4.954939842224121
14-04-1994,16.625,16.625,922800,16.875,16.75,4.992193698883057
15-04-1994,16.625,16.625,913200,17.0,16.625,4.954939842224121
18-04-1994,16.25,16.5,967300,16.75,16.375,4.880428791046143
19-04-1994,16.375,16.375,1040500,16.75,16.75,4.992193698883057
20-04-1994,16.375,16.625,965100,16.75,16.5,4.9176836013793945
21-04-1994,16.625,16.75,1828500,17.375,17.125,5.103959560394287
22-04-1994,17.0,17.25,665200,17.25,17.125,5.103959560394287
25-04-1994,16.375,16.625,1191000,16.75,16.625,4.954939842224121
26-04-1994,16.25,16.5,726700,16.75,16.625,4.954939842224121
28-04-1994,16.875,17.25,1135800,17.25,17.25,5.141213893890381
29-04-1994,17.0,17.0,955200,17.375,17.25,5.141213893890381
02-05-1994,17.25,17.25,3061800,18.0,17.75,5.290239334106445
03-05-1994,17.25,17.75,1470400,18.0,17.625,5.252981185913086
04-05-1994,16.875,17.25,981900,17.375,17.125,5.103959560394287
05-05-1994,16.75,17.125,857300,17.125,16.75,4.992193698883057
06-05-1994,16.5,16.625,1101100,16.875,16.625,4.954939842224121
09-05-1994,16.375,16.5,1222700,16.875,16.5,4.9176836013793945
10-05-1994,16.75,16.75,1543500,17.375,17.375,5.178471088409424
11-05-1994,16.5,16.875,2431500,17.0,16.625,4.954939842224121
12-05-1994,16.75,16.875,1448200,17.125,17.0,5.066706657409668
13-05-1994,16.5,16.875,706500,17.0,16.625,4.954939842224121
16-05-1994,16.5,16.75,821500,16.875,16.75,4.992193698883057
17-05-1994,16.625,16.75,816200,16.875,16.75,4.992193698883057
18-05-1994,16.5,16.75,743200,16.75,16.6875,4.973567008972168
19-05-1994,16.375,16.5,811300,16.625,16.625,4.954939842224121
20-05-1994,16.0,16.25,1511900,16.375,16.125,4.805919170379639
23-05-1994,16.0,16.125,924800,16.5,16.25,4.843175888061523
24-05-1994,16.25,16.375,1205300,16.75,16.5,4.9176836013793945
25-05-1994,16.125,16.375,1057800,16.5,16.25,4.843175888061523
26-05-1994,16.0,16.25,970700,16.5,16.375,4.880428791046143
27-05-1994,15.875,16.125,1767000,16.25,16.0,4.768665313720703
31-05-1994,15.875,16.0,809700,16.25,16.25,4.843175888061523
01-06-1994,16.0,16.125,1128200,16.25,16.125,4.805919170379639
02-06-1994,16.125,16.125,1217200,16.375,16.375,4.880428791046143
03-06-1994,16.25,16.25,1134400,16.5,16.25,4.843175888061523
06-06-1994,16.25,16.375,994500,16.5,16.25,4.843175888061523
07-06-1994,16.125,16.125,668400,16.375,16.25,4.843175888061523
08-06-1994,16.25,16.375,1300400,16.5,16.375,4.880428791046143
09-06-1994,16.375,16.5,1237700,16.625,16.5,4.9176836013793945
10-06-1994,16.375,16.5,1815700,17.0,17.0,5.066706657409668
13-06-1994,16.5,16.75,720900,16.75,16.625,4.954939842224121
14-06-1994,16.875,16.875,1470100,17.25,17.25,5.141213893890381
15-06-1994,17.375,17.375,2116200,17.875,17.75,5.290239334106445
16-06-1994,17.375,17.75,1633400,17.75,17.625,5.252981185913086
17-06-1994,17.375,17.75,782400,17.75,17.5,5.215729236602783
20-06-1994,17.125,17.25,750300,17.375,17.125,5.103959560394287
21-06-1994,16.625,17.125,1124800,17.125,16.75,4.992193698883057
22-06-1994,16.25,16.5,1056900,16.5,16.5,4.9176836013793945
23-06-1994,16.5,16.5,859900,16.75,16.5,4.9176836013793945
24-06-1994,16.125,16.5,814800,16.5,16.125,4.805919170379639
27-06-1994,16.375,16.5,681300,16.875,16.875,5.029450416564941
28-06-1994,16.625,16.75,327500,16.875,16.75,4.992193698883057
29-06-1994,16.875,16.875,665600,17.25,17.0,5.066706657409668
30-06-1994,16.5,16.875,400100,16.875,16.625,4.954939842224121
01-07-1994,16.625,16.625,490200,16.875,16.625,4.954939842224121
05-07-1994,16.75,16.75,541600,17.125,17.0,5.066706657409668
06-07-1994,17.125,17.25,1271800,17.375,17.125,5.103959560394287
07-07-1994,17.125,17.125,637000,17.375,17.125,5.103959560394287
08-07-1994,17.125,17.375,783900,17.625,17.375,5.178471088409424
11-07-1994,17.375,17.625,976700,17.875,17.5,5.215729236602783
12-07-1994,17.125,17.375,921100,17.375,17.125,5.103959560394287
13-07-1994,17.125,17.25,1032400,17.25,17.125,5.103959560394287
14-07-1994,17.25,17.375,1169800,17.5,17.375,5.178471088409424
15-07-1994,17.375,17.375,712900,17.625,17.375,5.178471088409424
18-07-1994,17.5,17.625,1011800,17.75,17.75,5.290239334106445
19-07-1994,17.75,17.75,1566800,18.125,18.0,5.364747047424316
20-07-1994,17.625,17.875,638500,18.0,17.75,5.290239334106445
21-07-1994,17.75,17.875,793300,18.125,17.875,5.327489852905273
22-07-1994,17.125,17.875,1403000,18.0,17.375,5.178471088409424
25-07-1994,17.25,17.375,468100,17.5,17.5,5.215729236602783
26-07-1994,17.25,17.375,428300,17.5,17.375,5.178471088409424
27-07-1994,17.0,17.125,897500,17.25,17.125,5.103959560394287
28-07-1994,17.25,17.25,835200,17.5,17.5,5.215729236602783
29-07-1994,17.375,17.5,515800,17.625,17.625,5.252981185913086
01-08-1994,17.375,17.5,1346700,17.75,17.75,5.290239334106445
02-08-1994,18.0,18.125,1556200,18.25,18.25,5.439258098602295
03-08-1994,18.0,18.5,1357200,18.625,18.25,5.439258098602295
04-08-1994,18.25,18.375,1138400,18.5,18.25,5.439258098602295
05-08-1994,18.25,18.375,1309100,18.625,18.5,5.513769149780273
08-08-1994,18.375,18.625,785000,18.625,18.5,5.513769149780273
09-08-1994,18.375,18.5,2000000,19.125,19.0,5.6627888679504395
10-08-1994,19.125,19.25,1811400,19.5,19.375,5.774551868438721
11-08-1994,18.75,19.125,1032800,19.25,19.125,5.700045108795166
12-08-1994,19.0,19.125,902500,19.375,19.25,5.737298011779785
15-08-1994,19.25,19.25,1284000,19.5,19.25,5.737298011779785
16-08-1994,19.125,19.375,1095100,19.5,19.5,5.811807632446289
17-08-1994,19.375,19.5,862700,19.625,19.5,5.811807632446289
18-08-1994,19.375,19.5,2076200,19.75,19.625,5.849066257476807
19-08-1994,19.5,19.625,2921700,20.0,19.875,5.9235758781433105
22-08-1994,19.5,19.75,1147400,19.875,19.875,5.9235758781433105
23-08-1994,19.875,19.875,2007600,20.125,20.0,5.960827827453613
24-08-1994,20.125,20.25,2088300,20.375,20.375,6.072596073150635
25-08-1994,20.0,20.25,1143000,20.375,20.0,5.960827827453613
26-08-1994,20.0,20.125,2432600,20.375,20.125,5.998085975646973
29-08-1994,20.0,20.125,2427800,20.25,20.0,5.960827827453613
30-08-1994,19.75,19.875,1866500,20.0,19.875,5.9235758781433105
31-08-1994,19.625,19.75,1486600,19.875,19.625,5.849066257476807
01-09-1994,19.25,19.375,867600,19.375,19.25,5.737298011779785
02-09-1994,19.25,19.375,793600,19.5,19.25,5.737298011779785
06-09-1994,19.125,19.375,2457400,19.375,19.125,5.700045108795166
07-09-1994,18.875,19.125,2160500,19.25,19.25,5.737298011779785
08-09-1994,18.5,18.5625,2690100,18.875,18.625,5.551023483276367
09-09-1994,18.5,18.625,2108400,19.0,19.0,5.6627888679504395
12-09-1994,18.75,18.875,2371200,19.125,18.75,5.588277816772461
13-09-1994,18.625,18.75,2138000,18.875,18.75,5.588277816772461
14-09-1994,18.375,18.625,1351000,18.75,18.5,5.513769149780273
15-09-1994,18.5,18.5,1842800,18.875,18.875,5.6255340576171875
16-09-1994,18.125,18.375,1468200,18.5,18.375,5.476515769958496
19-09-1994,18.5,18.625,901700,18.75,18.5,5.513769149780273
20-09-1994,18.25,18.5,937100,18.625,18.375,5.476515769958496
21-09-1994,18.25,18.5,1448100,18.5,18.5,5.513769149780273
22-09-1994,18.625,18.625,1623300,18.875,18.625,5.551023483276367
23-09-1994,17.875,18.125,1295100,18.125,17.875,5.533996105194092
26-09-1994,17.75,17.875,6639200,18.0,17.875,5.533996105194092
27-09-1994,17.75,17.875,2039600,18.25,18.125,5.611392974853516
28-09-1994,18.0,18.125,1144900,18.375,18.25,5.650094032287598
29-09-1994,18.0,18.25,6887500,18.375,18.125,5.611392974853516
30-09-1994,18.125,18.25,1140600,18.5,18.25,5.650094032287598
03-10-1994,17.875,18.125,573100,18.25,18.125,5.611392974853516
04-10-1994,18.0,18.375,908700,18.375,18.0,5.572695732116699
05-10-1994,17.875,18.125,754200,18.25,18.125,5.611392974853516
06-10-1994,18.0,18.125,666400,18.25,18.125,5.611392974853516
07-10-1994,18.125,18.125,1383000,18.375,18.25,5.650094032287598
10-10-1994,18.0,18.125,747800,18.25,18.25,5.650094032287598
11-10-1994,18.125,18.25,1563300,18.5,18.375,5.688793659210205
12-10-1994,18.5,18.5,829500,18.75,18.625,5.766191005706787
13-10-1994,18.875,18.875,2476800,19.25,19.1875,5.940337657928467
14-10-1994,19.375,19.5,2449800,19.625,19.5,6.03708553314209
17-10-1994,19.5,19.625,1075200,19.75,19.625,6.075784683227539
18-10-1994,19.0,19.25,1089000,19.375,19.125,5.920988082885742
19-10-1994,18.875,19.0,962100,19.25,19.0,5.882290363311768
20-10-1994,18.875,19.125,650800,19.25,19.125,5.920988082885742
21-10-1994,18.875,18.875,798100,19.25,19.125,5.920988082885742
24-10-1994,19.0,19.0,638600,19.375,19.0,5.882290363311768
25-10-1994,18.875,18.875,1082100,19.125,19.0,5.882290363311768
26-10-1994,18.875,19.25,599600,19.25,18.875,5.8435893058776855
27-10-1994,18.875,19.0,1197300,19.375,19.25,5.959688663482666
28-10-1994,19.125,19.25,920800,19.5,19.375,5.998385906219482
31-10-1994,19.25,19.625,1166600,19.625,19.25,5.959688663482666
01-11-1994,19.125,19.25,1088500,19.5,19.5,6.03708553314209
02-11-1994,19.25,19.375,1936700,19.625,19.25,5.959688663482666
03-11-1994,19.375,19.625,831000,19.625,19.5,6.03708553314209
04-11-1994,19.25,19.5,371300,19.5,19.375,5.998385906219482
07-11-1994,19.0,19.375,964900,19.375,19.125,5.920988082885742
08-11-1994,19.125,19.125,512100,19.375,19.25,5.959688663482666
09-11-1994,19.625,19.75,2125700,19.875,19.875,6.1531853675842285
10-11-1994,19.5,19.75,2031300,19.875,19.5,6.03708553314209
11-11-1994,19.25,19.375,641300,19.5,19.5,6.03708553314209
14-11-1994,19.25,19.375,711400,19.625,19.5,6.03708553314209
15-11-1994,19.375,19.75,1592700,20.0,19.5,6.03708553314209
16-11-1994,19.5,19.625,365800,19.625,19.5,6.03708553314209
17-11-1994,19.125,19.375,589100,19.375,19.25,5.959688663482666
18-11-1994,18.875,19.125,826100,19.25,19.0,5.882290363311768
21-11-1994,19.375,19.625,1375200,19.75,19.375,5.998385906219482
22-11-1994,19.125,19.375,1366600,19.625,19.125,5.920988082885742
23-11-1994,19.0,19.25,1317600,19.375,19.25,5.959688663482666
25-11-1994,19.125,19.125,379400,19.5,19.375,5.998385906219482
28-11-1994,19.375,19.375,939100,19.625,19.5,6.03708553314209
29-11-1994,19.25,19.5,586300,19.625,19.375,5.998385906219482
30-11-1994,19.0,19.125,549400,19.375,19.25,5.959688663482666
01-12-1994,19.0,19.125,498300,19.25,19.0,5.882290363311768
02-12-1994,19.0,19.0,592600,19.25,19.125,5.920988082885742
05-12-1994,19.0,19.125,732500,19.25,19.125,5.920988082885742
06-12-1994,19.125,19.25,1073400,19.375,19.375,5.998385906219482
07-12-1994,19.25,19.375,530600,19.5,19.375,5.998385906219482
08-12-1994,19.375,19.625,1297600,19.75,19.375,5.998385906219482
09-12-1994,19.375,19.625,1124200,19.75,19.5,6.03708553314209
12-12-1994,19.375,19.5,1163600,19.625,19.5,6.03708553314209
13-12-1994,19.25,19.5,690300,19.625,19.375,5.998385906219482
14-12-1994,19.5,19.5,1831200,19.875,19.75,6.1144866943359375
15-12-1994,19.375,19.625,1028500,19.75,19.375,5.998385906219482
16-12-1994,19.25,19.25,1409300,19.625,19.5,6.03708553314209
19-12-1994,19.625,19.75,1564100,19.875,19.75,6.1144866943359375
20-12-1994,20.5,20.625,4250900,20.75,20.75,6.424079418182373
21-12-1994,20.625,20.625,2803200,21.375,21.25,6.5788774490356445
22-12-1994,20.875,21.125,968400,21.25,20.875,6.462775230407715
23-12-1994,20.625,20.875,884100,21.0,20.625,6.385377407073975
27-12-1994,20.5,20.75,791300,20.75,20.625,6.385377407073975
28-12-1994,20.375,20.5,912600,20.625,20.625,6.385377407073975
29-12-1994,20.375,20.375,973800,20.625,20.5,6.3466796875
30-12-1994,20.375,20.75,904500,20.875,20.375,6.307980537414551
03-01-1995,20.5,20.625,649600,20.875,20.875,6.462775230407715
04-01-1995,20.5,20.75,658700,20.875,20.625,6.385377407073975
05-01-1995,20.375,20.5,466800,20.625,20.375,6.307980537414551
06-01-1995,20.625,20.75,933500,20.875,20.625,6.385377407073975
09-01-1995,21.0,21.0,1298700,21.375,21.125,6.540177822113037
10-01-1995,21.125,21.375,1674100,21.625,21.25,6.5788774490356445
11-01-1995,20.875,21.125,1103300,21.25,21.0,6.5014777183532715
12-01-1995,21.0,21.0,872100,21.25,21.125,6.540177822113037
13-01-1995,21.25,21.5,1449300,21.625,21.5,6.656274318695068
16-01-1995,21.375,21.5,617300,21.625,21.375,6.617572784423828
17-01-1995,21.0,21.125,447800,21.25,21.0,6.5014777183532715
18-01-1995,21.0,21.125,795000,21.25,21.125,6.540177822113037
19-01-1995,20.625,20.875,997400,20.875,20.625,6.385377407073975
20-01-1995,20.25,20.5,675200,20.5,20.5,6.3466796875
23-01-1995,18.75,18.875,2310200,19.25,19.125,5.920988082885742
24-01-1995,19.25,19.375,1270900,19.5,19.25,5.959688663482666
25-01-1995,18.875,19.125,902100,19.125,19.0,5.882290363311768
26-01-1995,19.0,19.125,2240800,19.625,19.25,5.959688663482666
27-01-1995,19.375,19.5,1028200,19.625,19.625,6.075784683227539
30-01-1995,19.125,19.375,649000,19.5,19.125,5.920988082885742
31-01-1995,19.25,19.25,1211000,19.75,19.625,6.075784683227539
01-02-1995,19.625,19.625,670100,19.875,19.75,6.1144866943359375
02-02-1995,20.125,20.25,1630000,20.625,20.375,6.307980537414551
03-02-1995,20.5,20.625,1246900,20.875,20.875,6.462775230407715
06-02-1995,20.375,20.5,607100,20.625,20.5,6.3466796875
07-02-1995,20.0,20.375,1263300,20.5,20.125,6.230584144592285
08-02-1995,20.0,20.125,1017200,20.375,20.125,6.230584144592285
09-02-1995,20.25,20.375,927000,20.5,20.375,6.307980537414551
10-02-1995,20.5,20.5,4785700,20.75,20.625,6.385377407073975
13-02-1995,20.25,20.375,4862300,20.5,20.25,6.269280433654785
14-02-1995,20.125,20.25,1051100,20.375,20.25,6.269280433654785
15-02-1995,20.25,20.25,6616400,20.5,20.5,6.3466796875
16-02-1995,20.375,20.5,6172100,20.625,20.5,6.3466796875
17-02-1995,20.375,20.5,705200,20.625,20.5,6.3466796875
21-02-1995,20.25,20.5,574300,20.5,20.25,6.269280433654785
22-02-1995,20.125,20.25,704900,20.375,20.25,6.269280433654785
23-02-1995,20.5,20.5,498900,20.625,20.625,6.385377407073975
24-02-1995,19.875,20.0,4362700,20.125,20.125,6.349101543426514
27-02-1995,19.875,20.0,2172300,20.0,19.875,6.270229816436768
28-02-1995,19.875,19.875,3322800,20.125,20.0,6.3096604347229
01-03-1995,20.375,20.375,3035300,20.625,20.375,6.427969932556152
02-03-1995,20.875,21.0,4741800,21.25,21.125,6.664583206176758
03-03-1995,21.125,21.25,1091100,21.5,21.375,6.743451118469238
06-03-1995,20.875,21.25,769100,21.25,21.125,6.664583206176758
07-03-1995,21.375,21.5,1662400,21.75,21.625,6.822324275970459
08-03-1995,21.5,21.625,1091000,21.875,21.75,6.861757755279541
09-03-1995,21.375,21.5,841500,21.625,21.5,6.782888412475586
10-03-1995,21.25,21.375,644800,21.625,21.25,6.704018592834473
13-03-1995,21.625,21.625,1079900,22.015625,22.0,6.940626621246338
14-03-1995,21.875,22.0,1712200,22.375,22.375,7.058933258056641
15-03-1995,21.875,22.125,1236900,22.25,22.0,6.940626621246338
16-03-1995,22.0,22.125,1149400,22.375,22.3125,7.039217948913574
17-03-1995,22.0,22.125,843700,22.375,22.0,6.940626621246338
20-03-1995,22.25,22.25,1173000,22.375,22.25,7.019500732421875
21-03-1995,22.0,22.25,1104400,22.375,22.125,6.980064868927002
22-03-1995,22.125,22.25,574600,22.375,22.375,7.058933258056641
23-03-1995,22.125,22.25,1217500,22.375,22.375,7.058933258056641
24-03-1995,22.25,22.25,1656500,22.75,22.75,7.177241802215576
27-03-1995,22.5,22.625,854400,22.875,22.75,7.177241802215576
28-03-1995,22.5,22.75,504200,22.875,22.75,7.177241802215576
29-03-1995,22.625,22.75,622700,23.0,22.75,7.177241802215576
30-03-1995,22.75,22.875,963600,23.0,22.875,7.216677665710449
31-03-1995,22.625,22.625,1001400,23.0,22.875,7.216677665710449
03-04-1995,22.875,22.875,1028200,23.125,23.0,7.2561116218566895
04-04-1995,23.125,23.25,1006600,23.5,23.375,7.374420166015625
05-04-1995,23.125,23.375,1020900,23.375,23.125,7.29555082321167
06-04-1995,23.375,23.375,981000,23.625,23.625,7.453289985656738
07-04-1995,23.375,23.5,983600,23.75,23.75,7.492727279663086
10-04-1995,23.125,23.3125,812800,23.5,23.5,7.413856506347656
11-04-1995,22.875,23.375,730700,23.5,23.0,7.2561116218566895
12-04-1995,22.75,22.875,820000,23.0,22.75,7.177241802215576
13-04-1995,22.75,22.875,535400,23.75,22.75,7.177241802215576
17-04-1995,22.75,22.75,587600,23.0,22.75,7.177241802215576
18-04-1995,22.625,22.75,387600,22.875,22.625,7.137806415557861
19-04-1995,22.625,22.75,1045000,22.875,22.75,7.177241802215576
20-04-1995,22.75,22.875,491000,23.0,22.9375,7.236394882202148
21-04-1995,22.875,23.0,1328900,23.125,23.125,7.29555082321167
24-04-1995,23.375,23.375,1111300,23.75,23.5,7.413856506347656
25-04-1995,23.5,23.625,692600,23.75,23.625,7.453289985656738
26-04-1995,23.5,23.625,730500,23.875,23.625,7.453289985656738
27-04-1995,23.5,23.625,580200,23.75,23.625,7.453289985656738
28-04-1995,23.5,23.75,497600,23.875,23.625,7.453289985656738
01-05-1995,23.5,23.625,291300,23.75,23.5,7.413856506347656
02-05-1995,23.5,23.625,589400,23.75,23.75,7.492727279663086
03-05-1995,23.75,23.875,1292600,24.125,24.0,7.571591377258301
04-05-1995,23.625,24.0,1200900,24.0,23.75,7.492727279663086
05-05-1995,23.25,23.5,1008700,23.625,23.5,7.413856506347656
08-05-1995,23.375,23.375,607200,23.75,23.625,7.453289985656738
09-05-1995,22.875,23.25,2570800,23.25,23.0,7.2561116218566895
10-05-1995,22.875,23.0,1161800,23.25,23.25,7.334982872009277
11-05-1995,23.0,23.0,1086600,23.375,23.25,7.334982872009277
12-05-1995,23.125,23.125,1225600,23.375,23.125,7.29555082321167
15-05-1995,22.875,23.125,1331300,23.25,23.0,7.2561116218566895
16-05-1995,22.125,22.625,845700,22.75,22.5,7.098374366760254
17-05-1995,22.25,22.375,878200,22.5,22.25,7.019500732421875
18-05-1995,22.0,22.25,1592700,22.375,22.0,6.940626621246338
19-05-1995,21.875,22.0,1003100,22.125,22.125,6.980064868927002
22-05-1995,22.0,22.125,611900,22.375,22.25,7.019500732421875
23-05-1995,22.125,22.25,986600,22.625,22.5,7.098374366760254
24-05-1995,22.375,22.625,823900,22.75,22.625,7.137806415557861
25-05-1995,23.0,23.125,1220400,23.375,23.375,7.374420166015625
26-05-1995,23.125,23.5,1051800,23.625,23.25,7.334982872009277
30-05-1995,23.125,23.25,358000,23.375,23.25,7.334982872009277
31-05-1995,22.875,23.125,925300,23.25,23.125,7.29555082321167
01-06-1995,22.75,23.03125,944100,23.125,23.0,7.2561116218566895
02-06-1995,22.625,23.0,747000,23.0,22.75,7.177241802215576
05-06-1995,22.875,22.875,881100,23.25,23.125,7.29555082321167
06-06-1995,23.0,23.0,852400,23.25,23.25,7.334982872009277
07-06-1995,23.0,23.25,1128100,23.25,23.125,7.29555082321167
08-06-1995,23.25,23.375,1159100,23.9375,23.75,7.492727279663086
09-06-1995,23.25,23.5,910100,23.5,23.25,7.334982872009277
12-06-1995,23.125,23.625,1039800,23.75,23.625,7.453289985656738
13-06-1995,23.625,23.625,589300,23.875,23.75,7.492727279663086
14-06-1995,23.625,23.625,490500,23.875,23.875,7.532162189483643
15-06-1995,23.75,23.75,498900,24.0,23.75,7.492727279663086
16-06-1995,23.875,23.875,1071200,24.125,24.0,7.571591377258301
19-06-1995,24.0,24.125,1098500,24.5,24.375,7.689901351928711
20-06-1995,24.375,24.5,866200,24.75,24.5,7.72934103012085
21-06-1995,24.5,24.625,1519800,24.875,24.75,7.80820894241333
22-06-1995,25.0,25.0,2121600,25.5,25.375,8.005385398864746
23-06-1995,25.0,25.0,1020600,25.375,25.0,7.887080669403076
26-06-1995,24.375,24.75,973800,24.75,24.5,7.72934103012085
27-06-1995,24.375,24.375,498900,24.625,24.375,7.689901351928711
28-06-1995,23.875,24.125,614700,24.25,24.125,7.611027240753174
29-06-1995,24.125,24.25,600000,24.5,24.375,7.689901351928711
30-06-1995,24.375,24.375,315900,24.625,24.375,7.689901351928711
03-07-1995,24.5,24.5,101200,24.625,24.5,7.72934103012085
05-07-1995,23.875,24.0,855300,24.375,24.125,7.611027240753174
06-07-1995,23.625,24.125,1269600,24.125,23.8125,7.512442111968994
07-07-1995,24.0,24.0,1150600,24.25,24.125,7.611027240753174
10-07-1995,23.875,24.125,824900,24.125,23.875,7.532162189483643
11-07-1995,23.75,23.875,531600,24.125,23.875,7.532162189483643
12-07-1995,23.625,23.75,697000,23.875,23.875,7.532162189483643
13-07-1995,24.0,24.0,1014700,24.375,24.25,7.650463581085205
14-07-1995,23.75,24.0,455600,24.0,23.875,7.532162189483643
17-07-1995,23.875,24.0,774800,24.125,24.0,7.571591377258301
18-07-1995,23.875,24.0,350400,24.125,23.875,7.532162189483643
19-07-1995,23.625,23.875,1004200,24.125,23.75,7.492727279663086
20-07-1995,23.25,23.75,427500,24.0,24.0,7.571591377258301
21-07-1995,23.625,23.875,445000,23.875,23.75,7.492727279663086
24-07-1995,23.625,23.75,308600,24.25,23.75,7.492727279663086
25-07-1995,23.25,23.625,500900,23.625,23.625,7.453289985656738
26-07-1995,23.75,23.75,1574400,24.0,23.875,7.532162189483643
27-07-1995,23.625,23.875,1290400,23.875,23.765625,7.497654438018799
28-07-1995,23.75,23.75,289400,23.875,23.75,7.492727279663086
31-07-1995,23.75,23.75,499800,24.0,23.875,7.532162189483643
01-08-1995,23.875,24.0,390100,24.125,24.0,7.571591377258301
02-08-1995,24.375,24.375,992100,24.75,24.625,7.768775463104248
03-08-1995,24.5,24.5,528800,24.75,24.75,7.80820894241333
04-08-1995,24.625,24.75,432100,24.875,24.625,7.768775463104248
07-08-1995,24.375,24.5,386200,24.625,24.375,7.689901351928711
08-08-1995,24.375,24.5,392500,24.625,24.5,7.72934103012085
09-08-1995,24.125,24.5,812700,24.5,24.25,7.650463581085205
10-08-1995,24.0,24.125,609700,24.25,24.0,7.571591377258301
11-08-1995,23.75,24.125,490700,24.125,23.875,7.532162189483643
14-08-1995,23.625,23.625,376100,23.875,23.75,7.492727279663086
15-08-1995,23.625,23.75,257200,23.75,23.625,7.453289985656738
16-08-1995,23.5,23.625,297200,23.75,23.625,7.453289985656738
17-08-1995,23.25,23.5,597000,24.375,23.5,7.413856506347656
18-08-1995,23.75,23.75,867300,24.125,24.0,7.571591377258301
21-08-1995,24.375,24.375,1144900,24.625,24.375,7.689901351928711
22-08-1995,23.875,24.25,1097300,24.375,24.125,7.611027240753174
23-08-1995,23.625,23.875,613900,23.875,23.625,7.453289985656738
24-08-1995,23.75,23.75,525500,24.0,24.0,7.571591377258301
25-08-1995,23.875,24.0,390400,24.125,24.0,7.571591377258301
28-08-1995,23.75,24.0,838400,24.125,23.75,7.492727279663086
29-08-1995,23.625,23.75,488200,23.875,23.875,7.532162189483643
30-08-1995,23.75,23.875,554500,24.0,23.875,7.532162189483643
31-08-1995,23.625,23.75,224300,23.875,23.75,7.492727279663086
01-09-1995,23.5,23.625,328400,23.875,23.875,7.532162189483643
05-09-1995,23.75,23.875,434900,24.125,24.0,7.571591377258301
06-09-1995,24.25,24.375,1641000,24.75,24.75,7.80820894241333
07-09-1995,24.5,24.625,6330900,24.75,24.625,7.768775463104248
08-09-1995,24.125,24.375,2659300,24.5,24.375,7.689901351928711
11-09-1995,24.125,24.25,1115900,24.25,24.125,7.611027240753174
12-09-1995,24.125,24.25,599000,24.375,24.25,7.650463581085205
13-09-1995,23.875,24.125,1280500,24.125,23.875,7.532162189483643
14-09-1995,23.75,24.0,1415800,24.0,23.75,7.492727279663086
15-09-1995,23.75,23.75,1006800,23.875,23.875,7.532162189483643
18-09-1995,23.625,23.75,2077200,24.75,23.875,7.532162189483643
19-09-1995,23.625,23.875,1446200,23.875,23.75,7.492727279663086
20-09-1995,23.75,23.75,461500,24.0,23.875,7.532162189483643
21-09-1995,24.0,24.0,1712300,24.5,24.25,7.650463581085205
22-09-1995,23.125,23.25,12391300,23.375,23.375,7.617552280426025
25-09-1995,23.125,23.375,1947400,23.375,23.375,7.617552280426025
26-09-1995,23.625,23.625,5151000,24.0,23.875,7.780493259429932
27-09-1995,23.75,23.75,1810300,24.375,24.125,7.861963748931885
28-09-1995,24.375,24.375,932900,24.625,24.375,7.943437576293945
29-09-1995,24.125,24.375,703700,24.375,24.125,7.861963748931885
02-10-1995,24.125,24.25,553400,24.375,24.125,7.861963748931885
03-10-1995,24.0,24.125,354200,24.25,24.125,7.861963748931885
04-10-1995,24.25,24.25,651800,24.625,24.5,7.984174728393555
05-10-1995,24.375,24.625,563300,24.625,24.625,8.024909973144531
06-10-1995,24.375,24.5,643600,24.625,24.375,7.943437576293945
09-10-1995,24.25,24.375,439800,24.5,24.25,7.902701377868652
10-10-1995,23.75,23.875,469200,24.0,24.0,7.821226596832275
11-10-1995,24.0,24.0,414100,24.25,24.125,7.861963748931885
12-10-1995,24.375,24.5,1259900,24.875,24.75,8.065646171569824
13-10-1995,24.75,25.0,982300,25.125,24.875,8.106380462646484
16-10-1995,24.75,24.75,548700,24.875,24.75,8.065646171569824
17-10-1995,24.625,24.75,413700,24.875,24.875,8.106380462646484
18-10-1995,24.875,24.875,323000,25.0,24.875,8.106380462646484
19-10-1995,24.75,24.875,633200,25.125,25.0,8.147114753723145
20-10-1995,24.875,25.0,366500,25.125,25.0,8.147114753723145
23-10-1995,24.75,24.75,3178800,27.0,26.875,8.758147239685059
24-10-1995,26.875,27.25,1988300,27.375,27.25,8.880353927612305
25-10-1995,26.875,27.25,1698600,27.375,27.0,8.798885345458984
26-10-1995,26.625,26.75,1386800,26.875,26.625,8.676677703857422
27-10-1995,26.5,26.625,874300,26.875,26.875,8.758147239685059
30-10-1995,26.75,26.75,637000,27.0,26.75,8.717412948608398
31-10-1995,26.75,26.875,1556200,27.125,27.0,8.798885345458984
01-11-1995,26.75,26.875,542600,27.0,26.875,8.758147239685059
02-11-1995,27.0,27.0,1569700,27.625,27.375,8.921089172363281
03-11-1995,26.75,27.125,1392200,27.25,27.125,8.839619636535645
06-11-1995,27.125,27.25,1754700,28.375,28.125,9.165504455566406
07-11-1995,27.75,28.25,1400300,28.25,27.75,9.043296813964844
08-11-1995,27.25,27.75,1136200,27.75,27.625,9.002565383911133
09-11-1995,26.875,27.25,714500,27.25,27.0,8.798885345458984
10-11-1995,26.625,26.75,648800,26.875,26.625,8.676677703857422
13-11-1995,26.125,26.375,1104600,26.625,26.25,8.55447006225586
14-11-1995,26.25,26.5,913100,26.75,26.5,8.635941505432129
15-11-1995,26.375,26.375,669000,27.25,27.125,8.839619636535645
16-11-1995,27.375,27.375,511500,27.625,27.5,8.961824417114258
17-11-1995,27.25,27.5,415600,27.5,27.25,8.880353927612305
20-11-1995,27.5,27.5,538100,27.875,27.75,9.043296813964844
21-11-1995,27.25,27.5,531200,27.5,27.5,8.961824417114258
22-11-1995,27.25,27.5,357500,27.5,27.25,8.880353927612305
24-11-1995,27.125,27.375,217300,27.625,27.375,8.921089172363281
27-11-1995,27.375,27.375,501400,27.75,27.375,8.921089172363281
28-11-1995,27.0,27.375,326800,27.375,27.125,8.839619636535645
29-11-1995,26.625,27.0,358400,27.125,26.875,8.758147239685059
30-11-1995,26.5,26.75,676700,26.875,26.625,8.676677703857422
01-12-1995,26.5,26.625,337400,26.75,26.625,8.676677703857422
04-12-1995,26.5,26.625,886800,27.375,27.125,8.839619636535645
05-12-1995,27.25,27.375,860800,27.875,27.625,9.002565383911133
06-12-1995,27.25,28.0,968700,28.125,27.75,9.043296813964844
07-12-1995,26.75,27.375,454300,27.5,26.875,8.758147239685059
08-12-1995,26.875,27.0,317700,27.25,27.25,8.880353927612305
11-12-1995,27.125,27.125,330100,27.625,27.5,8.961824417114258
12-12-1995,27.25,27.375,277900,27.5,27.25,8.880353927612305
13-12-1995,27.0,27.25,489900,27.375,27.375,8.921089172363281
14-12-1995,27.5,27.5,643900,27.75,27.5,8.961824417114258
15-12-1995,27.375,27.625,550000,27.875,27.375,8.921089172363281
18-12-1995,27.0,27.25,457900,27.375,27.0,8.798885345458984
19-12-1995,26.75,26.75,1060000,27.5,27.375,8.921089172363281
20-12-1995,26.875,27.375,543100,27.5,26.875,8.758147239685059
21-12-1995,27.125,27.125,534000,27.5,27.5,8.961824417114258
22-12-1995,27.25,27.5,361700,27.75,27.75,9.043296813964844
26-12-1995,27.625,27.625,216700,27.875,27.75,9.043296813964844
27-12-1995,27.875,28.0,726900,28.25,28.125,9.165504455566406
28-12-1995,27.75,28.125,539800,28.125,27.75,9.043296813964844
29-12-1995,28.0,28.125,488300,28.25,28.125,9.165504455566406
02-01-1996,27.875,28.125,479400,28.25,28.125,9.165504455566406
03-01-1996,27.75,27.875,613000,28.0,27.875,9.084031105041504
04-01-1996,27.125,27.625,1065600,27.875,27.375,8.921089172363281
05-01-1996,27.375,27.375,545600,27.75,27.75,9.043296813964844
08-01-1996,27.5,27.625,87400,27.75,27.625,9.002565383911133
09-01-1996,27.125,27.625,707000,27.625,27.125,8.839619636535645
10-01-1996,26.75,27.125,539000,27.125,26.75,8.717412948608398
11-01-1996,26.875,26.875,545200,27.125,26.875,8.758147239685059
12-01-1996,26.875,27.0,535000,27.25,27.125,8.839619636535645
15-01-1996,27.125,27.125,304800,27.375,27.25,8.880353927612305
16-01-1996,27.5,27.75,1255400,27.875,27.875,9.084031105041504
17-01-1996,27.5,27.625,1064600,27.75,27.5,8.961824417114258
18-01-1996,27.625,27.625,654400,27.875,27.75,9.043296813964844
19-01-1996,27.375,27.5,588000,27.625,27.5,8.961824417114258
22-01-1996,27.375,27.375,334600,27.625,27.5,8.961824417114258
23-01-1996,27.125,27.5,877800,27.5,27.25,8.880353927612305
24-01-1996,27.125,27.125,765700,27.75,27.75,9.043296813964844
25-01-1996,27.0,27.5,652100,27.5,27.0,8.798885345458984
26-01-1996,27.0,27.0,520800,27.375,27.25,8.880353927612305
29-01-1996,27.375,27.375,550600,27.625,27.5,8.961824417114258
30-01-1996,27.75,27.75,2235800,28.75,28.625,9.328452110290527
31-01-1996,28.5,28.625,2708800,29.25,29.125,9.491390228271484
01-02-1996,28.625,28.875,1496800,29.0,29.0,9.450654983520508
02-02-1996,29.0,29.125,1030300,29.5,29.25,9.532125473022461
05-02-1996,29.0,29.25,837600,29.375,29.25,9.532125473022461
06-02-1996,29.0,29.25,636800,29.375,29.25,9.532125473022461
07-02-1996,28.5,28.75,613700,29.75,28.5,9.287715911865234
08-02-1996,28.375,28.5,888400,28.75,28.375,9.246978759765625
09-02-1996,27.875,28.375,1524700,28.625,28.125,9.165504455566406
12-02-1996,28.25,28.25,720800,28.5,28.375,9.246978759765625
13-02-1996,28.5,28.5,1101400,28.875,28.625,9.328452110290527
14-02-1996,28.625,28.625,725900,28.875,28.75,9.369186401367188
15-02-1996,28.625,28.75,1167100,29.25,29.0,9.450654983520508
16-02-1996,28.75,29.0,767800,29.25,28.875,9.409920692443848
20-02-1996,28.25,28.25,766900,28.875,28.25,9.206236839294434
21-02-1996,28.375,28.375,524800,28.625,28.5,9.287715911865234
22-02-1996,28.375,28.375,728100,28.625,28.5,9.287715911865234
23-02-1996,28.25,28.5,600100,28.625,28.25,9.206236839294434
26-02-1996,27.875,28.0,558500,28.125,28.0,9.12476634979248
27-02-1996,27.75,28.0,282300,28.125,27.875,9.084031105041504
28-02-1996,27.75,27.875,452100,28.875,27.875,9.084031105041504
29-02-1996,27.375,27.375,653200,27.75,27.375,8.921089172363281
01-03-1996,27.25,27.375,340600,27.625,27.375,8.921089172363281
04-03-1996,27.875,27.875,510100,28.25,28.25,9.206236839294434
05-03-1996,27.875,27.875,628700,28.125,27.875,9.084031105041504
06-03-1996,26.625,26.875,9826700,27.125,26.75,8.717412948608398
07-03-1996,25.625,26.0,20819100,26.25,26.125,8.513733863830566
08-03-1996,25.25,25.5,5980600,26.0,25.375,8.26932144165039
11-03-1996,25.125,25.25,987100,25.875,25.875,8.432263374328613
12-03-1996,24.625,25.375,1645500,25.5,24.75,8.065646171569824
13-03-1996,24.375,24.75,1300100,24.875,24.5,7.984174728393555
14-03-1996,24.75,24.75,900700,25.25,25.0,8.147114753723145
15-03-1996,24.375,24.625,615000,24.75,24.5,7.984174728393555
18-03-1996,24.625,24.75,967900,25.25,25.125,8.187849998474121
19-03-1996,25.125,25.25,851800,25.375,25.25,8.22858715057373
20-03-1996,25.25,25.25,511300,25.5,25.5,8.31006145477295
21-03-1996,25.5,25.625,7495100,25.875,25.75,8.391531944274902
22-03-1996,24.75,25.0,8115600,25.25,24.875,8.293177604675293
25-03-1996,24.625,24.875,5705400,25.0,24.875,8.293177604675293
26-03-1996,25.125,25.25,5060200,25.75,25.5,8.501551628112793
27-03-1996,25.125,25.25,1239500,25.375,25.125,8.376526832580566
28-03-1996,24.875,25.0,594900,25.125,25.125,8.376526832580566
29-03-1996,25.0,25.25,661800,25.25,25.0,8.33485221862793
01-04-1996,24.625,24.875,677300,24.875,24.75,8.251502990722656
02-04-1996,24.5,24.75,1147800,24.75,24.625,8.209833145141602
03-04-1996,24.5,24.625,514600,24.625,24.5,8.168157577514648
04-04-1996,24.625,24.75,411700,25.0,24.875,8.293177604675293
08-04-1996,24.375,24.5,402900,24.625,24.375,8.126482009887695
09-04-1996,24.375,24.625,860900,24.75,24.5,8.168157577514648
10-04-1996,23.75,24.375,1028100,24.5,23.75,7.918111801147461
11-04-1996,23.625,23.875,661200,24.0,23.75,7.918111801147461
12-04-1996,23.625,23.875,1141100,24.25,24.125,8.04312801361084
15-04-1996,23.875,24.125,1237900,24.375,24.125,8.04312801361084
16-04-1996,23.875,24.0,1022600,24.125,24.0,8.00145435333252
17-04-1996,23.75,23.875,516300,24.0,23.75,7.918111801147461
18-04-1996,23.75,24.0,745300,24.375,24.25,8.084806442260742
19-04-1996,24.25,24.5,483700,24.625,24.375,8.126482009887695
22-04-1996,23.75,24.25,726100,24.375,23.75,7.918111801147461
23-04-1996,23.875,23.875,541300,24.25,24.125,8.04312801361084
24-04-1996,23.25,24.0,1596200,24.125,23.5,7.834765911102295
25-04-1996,22.375,23.375,747000,23.625,23.625,7.876434803009033
26-04-1996,23.375,23.625,649500,23.75,23.75,7.918111801147461
29-04-1996,23.75,23.875,518000,24.0,23.875,7.959782600402832
30-04-1996,23.875,24.125,883300,24.25,24.25,8.084806442260742
01-05-1996,24.25,24.375,1778800,24.75,24.625,8.209833145141602
02-05-1996,23.875,24.625,959800,24.625,23.875,7.959782600402832
03-05-1996,23.75,24.0,654400,24.125,24.0,8.00145435333252
06-05-1996,23.75,24.0,397400,24.0,24.0,8.00145435333252
07-05-1996,23.25,23.625,1271600,23.75,23.5,7.834765911102295
08-05-1996,23.25,23.5,1263600,23.75,23.75,7.918111801147461
09-05-1996,23.375,23.625,617900,23.625,23.375,7.793086528778076
10-05-1996,23.5,23.625,606600,23.875,23.75,7.918111801147461
13-05-1996,23.5,23.625,683800,23.875,23.75,7.918111801147461
14-05-1996,23.625,23.75,923600,24.0,23.75,7.918111801147461
15-05-1996,23.75,23.875,544500,24.0,23.75,7.918111801147461
16-05-1996,24.375,24.375,3188500,26.125,26.0,8.66824722290039
17-05-1996,25.75,26.125,1055900,26.25,25.875,8.626570701599121
20-05-1996,25.375,25.75,1429400,26.125,26.125,8.709919929504395
21-05-1996,26.125,26.125,1318400,26.625,26.375,8.793264389038086
22-05-1996,25.875,26.125,557600,26.25,26.125,8.709919929504395
23-05-1996,25.75,25.875,996500,26.25,26.125,8.709919929504395
24-05-1996,25.875,25.875,534300,26.125,26.0,8.66824722290039
28-05-1996,26.0,26.25,780000,26.375,26.0,8.66824722290039
29-05-1996,26.125,26.125,702700,26.5,26.25,8.751594543457031
30-05-1996,26.0,26.125,895600,26.25,26.125,8.709919929504395
31-05-1996,26.0,26.25,1119200,26.25,26.125,8.709919929504395
03-06-1996,25.75,26.0,711300,26.125,26.0,8.66824722290039
04-06-1996,25.875,26.125,719900,26.25,26.0,8.66824722290039
05-06-1996,25.625,25.875,740100,26.0,26.0,8.66824722290039
06-06-1996,25.5,26.0,599500,26.0,25.5,8.501551628112793
07-06-1996,25.25,25.25,396600,25.5,25.375,8.459875106811523
10-06-1996,25.125,25.375,628900,25.5,25.125,8.376526832580566
11-06-1996,25.375,25.375,2137600,25.875,25.5,8.501551628112793
12-06-1996,26.0,26.0,1472700,26.375,26.125,8.709919929504395
13-06-1996,26.375,26.375,1066000,26.625,26.5,8.834941864013672
14-06-1996,26.5,26.5,397100,26.625,26.5,8.834941864013672
17-06-1996,27.25,27.375,1419000,27.625,27.375,9.126662254333496
18-06-1996,26.875,27.25,600600,27.25,27.0,9.001641273498535
19-06-1996,26.625,26.875,703800,27.0,26.625,8.876616477966309
20-06-1996,26.5,26.625,395500,26.75,26.75,8.918292045593262
21-06-1996,26.375,26.75,675600,26.75,26.375,8.793264389038086
24-06-1996,26.125,26.25,744600,26.375,26.375,8.793264389038086
25-06-1996,26.0,26.25,642000,26.25,26.0,8.66824722290039
26-06-1996,26.125,26.25,356900,26.5,26.25,8.751594543457031
27-06-1996,26.125,26.25,385400,26.625,26.5,8.834941864013672
28-06-1996,26.75,26.75,347600,27.0,26.75,8.918292045593262
01-07-1996,26.875,26.875,399500,27.125,27.125,9.043313026428223
02-07-1996,26.375,27.0,555100,27.0,26.875,8.95996379852295
03-07-1996,26.875,26.875,933500,27.125,27.0,9.001641273498535
05-07-1996,27.125,27.125,343800,27.5,27.125,9.043313026428223
08-07-1996,26.875,27.125,1459300,27.25,26.875,8.95996379852295
09-07-1996,27.0,27.0,899900,27.375,27.375,9.126662254333496
10-07-1996,27.5,27.625,782200,27.75,27.5,9.168334007263184
11-07-1996,27.5,27.625,1363500,27.875,27.75,9.251684188842773
12-07-1996,27.0,27.25,685300,27.25,27.125,9.043313026428223
15-07-1996,26.75,27.125,508800,27.25,26.75,8.918292045593262
16-07-1996,26.625,26.875,1067300,27.25,27.125,9.043313026428223
17-07-1996,26.875,27.25,10511800,27.25,26.875,8.95996379852295
18-07-1996,27.0,27.0,716600,27.375,27.375,9.126662254333496
19-07-1996,27.375,27.375,615900,27.625,27.5,9.168334007263184
22-07-1996,27.375,27.625,497300,27.625,27.625,9.210017204284668
23-07-1996,27.75,27.75,6041600,28.375,28.0,9.33503246307373
24-07-1996,27.0,27.25,934200,27.625,27.375,9.126662254333496
25-07-1996,27.625,27.625,710100,28.0,28.0,9.33503246307373
26-07-1996,27.375,27.625,2428900,27.75,27.5,9.168334007263184
29-07-1996,27.5,27.625,338000,27.75,27.5,9.168334007263184
30-07-1996,27.875,27.875,808400,28.25,28.125,9.376708984375
31-07-1996,27.25,27.75,17541200,27.75,27.75,9.251684188842773
01-08-1996,27.5,27.625,4752500,27.875,27.75,9.251684188842773
02-08-1996,27.75,27.875,584100,28.0,28.0,9.33503246307373
05-08-1996,27.75,27.875,3716000,28.0,27.875,9.293357849121094
06-08-1996,27.5,27.625,1539900,27.875,27.75,9.251684188842773
07-08-1996,27.5,27.875,7822800,27.875,27.5,9.168334007263184
08-08-1996,27.5,27.75,577600,27.875,27.625,9.210017204284668
09-08-1996,27.625,27.625,771300,28.25,27.875,9.293357849121094
12-08-1996,27.875,28.0,2766000,28.25,28.125,9.376708984375
13-08-1996,28.0,28.125,258400,28.25,28.125,9.376708984375
14-08-1996,28.0,28.0,470300,28.375,28.25,9.418378829956055
15-08-1996,28.125,28.25,547300,28.5,28.375,9.460060119628906
16-08-1996,27.75,27.875,3682700,28.25,28.125,9.573752403259277
19-08-1996,27.875,28.0,573100,28.125,28.0,9.531198501586914
20-08-1996,28.125,28.25,1985800,28.375,28.25,9.616301536560059
21-08-1996,28.25,28.375,1305600,28.75,28.375,9.658853530883789
22-08-1996,28.25,28.375,607500,28.75,28.75,9.786500930786133
23-08-1996,28.375,28.5,279100,28.625,28.375,9.658853530883789
26-08-1996,28.25,28.375,327800,28.5,28.375,9.658853530883789
27-08-1996,28.375,28.5,810300,28.625,28.375,9.658853530883789
28-08-1996,28.625,28.625,819800,29.0,28.875,9.82905387878418
29-08-1996,28.375,28.75,355700,28.875,28.5,9.701400756835938
30-08-1996,28.5,28.625,253000,28.75,28.5,9.701400756835938
03-09-1996,28.125,28.25,295300,28.75,28.625,9.743951797485352
04-09-1996,28.5,28.75,849000,28.875,28.75,9.786500930786133
05-09-1996,29.0,29.0,561500,29.375,29.125,9.914151191711426
06-09-1996,29.25,29.25,420900,29.5,29.25,9.956707954406738
09-09-1996,29.125,29.25,526900,29.5,29.5,10.041799545288086
10-09-1996,29.25,29.5,399500,29.5,29.375,9.999252319335938
11-09-1996,29.125,29.25,307000,29.375,29.25,9.956707954406738
12-09-1996,29.125,29.25,321600,29.375,29.25,9.956707954406738
13-09-1996,29.375,29.5,836000,29.875,29.75,10.126895904541016
16-09-1996,29.625,29.625,859000,30.125,30.0,10.211995124816895
17-09-1996,29.625,29.875,1074200,30.0,29.625,10.0843505859375
18-09-1996,29.5,29.625,785500,29.75,29.625,10.0843505859375
19-09-1996,29.75,29.875,922600,30.0,29.75,10.126895904541016
20-09-1996,29.75,29.875,703900,29.875,29.875,10.169449806213379
23-09-1996,29.75,29.75,728000,29.875,29.75,10.126895904541016
24-09-1996,29.75,29.875,456700,30.0,29.75,10.126895904541016
25-09-1996,30.0,30.125,508900,30.25,30.125,10.254552841186523
26-09-1996,30.25,30.25,801000,30.75,30.625,10.424745559692383
27-09-1996,30.75,31.0,890300,31.125,31.0,10.552403450012207
30-09-1996,31.0,31.125,482600,31.25,31.125,10.594950675964355
01-10-1996,31.375,31.375,907300,31.875,31.75,10.807701110839844
02-10-1996,32.0,32.0,1052500,32.375,32.375,11.020448684692383
03-10-1996,31.875,32.0,609500,32.125,32.0,10.892804145812988
04-10-1996,31.5,31.625,715900,32.125,32.0,10.892804145812988
07-10-1996,31.875,32.125,419900,32.25,31.875,10.850253105163574
08-10-1996,31.375,31.875,1122900,32.0,31.375,10.68005084991455
09-10-1996,30.5,31.125,1367500,31.125,30.5,10.382204055786133
10-10-1996,30.5,30.5,600700,30.875,30.75,10.467303276062012
11-10-1996,30.75,30.875,373800,31.0,31.0,10.552403450012207
14-10-1996,30.875,31.0,561000,31.5,31.375,10.68005084991455
15-10-1996,31.0,31.625,1321200,31.75,31.125,10.594950675964355
16-10-1996,30.875,31.125,1195400,31.375,31.25,10.63749885559082
17-10-1996,31.375,31.5,686000,31.625,31.5,10.7225980758667
18-10-1996,31.75,31.875,753700,32.125,32.0,10.892804145812988
21-10-1996,31.875,32.0,556600,32.25,32.0,10.892804145812988
22-10-1996,32.0,32.0,784000,32.375,32.125,10.935352325439453
23-10-1996,31.25,31.875,731900,32.125,31.25,10.63749885559082
24-10-1996,31.375,31.625,1231100,31.75,31.375,10.68005084991455
25-10-1996,31.625,31.625,396300,32.0,31.625,10.765152931213379
28-10-1996,31.5,31.625,488100,31.875,31.5,10.7225980758667
29-10-1996,31.0,31.25,603700,31.375,31.125,10.594950675964355
30-10-1996,30.875,31.25,411900,31.375,31.0,10.552403450012207
31-10-1996,30.75,30.875,685300,31.5,31.5,10.7225980758667
01-11-1996,31.25,31.625,381400,31.75,31.5,10.7225980758667
04-11-1996,31.25,31.375,430600,31.625,31.5,10.7225980758667
05-11-1996,31.375,31.5,728800,31.75,31.375,10.68005084991455
06-11-1996,31.5,31.5,1213700,32.625,32.625,11.105554580688477
07-11-1996,31.375,31.875,853700,32.0,31.5,10.7225980758667
08-11-1996,31.25,31.5,454600,31.5,31.375,10.68005084991455
11-11-1996,31.125,31.25,433000,31.5,31.375,10.68005084991455
12-11-1996,31.25,31.5,872400,31.625,31.25,10.63749885559082
13-11-1996,31.125,31.25,487700,31.5,31.375,10.68005084991455
14-11-1996,31.25,31.25,954200,31.625,31.375,10.68005084991455
15-11-1996,31.5,31.5,622900,31.75,31.75,10.807701110839844
18-11-1996,31.625,31.75,307700,31.875,31.625,10.765152931213379
19-11-1996,31.875,32.0,749000,32.125,32.125,10.935352325439453
20-11-1996,31.75,31.875,456600,32.125,32.0,10.892804145812988
21-11-1996,31.875,32.0,594200,32.25,32.25,10.977897644042969
22-11-1996,32.125,32.25,1219900,33.0,32.75,11.148100852966309
25-11-1996,33.25,33.25,1386900,34.0,34.0,11.573599815368652
26-11-1996,33.875,34.25,1272000,34.375,34.0,11.573599815368652
27-11-1996,33.5,34.0,741100,34.125,33.5,11.403402328491211
29-11-1996,32.75,33.0,324200,33.0,32.875,11.190649032592773
02-12-1996,32.25,32.625,764600,32.625,32.25,10.977897644042969
03-12-1996,31.75,32.25,696400,32.25,31.75,10.807701110839844
04-12-1996,31.0,31.25,721800,31.5,31.25,10.63749885559082
05-12-1996,30.875,31.25,1012900,31.375,31.0,10.552403450012207
06-12-1996,30.5,30.625,833200,31.0,30.75,10.467303276062012
09-12-1996,30.75,30.875,996400,31.125,31.0,10.552403450012207
10-12-1996,31.0,31.0,590600,31.5,31.25,10.63749885559082
11-12-1996,30.75,30.875,959000,31.125,31.0,10.552403450012207
12-12-1996,30.875,30.875,1635800,31.625,31.375,10.68005084991455
13-12-1996,31.0,31.0,394700,31.25,31.125,10.594950675964355
16-12-1996,30.75,31.0,603800,31.25,30.75,10.467303276062012
17-12-1996,30.875,30.875,406000,31.125,31.125,10.594950675964355
18-12-1996,31.125,31.25,367800,31.375,31.125,10.594950675964355
19-12-1996,30.875,31.0,675700,31.25,31.25,10.63749885559082
20-12-1996,31.25,31.5,511200,31.5,31.25,10.63749885559082
23-12-1996,31.125,31.25,487400,31.375,31.25,10.63749885559082
24-12-1996,31.25,31.25,132900,31.5,31.5,10.7225980758667
26-12-1996,31.375,31.5,115000,31.5,31.375,10.68005084991455
27-12-1996,31.5,31.5,171600,31.625,31.5,10.7225980758667
30-12-1996,31.875,31.875,397400,32.0,31.875,10.850253105163574
31-12-1996,31.75,32.125,551200,32.25,31.75,10.807701110839844
02-01-1997,31.125,31.75,443600,31.75,31.375,10.68005084991455
03-01-1997,31.375,31.5,282100,31.625,31.625,10.765152931213379
06-01-1997,31.125,31.375,852900,31.5,31.25,10.63749885559082
07-01-1997,30.75,31.25,791900,31.25,30.75,10.467303276062012
08-01-1997,29.875,30.5,1351300,30.5,30.125,10.254552841186523
09-01-1997,30.125,30.25,897700,30.5,30.25,10.297099113464355
10-01-1997,29.875,30.0,504400,30.25,30.125,10.254552841186523
13-01-1997,30.125,30.375,601200,30.625,30.375,10.339645385742188
14-01-1997,30.75,30.875,983200,31.375,31.25,10.63749885559082
15-01-1997,30.875,31.0,584600,31.25,31.25,10.63749885559082
16-01-1997,30.875,31.375,550700,31.5,31.125,10.594950675964355
17-01-1997,31.0,31.375,1264600,31.375,31.25,10.63749885559082
20-01-1997,30.625,31.375,1080500,31.375,30.75,10.467303276062012
21-01-1997,30.625,30.75,906300,30.875,30.875,10.50985050201416
22-01-1997,30.125,30.5,1417900,30.625,30.25,10.297099113464355
23-01-1997,30.625,30.875,1225200,31.25,30.625,10.424745559692383
24-01-1997,30.625,30.875,815200,31.0,30.75,10.467303276062012
27-01-1997,30.875,31.0,278300,31.125,30.875,10.50985050201416
28-01-1997,31.0,31.125,616900,31.25,31.125,10.594950675964355
29-01-1997,31.0,31.0,522200,31.25,31.125,10.594950675964355
30-01-1997,31.125,31.5,708800,31.5,31.5,10.7225980758667
31-01-1997,31.75,31.75,773100,32.125,31.875,10.850253105163574
03-02-1997,31.875,32.0,578500,32.125,32.125,10.935352325439453
04-02-1997,31.875,32.125,453300,32.25,32.25,10.977897644042969
05-02-1997,32.125,32.25,533700,32.5,32.125,10.935352325439453
06-02-1997,32.125,32.25,969000,32.5,32.375,11.020448684692383
07-02-1997,32.375,32.5,701000,32.875,32.875,11.190649032592773
10-02-1997,32.625,32.875,391600,33.0,32.625,11.105554580688477
11-02-1997,33.0,33.125,860400,33.625,33.375,11.360851287841797
12-02-1997,32.875,33.0,715900,33.5,33.5,11.403402328491211
13-02-1997,33.125,33.25,455300,33.375,33.375,11.360851287841797
14-02-1997,33.75,33.875,855000,34.125,33.875,11.531052589416504
18-02-1997,32.625,32.875,958700,33.375,33.125,11.275751113891602
19-02-1997,33.375,33.375,729000,33.875,33.375,11.360851287841797
20-02-1997,33.125,33.375,392300,33.5,33.25,11.318302154541016
21-02-1997,32.625,32.875,492600,33.125,33.125,11.275751113891602
24-02-1997,32.875,33.0,441400,33.375,33.375,11.360851287841797
25-02-1997,33.375,33.625,1016400,33.875,33.75,11.488500595092773
26-02-1997,33.375,33.875,989600,33.875,33.625,11.44594669342041
27-02-1997,33.5,33.625,1303600,34.25,34.25,11.658700942993164
28-02-1997,33.75,34.0,632000,34.125,33.875,11.531052589416504
03-03-1997,33.625,33.875,885600,34.0,33.875,11.531052589416504
04-03-1997,33.75,34.0,750500,34.125,33.75,11.488500595092773
05-03-1997,32.875,33.375,1121800,33.5,32.875,11.190649032592773
06-03-1997,33.25,33.5,1475100,33.875,33.5,11.403402328491211
07-03-1997,34.375,34.75,2172700,35.0,34.625,11.786347389221191
10-03-1997,35.25,35.375,1673000,36.625,36.625,12.467153549194336
11-03-1997,36.75,37.125,1647400,37.75,37.0,12.594805717468262
12-03-1997,36.0,36.25,633200,36.375,36.125,12.296952247619629
13-03-1997,35.5,35.875,774800,36.0,35.5,12.084202766418457
14-03-1997,35.875,35.875,657600,36.875,36.75,12.509697914123535
17-03-1997,35.625,36.125,596400,36.375,36.0,12.254402160644531
18-03-1997,35.5,35.625,493100,35.875,35.5,12.084202766418457
19-03-1997,34.5,34.875,8144500,35.0,34.625,12.032768249511719
20-03-1997,34.125,34.5,1993300,34.625,34.125,11.859010696411133
21-03-1997,34.25,34.375,4939600,34.625,34.375,11.94588565826416
24-03-1997,33.875,34.25,389300,34.5,34.5,11.989320755004883
25-03-1997,34.25,34.5,375200,35.0,34.875,12.11964225769043
26-03-1997,35.0,35.625,974500,36.0,36.0,12.510604858398438
27-03-1997,35.125,36.375,501500,36.5,35.5,12.336846351623535
31-03-1997,35.25,35.625,453400,35.75,35.375,12.29340648651123
01-04-1997,35.875,35.875,875000,36.625,36.625,12.727803230285645
02-04-1997,35.125,35.875,503500,36.0,35.5,12.336846351623535
03-04-1997,35.375,35.75,798300,35.875,35.5,12.336846351623535
04-04-1997,35.25,35.375,1001400,35.875,35.625,12.38028621673584
07-04-1997,35.125,35.25,483200,35.5,35.5,12.336846351623535
08-04-1997,34.875,35.125,625700,35.25,35.125,12.206526756286621
09-04-1997,35.125,35.25,928700,35.75,35.25,12.249961853027344
10-04-1997,35.75,36.0,712200,36.125,36.0,12.510604858398438
11-04-1997,35.375,35.75,616400,35.875,35.375,12.29340648651123
14-04-1997,35.375,35.625,590900,35.875,35.75,12.423723220825195
15-04-1997,35.75,36.125,805500,36.375,36.125,12.554043769836426
16-04-1997,35.875,35.875,499900,36.75,36.625,12.727803230285645
17-04-1997,36.625,36.875,514200,37.125,36.625,12.727803230285645
18-04-1997,36.875,36.875,772400,37.25,37.125,12.901562690734863
21-04-1997,37.25,37.25,485700,37.625,37.5,13.031871795654297
22-04-1997,37.875,38.0,618200,38.125,38.125,13.249074935913086
23-04-1997,37.75,38.0,470100,38.0,37.75,13.118762016296387
24-04-1997,37.125,37.625,373100,37.75,37.25,12.944998741149902
25-04-1997,36.875,37.0,256500,37.25,37.0,12.858124732971191
28-04-1997,37.125,37.125,492200,37.625,37.5,13.031871795654297
29-04-1997,38.125,38.125,1911700,39.25,39.125,13.596593856811523
30-04-1997,38.75,38.875,1462200,39.375,39.375,13.683469772338867
01-05-1997,38.5,38.875,402100,38.875,38.625,13.422840118408203
02-05-1997,38.25,38.5,564900,39.125,39.125,13.596593856811523
05-05-1997,39.0,39.25,708500,39.625,39.34375,13.672606468200684
06-05-1997,39.25,39.5,1513600,39.625,39.375,13.683469772338867
07-05-1997,38.25,39.125,443000,39.25,38.25,13.29251766204834
08-05-1997,38.375,38.5,337700,39.25,39.0,13.553153991699219
09-05-1997,38.75,39.25,514600,39.25,39.125,13.596593856811523
12-05-1997,38.875,39.0,712600,39.625,39.5,13.726910591125488
13-05-1997,40.375,40.375,1143100,40.875,40.71875,14.150449752807617
14-05-1997,41.0,41.0,601200,41.375,41.375,14.378504753112793
15-05-1997,41.25,41.25,874200,42.25,42.25,14.682580947875977
16-05-1997,41.5,42.375,565500,42.375,41.625,14.465387344360352
19-05-1997,40.625,41.125,666600,41.25,41.0,14.248187065124512
20-05-1997,40.25,40.625,580600,40.875,40.75,14.161299705505371
21-05-1997,40.25,40.75,443500,40.75,40.5,14.074429512023926
22-05-1997,39.0,40.0,1020100,40.25,39.25,13.640035629272461
23-05-1997,38.625,39.125,1319200,39.375,39.375,13.683469772338867
27-05-1997,39.0,39.25,427500,39.5,39.5,13.726910591125488
28-05-1997,39.75,39.875,758600,40.25,40.125,13.944109916687012
29-05-1997,40.375,40.875,1014500,41.125,40.375,14.030990600585938
30-05-1997,39.625,39.75,811400,40.375,40.25,13.987544059753418
02-06-1997,39.5,40.0,386400,40.0,39.75,13.81379222869873
03-06-1997,39.0,39.5,641700,39.5,39.25,13.640035629272461
04-06-1997,38.5,38.875,467000,38.875,38.5,13.379390716552734
05-06-1997,38.5,38.625,438200,39.25,39.25,13.640035629272461
06-06-1997,39.125,39.125,542800,39.875,39.875,13.857226371765137
09-06-1997,40.0,40.0,683700,40.625,40.375,14.030990600585938
10-06-1997,41.0,41.0,734700,41.625,41.5,14.42194938659668
11-06-1997,41.5,42.125,450000,42.25,41.5,14.42194938659668
12-06-1997,41.5,41.5,658100,42.25,42.125,14.639141082763672
13-06-1997,41.625,41.875,654100,42.125,41.875,14.552266120910645
16-06-1997,41.375,41.5,373400,41.75,41.5,14.42194938659668
17-06-1997,41.125,41.25,869600,41.625,41.5,14.42194938659668
18-06-1997,41.125,41.125,722100,41.625,41.375,14.378504753112793
19-06-1997,41.375,41.375,1712000,42.375,42.25,14.682580947875977
20-06-1997,41.5,41.875,1042100,42.0,41.625,14.465387344360352
23-06-1997,41.0,41.375,1135200,41.625,41.0,14.248187065124512
24-06-1997,41.0,41.625,324700,42.25,42.125,14.639141082763672
25-06-1997,42.0625,42.625,878800,43.125,42.125,14.639141082763672
26-06-1997,41.6875,41.75,363800,42.0,41.8125,14.53054141998291
27-06-1997,41.0,41.25,684200,41.5625,41.5625,14.4436616897583
30-06-1997,41.25,41.5625,604900,41.9375,41.8125,14.53054141998291
01-07-1997,42.0625,42.0625,632500,44.25,44.125,15.334179878234863
02-07-1997,43.125,43.625,725800,43.75,43.1875,15.008384704589844
03-07-1997,43.875,44.0,870900,44.6875,44.6875,15.52965259552002
07-07-1997,44.6875,44.9375,657500,45.0625,44.8125,15.573097229003906
08-07-1997,44.8125,45.0,614200,45.125,44.9375,15.616539001464844
09-07-1997,44.25,44.5,812200,44.75,44.375,15.421058654785156
10-07-1997,44.125,44.25,433200,44.625,44.5,15.464494705200195
11-07-1997,44.4375,44.4375,460800,44.8125,44.6875,15.52965259552002
14-07-1997,46.0,46.0,700500,46.625,46.4375,16.1378116607666
15-07-1997,46.1875,46.5625,526700,46.625,46.5625,16.181245803833008
16-07-1997,46.25,47.125,1437500,47.5,46.625,16.202966690063477
17-07-1997,44.875,45.0,1193100,46.0625,45.4375,15.790290832519531
18-07-1997,43.9375,44.75,762700,44.875,44.375,15.421058654785156
21-07-1997,44.25,44.375,283900,44.6875,44.4375,15.442776679992676
22-07-1997,44.75,44.875,430900,46.0625,45.8125,15.920608520507812
23-07-1997,45.25,45.875,478200,45.9375,45.5,15.812004089355469
24-07-1997,44.75,45.0,238800,45.9375,45.0625,15.659974098205566
25-07-1997,44.0625,44.375,426600,44.6875,44.3125,15.399335861206055
28-07-1997,43.4375,44.0625,499400,44.125,43.4375,15.095253944396973
29-07-1997,42.875,43.0,533000,43.5,43.25,15.030091285705566
30-07-1997,43.125,43.3125,692300,43.6875,43.5,15.116982460021973
31-07-1997,42.4375,42.75,728200,42.875,42.5,14.769466400146484
01-08-1997,42.4375,42.5,632100,42.875,42.625,14.812898635864258
04-08-1997,42.1875,42.25,728100,43.4375,43.25,15.030091285705566
05-08-1997,43.125,43.375,764100,43.5625,43.1875,15.008384704589844
06-08-1997,42.3125,42.5625,509800,43.0,42.75,14.85633659362793
07-08-1997,41.8125,42.3125,552200,42.5,41.9375,14.57398509979248
08-08-1997,40.3125,40.375,1162800,41.375,41.125,14.2916259765625
11-08-1997,40.8125,41.5625,1771500,41.8125,41.0,14.248187065124512
12-08-1997,39.875,40.5625,657900,40.875,39.9375,13.878945350646973
13-08-1997,38.1875,38.9375,850800,39.1875,39.0625,13.743840217590332
14-08-1997,39.3125,39.5,724000,40.0,39.75,13.985740661621094
15-08-1997,37.875,39.1875,1004700,39.25,38.0625,13.392003059387207
18-08-1997,38.125,38.5,1035500,39.3125,39.3125,13.831802368164062
19-08-1997,39.3125,39.5,425900,39.875,39.8125,14.00772762298584
20-08-1997,39.375,39.6875,577800,40.25,40.0625,14.095684051513672
21-08-1997,39.5625,40.375,478100,40.5,39.6875,13.963747024536133
22-08-1997,38.5,38.9375,447700,39.6875,39.5,13.897775650024414
25-08-1997,39.0,39.5625,285400,39.8125,39.1875,13.787827491760254
26-08-1997,38.625,39.5,284100,39.5625,38.8125,13.655888557434082
27-08-1997,39.5625,39.875,910700,40.0625,39.875,14.029709815979004
28-08-1997,38.8125,39.5,409700,39.5625,39.3125,13.831802368164062
29-08-1997,39.3125,39.375,371300,40.0625,39.9375,14.051701545715332
02-09-1997,40.1875,40.1875,597800,41.1875,41.1875,14.491501808166504
03-09-1997,40.75,41.4375,282900,41.4375,40.875,14.381561279296875
04-09-1997,41.0625,41.0625,354700,41.75,41.5,14.601461410522461
05-09-1997,41.875,42.3125,346100,42.8125,42.1875,14.84334945678711
08-09-1997,41.4375,42.0,233400,42.0625,41.4375,14.579469680786133
09-09-1997,40.5625,40.875,371800,41.0625,40.875,14.381561279296875
10-09-1997,39.125,40.5,653100,40.5,39.3125,13.831802368164062
11-09-1997,38.6875,39.0,729900,39.4375,39.4375,13.875785827636719
12-09-1997,39.75,39.875,660100,40.625,40.625,14.293600082397461
15-09-1997,40.375,40.625,304500,41.125,40.8125,14.359566688537598
16-09-1997,40.875,41.25,482200,42.125,42.125,14.821359634399414
17-09-1997,42.5625,42.625,491400,42.875,42.5625,14.975290298461914
18-09-1997,43.25,43.625,801600,43.8125,43.375,15.261163711547852
19-09-1997,42.6875,43.1875,494300,43.25,42.8125,15.063246726989746
22-09-1997,43.25,43.3125,590200,45.5,43.6875,15.37111759185791
23-09-1997,43.4375,43.625,468200,43.6875,43.5,15.305142402648926
24-09-1997,43.8125,43.9375,702100,44.3125,44.1875,15.547037124633789
25-09-1997,43.875,44.125,477800,44.5,43.9375,15.459075927734375
26-09-1997,43.5625,43.75,386700,43.875,43.875,15.437082290649414
29-09-1997,43.875,44.1875,578000,44.3125,44.1875,15.547037124633789
30-09-1997,44.6875,44.75,516200,45.0,44.9375,15.810920715332031
01-10-1997,44.75,44.9375,785400,45.0625,44.875,15.788920402526855
02-10-1997,43.75,44.0,353100,44.375,44.3125,15.59101676940918
03-10-1997,44.5,44.75,965300,45.625,45.0625,15.854899406433105
06-10-1997,45.25,45.3125,413400,45.625,45.4375,15.986834526062012
07-10-1997,45.1875,45.625,521800,45.625,45.625,16.05280876159668
08-10-1997,44.6875,45.8125,491100,45.8125,44.875,15.788920402526855
09-10-1997,44.0,44.25,215800,44.75,44.5,15.656986236572266
10-10-1997,43.875,43.875,595500,44.25,44.25,15.569026947021484
13-10-1997,44.125,44.5,172800,44.625,44.3125,15.59101676940918
14-10-1997,43.5625,44.0625,366600,44.25,44.125,15.525049209594727
15-10-1997,43.4375,43.5,534600,44.125,43.9375,15.459075927734375
16-10-1997,42.9375,43.9375,307500,44.0,43.25,15.217174530029297
17-10-1997,42.125,42.8125,464700,43.0625,42.3125,14.887332916259766
20-10-1997,42.5625,42.6875,318100,43.0,42.9375,15.107234954833984
21-10-1997,42.9375,43.0,356000,43.5,43.375,15.261163711547852
22-10-1997,42.125,42.875,556900,42.875,42.6875,15.019275665283203
23-10-1997,40.1875,40.1875,758700,41.8125,41.75,14.689419746398926
24-10-1997,40.75,42.1875,634200,42.3125,41.375,14.557480812072754
27-10-1997,39.25,40.875,839700,41.1875,39.25,13.809818267822266
28-10-1997,36.9375,37.0,1015400,40.5625,40.5625,14.271601676940918
29-10-1997,41.1875,41.75,709100,42.0625,41.25,14.513504028320312
30-10-1997,40.625,40.75,547300,42.4375,41.4375,14.579469680786133
31-10-1997,42.375,42.9375,485400,43.25,42.578125,14.980786323547363
03-11-1997,42.3125,42.3125,511300,43.125,43.125,15.173213958740234
04-11-1997,43.5625,43.5625,745900,44.25,44.0,15.481062889099121
05-11-1997,43.3125,43.6875,311400,43.8125,43.75,15.393099784851074
06-11-1997,43.1875,43.5,331900,43.75,43.375,15.261163711547852
07-11-1997,42.125,42.25,233200,42.75,42.4375,14.93131160736084
10-11-1997,42.0625,42.4375,297600,42.75,42.75,15.041261672973633
11-11-1997,42.25,42.4375,208100,42.5,42.3125,14.887332916259766
12-11-1997,41.0625,41.5,415800,41.75,41.1875,14.491501808166504
13-11-1997,40.1875,41.4375,329700,41.5,41.3125,14.535486221313477
14-11-1997,41.0,41.625,468300,41.875,41.5,14.601461410522461
17-11-1997,42.375,42.625,261000,42.75,42.4375,14.93131160736084
18-11-1997,41.9375,42.125,145700,42.25,41.9375,14.755392074584961
19-11-1997,41.9375,42.0,361500,42.8125,42.5625,14.975290298461914
20-11-1997,44.25,44.375,739100,44.875,44.8125,15.766938209533691
21-11-1997,44.75,45.1875,745200,45.5625,45.5625,16.030820846557617
24-11-1997,45.25,45.5625,527000,45.625,45.3125,15.942854881286621
25-11-1997,45.375,45.5625,634500,45.9375,45.8125,16.118776321411133
26-11-1997,45.75,46.1875,737500,46.3125,46.0625,16.206745147705078
28-11-1997,45.6875,46.0,150400,46.1875,45.6875,16.07478904724121
01-12-1997,44.0,44.25,950000,45.4375,45.25,15.920873641967773
02-12-1997,44.5,44.8125,600700,45.4375,45.125,15.876890182495117
03-12-1997,44.6875,45.0625,266000,45.5,45.5,16.008817672729492
04-12-1997,45.875,45.9375,376800,46.3125,46.125,16.228727340698242
05-12-1997,46.0625,46.125,449900,46.5625,46.5,16.360671997070312
08-12-1997,46.875,47.0,402400,47.25,47.1875,16.60256004333496
09-12-1997,46.875,47.4375,238200,47.5,47.1875,16.60256004333496
10-12-1997,46.625,46.75,306500,47.0,46.8125,16.47062110900879
11-12-1997,46.0,46.0,322800,46.75,46.4375,16.338680267333984
12-12-1997,46.375,46.8125,220900,47.0625,46.5,16.360671997070312
15-12-1997,46.0,46.4375,381600,46.875,46.875,16.49260902404785
16-12-1997,46.9375,47.1875,443800,47.5,47.3125,16.64655113220215
17-12-1997,47.375,47.375,551400,48.125,47.9375,16.866445541381836
18-12-1997,46.9375,47.6875,648800,47.6875,47.25,16.624563217163086
19-12-1997,46.0,47.0,450600,47.0,46.625,16.404647827148438
22-12-1997,47.0,47.5,390300,47.625,47.5625,16.734500885009766
23-12-1997,47.25,47.3125,578300,47.75,47.4375,16.69051742553711
24-12-1997,47.0625,47.5,241600,47.5625,47.0625,16.55858039855957
26-12-1997,47.125,47.125,41100,47.5,47.4375,16.69051742553711
29-12-1997,47.75,48.0625,540100,48.5,48.0,16.888431549072266
30-12-1997,47.5,47.5,278100,47.9375,47.8125,16.822463989257812
31-12-1997,47.625,47.75,224200,48.0625,47.875,16.844459533691406
02-01-1998,47.6875,47.6875,274400,48.125,48.125,16.932418823242188
05-01-1998,48.75,48.875,352900,49.375,49.1875,17.306255340576172
06-01-1998,49.125,49.25,497400,49.75,49.375,17.372215270996094
07-01-1998,49.625,49.875,581900,50.1875,49.875,17.54814338684082
08-01-1998,49.75,49.9375,763300,50.0625,49.9375,17.57012939453125
09-01-1998,48.25,49.1875,517300,49.25,48.6875,17.130319595336914
12-01-1998,47.125,47.4375,484500,48.8125,48.5,17.064348220825195
13-01-1998,48.5625,49.0,682900,49.25,48.6875,17.130319595336914
14-01-1998,48.375,48.8125,707000,48.875,48.8125,17.174306869506836
15-01-1998,49.0,49.0625,360700,49.3125,49.125,17.284250259399414
16-01-1998,50.6875,50.75,933900,52.375,52.375,18.42774772644043
20-01-1998,53.6875,55.0,906500,55.0,54.5625,19.1973934173584
21-01-1998,52.25,52.75,451900,53.125,52.5625,18.49371910095215
22-01-1998,52.1875,52.25,493300,53.0,52.75,18.559682846069336
23-01-1998,50.875,52.1875,383700,52.25,51.5,18.119876861572266
26-01-1998,50.6875,51.1875,611900,51.3125,50.9375,17.921968460083008
27-01-1998,51.5,51.5,475800,53.0,52.625,18.51569175720215
28-01-1998,52.8125,53.1875,1013600,53.6875,53.625,18.86754608154297
29-01-1998,53.25,53.375,551000,54.1875,54.0,18.999496459960938
30-01-1998,53.25,53.375,255000,53.875,53.8125,18.933515548706055
02-02-1998,61.8125,66.0,5702000,66.625,62.75,22.078102111816406
03-02-1998,62.25,62.5,2846400,63.25,62.75,22.078102111816406
04-02-1998,63.34375,63.5625,1754600,64.5,63.75,22.429943084716797
05-02-1998,63.375,64.5,1036400,64.625,63.375,22.29800796508789
06-02-1998,62.8125,63.25,901900,63.75,62.875,22.122087478637695
09-02-1998,61.25,62.1875,809800,62.3125,61.75,21.726268768310547
10-02-1998,61.75,62.0,1468800,63.25,63.25,22.254032135009766
11-02-1998,62.75,63.921875,946300,64.1875,63.25,22.254032135009766
12-02-1998,62.4375,62.75,411500,63.375,62.875,22.122087478637695
13-02-1998,62.25,62.25,490900,63.1875,63.125,22.21005630493164
17-02-1998,63.3125,64.375,449100,64.4375,63.5,22.341989517211914
18-02-1998,63.4375,63.625,512100,64.125,64.0,22.517915725708008
19-02-1998,62.25,63.375,582700,63.5625,62.5,21.990150451660156
20-02-1998,62.25,62.8125,519700,62.875,62.75,22.078102111816406
23-02-1998,62.0,63.125,282800,63.25,62.4375,21.968156814575195
24-02-1998,53.0,53.625,3681000,55.5,55.5,19.52724838256836
25-02-1998,56.125,56.25,1462100,57.5625,57.25,20.14297866821289
26-02-1998,57.0,57.1875,570200,58.0,57.5,20.230941772460938
27-02-1998,54.1875,56.125,1739800,56.375,54.3125,19.109445571899414
02-03-1998,54.9375,55.5,731000,55.6875,55.125,19.395305633544922
03-03-1998,55.0625,55.3125,629600,55.75,55.6875,19.593223571777344
04-03-1998,53.9375,54.5,517800,54.625,54.25,19.313575744628906
05-03-1998,52.75,53.5,687300,53.9375,52.8125,18.80181121826172
06-03-1998,53.5,54.125,954600,54.375,53.5,19.04656410217285
09-03-1998,54.3125,54.4375,577000,55.0625,54.75,19.4915828704834
10-03-1998,54.5625,55.375,661000,55.5,54.6875,19.469341278076172
11-03-1998,54.75,54.9375,733200,55.375,55.25,19.66958999633789
12-03-1998,54.3125,55.1875,315300,55.1875,54.75,19.4915828704834
13-03-1998,54.5,54.75,329400,55.0,54.6875,19.469341278076172
16-03-1998,54.5,55.0625,411700,55.1875,54.8125,19.513832092285156
17-03-1998,55.25,55.3125,641700,56.0,55.8125,19.869850158691406
18-03-1998,54.5,55.0,906800,55.25,54.6875,19.469341278076172
19-03-1998,54.5,54.75,255000,55.0,54.8125,19.513832092285156
20-03-1998,54.0,54.9375,259500,54.9375,54.1875,19.29132843017578
23-03-1998,53.625,54.1875,274400,54.625,54.1875,19.29132843017578
24-03-1998,53.5,53.8125,291400,53.875,53.8125,19.15781593322754
25-03-1998,53.0,53.6875,329700,53.6875,53.1875,18.935317993164062
26-03-1998,52.4375,52.625,289200,52.9375,52.5,18.690561294555664
27-03-1998,51.25,52.4375,896000,52.5,51.6875,18.401302337646484
30-03-1998,51.625,51.75,598300,52.375,52.375,18.646060943603516
31-03-1998,52.625,52.625,458400,54.1875,54.125,19.26906967163086
01-04-1998,55.625,55.9375,1053800,57.25,56.75,20.203611373901367
02-04-1998,57.0,57.1875,512800,57.6875,57.3125,20.40385627746582
03-04-1998,57.6875,58.1875,441700,58.75,58.5625,20.848873138427734
06-04-1998,58.375,58.5625,431600,59.25,58.875,20.96013069152832
07-04-1998,58.6875,58.875,675600,59.75,59.171875,21.065814971923828
08-04-1998,57.75,58.4375,415800,58.5625,58.0625,20.67086410522461
09-04-1998,58.0625,58.0625,219200,58.625,58.3125,20.75987434387207
13-04-1998,57.9375,58.1875,168300,58.25,58.1875,20.71537208557129
14-04-1998,58.5625,58.625,348700,59.5625,58.875,20.96013069152832
15-04-1998,57.75,58.25,318200,58.9375,58.0625,20.67086410522461
16-04-1998,55.875,57.0,625100,57.0625,56.0,19.93659782409668
17-04-1998,55.5625,55.625,625200,56.9375,56.875,20.248109817504883
20-04-1998,55.125,55.3125,449800,55.8125,55.4375,19.736331939697266
21-04-1998,54.125,54.5,625000,55.375,54.5625,19.424823760986328
22-04-1998,51.75,53.4375,832400,53.5,52.8125,18.80181121826172
23-04-1998,52.0,52.8125,679500,53.0,52.0,18.51254653930664
24-04-1998,51.75,51.9375,291600,52.4375,52.0,18.51254653930664
27-04-1998,50.8125,52.0625,596200,52.25,51.375,18.290042877197266
28-04-1998,53.125,53.125,735800,53.8125,53.1875,18.935317993164062
29-04-1998,53.9375,54.0,487700,55.125,55.0,19.580591201782227
30-04-1998,56.3125,56.75,636900,57.4375,56.5625,20.136844635009766
01-05-1998,55.75,57.0,349500,57.25,56.25,20.025606155395508
04-05-1998,56.3125,56.4375,229100,57.125,56.9375,20.27035903930664
05-05-1998,57.0625,57.1875,399200,57.5,57.4375,20.448354721069336
06-05-1998,56.125,57.25,323900,57.25,56.125,19.981096267700195
07-05-1998,55.25,55.5,193200,55.875,55.25,19.66958999633789
08-05-1998,54.6875,54.6875,403300,55.9375,55.4375,19.736331939697266
11-05-1998,56.0625,56.375,278700,56.75,56.0625,19.95884895324707
12-05-1998,55.5,55.75,179000,56.0625,56.0625,19.95884895324707
13-05-1998,55.5625,55.5625,318400,56.0,55.875,19.892091751098633
14-05-1998,55.0,55.625,360100,55.75,55.75,19.847593307495117
15-05-1998,55.5,56.0,321900,56.375,55.875,19.892091751098633
18-05-1998,54.0625,54.5,216000,54.9375,54.625,19.447078704833984
19-05-1998,54.625,54.875,240400,55.25,54.875,19.536083221435547
20-05-1998,54.625,55.125,174200,55.5,55.4375,19.736331939697266
21-05-1998,54.875,55.6875,334100,55.6875,55.0,19.580591201782227
22-05-1998,55.0,55.0,158100,55.875,55.8125,19.869850158691406
26-05-1998,56.375,56.8125,421900,56.875,56.375,20.070091247558594
27-05-1998,54.375,55.0625,422200,55.3125,55.125,19.625076293945312
28-05-1998,54.0625,54.4375,269400,54.6875,54.5625,19.424823760986328
29-05-1998,53.625,54.6875,229000,54.75,53.9375,19.202329635620117
01-06-1998,53.0,53.5,250300,53.625,53.0625,18.89081382751465
02-06-1998,53.0625,53.6875,276400,53.875,53.5,19.04656410217285
03-06-1998,54.375,54.625,445900,55.125,54.4375,19.380334854125977
04-06-1998,53.4375,54.625,310400,54.625,54.25,19.313575744628906
05-06-1998,54.6875,54.6875,268000,55.25,55.25,19.66958999633789
08-06-1998,55.5,55.5,453400,56.1875,56.1875,20.003347396850586
09-06-1998,57.3125,57.3125,445400,57.75,57.625,20.515108108520508
10-06-1998,57.375,57.5625,705800,58.25,57.4375,20.448354721069336
11-06-1998,56.375,57.625,247700,58.0,56.5,20.11459732055664
12-06-1998,56.125,56.75,437200,57.375,57.0625,20.31485939025879
15-06-1998,55.375,55.4375,304000,56.3125,55.75,19.847593307495117
16-06-1998,55.875,56.375,411900,56.875,56.875,20.248109817504883
17-06-1998,58.1875,58.1875,637500,59.625,59.5625,21.20488739013672
18-06-1998,58.3125,58.5,353900,59.0625,58.8125,20.93787384033203
19-06-1998,59.4375,59.6875,516700,60.25,59.4375,21.16038703918457
22-06-1998,58.8125,58.875,117800,59.5,59.3125,21.11587905883789
23-06-1998,59.125,59.5,449800,59.75,59.5,21.18263053894043
24-06-1998,59.0,59.5,460700,60.8125,60.5625,21.560895919799805
25-06-1998,59.875,60.4375,168200,60.75,59.9375,21.33839225769043
26-06-1998,59.8125,60.0,299900,61.25,61.1875,21.78339958190918
29-06-1998,61.125,61.3125,231400,62.0,61.5,21.8946590423584
30-06-1998,59.75,60.5,355300,60.75,59.8125,21.293882369995117
01-07-1998,59.875,60.125,542600,60.1875,60.0,21.36063575744629
02-07-1998,60.125,60.1875,394800,60.375,60.1875,21.42738914489746
06-07-1998,59.9375,59.9375,239200,60.875,60.875,21.672149658203125
07-07-1998,58.75,59.125,468900,59.125,58.875,20.96013069152832
08-07-1998,59.1875,59.1875,239700,60.3125,60.0625,21.382896423339844
09-07-1998,58.625,58.9375,291900,59.25,59.0,21.00463104248047
10-07-1998,58.25,58.75,155800,59.0,59.0,21.00463104248047
13-07-1998,58.75,59.1875,190900,59.25,59.0,21.00463104248047
14-07-1998,60.0625,60.0625,541800,61.4375,61.4375,21.87241554260254
15-07-1998,60.5625,61.4375,222500,61.5,60.75,21.627641677856445
16-07-1998,60.75,60.75,276900,61.3125,61.25,21.80565071105957
17-07-1998,60.8125,61.125,211000,61.9375,61.875,22.028156280517578
20-07-1998,61.875,61.9375,195300,62.4375,62.375,22.20615577697754
21-07-1998,60.375,62.25,337000,62.75,60.5,21.538639068603516
22-07-1998,59.25,59.25,124900,59.9375,59.75,21.271636962890625
23-07-1998,58.25,59.6875,289000,59.6875,58.25,20.73762321472168
24-07-1998,58.5,59.625,221200,59.625,59.5,21.18263053894043
27-07-1998,56.3125,57.75,348400,57.8125,57.5625,20.492868423461914
28-07-1998,56.375,57.0,419400,57.3125,56.6875,20.181352615356445
29-07-1998,56.3125,58.125,307700,58.375,56.625,20.159093856811523
30-07-1998,61.75,62.125,1233900,62.6875,62.375,22.20615577697754
31-07-1998,60.5,62.1875,842400,62.4375,60.8125,21.64990234375
03-08-1998,60.25,60.25,609600,61.375,61.0,21.716651916503906
04-08-1998,60.25,62.0625,595000,62.1875,60.3125,21.47188377380371
05-08-1998,59.125,60.0625,817900,60.25,60.0,21.36063575744629
06-08-1998,58.375,59.0625,521700,59.75,58.9375,20.98237419128418
07-08-1998,57.875,59.0,846400,59.1875,58.0,20.648611068725586
10-08-1998,57.4375,57.5,386500,58.5,58.0625,20.67086410522461
11-08-1998,56.3125,57.0,375100,57.125,57.0,20.292606353759766
12-08-1998,57.3125,57.4375,423800,58.0,58.0,20.829866409301758
13-08-1998,58.1875,58.1875,318300,59.6875,58.9375,21.166561126708984
14-08-1998,60.0,60.875,507800,61.1875,60.25,21.63793182373047
17-08-1998,61.375,61.625,400600,62.125,62.0,22.26641845703125
18-08-1998,62.3125,62.3125,736800,63.8125,63.5,22.805126190185547
19-08-1998,62.125,63.375,306900,63.4375,62.375,22.401090621948242
20-08-1998,61.875,62.3125,142800,62.5,61.875,22.22153091430664
21-08-1998,59.0,60.75,545000,60.875,60.875,21.86238670349121
24-08-1998,59.75,59.75,501000,61.25,61.0625,21.929729461669922
25-08-1998,61.1875,61.6875,315900,62.125,61.5,22.08684539794922
26-08-1998,60.4375,60.6875,705900,62.375,62.0625,22.288860321044922
27-08-1998,59.5,61.9375,1053800,62.125,59.8125,21.480802536010742
28-08-1998,58.625,60.125,474400,60.3125,59.4375,21.34613037109375
31-08-1998,55.3125,59.1875,840900,59.5,55.375,19.887134552001953
01-09-1998,56.75,58.75,1563000,60.375,60.375,21.682828903198242
02-09-1998,59.25,60.1875,2667700,60.4375,59.25,21.278799057006836
03-09-1998,58.875,59.3125,839400,60.5625,60.125,21.59303855895996
04-09-1998,59.6875,60.625,380300,60.875,60.0,21.548133850097656
08-09-1998,60.25,60.75,523500,61.625,61.625,22.131736755371094
09-09-1998,60.125,60.5,430500,61.25,60.375,21.682828903198242
10-09-1998,59.4375,60.125,556900,60.3125,59.5,21.368579864501953
11-09-1998,58.625,59.0,717900,59.4375,59.25,21.278799057006836
14-09-1998,59.625,59.75,370100,60.9375,60.625,21.77260398864746
15-09-1998,60.5,60.625,408400,61.8125,61.8125,22.199081420898438
16-09-1998,61.125,61.5625,248900,61.75,61.5625,22.109296798706055
17-09-1998,60.0,60.0,471100,61.875,61.8125,22.199081420898438
18-09-1998,60.6875,61.3125,514000,61.4375,61.0625,21.929729461669922
21-09-1998,59.0625,59.25,263700,60.625,60.1875,21.61548614501953
22-09-1998,60.0,60.125,258100,61.0,60.8125,21.839941024780273
23-09-1998,60.5,60.5,662600,62.0,61.875,22.22153091430664
24-09-1998,60.125,60.125,334500,61.25,60.6875,21.795055389404297
25-09-1998,57.0625,57.75,1994900,58.3125,57.75,20.740089416503906
28-09-1998,57.375,57.5,973400,57.9375,57.4375,20.627859115600586
29-09-1998,57.5,58.0,607100,58.9375,58.6875,21.0767822265625
30-09-1998,57.125,58.5625,322000,59.0,57.125,20.51563262939453
01-10-1998,56.75,58.25,729800,58.75,56.9375,20.448293685913086
02-10-1998,55.1875,56.375,756200,56.4375,55.875,20.066713333129883
05-10-1998,51.375,54.5,1195400,54.8125,52.4375,18.832181930541992
06-10-1998,53.375,54.25,1214800,55.3125,54.0625,19.415767669677734
07-10-1998,53.8125,54.875,733600,55.5625,54.0,19.393335342407227
08-10-1998,49.375,52.5,930900,52.8125,51.5625,18.517927169799805
09-10-1998,51.8125,52.0,477100,54.6875,54.5,19.572893142700195
12-10-1998,55.6875,56.0,345800,56.6875,56.0,20.111602783203125
13-10-1998,55.625,57.0,440900,57.75,56.5,20.291162490844727
14-10-1998,56.25,56.625,481200,58.0,57.25,20.560514450073242
15-10-1998,57.1875,57.25,333000,59.375,59.0,21.189016342163086
16-10-1998,57.3125,57.9375,519700,59.0,59.0,21.189016342163086
19-10-1998,57.5,57.75,231600,58.3125,58.1875,20.89720916748047
20-10-1998,58.3125,59.75,312500,59.9375,58.625,21.054323196411133
21-10-1998,58.375,59.25,169000,59.25,59.0,21.189016342163086
22-10-1998,59.0,59.125,103700,59.75,59.6875,21.4359073638916
23-10-1998,59.375,59.625,486800,60.875,60.5,21.727706909179688
26-10-1998,60.375,61.0,300200,61.25,60.4375,21.70527458190918
27-10-1998,60.75,61.75,310800,61.875,61.1875,21.974620819091797
28-10-1998,60.125,60.6875,162900,61.4375,61.375,22.04195213317871
29-10-1998,61.875,62.0,363300,62.625,62.625,22.49087142944336
30-10-1998,61.75,62.5625,323100,63.0,62.25,22.356204986572266
02-11-1998,62.125,62.75,793400,63.4375,63.125,22.67045021057129
03-11-1998,61.1875,61.6875,451400,61.8125,61.375,22.04195213317871
04-11-1998,60.5,60.9375,369100,61.25,60.75,21.817489624023438
05-11-1998,60.1875,60.25,248600,61.375,61.375,22.04195213317871
06-11-1998,60.25,60.5625,270100,62.0,61.8125,22.199081420898438
09-11-1998,59.8125,61.0,312700,61.1875,60.5,21.727706909179688
10-11-1998,60.5,60.6875,225500,61.375,61.125,21.952177047729492
11-11-1998,60.375,61.0,188500,61.1875,60.5,21.727706909179688
12-11-1998,60.0625,60.125,106000,60.5,60.1875,21.61548614501953
13-11-1998,59.9375,60.0625,104100,60.9375,60.9375,21.884822845458984
16-11-1998,61.625,61.8125,265200,62.375,62.375,22.401090621948242
17-11-1998,62.75,63.0,515000,63.375,63.125,22.67045021057129
18-11-1998,62.125,63.1875,448300,63.1875,62.375,22.401090621948242
19-11-1998,63.0625,63.375,391800,64.5625,64.125,23.029582977294922
20-11-1998,63.5625,64.0,487800,64.5625,63.9375,22.962242126464844
23-11-1998,63.75,63.9375,288200,64.75,64.25,23.074472427368164
24-11-1998,64.4375,64.9375,275000,64.9375,64.4375,23.14181137084961
25-11-1998,64.1875,64.1875,115000,64.6875,64.6875,23.231595993041992
27-11-1998,64.9375,64.9375,153500,65.6875,65.6875,23.590726852416992
30-11-1998,63.3125,64.6875,232100,64.6875,63.5,22.805126190185547
01-12-1998,61.0,61.375,493100,62.625,62.5,22.44597816467285
02-12-1998,62.3125,62.375,202500,63.625,63.3125,22.737781524658203
03-12-1998,63.3125,63.5625,223700,64.25,63.5,22.805126190185547
04-12-1998,63.8125,64.5,310300,64.75,64.5,23.16425132751465
07-12-1998,63.8125,64.5,70700,64.5625,63.9375,22.962242126464844
08-12-1998,63.3125,64.0625,489100,65.5,65.3125,23.456058502197266
09-12-1998,64.875,65.75,348500,66.125,65.375,23.478496551513672
10-12-1998,65.625,66.25,308100,66.4375,65.75,23.61317253112793
11-12-1998,65.375,65.5,276600,66.125,65.75,23.61317253112793
14-12-1998,64.375,66.0,224500,66.0,64.625,23.209136962890625
15-12-1998,63.1875,64.875,313000,64.9375,64.375,23.11936378479004
16-12-1998,64.125,64.625,147000,64.8125,64.375,23.11936378479004
17-12-1998,65.0,65.125,208700,65.75,65.25,23.433603286743164
18-12-1998,64.5,65.75,220200,65.8125,65.375,23.478496551513672
21-12-1998,66.125,66.125,479700,67.125,66.5625,23.904972076416016
22-12-1998,66.875,66.875,363900,67.5625,67.4375,24.21922492980957
23-12-1998,68.1875,68.375,170800,68.75,68.75,24.690584182739258
24-12-1998,67.875,68.5,44600,68.5625,67.875,24.376327514648438
28-12-1998,67.5625,68.0,228600,68.125,68.0,24.421226501464844
29-12-1998,68.6875,69.125,571700,69.6875,69.3125,24.892606735229492
30-12-1998,68.75,68.875,236900,69.375,68.8125,24.713027954101562
31-12-1998,68.75,68.75,99100,69.6875,69.5,24.959928512573242
04-01-1999,70.0,70.0625,573800,71.125,70.9375,25.4761962890625
05-01-1999,72.625,73.125,1101000,73.625,73.25,26.306686401367188
06-01-1999,73.6875,75.0,412400,75.75,75.5625,27.137187957763672
07-01-1999,73.75,73.75,272800,74.875,74.875,26.890289306640625
08-01-1999,74.25,75.8125,451000,76.1875,75.1875,27.002519607543945
11-01-1999,73.375,73.75,426200,74.125,73.875,26.531152725219727
12-01-1999,70.5625,71.625,371500,71.75,70.75,25.408842086791992
13-01-1999,68.8125,68.8125,320700,70.625,70.125,25.184406280517578
14-01-1999,69.25,71.0,292700,71.25,69.375,24.9150390625
15-01-1999,70.0,70.25,424900,72.5,72.0625,25.880216598510742
19-01-1999,72.5,73.8125,338500,74.0,72.6875,26.104679107666016
20-01-1999,72.125,72.5625,397600,72.75,72.25,25.947555541992188
21-01-1999,70.875,73.0,299200,73.25,71.3125,25.610872268676758
22-01-1999,69.125,69.125,384000,69.9375,69.5625,24.982378005981445
25-01-1999,69.25,69.6875,428500,70.25,70.0625,25.16195297241211
26-01-1999,69.375,69.625,281700,70.5625,70.5625,25.341508865356445
27-01-1999,68.0625,68.6875,537400,69.25,69.0,24.78036880493164
28-01-1999,68.5,69.25,298800,69.5,69.0,24.78036880493164
29-01-1999,66.5625,67.875,438800,68.375,67.875,24.376327514648438
01-02-1999,68.0,68.75,435200,68.875,68.4375,24.578359603881836
02-02-1999,65.875,66.9375,489600,67.125,66.375,23.837631225585938
03-02-1999,65.0,65.75,492200,66.3125,66.1875,23.770307540893555
04-02-1999,65.25,65.5,561600,66.0,65.625,23.568286895751953
05-02-1999,63.0,64.125,305500,64.1875,63.5,22.805126190185547
08-02-1999,61.875,62.375,321200,63.0,62.8125,22.558218002319336
09-02-1999,62.875,63.875,561600,64.375,62.875,22.580673217773438
10-02-1999,62.25,62.875,238700,63.0,62.3125,22.37864112854004
11-02-1999,63.1875,63.1875,473700,65.8125,65.375,23.478496551513672
12-02-1999,63.125,64.8125,239900,65.125,63.8125,22.917346954345703
16-02-1999,65.625,65.9375,199100,66.4375,65.625,23.568286895751953
17-02-1999,64.5,65.75,220500,66.25,64.5,23.16425132751465
18-02-1999,65.6875,66.0,328200,66.25,66.0625,23.72539520263672
19-02-1999,64.25,65.9375,348200,65.9375,64.3125,23.096912384033203
22-02-1999,64.875,64.875,486800,67.0,67.0,24.062089920043945
23-02-1999,66.375,67.25,414400,67.375,67.3125,24.1743221282959
24-02-1999,64.5,68.0,1065100,68.625,65.3125,23.456058502197266
25-02-1999,64.625,66.0,1751100,66.6875,65.125,23.388708114624023
26-02-1999,63.25,65.125,473300,65.125,64.0625,23.007131576538086
01-03-1999,62.0,63.6875,502200,63.6875,62.75,22.5357608795166
02-03-1999,62.1875,63.125,556600,63.375,62.25,22.356204986572266
03-03-1999,60.8125,62.375,330500,62.375,61.6875,22.367982864379883
04-03-1999,61.1875,61.3125,319100,62.1875,62.125,22.52661895751953
05-03-1999,62.0,62.375,292800,62.75,62.4375,22.639942169189453
08-03-1999,63.0625,63.125,227400,64.4375,64.1875,23.274478912353516
09-03-1999,64.125,64.9375,525900,64.9375,64.1875,23.274478912353516
10-03-1999,64.0,64.375,289500,65.4375,65.3125,23.682422637939453
11-03-1999,65.0,66.625,718200,66.8125,65.25,23.659748077392578
12-03-1999,63.0,64.0,432700,64.5,64.0,23.206501007080078
15-03-1999,62.9375,63.5,282600,64.0,64.0,23.206501007080078
16-03-1999,63.0625,64.5625,268400,65.0,63.75,23.1158504486084
17-03-1999,63.25,63.625,355000,64.3125,64.3125,23.31982421875
18-03-1999,62.0,62.1875,564600,63.5625,63.1875,22.911893844604492
19-03-1999,60.8125,63.0,425900,63.125,61.25,22.2093448638916
22-03-1999,60.25,61.0625,360900,61.875,61.375,22.254671096801758
23-03-1999,60.25,60.75,274400,60.8125,60.4375,21.914730072021484
24-03-1999,60.4375,60.8125,243500,61.1875,61.1875,22.186681747436523
25-03-1999,60.8125,61.3125,239100,61.6875,61.0625,22.141361236572266
26-03-1999,60.0625,60.6875,453900,62.0,61.8125,22.413314819335938
29-03-1999,63.5625,64.5,827900,64.5,64.25,23.297157287597656
30-03-1999,64.125,64.5,316800,65.0,64.3125,23.31982421875
31-03-1999,66.625,67.0,655100,67.5,66.9375,24.27164077758789
01-04-1999,68.875,69.375,491600,70.0,69.9375,25.359455108642578
05-04-1999,69.625,69.9375,373300,70.5,69.8125,25.314117431640625
06-04-1999,69.1875,69.5625,418400,70.75,70.3125,25.495426177978516
07-04-1999,69.375,69.5,386800,70.25,70.0,25.382118225097656
08-04-1999,67.125,68.4375,909000,68.625,67.6875,24.543596267700195
09-04-1999,64.0625,64.9375,397900,66.0,66.0,23.931697845458984
12-04-1999,63.375,63.75,538700,65.4375,65.375,23.705080032348633
13-04-1999,64.5,65.375,265700,65.625,65.0625,23.59175682067871
14-04-1999,62.5625,65.625,596600,65.6875,62.625,22.707921981811523
15-04-1999,59.8125,62.0,1233100,62.0,60.9375,22.096038818359375
16-04-1999,59.875,59.9375,1127800,60.75,60.75,22.028047561645508
19-04-1999,58.75,61.375,1054000,61.75,59.0,21.393489837646484
20-04-1999,59.0,59.0,794500,60.75,60.125,21.801427841186523
21-04-1999,59.125,59.75,567100,61.5625,61.5625,22.322660446166992
22-04-1999,61.5625,62.0,638000,62.3125,62.1875,22.549291610717773
23-04-1999,60.0625,60.5,574100,60.75,60.4375,21.914730072021484
26-04-1999,60.5625,61.5,155700,61.5,60.625,21.98271369934082
27-04-1999,62.625,63.25,390600,63.375,63.125,22.88922882080078
28-04-1999,60.8125,63.0,519900,63.0,60.875,22.073368072509766
29-04-1999,58.625,59.875,477600,60.0,59.75,21.66544532775879
30-04-1999,57.75,59.625,395800,59.75,58.0,21.0308895111084
03-05-1999,58.125,58.125,459800,59.75,59.5,21.574785232543945
04-05-1999,58.375,59.9375,321400,59.9375,58.75,21.30284309387207
05-05-1999,57.75,58.5,706500,60.0,59.8125,21.688093185424805
06-05-1999,57.625,59.0,995900,59.0,58.375,21.166860580444336
07-05-1999,57.0625,57.75,401100,57.9375,57.875,20.985559463500977
10-05-1999,57.25,57.875,364600,58.875,58.3125,21.144210815429688
11-05-1999,58.5,58.625,472900,59.5,59.3125,21.506805419921875
12-05-1999,58.625,59.75,596100,59.75,59.5,21.574785232543945
13-05-1999,59.1875,60.4375,465800,60.625,60.0625,21.778751373291016
14-05-1999,57.625,58.4375,496100,59.0,57.625,20.894912719726562
17-05-1999,56.125,56.625,503900,57.0,56.75,20.577638626098633
18-05-1999,55.0625,55.0625,974200,57.0,55.6875,20.192371368408203
19-05-1999,55.125,55.5,726600,55.9375,55.8125,20.23769187927246
20-05-1999,56.625,56.75,556100,58.6875,58.1875,21.09886932373047
21-05-1999,57.1875,58.625,480100,59.3125,57.1875,20.73628044128418
24-05-1999,54.8125,56.8125,419100,56.8125,54.875,19.897762298583984
25-05-1999,54.5625,55.9375,434000,55.9375,54.5625,19.784448623657227
26-05-1999,54.0,54.6875,320900,55.125,54.8125,19.87510108947754
27-05-1999,54.0,54.0625,415900,55.375,54.375,19.716461181640625
28-05-1999,55.4375,55.75,354500,56.625,56.25,20.396333694458008
01-06-1999,56.0625,57.1875,410700,57.3125,57.125,20.713611602783203
02-06-1999,56.75,57.9375,663200,57.9375,57.625,20.894912719726562
03-06-1999,57.3125,57.625,266000,58.25,58.25,21.121536254882812
04-06-1999,58.0,58.3125,351500,59.625,59.25,21.48414421081543
07-06-1999,58.6875,59.125,335300,59.1875,59.0,21.393489837646484
08-06-1999,60.375,60.5,632000,61.625,60.5625,21.960060119628906
09-06-1999,60.3125,60.8125,299200,61.0625,60.5625,21.960060119628906
10-06-1999,59.5,60.3125,586600,60.375,59.875,21.710765838623047
11-06-1999,59.625,60.0,306400,60.8125,60.0625,21.778751373291016
14-06-1999,59.8125,60.0625,340300,60.5,60.0625,21.778751373291016
15-06-1999,58.8125,59.75,342000,59.8125,59.0,21.393489837646484
16-06-1999,57.1875,59.25,565100,59.625,58.4375,21.189525604248047
17-06-1999,57.25,57.5625,360600,58.6875,58.4375,21.189525604248047
18-06-1999,57.1875,57.625,648600,58.3125,57.625,20.894912719726562
21-06-1999,56.5625,57.375,335700,57.4375,57.0,20.66830062866211
22-06-1999,55.75,56.8125,900900,56.8125,56.0625,20.328344345092773
23-06-1999,54.75,55.375,482700,55.5,55.375,20.07906150817871
24-06-1999,54.5,55.4375,311900,55.5,55.125,19.988412857055664
25-06-1999,55.8125,56.125,559700,56.9375,56.4375,20.464332580566406
28-06-1999,55.375,55.9375,201400,56.0,55.4375,20.10172462463379
29-06-1999,54.375,54.8125,755500,55.75,55.4375,20.10172462463379
30-06-1999,54.625,54.875,1470500,56.75,56.625,20.532320022583008
01-07-1999,57.3125,57.5,999600,58.9375,58.4375,21.189525604248047
02-07-1999,57.0625,57.625,284800,58.0,57.9375,21.00823402404785
06-07-1999,56.3125,56.4375,816500,57.4375,57.0,20.66830062866211
07-07-1999,55.6875,55.9375,829900,56.75,56.6875,20.55497169494629
08-07-1999,55.3125,55.6875,1313100,56.125,55.8125,20.23769187927246
09-07-1999,54.9375,55.375,444700,55.5,55.5,20.1243953704834
12-07-1999,54.5,55.1875,851900,55.25,54.625,19.807111740112305
13-07-1999,54.3125,54.5,645000,55.5625,54.9375,19.92043685913086
14-07-1999,54.75,55.375,509600,55.5,55.3125,20.0564022064209
15-07-1999,55.0625,55.125,428500,55.875,55.75,20.215044021606445
16-07-1999,55.1875,55.6875,330400,55.6875,55.5,20.1243953704834
19-07-1999,54.25,54.625,547500,54.75,54.5,19.761791229248047
20-07-1999,52.6875,53.6875,760800,53.75,52.8125,19.149898529052734
21-07-1999,51.625,52.1875,651400,52.625,52.1875,18.923269271850586
22-07-1999,51.125,52.0,397800,52.0625,51.25,18.583332061767578
23-07-1999,50.375,51.75,752400,51.75,50.4375,18.28870964050293
26-07-1999,50.625,50.625,514800,51.5,51.125,18.538009643554688
27-07-1999,52.625,53.5,865000,54.3125,54.125,19.625818252563477
28-07-1999,54.875,55.0,1072400,56.4375,55.3125,20.0564022064209
29-07-1999,50.1875,50.5,2460400,51.3125,51.1875,18.560665130615234
30-07-1999,50.75,50.75,1166800,52.3125,52.1875,18.923269271850586
02-08-1999,52.125,52.1875,1053900,53.0,52.6875,19.104576110839844
03-08-1999,51.5,52.625,663100,52.6875,51.8125,18.78729820251465
04-08-1999,51.25,52.0,692600,52.5,51.375,18.628658294677734
05-08-1999,49.5,50.3125,777800,50.75,50.3125,18.243391036987305
06-08-1999,49.6875,49.875,441900,50.5625,49.6875,18.016767501831055
09-08-1999,49.0625,49.6875,466800,49.6875,49.625,17.994104385375977
10-08-1999,48.0625,49.0,576100,49.625,49.0625,17.790142059326172
11-08-1999,48.5625,48.75,539400,49.8125,49.375,18.102327346801758
12-08-1999,50.0625,50.5,685600,51.25,50.5625,18.53769874572754
13-08-1999,50.6875,51.0,713900,52.125,51.875,19.01889991760254
16-08-1999,51.0,51.5625,395200,51.8125,51.25,18.789756774902344
17-08-1999,51.125,51.75,534300,51.75,51.625,18.927236557006836
18-08-1999,51.375,51.875,523800,53.4375,52.0,19.06471824645996
19-08-1999,51.9375,52.0,238100,53.125,52.4375,19.225128173828125
20-08-1999,52.875,53.0,335300,53.9375,53.75,19.706321716308594
23-08-1999,54.0625,54.3125,682400,54.875,54.5625,20.00421142578125
24-08-1999,53.4375,54.375,532500,54.5,53.5625,19.63759422302246
25-08-1999,53.6875,54.0,543600,54.625,54.375,19.93547248840332
26-08-1999,53.5,54.375,287000,54.625,54.0,19.797971725463867
27-08-1999,53.6875,54.0,176600,54.0625,53.6875,19.683414459228516
30-08-1999,53.125,54.0,335000,54.6875,53.375,19.5688419342041
31-08-1999,52.125,53.1875,524500,53.25,52.9375,19.408437728881836
01-09-1999,52.6875,53.0,255300,53.9375,53.875,19.752161026000977
02-09-1999,52.75,52.9375,114800,53.3125,52.8125,19.36261558532715
03-09-1999,54.0625,54.0625,350300,55.5,55.25,20.25627326965332
07-09-1999,54.1875,55.125,201300,55.375,54.4375,19.95838737487793
08-09-1999,54.0625,54.0625,181200,54.5625,54.1875,19.866729736328125
09-09-1999,54.3125,55.125,214000,55.1875,54.875,20.118791580200195
10-09-1999,54.6875,55.5625,196700,55.75,54.6875,20.050052642822266
13-09-1999,52.75,53.0625,235800,53.875,53.0,19.431350708007812
14-09-1999,51.75,52.5,195600,52.5,52.0625,19.087642669677734
15-09-1999,51.875,52.4375,134400,52.9375,51.9375,19.041805267333984
16-09-1999,51.375,52.1875,169500,52.75,52.375,19.202213287353516
17-09-1999,52.375,52.4375,139800,53.375,52.6875,19.316789627075195
20-09-1999,52.9375,53.1875,141000,53.5,53.375,19.5688419342041
21-09-1999,52.375,53.6875,301700,53.875,52.4375,19.225128173828125
22-09-1999,51.75,52.875,263700,53.4375,52.4375,19.225128173828125
23-09-1999,51.625,52.3125,224800,52.3125,51.6875,18.950153350830078
24-09-1999,51.0625,51.375,287800,52.1875,51.75,18.97307014465332
27-09-1999,52.0625,52.1875,460900,52.875,52.5,19.248046875
28-09-1999,51.5,52.375,292800,52.5625,52.0,19.06471824645996
29-09-1999,51.375,51.6875,100800,52.125,51.4375,18.858501434326172
30-09-1999,51.4375,52.3125,640700,52.875,52.0,19.06471824645996
01-10-1999,50.625,51.0,516900,51.6875,51.125,18.743932723999023
04-10-1999,51.625,51.625,841000,53.4375,53.4375,19.591760635375977
05-10-1999,52.1875,53.0,352200,53.5,52.875,19.385528564453125
06-10-1999,53.0,53.0,479200,53.9375,53.75,19.706321716308594
07-10-1999,54.125,55.1875,656900,55.375,54.375,19.93547248840332
08-10-1999,55.5,56.375,1061400,57.25,56.5,20.714561462402344
11-10-1999,59.125,59.5625,975600,60.0625,59.25,21.72279930114746
12-10-1999,58.1875,59.375,698800,59.4375,58.3125,21.37908172607422
13-10-1999,58.375,58.875,924800,59.9375,58.375,21.4019832611084
14-10-1999,57.4375,59.1875,524800,59.4375,58.6875,21.516565322875977
15-10-1999,56.9375,57.375,400400,57.9375,57.5,21.081188201904297
18-10-1999,56.6875,56.9375,505400,58.5,58.4375,21.424903869628906
19-10-1999,58.1875,58.6875,1236300,61.5625,60.875,22.318559646606445
20-10-1999,59.875,60.5,879100,61.0,60.9375,22.34148597717285
21-10-1999,58.0,58.0,740100,59.6875,59.6875,21.883195877075195
22-10-1999,58.8125,59.1875,598400,60.1875,59.5625,21.83736228942871
25-10-1999,58.8125,59.0,445500,60.0625,59.75,21.90610694885254
26-10-1999,59.5625,60.125,308400,60.25,59.5625,21.83736228942871
27-10-1999,59.0,59.4375,193700,59.8125,59.8125,21.929012298583984
28-10-1999,58.625,59.0,619900,59.625,59.5,21.814443588256836
29-10-1999,59.25,59.25,393100,60.625,59.875,21.951934814453125
01-11-1999,59.1875,59.375,281900,60.125,59.3125,21.745704650878906
02-11-1999,57.75,58.25,327500,58.8125,57.9375,21.24159049987793
03-11-1999,59.5,59.875,802900,60.875,60.625,22.226903915405273
04-11-1999,60.4375,61.25,808100,62.75,62.0,22.73101806640625
05-11-1999,60.75,62.875,817700,63.25,63.0,23.097654342651367
08-11-1999,61.1875,61.25,249400,61.9375,61.5,22.547706604003906
09-11-1999,61.0,62.25,661100,62.5,61.1875,22.433135986328125
10-11-1999,59.4375,60.5625,481100,60.6875,59.4375,21.791536331176758
11-11-1999,59.6875,59.75,360600,60.6875,60.25,22.089427947998047
12-11-1999,60.4375,60.9375,285700,61.1875,61.0,22.364391326904297
15-11-1999,58.4375,59.5,331000,59.5,58.5,21.447816848754883
16-11-1999,58.625,58.6875,486400,61.1875,61.1875,22.433135986328125
17-11-1999,58.25,59.0,440000,59.25,58.3125,21.37908172607422
18-11-1999,58.3125,59.125,558800,60.0625,59.5,21.814443588256836
19-11-1999,58.5,59.125,312900,59.375,59.25,21.72279930114746
22-11-1999,58.3125,59.0,701400,59.1875,59.125,21.676956176757812
23-11-1999,59.5,60.5,419200,60.6875,59.875,21.951934814453125
24-11-1999,59.25,59.5625,111300,60.125,59.875,21.951934814453125
26-11-1999,60.25,60.375,145200,60.9375,60.5,22.181081771850586
29-11-1999,61.1875,61.5625,551700,61.9375,61.5625,22.570621490478516
30-11-1999,59.4375,60.3125,308400,60.3125,59.4375,21.791536331176758
01-12-1999,58.75,59.5,293200,59.6875,59.0,21.631132125854492
02-12-1999,60.5,61.8125,1040100,61.9375,60.5625,22.203990936279297
03-12-1999,59.5,60.25,453000,60.5625,59.9375,21.974851608276367
06-12-1999,58.4375,59.0,229400,59.125,58.5,21.447816848754883
07-12-1999,58.1875,59.4375,335200,59.5625,58.8125,21.562393188476562
08-12-1999,57.0,57.5,257500,58.0,57.0625,20.920795440673828
09-12-1999,56.0625,57.1875,312900,57.1875,56.125,20.57706642150879
10-12-1999,54.25,54.625,425000,55.9375,55.9375,20.508331298828125
13-12-1999,54.0625,54.625,395900,55.1875,54.125,19.84381866455078
14-12-1999,52.6875,53.0625,309700,53.625,52.9375,19.408437728881836
15-12-1999,53.5625,53.5625,568800,54.625,53.8125,19.72923469543457
16-12-1999,52.875,54.5,413400,54.5,53.1875,19.500099182128906
17-12-1999,53.75,54.375,407100,54.75,54.3125,19.912561416625977
20-12-1999,53.1875,54.125,193500,54.25,53.4375,19.591760635375977
21-12-1999,51.375,53.1875,686400,53.8125,52.0,19.06471824645996
22-12-1999,52.25,53.0625,576000,53.375,53.0625,19.45427131652832
23-12-1999,53.4375,54.0,237900,54.625,54.0,19.797971725463867
27-12-1999,53.25,53.875,255000,54.3125,53.875,19.752161026000977
28-12-1999,53.0,53.75,248700,54.0,53.3125,19.545927047729492
29-12-1999,54.5,55.125,497600,55.4375,54.5625,20.00421142578125
30-12-1999,55.5,56.0625,217600,56.1875,55.9375,20.508331298828125
31-12-1999,55.75,56.0,139400,56.1875,55.875,20.485408782958984
03-01-2000,55.0,55.9375,556100,56.3125,55.5625,20.370840072631836
04-01-2000,54.0,55.5625,367200,55.5625,54.125,19.84381866455078
05-01-2000,54.5,54.875,481700,55.9375,55.9375,20.508331298828125
06-01-2000,54.0,55.375,853800,55.5,55.125,20.210447311401367
07-01-2000,55.0,55.25,908700,58.0,58.0,21.264511108398438
10-01-2000,57.375,58.5,850900,58.75,58.125,21.310331344604492
11-01-2000,57.5625,57.6875,287200,58.9375,57.5625,21.104106903076172
12-01-2000,58.125,59.0,250600,59.0,58.3125,21.37908172607422
13-01-2000,57.4375,57.6875,510500,59.3125,58.0,21.264511108398438
14-01-2000,59.3125,60.4375,725800,61.25,60.0,21.99775505065918
18-01-2000,54.0625,55.75,2574900,55.875,54.0625,19.820899963378906
19-01-2000,55.75,56.1875,1713400,57.0,57.0,20.89788246154785
20-01-2000,54.75,55.5625,590000,55.625,54.875,20.118791580200195
21-01-2000,54.0,54.0625,698000,54.5625,54.125,19.84381866455078
24-01-2000,52.0,53.5625,1210300,53.625,52.125,19.110559463500977
25-01-2000,50.25,51.3125,879300,51.625,51.5625,18.904325485229492
26-01-2000,50.375,51.8125,877700,52.125,51.875,19.01889991760254
27-01-2000,50.6875,51.75,814000,51.75,51.0,18.698095321655273
28-01-2000,51.0625,51.1875,1096100,52.875,52.0,19.06471824645996
31-01-2000,51.3125,52.5,725300,53.6875,52.75,19.339704513549805
01-02-2000,49.75,51.25,974500,51.375,50.9375,18.675180435180664
02-02-2000,51.0625,51.1875,625500,52.625,51.875,19.01889991760254
03-02-2000,51.0,52.1875,397000,52.25,51.3125,18.812667846679688
04-02-2000,48.75,49.6875,918500,50.125,49.3125,18.07941246032715
07-02-2000,47.4375,48.25,1514800,49.125,48.3125,17.71278190612793
08-02-2000,48.1875,48.1875,878400,50.125,50.125,18.377296447753906
09-02-2000,50.25,50.375,1320300,51.6875,50.5,18.514785766601562
10-02-2000,50.5625,52.625,805500,53.0,50.9375,18.675180435180664
11-02-2000,48.0,48.8125,1000900,50.3125,48.3125,17.71278190612793
14-02-2000,47.875,48.1875,598800,48.75,48.625,17.827350616455078
15-02-2000,48.1875,48.5625,445500,49.0625,48.6875,17.850271224975586
16-02-2000,45.25,45.5,1046100,47.25,47.25,17.323232650756836
17-02-2000,46.5,47.75,735400,48.125,46.75,17.13991355895996
18-02-2000,45.625,47.4375,496400,47.5625,46.0,16.86495590209961
22-02-2000,46.0,46.5,522500,46.75,46.5625,17.071182250976562
23-02-2000,46.3125,46.625,478100,47.0,46.8125,17.16283416748047
24-02-2000,46.5,46.75,1019900,47.5,46.875,17.185754776000977
25-02-2000,47.0625,47.5625,938100,48.3125,47.125,17.27741813659668
28-02-2000,47.5,47.875,910400,49.0,48.5,17.78151512145996
29-02-2000,48.0625,48.1875,617100,49.0625,48.75,17.873186111450195
01-03-2000,49.5,49.5625,926100,51.0,50.4375,18.794504165649414
02-03-2000,49.375,50.6875,1070900,50.6875,50.0,18.63147735595703
03-03-2000,47.5625,48.9375,795200,48.9375,48.4375,18.04924964904785
06-03-2000,47.25,47.9375,531600,48.125,47.5,17.69991683959961
07-03-2000,46.8125,48.5,1147000,48.625,46.8125,17.443727493286133
08-03-2000,46.875,46.875,1030300,49.5625,48.9375,18.235559463500977
09-03-2000,48.9375,49.9375,644800,50.375,50.3125,18.747920989990234
10-03-2000,50.75,51.0,991600,52.1875,51.5,19.1904296875
13-03-2000,52.25,53.0,764500,53.0,52.3125,19.49318504333496
14-03-2000,52.875,53.0,634800,53.6875,52.875,19.702796936035156
15-03-2000,55.3125,55.3125,1397400,58.3125,58.0,21.612529754638672
16-03-2000,56.4375,59.5,1147700,59.5,59.25,22.07831382751465
17-03-2000,55.4375,55.4375,1004900,57.625,56.5,21.05357551574707
20-03-2000,55.875,56.5625,440700,57.1875,55.875,20.820676803588867
21-03-2000,57.5,57.5,934300,59.0625,59.0,21.98514747619629
22-03-2000,57.75,59.25,883800,59.5625,58.375,21.75225257873535
23-03-2000,56.9375,57.0,431300,58.0,57.8125,21.54265022277832
24-03-2000,57.375,58.6875,584800,59.625,57.75,21.519357681274414
27-03-2000,56.1875,56.8125,326100,57.625,56.5625,21.07686424255371
28-03-2000,54.3125,54.9375,545000,55.6875,55.6875,20.750812530517578
29-03-2000,54.8125,55.4375,893500,56.4375,56.0,20.867259979248047
30-03-2000,54.9375,55.5,690500,55.9375,54.9375,20.471343994140625
31-03-2000,56.5,56.9375,484400,57.75,57.3125,21.356346130371094
03-04-2000,58.75,58.8125,850900,60.625,60.625,22.59067726135254
04-04-2000,60.625,61.5,1425400,62.8125,61.375,22.870141983032227
05-04-2000,59.875,59.875,1123300,62.5,61.8125,23.033166885375977
06-04-2000,57.25,58.375,963600,59.0,58.125,21.659099578857422
07-04-2000,57.125,57.375,519000,58.0,57.75,21.519357681274414
10-04-2000,58.4375,58.4375,813400,60.75,60.25,22.450937271118164
11-04-2000,60.8125,60.8125,804600,62.3125,62.25,23.19618797302246
12-04-2000,61.5,61.875,993400,62.5625,61.6875,22.98659324645996
13-04-2000,60.125,60.125,811900,61.4375,60.8125,22.66054344177246
14-04-2000,56.5,58.5,747200,59.0,57.0,21.239896774291992
17-04-2000,56.625,57.0,894600,58.0,57.6875,21.496068954467773
18-04-2000,57.0,57.6875,658100,59.875,59.625,22.218042373657227
19-04-2000,58.625,59.125,325800,60.1875,60.0625,22.38106918334961
20-04-2000,60.5625,61.8125,654200,62.0,60.5625,22.5673828125
24-04-2000,60.1875,60.625,557700,61.0,61.0,22.73040771484375
25-04-2000,63.125,64.3125,1986600,64.4375,63.75,23.755149841308594
26-04-2000,61.0,62.5625,524800,62.9375,61.3125,22.84685516357422
27-04-2000,58.8125,58.9375,501600,61.8125,61.5625,22.940013885498047
28-04-2000,60.8125,61.625,504300,62.8125,62.8125,23.405805587768555
01-05-2000,61.5625,62.3125,528000,62.375,61.8125,23.033166885375977
02-05-2000,59.5625,60.875,435200,60.875,60.1875,22.42764663696289
03-05-2000,57.25,58.6875,502800,58.9375,57.375,21.3796329498291
04-05-2000,57.5,57.5,918200,58.1875,57.6875,21.496068954467773
05-05-2000,57.0,57.0,758300,58.4375,58.0,21.612529754638672
08-05-2000,58.0625,58.25,477300,60.25,59.484375,22.165653228759766
09-05-2000,59.5625,60.6875,490800,60.875,59.875,22.311199188232422
10-05-2000,57.6875,59.0,676300,59.25,58.078125,21.641632080078125
11-05-2000,58.1875,58.625,577000,58.9375,58.4375,21.775550842285156
12-05-2000,58.625,59.5,725500,59.8125,58.6875,21.868701934814453
15-05-2000,57.6875,58.0625,504800,58.6875,58.5,21.7988338470459
16-05-2000,59.125,59.8125,459300,59.9375,59.4375,22.148176193237305
17-05-2000,58.75,59.0625,197500,59.375,59.0,21.98514747619629
18-05-2000,58.9375,59.75,411300,60.125,59.3125,22.101593017578125
19-05-2000,58.9375,59.75,683600,60.125,59.6875,22.241334915161133
22-05-2000,59.125,60.0,651400,60.4375,59.5625,22.194759368896484
23-05-2000,57.9375,58.3125,315300,58.9375,58.6875,21.868701934814453
24-05-2000,58.0625,58.0625,380400,58.75,58.5,21.7988338470459
25-05-2000,57.0,57.0,561800,57.9375,57.25,21.333040237426758
26-05-2000,56.375,57.125,212100,57.875,57.8125,21.54265022277832
30-05-2000,57.625,58.625,451200,59.125,58.0,21.612529754638672
31-05-2000,56.3125,57.0625,263200,57.3125,56.3125,20.983713150024414
01-06-2000,56.3125,57.5,191300,57.5625,56.375,21.007003784179688
02-06-2000,56.3125,57.3125,702400,57.625,56.3125,20.983713150024414
05-06-2000,53.25,55.375,1582300,55.375,53.25,19.84253692626953
06-06-2000,52.6875,52.9375,925900,53.75,53.625,19.98225975036621
07-06-2000,54.4375,54.5,1025400,55.0625,55.0,20.494630813598633
08-06-2000,53.375,54.4375,717900,54.5625,53.5625,19.958982467651367
09-06-2000,53.0,53.75,1244600,54.0,53.25,19.84253692626953
12-06-2000,52.875,53.6875,858800,54.0,53.3125,19.86581802368164
13-06-2000,54.25,54.75,662800,55.0625,55.0625,20.51791000366211
14-06-2000,55.0625,55.0625,780200,55.75,55.5,20.68095588684082
15-06-2000,55.0,55.75,761400,55.75,55.3125,20.611083984375
16-06-2000,55.5,55.6875,494200,56.6875,56.125,20.91383934020996
19-06-2000,56.3125,57.0,553400,57.125,56.875,21.19331169128418
20-06-2000,55.9375,56.0625,395700,56.9375,56.6875,21.12343978881836
21-06-2000,56.8125,56.8125,407100,57.875,57.5,21.42620849609375
22-06-2000,56.5,57.125,477500,57.375,56.5,21.05357551574707
23-06-2000,55.5625,55.875,276500,56.875,56.875,21.19331169128418
26-06-2000,55.3125,56.625,792000,57.25,55.6875,20.750812530517578
27-06-2000,55.25,55.4375,1330800,58.5,58.0,21.612529754638672
28-06-2000,57.75,58.3125,392500,58.3125,57.9375,21.5892333984375
29-06-2000,56.9375,56.9375,877300,58.625,58.5625,21.822124481201172
30-06-2000,57.8125,58.625,593600,58.75,57.8125,21.54265022277832
03-07-2000,60.0,60.0,772500,61.0,60.9375,22.707130432128906
05-07-2000,58.1875,58.875,846800,59.125,59.109375,22.025907516479492
06-07-2000,58.9375,59.0,569800,59.625,59.1875,22.055009841918945
07-07-2000,58.75,59.125,320300,59.9375,59.0625,22.008445739746094
10-07-2000,58.3125,58.375,194800,59.0,58.875,21.938570022583008
11-07-2000,59.0,59.125,319100,59.9375,59.375,22.1248836517334
12-07-2000,59.0625,59.9375,433200,60.125,59.0625,22.008445739746094
13-07-2000,56.5,58.75,599000,58.75,56.875,21.19331169128418
14-07-2000,54.375,54.9375,621400,56.0,55.1875,20.564510345458984
17-07-2000,54.25,54.3125,979800,56.5625,56.1875,20.937124252319336
18-07-2000,54.75,56.0625,450400,56.1875,55.0625,20.51791000366211
19-07-2000,54.3125,54.9375,386500,55.0625,54.5625,20.33160400390625
20-07-2000,54.25,54.875,1332600,55.0,54.4375,20.28502655029297
21-07-2000,53.75,54.125,351200,54.25,53.8125,20.052133560180664
24-07-2000,54.125,54.5625,350700,54.625,54.25,20.215158462524414
25-07-2000,54.0,56.0,715200,56.125,54.0,20.12198829650879
26-07-2000,54.625,55.75,619000,56.375,55.0,20.494630813598633
27-07-2000,57.3125,57.5,815500,58.625,58.625,21.845409393310547
28-07-2000,58.375,58.625,360400,59.25,58.5,21.7988338470459
31-07-2000,56.75,57.1875,292300,57.5625,57.125,21.286474227905273
01-08-2000,57.9375,58.0,649100,58.9375,58.9375,21.96186637878418
02-08-2000,59.1875,59.4375,665400,59.6875,59.4375,22.148176193237305
03-08-2000,59.1875,59.3125,588100,59.6875,59.5625,22.194759368896484
04-08-2000,58.5,59.5625,512300,59.875,58.625,21.845409393310547
07-08-2000,59.25,59.375,321200,59.9375,59.625,22.218042373657227
08-08-2000,58.1875,58.625,319500,58.75,58.1875,21.682382583618164
09-08-2000,56.1875,57.625,984600,58.25,56.3125,21.166318893432617
10-08-2000,56.375,56.5,407000,57.3125,57.25,21.518692016601562
11-08-2000,57.625,57.6875,754200,58.8125,58.625,22.0355224609375
14-08-2000,58.375,59.6875,455200,59.6875,58.6875,22.059001922607422
15-08-2000,57.4375,57.6875,591900,58.125,57.875,21.753623962402344
16-08-2000,58.375,58.4375,407200,59.3125,58.8125,22.105998992919922
17-08-2000,58.6875,58.875,243000,59.3125,59.0,22.176471710205078
18-08-2000,58.125,58.9375,416300,58.9375,58.25,21.894575119018555
21-08-2000,58.3125,58.375,196700,59.25,59.125,22.223453521728516
22-08-2000,58.9375,59.125,445900,60.1875,59.4375,22.340913772583008
23-08-2000,58.1875,58.625,458900,59.375,59.1875,22.246952056884766
24-08-2000,58.9375,58.9375,337300,59.5625,59.375,22.317420959472656
25-08-2000,59.25,59.3125,210400,59.875,59.5,22.36440658569336
28-08-2000,58.75,59.375,261400,59.5,58.875,22.129491806030273
29-08-2000,57.0625,57.625,760800,58.3125,58.3125,21.918062210083008
30-08-2000,56.25,56.5,610300,57.4375,57.125,21.471715927124023
31-08-2000,57.3125,57.3125,307900,57.9375,57.5625,21.63615608215332
01-09-2000,56.9375,56.9375,191100,57.8125,57.5,21.612661361694336
05-09-2000,55.6875,56.5625,452100,56.9375,56.5,21.23678970336914
06-09-2000,55.3125,55.3125,315800,56.125,55.5,20.86092758178711
07-09-2000,55.5625,55.625,327900,56.5,56.125,21.095834732055664
08-09-2000,54.5,54.8125,475100,55.1875,54.5625,20.508535385131836
11-09-2000,54.0,54.1875,602300,54.625,54.5625,20.508535385131836
12-09-2000,55.5625,55.9375,500800,56.25,56.0,21.04885482788086
13-09-2000,54.75,54.875,394800,55.5625,55.1875,20.743473052978516
14-09-2000,55.0625,55.4375,265000,55.5,55.125,20.719970703125
15-09-2000,53.8125,54.3125,492400,54.6875,53.875,20.250131607055664
18-09-2000,54.125,54.125,292400,54.75,54.375,20.43806266784668
19-09-2000,53.6875,54.0,452400,54.625,54.375,20.43806266784668
20-09-2000,53.9375,54.4375,270000,54.5625,54.5,20.485048294067383
21-09-2000,55.4375,55.5,679700,56.5625,56.25,21.142822265625
22-09-2000,57.75,57.75,697800,59.0,58.625,22.0355224609375
25-09-2000,58.375,59.375,539100,59.625,58.5625,22.01202392578125
26-09-2000,57.0625,57.375,269400,57.6875,57.5,21.612661361694336
27-09-2000,57.875,58.4375,222100,58.5,58.125,21.847583770751953
28-09-2000,58.1875,58.1875,414600,59.3125,59.0,22.176471710205078
29-09-2000,59.375,59.5,646200,60.625,60.4375,22.716793060302734
02-10-2000,59.3125,60.4375,396900,60.5625,59.625,22.411396026611328
03-10-2000,58.625,58.8125,405800,59.375,59.375,22.317420959472656
04-10-2000,59.0625,59.0625,503600,59.9375,59.625,22.411396026611328
05-10-2000,59.0,59.0,277300,59.9375,59.6875,22.434890747070312
06-10-2000,58.5625,59.1875,327800,59.625,59.3125,22.293928146362305
09-10-2000,58.3125,59.125,344600,59.1875,58.375,21.94154930114746
10-10-2000,59.125,59.3125,461600,59.625,59.4375,22.340913772583008
11-10-2000,58.5625,59.125,437500,59.5625,58.6875,22.059001922607422
12-10-2000,57.75,58.3125,682400,58.625,58.1875,21.871074676513672
13-10-2000,57.3125,58.0,330600,58.1875,57.9375,21.777111053466797
16-10-2000,57.25,57.3125,294200,58.25,58.125,21.847583770751953
17-10-2000,57.375,57.375,469900,59.3125,58.6875,22.059001922607422
18-10-2000,58.5,58.5625,635500,59.625,59.125,22.223453521728516
19-10-2000,57.25,57.75,422300,57.875,57.375,21.565677642822266
20-10-2000,56.125,57.0,338800,57.0,56.5,21.23678970336914
23-10-2000,57.1875,57.4375,466700,58.125,58.0625,21.824094772338867
24-10-2000,58.5625,58.5625,574300,59.1875,58.8125,22.105998992919922
25-10-2000,57.5,57.75,615000,59.125,58.8125,22.105998992919922
26-10-2000,58.625,58.8125,669000,59.5,59.375,22.317420959472656
27-10-2000,58.25,58.75,378800,59.3125,59.125,22.223453521728516
30-10-2000,59.5,59.5,419000,60.25,59.75,22.45838165283203
31-10-2000,57.0625,57.875,1179900,58.1875,58.1875,21.871074676513672
01-11-2000,57.625,57.625,731200,58.125,57.9375,21.777111053466797
02-11-2000,57.1875,58.0625,486800,58.3125,57.75,21.70663070678711
03-11-2000,57.3125,57.75,416400,58.0,58.0,21.80060577392578
06-11-2000,58.25,58.4375,534400,58.875,58.3125,21.918062210083008
07-11-2000,57.0625,58.0,699900,58.1875,57.0625,21.44822883605957
08-11-2000,59.0,59.5,1344300,59.9375,59.5,22.36440658569336
09-11-2000,59.0,59.75,850700,60.1875,59.5,22.36440658569336
10-11-2000,58.5625,58.8125,850800,59.3125,59.0,22.176471710205078
13-11-2000,57.75,58.5,1346200,59.0625,57.8125,21.730125427246094
14-11-2000,58.0,58.5625,765000,59.875,59.0625,22.199968338012695
15-11-2000,58.0,58.4375,411400,58.875,58.5625,22.01202392578125
16-11-2000,57.0625,57.5,512000,57.9375,57.125,21.471715927124023
17-11-2000,57.125,57.125,445400,58.4375,57.9375,21.777111053466797
20-11-2000,57.75,58.0,331200,58.4375,58.1875,21.871074676513672
21-11-2000,58.0,59.1875,488500,59.3125,58.9375,22.152984619140625
22-11-2000,57.75,58.4375,359400,58.5625,58.0,21.80060577392578
24-11-2000,58.3125,58.5,270400,58.9375,58.6875,22.059001922607422
27-11-2000,58.5,59.5,1102400,60.0,58.875,22.129491806030273
28-11-2000,56.5,59.0,2861600,59.3125,56.5625,21.260282516479492
29-11-2000,57.1875,57.25,1640200,58.625,58.25,21.894575119018555
30-11-2000,57.3125,58.25,872000,58.4375,57.3125,21.54219627380371
01-12-2000,55.5625,56.5625,991000,56.875,55.875,21.00185775756836
04-12-2000,56.1875,56.25,506900,57.75,57.3125,21.54219627380371
05-12-2000,57.5625,57.5625,974200,58.625,57.875,21.753623962402344
06-12-2000,54.5625,55.3125,1452800,55.9375,54.9375,20.649486541748047
07-12-2000,54.875,54.9375,358200,55.5625,54.9375,20.649486541748047
08-12-2000,53.5625,54.9375,938900,55.125,54.625,20.532041549682617
11-12-2000,53.4375,53.75,792200,54.375,54.375,20.43806266784668
12-12-2000,54.5625,54.6875,1732600,56.8125,56.1875,21.11933135986328
13-12-2000,57.0625,57.75,1084900,58.375,57.6875,21.68313217163086
14-12-2000,58.125,58.125,938000,58.875,58.375,21.94154930114746
15-12-2000,57.0625,58.0,737100,58.0,57.125,21.471715927124023
18-12-2000,55.0,55.75,874000,56.4375,56.3125,21.166318893432617
19-12-2000,53.9375,54.5,2068800,54.6875,54.4375,20.46156120300293
20-12-2000,54.625,54.6875,1203000,55.9375,55.375,20.81393051147461
21-12-2000,54.0,54.875,1002200,54.9375,54.0,20.297100067138672
22-12-2000,53.8125,53.8125,669700,54.875,54.8125,20.60250473022461
26-12-2000,54.25,54.25,351700,55.5,54.875,20.625995635986328
27-12-2000,54.875,55.0625,358400,55.8125,55.375,21.099224090576172
28-12-2000,56.5625,56.6875,797100,57.0625,56.8125,21.64695930480957
29-12-2000,56.0,56.375,284100,56.5,56.0,21.337373733520508
02-01-2001,55.8125,56.0,566500,56.875,55.875,21.28973388671875
03-01-2001,54.0625,56.1875,981400,56.5625,54.8125,20.884906768798828
04-01-2001,51.75,52.25,1820100,52.6875,52.125,19.860897064208984
05-01-2001,51.5,51.5,1544000,52.1875,51.8125,19.74183464050293
08-01-2001,51.5625,52.25,766100,52.5625,51.8125,19.74183464050293
09-01-2001,50.9375,51.0,714900,52.125,51.9375,19.78944969177246
10-01-2001,52.3125,52.6875,731800,52.9375,52.625,20.051406860351562
11-01-2001,53.0,53.8125,1608800,54.0,53.3125,20.313369750976562
12-01-2001,52.1875,52.6875,682700,53.125,52.75,20.099048614501953
16-01-2001,52.875,53.0625,648400,53.5,53.375,20.337182998657227
17-01-2001,51.8125,53.125,970700,53.375,52.0,19.813276290893555
18-01-2001,52.875,53.0,1302700,53.375,53.375,20.337182998657227
19-01-2001,52.1875,52.9375,813600,53.25,52.75,20.099048614501953
22-01-2001,51.5,51.5,1139500,53.125,52.75,20.099048614501953
23-01-2001,52.8125,53.3125,987700,53.625,53.4375,20.360998153686523
24-01-2001,51.75,52.125,980500,52.4375,51.9375,19.78944969177246
25-01-2001,51.5625,51.9375,986300,52.5625,52.5625,20.02759552001953
26-01-2001,52.625,52.8125,826400,54.0,53.375,20.337182998657227
29-01-2001,51.810001373291016,52.630001068115234,569000,52.869998931884766,51.810001373291016,19.740880966186523
30-01-2001,51.5,52.060001373291016,516700,52.5,52.150001525878906,19.870424270629883
31-01-2001,51.5,52.0099983215332,927000,52.790000915527344,52.54999923706055,20.02284049987793
01-02-2001,53.099998474121094,53.5099983215332,777100,53.619998931884766,53.40999984741211,20.350507736206055
02-02-2001,52.65999984741211,53.52000045776367,705400,53.75,53.04999923706055,20.213346481323242
05-02-2001,54.41999816894531,54.45000076293945,942300,54.88999938964844,54.459999084472656,20.75058937072754
06-02-2001,53.65999984741211,54.2400016784668,453700,54.59000015258789,54.02000045776367,20.582944869995117
07-02-2001,53.709999084472656,54.349998474121094,531200,54.459999084472656,53.75,20.48006248474121
08-02-2001,53.11000061035156,53.599998474121094,633800,53.599998474121094,53.52000045776367,20.39242935180664
09-02-2001,53.0099983215332,53.20000076293945,270300,53.650001525878906,53.63999938964844,20.43815803527832
12-02-2001,53.5,53.5,408700,54.25,53.970001220703125,20.563894271850586
13-02-2001,54.400001525878906,55.20000076293945,1357600,55.72999954223633,54.79999923706055,20.88014030456543
14-02-2001,55.099998474121094,55.369998931884766,790200,55.79999923706055,55.310001373291016,21.074466705322266
15-02-2001,54.36000061035156,54.5,624000,55.04999923706055,55.04999923706055,20.97539520263672
16-02-2001,54.66999816894531,54.75,835500,55.400001525878906,54.88999938964844,20.914432525634766
20-02-2001,52.95000076293945,53.599998474121094,807400,53.93000030517578,53.2599983215332,20.293373107910156
21-02-2001,55.02000045776367,55.02000045776367,1172300,56.0,55.900001525878906,21.29926109313965
22-02-2001,55.810001373291016,56.11000061035156,1402200,56.810001373291016,56.4900016784668,21.52407455444336
23-02-2001,54.79999923706055,55.5099983215332,767900,55.86000061035156,55.650001525878906,21.204008102416992
26-02-2001,54.25,54.900001525878906,720600,55.439998626708984,55.40999984741211,21.112571716308594
27-02-2001,54.20000076293945,54.20000076293945,708400,54.95000076293945,54.70000076293945,20.84203338623047
28-02-2001,55.0,55.70000076293945,2526100,56.349998474121094,55.310001373291016,21.074466705322266
01-03-2001,55.0,56.20000076293945,1025600,56.20000076293945,55.189998626708984,21.02873420715332
02-03-2001,56.029998779296875,56.70000076293945,1405500,56.95000076293945,56.209999084472656,21.417388916015625
05-03-2001,56.15999984741211,56.369998931884766,1142300,56.5,56.25,21.43262481689453
06-03-2001,54.279998779296875,55.439998626708984,587000,55.439998626708984,54.540000915527344,20.78108024597168
07-03-2001,53.54999923706055,54.41999816894531,1533400,54.43000030517578,53.689998626708984,20.45720100402832
08-03-2001,53.31999969482422,53.43000030517578,1162300,54.4900016784668,54.38999938964844,20.723926544189453
09-03-2001,54.5099983215332,55.0,776500,55.13999938964844,54.79999923706055,20.88014030456543
12-03-2001,53.5,54.5,802400,54.529998779296875,53.5,20.384811401367188
13-03-2001,52.310001373291016,52.529998779296875,693500,53.349998474121094,53.11000061035156,20.2362060546875
14-03-2001,51.0099983215332,51.099998474121094,1413600,52.0099983215332,51.11000061035156,19.474157333374023
15-03-2001,50.81999969482422,51.25,1263000,51.95000076293945,51.79999923706055,19.737064361572266
16-03-2001,48.75,50.25,848400,50.54999923706055,49.22999954223633,18.757827758789062
19-03-2001,49.040000915527344,49.849998474121094,1099000,50.04999923706055,49.79999923706055,18.97501564025879
20-03-2001,49.599998474121094,50.7599983215332,1238000,50.849998474121094,49.619998931884766,18.906435012817383
21-03-2001,49.720001220703125,51.099998474121094,1953800,51.2599983215332,50.0,19.051218032836914
22-03-2001,47.150001525878906,49.849998474121094,1327600,49.9900016784668,48.79999923706055,18.59398651123047
23-03-2001,49.040000915527344,49.9900016784668,1148700,50.11000061035156,49.79999923706055,18.97501564025879
26-03-2001,50.61000061035156,51.060001373291016,861600,51.189998626708984,50.900001525878906,19.394149780273438
27-03-2001,52.0099983215332,52.0099983215332,1420900,53.20000076293945,53.150001525878906,20.251449584960938
28-03-2001,51.400001525878906,51.84000015258789,1073400,52.20000076293945,51.97999954223633,19.805652618408203
29-03-2001,50.900001525878906,51.349998474121094,957400,51.83000183105469,51.29999923706055,19.54656410217285
30-03-2001,52.0,52.779998779296875,1094500,53.29999923706055,52.29999923706055,19.927576065063477
02-04-2001,50.709999084472656,51.41999816894531,579100,51.70000076293945,50.849998474121094,19.37510108947754
03-04-2001,50.36000061035156,51.25,669700,51.5,50.43000030517578,19.215065002441406
04-04-2001,50.150001525878906,50.470001220703125,498400,52.0,51.25,19.52750587463379
05-04-2001,52.0,52.310001373291016,794800,52.689998626708984,52.599998474121094,20.04188346862793
06-04-2001,50.779998779296875,51.0,699900,52.349998474121094,51.939998626708984,19.79041862487793
09-04-2001,51.849998474121094,52.290000915527344,445000,52.7599983215332,52.4900016784668,19.999980926513672
10-04-2001,52.52000045776367,53.459999084472656,877200,53.7400016784668,52.79999923706055,20.11809539794922
11-04-2001,51.70000076293945,52.52000045776367,612800,52.75,52.099998474121094,19.851369857788086
12-04-2001,51.7400016784668,51.79999923706055,569300,52.880001068115234,52.54999923706055,20.02284049987793
16-04-2001,52.099998474121094,52.29999923706055,592600,52.88999938964844,52.38999938964844,19.96186637878418
17-04-2001,52.560001373291016,52.689998626708984,755100,54.0,53.849998474121094,20.51816749572754
18-04-2001,51.54999923706055,52.630001068115234,1120600,52.65999984741211,52.599998474121094,20.04188346862793
19-04-2001,49.79999923706055,50.63999938964844,882400,51.09000015258789,50.84000015258789,19.37127685546875
20-04-2001,50.5,50.599998474121094,471900,51.290000915527344,51.06999969482422,19.45891571044922
23-04-2001,51.5,51.900001525878906,544000,52.25,51.58000183105469,19.653236389160156
24-04-2001,51.310001373291016,52.15999984741211,713300,52.5,51.61000061035156,19.664676666259766
25-04-2001,52.630001068115234,52.70000076293945,1450600,53.5,53.5,20.384811401367188
26-04-2001,52.720001220703125,53.290000915527344,936400,53.720001220703125,53.70000076293945,20.46101951599121
27-04-2001,52.900001525878906,53.29999923706055,896900,53.709999084472656,53.599998474121094,20.42291259765625
30-04-2001,52.900001525878906,53.970001220703125,869800,54.20000076293945,53.56999969482422,20.411481857299805
01-05-2001,52.630001068115234,52.7400016784668,448300,53.45000076293945,53.34000015258789,20.32383918762207
02-05-2001,52.25,52.849998474121094,516300,52.97999954223633,52.58000183105469,20.14264678955078
03-05-2001,52.29999923706055,52.95000076293945,442500,52.95000076293945,52.689998626708984,20.18478775024414
04-05-2001,53.560001373291016,53.61000061035156,890800,54.279998779296875,53.61000061035156,20.537227630615234
07-05-2001,53.529998779296875,53.650001525878906,521800,54.08000183105469,53.84000015258789,20.625337600708008
08-05-2001,54.119998931884766,54.599998474121094,734500,54.72999954223633,54.43000030517578,20.85135841369629
09-05-2001,53.70000076293945,54.2599983215332,487900,54.459999084472656,54.099998474121094,20.72493553161621
10-05-2001,54.83000183105469,54.91999816894531,1056100,55.900001525878906,55.209999084472656,21.15015411376953
11-05-2001,54.54999923706055,55.0,845100,55.2599983215332,54.95000076293945,21.050554275512695
14-05-2001,53.79999923706055,54.75,727200,54.86000061035156,54.630001068115234,20.92797088623047
15-05-2001,54.79999923706055,55.02000045776367,617400,55.22999954223633,55.099998474121094,21.108013153076172
16-05-2001,54.599998474121094,54.70000076293945,937400,56.0,55.90999984741211,21.41831398010254
17-05-2001,55.060001373291016,55.65999984741211,612200,55.90999984741211,55.75,21.357023239135742
18-05-2001,55.099998474121094,55.9900016784668,806100,55.9900016784668,55.099998474121094,21.108013153076172
21-05-2001,54.79999923706055,55.099998474121094,557100,55.79999923706055,55.79999923706055,21.376184463500977
22-05-2001,54.34000015258789,54.4900016784668,788300,54.9900016784668,54.65999984741211,20.939464569091797
23-05-2001,53.7599983215332,54.90999984741211,442400,54.97999954223633,54.0,20.686620712280273
24-05-2001,53.849998474121094,54.02000045776367,795200,54.88999938964844,54.88999938964844,21.027568817138672
25-05-2001,53.040000915527344,53.380001068115234,551900,53.880001068115234,53.77000045776367,20.59851837158203
29-05-2001,53.09000015258789,53.540000915527344,1014900,54.220001220703125,54.150001525878906,20.744089126586914
30-05-2001,54.20000076293945,54.41999816894531,791700,54.7400016784668,54.400001525878906,20.839859008789062
31-05-2001,54.150001525878906,54.540000915527344,952500,54.75,54.689998626708984,20.950956344604492
01-06-2001,54.709999084472656,54.75,619800,55.790000915527344,55.5099983215332,21.265087127685547
04-06-2001,55.04999923706055,55.119998931884766,624600,55.439998626708984,55.290000915527344,21.180803298950195
05-06-2001,55.150001525878906,55.4900016784668,558800,55.9900016784668,55.970001220703125,21.441303253173828
06-06-2001,54.75,55.25,888600,55.45000076293945,54.900001525878906,21.031408309936523
07-06-2001,54.900001525878906,54.900001525878906,312400,55.54999923706055,55.47999954223633,21.25359344482422
08-06-2001,54.400001525878906,54.650001525878906,349500,54.95000076293945,54.650001525878906,20.93563461303711
11-06-2001,53.81999969482422,54.099998474121094,494000,54.290000915527344,54.0099983215332,20.69045639038086
12-06-2001,53.7400016784668,53.779998779296875,826200,54.88999938964844,54.880001068115234,21.02373695373535
13-06-2001,54.630001068115234,54.869998931884766,605600,55.18000030517578,55.18000030517578,21.13866424560547
14-06-2001,55.18000030517578,55.52000045776367,730900,55.779998779296875,55.290000915527344,21.180803298950195
15-06-2001,54.810001373291016,55.4900016784668,1565300,55.65999984741211,55.029998779296875,21.08120346069336
18-06-2001,54.52000045776367,55.02000045776367,536900,55.900001525878906,55.04999923706055,21.088865280151367
19-06-2001,54.220001220703125,54.52000045776367,418600,54.86000061035156,54.72999954223633,20.966283798217773
20-06-2001,55.119998931884766,55.119998931884766,2694800,55.880001068115234,55.5,21.261262893676758
21-06-2001,56.310001373291016,56.310001373291016,1416300,56.900001525878906,56.900001525878906,21.797571182250977
22-06-2001,56.25,57.04999923706055,1416300,57.099998474121094,56.439998626708984,21.621347427368164
25-06-2001,56.08000183105469,56.22999954223633,635100,56.75,56.29999923706055,21.567720413208008
26-06-2001,55.02000045776367,55.439998626708984,475800,55.63999938964844,55.38999938964844,21.2191162109375
27-06-2001,55.599998474121094,55.650001525878906,918800,56.08000183105469,55.630001068115234,21.311059951782227
28-06-2001,55.849998474121094,56.099998474121094,591600,56.439998626708984,56.119998931884766,21.4987735748291
29-06-2001,55.75,56.150001525878906,582100,56.650001525878906,56.20000076293945,21.529417037963867
02-07-2001,56.45000076293945,56.70000076293945,647700,57.349998474121094,57.029998779296875,21.847381591796875
03-07-2001,56.099998474121094,56.70000076293945,857000,56.95000076293945,56.29999923706055,21.567720413208008
05-07-2001,55.5,56.099998474121094,318700,56.290000915527344,55.75,21.357023239135742
06-07-2001,55.349998474121094,55.45000076293945,842200,56.650001525878906,56.20000076293945,21.529417037963867
09-07-2001,56.66999816894531,56.900001525878906,823800,57.439998626708984,57.290000915527344,21.946985244750977
10-07-2001,56.33000183105469,57.08000183105469,523400,57.2599983215332,56.5099983215332,21.648170471191406
11-07-2001,55.560001373291016,56.810001373291016,664200,56.810001373291016,56.099998474121094,21.491106033325195
12-07-2001,55.70000076293945,55.70000076293945,783900,56.279998779296875,56.189998626708984,21.525583267211914
13-07-2001,56.0,56.0,828200,56.65999984741211,56.4900016784668,21.640512466430664
16-07-2001,56.18000030517578,56.599998474121094,601500,56.7400016784668,56.279998779296875,21.56005859375
17-07-2001,55.75,56.099998474121094,525400,56.47999954223633,56.459999084472656,21.62902069091797
18-07-2001,56.400001525878906,56.619998931884766,1088200,57.349998474121094,57.15999984741211,21.89718246459961
19-07-2001,56.54999923706055,56.54999923706055,825600,57.5,57.279998779296875,21.943145751953125
20-07-2001,57.209999084472656,57.86000061035156,713700,58.0,57.599998474121094,22.06572914123535
23-07-2001,55.70000076293945,56.7400016784668,1153600,56.7400016784668,55.70000076293945,21.33787727355957
24-07-2001,54.709999084472656,55.779998779296875,667300,56.18000030517578,55.06999969482422,21.09653091430664
25-07-2001,55.810001373291016,56.0099983215332,889200,56.68000030517578,56.380001068115234,21.598365783691406
26-07-2001,56.08000183105469,56.900001525878906,353000,56.970001220703125,56.38999938964844,21.602203369140625
27-07-2001,56.689998626708984,56.90999984741211,663400,57.29999923706055,56.779998779296875,21.751604080200195
30-07-2001,56.86000061035156,57.5099983215332,671400,57.689998626708984,57.279998779296875,21.943145751953125
31-07-2001,57.25,57.310001373291016,672100,57.95000076293945,57.7599983215332,22.127029418945312
01-08-2001,57.5,57.77000045776367,381400,57.95000076293945,57.619998931884766,22.182077407836914
02-08-2001,56.9900016784668,57.63999938964844,352500,57.75,57.18000030517578,22.012699127197266
03-08-2001,55.439998626708984,55.95000076293945,596400,56.900001525878906,56.900001525878906,21.90489387512207
06-08-2001,55.060001373291016,55.33000183105469,978700,55.939998626708984,55.630001068115234,21.415990829467773
07-08-2001,55.25,55.689998626708984,289600,56.06999969482422,55.84000015258789,21.496829986572266
08-08-2001,54.630001068115234,54.93000030517578,722600,55.34000015258789,54.709999084472656,21.061809539794922
09-08-2001,54.09000015258789,54.5,488900,54.869998931884766,54.36000061035156,20.927078247070312
10-08-2001,55.20000076293945,55.25,730700,55.97999954223633,55.900001525878906,21.519929885864258
13-08-2001,54.81999969482422,55.310001373291016,477200,55.560001373291016,55.310001373291016,21.292800903320312
14-08-2001,54.84000015258789,55.22999954223633,537800,55.470001220703125,55.2400016784668,21.265844345092773
15-08-2001,54.349998474121094,54.79999923706055,455100,55.15999984741211,54.790000915527344,21.09261131286621
16-08-2001,53.349998474121094,53.70000076293945,591100,54.099998474121094,54.060001373291016,20.81157875061035
17-08-2001,52.470001220703125,53.060001373291016,676600,53.189998626708984,52.939998626708984,20.380416870117188
20-08-2001,52.86000061035156,52.9900016784668,498400,53.84000015258789,53.689998626708984,20.669139862060547
21-08-2001,54.09000015258789,54.099998474121094,552700,54.790000915527344,54.150001525878906,20.846229553222656
22-08-2001,54.119998931884766,55.099998474121094,659100,55.119998931884766,54.5099983215332,20.984825134277344
23-08-2001,53.599998474121094,53.7400016784668,466200,54.29999923706055,54.0099983215332,20.792333602905273
24-08-2001,53.810001373291016,54.0099983215332,250000,54.349998474121094,54.220001220703125,20.873186111450195
27-08-2001,53.0,53.5,377300,53.720001220703125,53.689998626708984,20.669139862060547
28-08-2001,53.0,53.52000045776367,408900,53.61000061035156,53.349998474121094,20.538249969482422
29-08-2001,52.900001525878906,53.619998931884766,271200,53.650001525878906,52.90999984741211,20.368858337402344
30-08-2001,52.599998474121094,53.16999816894531,517600,53.400001525878906,52.959999084472656,20.38810920715332
31-08-2001,52.720001220703125,53.529998779296875,701800,53.66999816894531,52.95000076293945,20.38425636291504
04-09-2001,51.81999969482422,52.209999084472656,741800,52.45000076293945,52.130001068115234,20.068584442138672
05-09-2001,51.5,51.779998779296875,606900,52.25,52.11000061035156,20.060888290405273
06-09-2001,50.54999923706055,50.79999923706055,766000,51.16999816894531,50.90999984741211,19.59891128540039
07-09-2001,50.400001525878906,51.599998474121094,667000,51.95000076293945,50.75,19.537321090698242
10-09-2001,49.61000061035156,49.630001068115234,808500,51.189998626708984,50.95000076293945,19.614307403564453
17-09-2001,51.20000076293945,52.0099983215332,2048900,53.15999984741211,51.54999923706055,19.84530258178711
18-09-2001,51.209999084472656,51.400001525878906,1070500,52.2400016784668,51.5,19.826047897338867
19-09-2001,50.790000915527344,52.0,1392600,52.349998474121094,51.66999816894531,19.89149284362793
20-09-2001,50.29999923706055,51.0,714200,51.400001525878906,50.40999984741211,19.40644073486328
21-09-2001,48.400001525878906,48.54999923706055,952800,50.400001525878906,49.380001068115234,19.009912490844727
24-09-2001,49.95000076293945,50.08000183105469,1067900,51.779998779296875,51.349998474121094,19.76830291748047
25-09-2001,52.060001373291016,52.5,1289800,53.18000030517578,52.5099983215332,20.21487045288086
26-09-2001,52.150001525878906,52.54999923706055,1053800,53.599998474121094,53.29999923706055,20.519006729125977
27-09-2001,54.70000076293945,54.70000076293945,1807000,55.95000076293945,55.779998779296875,21.473724365234375
28-09-2001,55.400001525878906,55.79999923706055,1872200,56.599998474121094,56.119998931884766,21.604616165161133
01-10-2001,55.0,55.2400016784668,977700,55.9900016784668,55.9900016784668,21.554576873779297
02-10-2001,55.029998779296875,55.45000076293945,863700,55.790000915527344,55.599998474121094,21.40443229675293
03-10-2001,54.2599983215332,54.2599983215332,1393800,57.09000015258789,56.75,21.847148895263672
04-10-2001,55.75,56.040000915527344,842500,56.29999923706055,55.900001525878906,21.519929885864258
05-10-2001,56.4900016784668,56.560001373291016,681700,57.0,56.70000076293945,21.82790184020996
08-10-2001,56.0,56.04999923706055,937900,57.0,56.61000061035156,21.793254852294922
09-10-2001,55.349998474121094,56.20000076293945,507300,56.29999923706055,55.349998474121094,21.308195114135742
10-10-2001,55.540000915527344,55.630001068115234,571600,56.97999954223633,56.93000030517578,21.916452407836914
11-10-2001,55.0,56.25,702800,56.900001525878906,55.61000061035156,21.408281326293945
12-10-2001,55.4900016784668,55.650001525878906,498400,56.4900016784668,56.2400016784668,21.65081024169922
15-10-2001,55.150001525878906,55.29999923706055,519400,55.869998931884766,55.84000015258789,21.496829986572266
16-10-2001,55.060001373291016,55.810001373291016,288000,56.02000045776367,55.630001068115234,21.415990829467773
17-10-2001,54.650001525878906,55.189998626708984,451400,55.630001068115234,55.220001220703125,21.258150100708008
18-10-2001,54.7599983215332,55.40999984741211,369000,55.79999923706055,54.849998474121094,21.115707397460938
19-10-2001,54.16999816894531,54.29999923706055,441000,54.75,54.630001068115234,21.0310115814209
22-10-2001,54.400001525878906,54.70000076293945,474900,55.439998626708984,55.220001220703125,21.258150100708008
23-10-2001,53.13999938964844,53.5,702700,53.939998626708984,53.599998474121094,20.634492874145508
24-10-2001,53.25,53.599998474121094,640300,54.59000015258789,53.97999954223633,20.780776977539062
25-10-2001,52.70000076293945,52.70000076293945,877100,54.349998474121094,54.119998931884766,20.834672927856445
26-10-2001,53.20000076293945,53.41999816894531,452700,53.849998474121094,53.529998779296875,20.6075496673584
29-10-2001,52.599998474121094,53.5,694000,53.5099983215332,52.61000061035156,20.253374099731445
30-10-2001,53.45000076293945,53.54999923706055,589800,54.0,53.61000061035156,20.638336181640625
31-10-2001,53.29999923706055,54.0,637500,54.20000076293945,53.400001525878906,20.666988372802734
01-11-2001,54.150001525878906,54.5,811400,54.959999084472656,54.95000076293945,21.26687240600586
02-11-2001,54.900001525878906,55.02000045776367,812900,55.5,55.060001373291016,21.309432983398438
05-11-2001,55.0099983215332,55.04999923706055,328400,55.70000076293945,55.310001373291016,21.406190872192383
06-11-2001,55.119998931884766,55.20000076293945,761400,56.04999923706055,56.04999923706055,21.692590713500977
07-11-2001,54.95000076293945,55.0,499900,55.459999084472656,55.27000045776367,21.390708923339844
08-11-2001,54.13999938964844,54.599998474121094,384700,54.79999923706055,54.349998474121094,21.03466033935547
09-11-2001,54.20000076293945,54.79999923706055,453900,54.79999923706055,54.27000045776367,21.003681182861328
12-11-2001,53.5,53.5,415600,54.599998474121094,54.59000015258789,21.127540588378906
13-11-2001,53.66999816894531,53.7599983215332,491800,54.15999984741211,54.150001525878906,20.957244873046875
14-11-2001,53.060001373291016,53.25,1017000,53.470001220703125,53.18000030517578,20.58184051513672
15-11-2001,52.7599983215332,53.25,609100,53.45000076293945,52.849998474121094,20.45412826538086
16-11-2001,53.349998474121094,54.0,568200,54.209999084472656,53.959999084472656,20.88372039794922
19-11-2001,52.5,52.720001220703125,829100,52.9900016784668,52.91999816894531,20.481212615966797
20-11-2001,52.540000915527344,52.650001525878906,528100,53.04999923706055,53.0,20.512176513671875
21-11-2001,52.79999923706055,53.0,439300,53.529998779296875,53.470001220703125,20.694072723388672
23-11-2001,51.88999938964844,52.16999816894531,415700,52.81999969482422,52.650001525878906,20.376720428466797
26-11-2001,51.27000045776367,51.470001220703125,825100,52.220001220703125,52.119998931884766,20.171594619750977
27-11-2001,50.599998474121094,51.279998779296875,1031500,51.29999923706055,51.0099983215332,19.742002487182617
28-11-2001,51.47999954223633,51.47999954223633,770100,52.400001525878906,51.95000076293945,20.105802536010742
29-11-2001,50.65999984741211,51.29999923706055,1010900,51.36000061035156,51.060001373291016,19.7613582611084
30-11-2001,49.900001525878906,50.099998474121094,1216800,50.970001220703125,50.810001373291016,19.66459846496582
03-12-2001,50.02000045776367,50.29999923706055,612000,50.599998474121094,50.45000076293945,19.525270462036133
04-12-2001,50.709999084472656,50.81999969482422,579200,51.16999816894531,51.13999938964844,19.792314529418945
05-12-2001,50.400001525878906,50.5,608300,50.97999954223633,50.720001220703125,19.629762649536133
06-12-2001,50.34000015258789,50.36000061035156,596500,51.18000030517578,50.869998931884766,19.687822341918945
07-12-2001,49.810001373291016,50.20000076293945,611100,50.58000183105469,50.2599983215332,19.45173454284668
10-12-2001,49.619998931884766,49.849998474121094,580600,50.29999923706055,49.79999923706055,19.27370834350586
11-12-2001,49.34000015258789,50.04999923706055,872200,50.33000183105469,49.400001525878906,19.118892669677734
12-12-2001,50.04999923706055,50.09000015258789,1336000,50.630001068115234,50.310001373291016,19.471084594726562
13-12-2001,50.099998474121094,50.099998474121094,606900,50.900001525878906,50.189998626708984,19.42464256286621
14-12-2001,49.90999984741211,50.0,568700,50.79999923706055,50.650001525878906,19.60267448425293
17-12-2001,49.130001068115234,49.20000076293945,1132500,49.56999969482422,49.349998474121094,19.099536895751953
18-12-2001,48.68000030517578,48.75,874700,50.04999923706055,49.869998931884766,19.300790786743164
19-12-2001,49.599998474121094,49.650001525878906,464000,50.310001373291016,50.22999954223633,19.440126419067383
20-12-2001,48.869998931884766,49.130001068115234,793700,49.380001068115234,48.95000076293945,18.94473648071289
21-12-2001,49.36000061035156,49.45000076293945,659700,50.25,49.93000030517578,19.324016571044922
24-12-2001,49.25,49.5,210200,49.900001525878906,49.84000015258789,19.2891902923584
26-12-2001,49.22999954223633,49.7400016784668,273600,49.7400016784668,49.68000030517578,19.227262496948242
27-12-2001,49.29999923706055,49.400001525878906,399700,49.709999084472656,49.400001525878906,19.118892669677734
28-12-2001,49.70000076293945,49.7599983215332,444800,50.099998474121094,49.939998626708984,19.3278865814209
31-12-2001,49.459999084472656,49.689998626708984,448200,49.939998626708984,49.81999969482422,19.281448364257812
02-01-2002,49.119998931884766,49.79999923706055,566100,49.849998474121094,49.849998474121094,19.293048858642578
03-01-2002,49.93000030517578,49.939998626708984,964300,50.970001220703125,50.209999084472656,19.432374954223633
04-01-2002,49.720001220703125,50.5,755900,50.650001525878906,49.91999816894531,19.32015037536621
07-01-2002,48.86000061035156,49.02000045776367,615800,49.599998474121094,49.16999816894531,19.029876708984375
08-01-2002,48.540000915527344,49.40999984741211,675600,49.66999816894531,49.16999816894531,19.029876708984375
09-01-2002,49.15999984741211,49.349998474121094,931000,49.91999816894531,49.310001373291016,19.08406639099121
10-01-2002,49.93000030517578,50.11000061035156,819700,50.54999923706055,50.369998931884766,19.49431037902832
11-01-2002,49.650001525878906,50.29999923706055,795900,50.29999923706055,49.849998474121094,19.293048858642578
14-01-2002,49.0,49.540000915527344,817700,49.79999923706055,49.189998626708984,19.03761863708496
15-01-2002,49.060001373291016,49.209999084472656,550700,49.540000915527344,49.29999923706055,19.08018684387207
16-01-2002,48.5099983215332,48.79999923706055,674600,49.869998931884766,48.5099983215332,18.774442672729492
17-01-2002,47.02000045776367,48.58000183105469,3244900,48.709999084472656,47.5,18.38355827331543
18-01-2002,48.099998474121094,48.20000076293945,1242300,48.869998931884766,48.61000061035156,18.81315040588379
22-01-2002,49.400001525878906,49.70000076293945,1265400,49.939998626708984,49.459999084472656,19.142105102539062
23-01-2002,50.04999923706055,50.11000061035156,1412100,50.869998931884766,50.869998931884766,19.687822341918945
24-01-2002,49.790000915527344,50.189998626708984,1119200,50.47999954223633,49.91999816894531,19.32015037536621
25-01-2002,47.95000076293945,48.0,1328000,48.63999938964844,48.439998626708984,18.747350692749023
28-01-2002,47.90999984741211,48.31999969482422,609900,48.5,48.18000030517578,18.646724700927734
29-01-2002,47.58000183105469,48.33000183105469,448500,48.630001068115234,47.75,18.48030662536621
30-01-2002,47.22999954223633,47.54999923706055,764700,48.09000015258789,48.06999969482422,18.604148864746094
31-01-2002,47.5,47.84000015258789,427400,48.25,48.220001220703125,18.662206649780273
01-02-2002,46.900001525878906,47.61000061035156,718100,47.61000061035156,47.5,18.38355827331543
04-02-2002,47.95000076293945,48.2599983215332,955200,48.369998931884766,48.11000061035156,18.619638442993164
05-02-2002,47.13999938964844,47.45000076293945,564400,47.970001220703125,47.689998626708984,18.45708465576172
06-02-2002,47.349998474121094,47.869998931884766,858400,48.029998779296875,47.5,18.38355827331543
07-02-2002,47.310001373291016,47.31999969482422,541700,47.75,47.5,18.38355827331543
08-02-2002,47.54999923706055,47.79999923706055,612500,48.209999084472656,48.099998474121094,18.615766525268555
11-02-2002,48.400001525878906,48.41999816894531,620600,49.08000183105469,49.02000045776367,18.971832275390625
12-02-2002,49.720001220703125,50.0,902600,50.189998626708984,49.91999816894531,19.32015037536621
13-02-2002,49.5,49.79999923706055,1060200,50.150001525878906,49.709999084472656,19.238866806030273
14-02-2002,50.04999923706055,50.95000076293945,1305000,51.06999969482422,50.04999923706055,19.370460510253906
15-02-2002,49.97999954223633,50.70000076293945,911200,50.70000076293945,50.150001525878906,19.409160614013672
19-02-2002,49.70000076293945,49.959999084472656,554300,50.38999938964844,50.099998474121094,19.389814376831055
20-02-2002,49.5099983215332,50.459999084472656,613800,50.459999084472656,50.209999084472656,19.71372413635254
21-02-2002,49.779998779296875,49.869998931884766,499400,50.310001373291016,49.810001373291016,19.55668067932129
22-02-2002,49.5099983215332,49.68000030517578,370800,50.0,49.970001220703125,19.6195011138916
25-02-2002,49.470001220703125,49.560001373291016,637000,50.15999984741211,49.900001525878906,19.592012405395508
26-02-2002,49.290000915527344,49.650001525878906,279400,49.72999954223633,49.650001525878906,19.493854522705078
27-02-2002,49.529998779296875,49.56999969482422,483400,50.040000915527344,49.650001525878906,19.493854522705078
28-02-2002,48.7599983215332,49.09000015258789,852100,49.470001220703125,48.95000076293945,19.219011306762695
01-03-2002,48.36000061035156,48.5,1095200,50.22999954223633,50.22999954223633,19.72158432006836
04-03-2002,48.5099983215332,48.650001525878906,1024200,49.61000061035156,49.27000045776367,19.344661712646484
05-03-2002,48.29999923706055,48.470001220703125,697000,48.650001525878906,48.380001068115234,18.99521827697754
06-03-2002,47.70000076293945,47.79999923706055,1626000,48.060001373291016,47.95000076293945,18.826387405395508
07-03-2002,47.810001373291016,48.45000076293945,1060100,48.58000183105469,47.959999084472656,18.830320358276367
08-03-2002,48.52000045776367,48.849998474121094,1044400,49.0,48.72999954223633,19.13264274597168
11-03-2002,48.5099983215332,48.880001068115234,801400,49.06999969482422,48.650001525878906,19.101232528686523
12-03-2002,48.08000183105469,48.150001525878906,527700,48.86000061035156,48.66999816894531,19.109081268310547
13-03-2002,48.38999938964844,48.38999938964844,636100,49.13999938964844,48.810001373291016,19.164052963256836
14-03-2002,47.7400016784668,47.83000183105469,1103200,48.369998931884766,48.27000045776367,18.9520320892334
15-03-2002,47.400001525878906,47.54999923706055,1232100,47.75,47.619998931884766,18.696828842163086
18-03-2002,47.40999984741211,47.58000183105469,782000,47.97999954223633,47.810001373291016,18.771427154541016
19-03-2002,47.790000915527344,48.220001220703125,744900,48.380001068115234,47.959999084472656,18.830320358276367
20-03-2002,46.97999954223633,47.5099983215332,849900,47.720001220703125,47.119998931884766,18.50050926208496
21-03-2002,46.849998474121094,47.119998931884766,891700,47.400001525878906,47.349998474121094,18.5908145904541
22-03-2002,46.9900016784668,47.029998779296875,381900,47.29999923706055,47.11000061035156,18.49658966064453
25-03-2002,46.400001525878906,47.130001068115234,852800,47.38999938964844,46.56999969482422,18.28457260131836
26-03-2002,46.209999084472656,46.7400016784668,709300,46.97999954223633,46.4900016784668,18.253162384033203
27-03-2002,45.709999084472656,46.709999084472656,545700,46.75,46.38999938964844,18.213899612426758
28-03-2002,46.63999938964844,46.88999938964844,669600,47.189998626708984,47.0,18.453393936157227
01-04-2002,46.75,47.0,850700,47.5099983215332,47.400001525878906,18.61045265197754
02-04-2002,47.0,47.63999938964844,1071900,47.70000076293945,47.06999969482422,18.480886459350586
03-04-2002,45.79999923706055,46.66999816894531,987500,46.790000915527344,46.16999816894531,18.127517700195312
04-04-2002,45.5,45.869998931884766,952800,45.95000076293945,45.689998626708984,17.93905258178711
05-04-2002,46.459999084472656,46.869998931884766,1181100,47.150001525878906,46.52000045776367,18.264936447143555
08-04-2002,46.15999984741211,46.529998779296875,679800,46.90999984741211,46.5099983215332,18.26101303100586
09-04-2002,46.18000030517578,46.5,732400,46.70000076293945,46.29999923706055,18.178558349609375
10-04-2002,47.0099983215332,47.0099983215332,736000,47.45000076293945,47.439998626708984,18.626150131225586
11-04-2002,46.119998931884766,46.939998626708984,616700,47.04999923706055,46.119998931884766,18.107885360717773
12-04-2002,46.20000076293945,46.27000045776367,417400,46.459999084472656,46.2599983215332,18.162851333618164
15-04-2002,46.31999969482422,46.68000030517578,661300,47.02000045776367,46.720001220703125,18.343467712402344
16-04-2002,46.34000015258789,46.5,995900,46.97999954223633,46.83000183105469,18.38665008544922
17-04-2002,46.709999084472656,46.7400016784668,870200,47.20000076293945,46.93000030517578,18.425918579101562
18-04-2002,47.2599983215332,47.599998474121094,1428200,47.7599983215332,47.650001525878906,18.708608627319336
19-04-2002,47.0099983215332,47.25,646500,47.47999954223633,47.20000076293945,18.531917572021484
22-04-2002,46.720001220703125,46.849998474121094,917800,47.150001525878906,47.150001525878906,18.51229476928711
23-04-2002,47.0099983215332,47.40999984741211,1045600,47.7400016784668,47.099998474121094,18.492664337158203
24-04-2002,48.11000061035156,48.779998779296875,2122000,48.79999923706055,48.31999969482422,18.97166633605957
25-04-2002,48.400001525878906,48.5,1184400,49.290000915527344,49.18000030517578,19.309328079223633
26-04-2002,48.70000076293945,49.95000076293945,1059700,49.97999954223633,48.90999984741211,19.203323364257812
29-04-2002,48.5,48.90999984741211,787000,49.130001068115234,48.540000915527344,19.058032989501953
30-04-2002,48.0,48.33000183105469,1919400,48.41999816894531,48.04999923706055,18.86564826965332
01-05-2002,47.63999938964844,48.0,709500,48.290000915527344,48.2599983215332,19.169523239135742
02-05-2002,47.65999984741211,48.0,575600,48.33000183105469,47.75,18.966938018798828
03-05-2002,47.349998474121094,48.060001373291016,664000,48.130001068115234,47.560001373291016,18.891475677490234
06-05-2002,47.029998779296875,47.349998474121094,645200,47.75,47.369998931884766,18.81599998474121
07-05-2002,46.970001220703125,47.27000045776367,612600,47.369998931884766,47.25,18.768335342407227
08-05-2002,47.54999923706055,47.849998474121094,649300,48.04999923706055,48.040000915527344,19.082134246826172
09-05-2002,47.400001525878906,47.75,596100,47.95000076293945,47.56999969482422,18.895442962646484
10-05-2002,47.279998779296875,48.04999923706055,433600,48.04999923706055,47.369998931884766,18.81599998474121
13-05-2002,47.72999954223633,47.939998626708984,611100,48.2400016784668,48.119998931884766,19.113910675048828
14-05-2002,47.41999816894531,48.0,599900,48.11000061035156,47.939998626708984,19.042409896850586
15-05-2002,47.95000076293945,48.20000076293945,690400,48.47999954223633,48.099998474121094,19.10596466064453
16-05-2002,47.529998779296875,47.84000015258789,1100400,47.95000076293945,47.66999816894531,18.93516731262207
17-05-2002,47.15999984741211,47.400001525878906,1013100,47.70000076293945,47.70000076293945,18.94708824157715
20-05-2002,47.369998931884766,47.47999954223633,808600,48.0,47.540000915527344,18.883527755737305
21-05-2002,47.2599983215332,47.59000015258789,754400,47.70000076293945,47.36000061035156,18.812028884887695
22-05-2002,47.43000030517578,47.65999984741211,535300,47.970001220703125,47.95000076293945,19.046384811401367
23-05-2002,45.79999923706055,46.970001220703125,1679900,47.0,46.38999938964844,18.426733016967773
24-05-2002,42.20000076293945,43.25,4526100,43.790000915527344,42.540000915527344,16.897462844848633
28-05-2002,42.970001220703125,43.04999923706055,1892100,43.45000076293945,43.209999084472656,17.163597106933594
29-05-2002,43.36000061035156,43.599998474121094,1201900,43.869998931884766,43.529998779296875,17.29069709777832
30-05-2002,41.83000183105469,42.2599983215332,1526400,42.40999984741211,42.060001373291016,16.70679473876953
31-05-2002,40.47999954223633,40.599998474121094,2023500,41.349998474121094,40.75,16.18644905090332
03-06-2002,40.70000076293945,40.7400016784668,941600,41.599998474121094,40.79999923706055,16.20630645751953
04-06-2002,40.099998474121094,40.79999923706055,1397200,40.849998474121094,40.720001220703125,16.17453384399414
05-06-2002,39.560001373291016,39.75,1100200,39.9900016784668,39.93000030517578,15.860726356506348
06-06-2002,38.29999923706055,39.150001525878906,1392100,39.15999984741211,38.540000915527344,15.308605194091797
07-06-2002,38.63999938964844,38.720001220703125,1332200,39.97999954223633,39.45000076293945,15.670072555541992
10-06-2002,40.70000076293945,41.0,1808200,41.54999923706055,41.0099983215332,16.289718627929688
11-06-2002,39.119998931884766,40.349998474121094,1758900,40.349998474121094,39.119998931884766,15.538997650146484
12-06-2002,39.119998931884766,39.2599983215332,1983700,40.150001525878906,39.599998474121094,15.729656219482422
13-06-2002,39.189998626708984,40.310001373291016,1106000,40.400001525878906,39.310001373291016,15.614463806152344
14-06-2002,38.79999923706055,39.04999923706055,1356500,39.38999938964844,39.29999923706055,15.610489845275879
17-06-2002,40.369998931884766,40.45000076293945,1129200,41.400001525878906,41.36000061035156,16.42875099182129
18-06-2002,41.0,41.11000061035156,1558900,41.4900016784668,41.209999084472656,16.369163513183594
19-06-2002,40.560001373291016,40.63999938964844,814100,41.279998779296875,40.90999984741211,16.25000762939453
20-06-2002,40.849998474121094,41.77000045776367,981300,41.95000076293945,40.849998474121094,16.226167678833008
21-06-2002,40.70000076293945,41.630001068115234,1246500,41.88999938964844,41.099998474121094,16.325469970703125
24-06-2002,40.25,41.20000076293945,965100,41.4900016784668,41.0,16.28575325012207
25-06-2002,40.79999923706055,41.09000015258789,813500,41.400001525878906,40.79999923706055,16.20630645751953
26-06-2002,40.79999923706055,40.79999923706055,1059000,41.79999923706055,41.70000076293945,16.563800811767578
27-06-2002,42.099998474121094,42.7400016784668,1730600,43.20000076293945,43.189998626708984,17.155643463134766
28-06-2002,42.86000061035156,42.900001525878906,937100,43.310001373291016,43.13999938964844,17.13578224182129
01-07-2002,42.119998931884766,43.0,868200,43.09000015258789,42.380001068115234,16.83390998840332
02-07-2002,40.79999923706055,41.849998474121094,1117100,42.18000030517578,41.040000915527344,16.301645278930664
03-07-2002,39.75,40.459999084472656,1310200,40.709999084472656,40.369998931884766,16.035505294799805
05-07-2002,40.29999923706055,40.31999969482422,632300,41.2400016784668,41.20000076293945,16.36520004272461
08-07-2002,40.40999984741211,40.79999923706055,815800,41.5,41.2400016784668,16.381084442138672
09-07-2002,40.52000045776367,41.18000030517578,921500,41.5,40.560001373291016,16.110977172851562
10-07-2002,38.41999816894531,40.54999923706055,812600,40.599998474121094,38.54999923706055,15.312580108642578
11-07-2002,36.5,37.29999923706055,2107900,38.79999923706055,38.79999923706055,15.411883354187012
12-07-2002,37.31999969482422,38.08000183105469,1144000,38.59000015258789,38.150001525878906,15.153688430786133
15-07-2002,35.16999816894531,37.349998474121094,2991600,37.349998474121094,36.650001525878906,14.557868957519531
16-07-2002,34.2599983215332,36.29999923706055,2242200,36.45000076293945,35.90999984741211,14.263935089111328
17-07-2002,35.560001373291016,35.599998474121094,1494800,37.0099983215332,36.54999923706055,14.518156051635742
18-07-2002,36.900001525878906,36.95000076293945,1787200,37.9900016784668,36.91999816894531,14.665122032165527
19-07-2002,34.5,35.70000076293945,1320000,36.47999954223633,34.79999923706055,13.823028564453125
22-07-2002,33.349998474121094,34.900001525878906,1030300,35.599998474121094,34.02000045776367,13.513204574584961
23-07-2002,31.899999618530273,32.63999938964844,1095200,33.25,32.86000061035156,13.052435874938965
24-07-2002,31.350000381469727,31.600000381469727,1145500,35.0,34.54999923706055,13.723726272583008
25-07-2002,33.25,33.599998474121094,1307500,36.27000045776367,35.61000061035156,14.14477252960205
26-07-2002,36.5099983215332,36.900001525878906,1630800,37.599998474121094,37.439998626708984,14.87166976928711
29-07-2002,38.58000183105469,38.7599983215332,1519200,39.540000915527344,39.5,15.68993091583252
30-07-2002,38.13999938964844,38.279998779296875,1379600,39.75,39.54999923706055,15.709794998168945
31-07-2002,37.84000015258789,38.720001220703125,1358400,39.5,39.5,15.81429386138916
01-08-2002,37.290000915527344,38.7599983215332,1935000,38.83000183105469,37.40999984741211,14.977523803710938
02-08-2002,38.4900016784668,38.810001373291016,1131900,39.290000915527344,39.0,15.614106178283691
05-08-2002,37.5,39.25,1576700,39.29999923706055,37.52000045776367,15.021574974060059
06-08-2002,37.54999923706055,37.709999084472656,1752500,39.70000076293945,38.25,15.313837051391602
07-08-2002,38.560001373291016,39.0,1185600,39.599998474121094,39.5099983215332,15.81829833984375
08-08-2002,40.36000061035156,40.369998931884766,1479500,41.86000061035156,41.86000061035156,16.759138107299805
09-08-2002,40.31999969482422,40.63999938964844,1010200,42.029998779296875,41.45000076293945,16.594995498657227
12-08-2002,40.869998931884766,41.09000015258789,780900,41.4900016784668,41.15999984741211,16.4788875579834
13-08-2002,39.97999954223633,40.02000045776367,1052200,41.29999923706055,40.5,16.21465301513672
14-08-2002,39.599998474121094,40.099998474121094,1805200,41.25,41.130001068115234,16.466873168945312
15-08-2002,40.40999984741211,41.150001525878906,1041000,41.369998931884766,40.66999816894531,16.282697677612305
16-08-2002,40.70000076293945,40.900001525878906,1026900,41.20000076293945,40.880001068115234,16.366783142089844
19-08-2002,41.279998779296875,41.400001525878906,1024700,42.09000015258789,42.0,16.815189361572266
20-08-2002,40.40999984741211,40.75,758300,41.0,40.59000015258789,16.25068473815918
21-08-2002,40.06999969482422,40.65999984741211,618400,41.13999938964844,41.09000015258789,16.450864791870117
22-08-2002,40.09000015258789,40.5,1219400,41.060001373291016,40.88999938964844,16.37078857421875
23-08-2002,40.04999923706055,40.5,851800,40.7599983215332,40.130001068115234,16.066516876220703
26-08-2002,39.54999923706055,40.0,546600,40.400001525878906,40.2599983215332,16.118558883666992
27-08-2002,39.619998931884766,40.060001373291016,1153300,40.5,39.88999938964844,15.970428466796875
28-08-2002,38.27000045776367,39.220001220703125,709500,39.29999923706055,38.810001373291016,15.538040161132812
29-08-2002,37.349998474121094,37.5099983215332,1069100,38.86000061035156,38.650001525878906,15.473980903625488
30-08-2002,37.630001068115234,38.029998779296875,930100,38.20000076293945,37.88999938964844,15.16970157623291
03-09-2002,35.849998474121094,36.599998474121094,1583300,36.79999923706055,36.34000015258789,14.549141883850098
04-09-2002,36.7599983215332,36.7599983215332,858300,37.849998474121094,37.72999954223633,15.105644226074219
05-09-2002,36.29999923706055,36.45000076293945,906000,37.47999954223633,37.130001068115234,14.86542797088623
06-09-2002,37.439998626708984,38.5,602500,38.5,37.45000076293945,14.99355411529541
09-09-2002,37.06999969482422,37.189998626708984,768700,38.310001373291016,38.09000015258789,15.249781608581543
10-09-2002,38.369998931884766,38.77000045776367,988800,38.900001525878906,38.68000030517578,15.48599624633789
11-09-2002,39.16999816894531,39.599998474121094,580900,39.790000915527344,39.220001220703125,15.702194213867188
12-09-2002,38.20000076293945,38.77000045776367,806700,38.83000183105469,38.2599983215332,15.317837715148926
13-09-2002,37.08000183105469,37.29999923706055,812200,38.20000076293945,38.0,15.213741302490234
16-09-2002,37.43000030517578,37.650001525878906,430100,38.16999816894531,38.0,15.213741302490234
17-09-2002,37.470001220703125,38.369998931884766,979900,38.5,37.470001220703125,15.001555442810059
18-09-2002,37.04999923706055,37.09000015258789,723900,37.79999923706055,37.56999969482422,15.041587829589844
19-09-2002,35.13999938964844,35.79999923706055,2232300,35.95000076293945,35.18000030517578,14.084724426269531
20-09-2002,36.220001220703125,36.810001373291016,1403700,36.959999084472656,36.45000076293945,14.593188285827637
23-09-2002,35.2599983215332,35.65999984741211,822600,36.36000061035156,35.560001373291016,14.236862182617188
24-09-2002,34.79999923706055,34.91999816894531,702100,35.90999984741211,35.5099983215332,14.216839790344238
25-09-2002,35.84000015258789,36.349998474121094,862800,36.959999084472656,36.849998474121094,14.75332260131836
26-09-2002,37.91999816894531,38.08000183105469,1479400,38.689998626708984,38.529998779296875,15.425933837890625
27-09-2002,38.68000030517578,38.959999084472656,1811700,39.9900016784668,38.86000061035156,15.558052062988281
30-09-2002,37.77000045776367,38.470001220703125,940800,38.7400016784668,38.43000030517578,15.385896682739258
01-10-2002,39.040000915527344,39.400001525878906,1510900,40.630001068115234,40.4900016784668,16.210643768310547
02-10-2002,40.93000030517578,41.099998474121094,1518900,41.630001068115234,41.0099983215332,16.418838500976562
03-10-2002,41.40999984741211,41.970001220703125,1474700,42.95000076293945,41.619998931884766,16.663053512573242
04-10-2002,40.29999923706055,40.959999084472656,1069000,41.150001525878906,40.650001525878906,16.27469825744629
07-10-2002,39.41999816894531,39.630001068115234,748600,40.400001525878906,39.689998626708984,15.890353202819824
08-10-2002,39.22999954223633,40.119998931884766,1689400,40.15999984741211,40.099998474121094,16.054502487182617
09-10-2002,39.34000015258789,39.400001525878906,1091200,40.18000030517578,39.5,15.81429386138916
10-10-2002,38.38999938964844,38.599998474121094,1141600,40.45000076293945,40.209999084472656,16.098548889160156
11-10-2002,39.83000183105469,40.58000183105469,801600,41.20000076293945,41.08000183105469,16.446863174438477
14-10-2002,41.15999984741211,41.15999984741211,871200,41.869998931884766,41.75,16.715099334716797
15-10-2002,42.0,42.06999969482422,1142800,42.9900016784668,42.959999084472656,17.199539184570312
16-10-2002,41.880001068115234,42.029998779296875,1027900,42.400001525878906,41.97999954223633,16.807186126708984
17-10-2002,42.400001525878906,42.97999954223633,658200,43.150001525878906,43.09000015258789,17.2515926361084
18-10-2002,41.54999923706055,42.16999816894531,1147900,42.4900016784668,41.97999954223633,16.807186126708984
21-10-2002,40.75,41.130001068115234,879400,41.880001068115234,41.81999969482422,16.743125915527344
22-10-2002,40.54999923706055,41.81999969482422,833700,41.970001220703125,41.34000015258789,16.550954818725586
23-10-2002,38.54999923706055,39.52000045776367,1927500,39.779998779296875,39.27000045776367,15.722208976745605
24-10-2002,37.58000183105469,37.95000076293945,1371600,38.41999816894531,38.0,15.213741302490234
25-10-2002,37.91999816894531,38.209999084472656,769800,39.099998474121094,38.77000045776367,15.522026062011719
28-10-2002,38.20000076293945,38.900001525878906,740800,39.5099983215332,38.5,15.413931846618652
29-10-2002,37.709999084472656,38.900001525878906,760600,39.13999938964844,38.5,15.413931846618652
30-10-2002,37.400001525878906,37.939998626708984,706000,37.970001220703125,37.68000030517578,15.207286834716797
31-10-2002,37.560001373291016,38.119998931884766,702300,38.27000045776367,37.689998626708984,15.211326599121094
01-11-2002,37.150001525878906,37.689998626708984,754300,37.720001220703125,37.650001525878906,15.19517993927002
04-11-2002,37.689998626708984,37.88999938964844,651200,38.380001068115234,38.0,15.33643627166748
05-11-2002,37.689998626708984,37.790000915527344,668200,38.849998474121094,38.599998474121094,15.57858943939209
06-11-2002,39.0,39.31999969482422,857700,39.81999969482422,39.70000076293945,16.022541046142578
07-11-2002,39.599998474121094,39.709999084472656,962600,40.4900016784668,39.65999984741211,16.006399154663086
08-11-2002,39.58000183105469,39.849998474121094,840000,40.04999923706055,39.75,16.042715072631836
11-11-2002,39.0099983215332,39.189998626708984,658700,39.54999923706055,39.119998931884766,15.78845500946045
12-11-2002,39.29999923706055,39.75,498100,40.0,39.29999923706055,15.861109733581543
13-11-2002,39.0,39.599998474121094,1359400,40.0,39.41999816894531,15.90953254699707
14-11-2002,39.0099983215332,39.43000030517578,686600,39.75,39.689998626708984,16.01850700378418
15-11-2002,39.11000061035156,39.189998626708984,630500,39.95000076293945,39.81999969482422,16.07097053527832
18-11-2002,38.689998626708984,39.08000183105469,647300,39.25,38.689998626708984,15.614921569824219
19-11-2002,39.150001525878906,39.189998626708984,819600,39.75,39.5099983215332,15.945856094360352
20-11-2002,39.0,39.209999084472656,741100,39.59000015258789,39.459999084472656,15.925681114196777
21-11-2002,39.66999816894531,39.81999969482422,471600,40.0,39.970001220703125,16.131519317626953
22-11-2002,39.0,39.529998779296875,731600,39.959999084472656,39.56999969482422,15.970067024230957
25-11-2002,38.900001525878906,39.25,1434800,39.58000183105469,39.439998626708984,15.917614936828613
26-11-2002,37.9900016784668,39.0,957200,39.06999969482422,38.08000183105469,15.36872673034668
27-11-2002,38.38999938964844,38.43000030517578,732000,38.88999938964844,38.400001525878906,15.497876167297363
29-11-2002,37.5,37.59000015258789,845800,38.0,38.0,15.33643627166748
02-12-2002,37.18000030517578,38.0099983215332,1412200,38.0099983215332,37.45000076293945,15.11446475982666
03-12-2002,36.970001220703125,37.560001373291016,1105300,37.689998626708984,37.25,15.033744812011719
04-12-2002,36.880001068115234,37.029998779296875,1323900,37.59000015258789,37.439998626708984,15.11042594909668
05-12-2002,36.52000045776367,37.84000015258789,1258200,37.84000015258789,36.84000015258789,14.868270874023438
06-12-2002,36.4900016784668,36.5099983215332,1109100,37.0,36.849998474121094,14.872302055358887
09-12-2002,36.599998474121094,37.0099983215332,1437000,37.150001525878906,36.599998474121094,14.771408081054688
10-12-2002,37.15999984741211,37.58000183105469,858500,38.0,37.43000030517578,15.106388092041016
11-12-2002,37.279998779296875,37.279998779296875,855200,38.22999954223633,37.70000076293945,15.21535587310791
12-12-2002,37.20000076293945,37.709999084472656,629100,37.959999084472656,37.2400016784668,15.029706001281738
13-12-2002,36.16999816894531,36.58000183105469,823600,37.130001068115234,36.75,14.831944465637207
16-12-2002,36.88999938964844,36.88999938964844,826100,38.0,37.79999923706055,15.255720138549805
17-12-2002,36.709999084472656,37.25,944500,37.400001525878906,36.90999984741211,14.896525382995605
18-12-2002,36.5,37.04999923706055,770100,37.22999954223633,36.560001373291016,14.755268096923828
19-12-2002,35.63999938964844,35.90999984741211,1073300,36.13999938964844,36.099998474121094,14.569619178771973
20-12-2002,35.95000076293945,36.18000030517578,788400,36.790000915527344,36.7400016784668,14.82791519165039
23-12-2002,36.099998474121094,36.349998474121094,940400,36.689998626708984,36.650001525878906,14.791584014892578
24-12-2002,36.56999969482422,36.599998474121094,375400,37.220001220703125,36.88999938964844,14.888455390930176
26-12-2002,36.54999923706055,36.790000915527344,438400,36.9900016784668,36.599998474121094,14.771408081054688
27-12-2002,35.900001525878906,36.439998626708984,595700,36.540000915527344,35.91999816894531,14.496970176696777
30-12-2002,36.470001220703125,36.810001373291016,929400,36.900001525878906,36.810001373291016,14.856163024902344
31-12-2002,37.16999816894531,37.9900016784668,1500900,38.0,37.459999084472656,15.11849594116211
02-01-2003,37.54999923706055,37.56999969482422,1033400,38.66999816894531,38.5099983215332,15.542264938354492
03-01-2003,38.400001525878906,38.599998474121094,672000,39.099998474121094,38.83000183105469,15.671422004699707
06-01-2003,38.150001525878906,38.279998779296875,1130000,38.9900016784668,38.900001525878906,15.699673652648926
07-01-2003,38.11000061035156,38.2400016784668,2001500,38.959999084472656,38.5099983215332,15.542264938354492
08-01-2003,39.29999923706055,39.33000183105469,1646100,39.84000015258789,39.380001068115234,15.893392562866211
09-01-2003,39.38999938964844,39.38999938964844,1082900,39.880001068115234,39.72999954223633,16.034645080566406
10-01-2003,39.72999954223633,39.72999954223633,981900,40.130001068115234,39.93000030517578,16.115365982055664
13-01-2003,39.33000183105469,39.689998626708984,1006400,39.72999954223633,39.61000061035156,15.986224174499512
14-01-2003,39.54999923706055,39.65999984741211,1014000,39.79999923706055,39.70000076293945,16.022541046142578
15-01-2003,39.20000076293945,39.77000045776367,841100,39.79999923706055,39.209999084472656,15.824779510498047
16-01-2003,38.56999969482422,38.83000183105469,1226900,38.970001220703125,38.70000076293945,15.618945121765137
17-01-2003,38.36000061035156,38.380001068115234,1026200,38.91999816894531,38.38999938964844,15.493836402893066
21-01-2003,37.349998474121094,37.79999923706055,1296600,38.060001373291016,37.7599983215332,15.239583969116211
22-01-2003,36.869998931884766,37.18000030517578,2067400,37.349998474121094,37.11000061035156,14.97724723815918
23-01-2003,36.54999923706055,37.599998474121094,3017000,37.66999816894531,36.650001525878906,14.791584014892578
24-01-2003,35.209999084472656,36.08000183105469,1601100,36.65999984741211,35.27000045776367,14.234633445739746
27-01-2003,34.04999923706055,34.560001373291016,1625500,35.45000076293945,34.439998626708984,13.899653434753418
28-01-2003,34.29999923706055,34.86000061035156,2412700,35.52000045776367,35.29999923706055,14.246743202209473
29-01-2003,35.459999084472656,35.619998931884766,1506900,36.95000076293945,36.84000015258789,14.868270874023438
30-01-2003,36.29999923706055,37.099998474121094,1174400,37.41999816894531,36.29999923706055,14.650327682495117
31-01-2003,37.599998474121094,37.599998474121094,2419300,39.0,38.7599983215332,15.64316463470459
03-02-2003,38.150001525878906,38.34000015258789,1114200,38.790000915527344,38.52000045776367,15.546302795410156
04-02-2003,37.2400016784668,37.75,824700,37.88999938964844,37.459999084472656,15.11849594116211
05-02-2003,36.630001068115234,37.099998474121094,954300,38.0099983215332,37.220001220703125,15.021635055541992
06-02-2003,36.150001525878906,36.36000061035156,782700,37.040000915527344,36.65999984741211,14.795623779296875
07-02-2003,35.400001525878906,36.20000076293945,717000,36.20000076293945,35.95000076293945,14.509079933166504
10-02-2003,35.41999816894531,35.88999938964844,950900,36.4900016784668,36.45000076293945,14.710869789123535
11-02-2003,36.11000061035156,36.5,555100,36.88999938964844,36.29999923706055,14.650327682495117
12-02-2003,35.7599983215332,36.459999084472656,1157600,36.91999816894531,35.86000061035156,14.47275161743164
13-02-2003,35.41999816894531,36.0,1247800,36.099998474121094,35.849998474121094,14.468714714050293
14-02-2003,35.79999923706055,36.13999938964844,997500,36.970001220703125,36.380001068115234,14.682621955871582
18-02-2003,36.61000061035156,36.61000061035156,1101900,38.0,37.58000183105469,15.166929244995117
19-02-2003,36.130001068115234,37.59000015258789,702800,37.59000015258789,36.560001373291016,14.94013500213623
20-02-2003,36.40999984741211,37.029998779296875,384900,37.150001525878906,36.43000030517578,14.887007713317871
21-02-2003,36.189998626708984,36.61000061035156,491400,37.220001220703125,36.93000030517578,15.091331481933594
24-02-2003,35.650001525878906,36.189998626708984,874500,36.33000183105469,35.720001220703125,14.596866607666016
25-02-2003,34.65999984741211,35.06999969482422,920800,35.599998474121094,35.5,14.506965637207031
26-02-2003,34.79999923706055,34.900001525878906,734100,35.43000030517578,34.959999084472656,14.286297798156738
27-02-2003,33.880001068115234,34.5,995900,35.13999938964844,34.7599983215332,14.20456600189209
28-02-2003,34.70000076293945,34.7599983215332,694200,35.279998779296875,35.04999923706055,14.323073387145996
03-03-2003,35.099998474121094,35.959999084472656,845500,36.15999984741211,35.27000045776367,14.41297435760498
04-03-2003,34.119998931884766,34.619998931884766,1220600,34.81999969482422,34.150001525878906,13.955293655395508
05-03-2003,34.040000915527344,34.150001525878906,1395800,34.459999084472656,34.15999984741211,13.959383010864258
06-03-2003,33.79999923706055,33.79999923706055,851400,34.540000915527344,34.189998626708984,13.971643447875977
07-03-2003,33.88999938964844,33.900001525878906,805800,34.52000045776367,34.18000030517578,13.967554092407227
10-03-2003,33.36000061035156,33.65999984741211,972100,33.95000076293945,33.459999084472656,13.673324584960938
11-03-2003,33.09000015258789,33.2400016784668,655100,33.900001525878906,33.310001373291016,13.612028121948242
12-03-2003,31.850000381469727,32.47999954223633,1209000,32.869998931884766,32.75,13.383188247680664
13-03-2003,33.7599983215332,33.84000015258789,1387700,34.959999084472656,34.880001068115234,14.253605842590332
14-03-2003,35.09000015258789,35.369998931884766,1469400,35.83000183105469,35.58000183105469,14.539657592773438
17-03-2003,34.45000076293945,34.59000015258789,1263200,37.189998626708984,36.310001373291016,14.837973594665527
18-03-2003,36.040000915527344,36.4900016784668,906600,36.79999923706055,36.38999938964844,14.870656967163086
19-03-2003,36.599998474121094,37.209999084472656,947900,37.41999816894531,37.09000015258789,15.15671157836914
20-03-2003,35.59000015258789,35.939998626708984,1165300,36.7599983215332,36.52000045776367,14.92378044128418
21-03-2003,37.02000045776367,37.349998474121094,1010000,37.90999984741211,37.650001525878906,15.385552406311035
24-03-2003,36.36000061035156,36.900001525878906,864100,37.2599983215332,36.36000061035156,14.8583984375
25-03-2003,36.25,36.36000061035156,972400,37.619998931884766,37.15999984741211,15.185315132141113
26-03-2003,36.70000076293945,36.959999084472656,647900,37.20000076293945,36.959999084472656,15.103585243225098
27-03-2003,36.41999816894531,36.75,905600,37.18000030517578,36.86000061035156,15.062726974487305
28-03-2003,35.5,35.779998779296875,1127000,36.119998931884766,36.099998474121094,14.752153396606445
31-03-2003,34.79999923706055,35.45000076293945,889100,35.47999954223633,35.189998626708984,14.380280494689941
01-04-2003,35.400001525878906,35.560001373291016,697200,35.93000030517578,35.849998474121094,14.649992942810059
02-04-2003,36.290000915527344,36.65999984741211,869900,36.84000015258789,36.689998626708984,14.993247985839844
03-04-2003,36.81999969482422,37.099998474121094,642200,37.16999816894531,36.88999938964844,15.074981689453125
04-04-2003,37.099998474121094,37.29999923706055,545000,37.66999816894531,37.38999938964844,15.27931022644043
07-04-2003,37.65999984741211,38.36000061035156,1075600,38.689998626708984,37.75,15.426422119140625
08-04-2003,38.400001525878906,38.41999816894531,1398500,38.75,38.75,15.83506965637207
09-04-2003,38.349998474121094,38.81999969482422,916400,39.08000183105469,38.400001525878906,15.692038536071777
10-04-2003,38.040000915527344,38.849998474121094,1036200,38.869998931884766,38.31999969482422,15.659347534179688
11-04-2003,37.779998779296875,38.95000076293945,993200,39.08000183105469,38.09000015258789,15.565362930297852
14-04-2003,38.63999938964844,38.7599983215332,666600,39.099998474121094,39.099998474121094,15.978096961975098
15-04-2003,38.06999969482422,38.25,1183500,38.959999084472656,38.7400016784668,15.830981254577637
16-04-2003,37.41999816894531,38.04999923706055,981100,38.15999984741211,37.599998474121094,15.365119934082031
17-04-2003,38.029998779296875,38.029998779296875,710900,39.02000045776367,38.84000015258789,15.871843338012695
21-04-2003,38.959999084472656,39.04999923706055,587900,39.400001525878906,39.0099983215332,15.94131851196289
22-04-2003,38.529998779296875,38.54999923706055,872000,39.959999084472656,39.84000015258789,16.280487060546875
23-04-2003,39.93000030517578,39.93000030517578,795300,40.45000076293945,40.29999923706055,16.46846580505371
24-04-2003,39.040000915527344,39.25,1187600,39.689998626708984,39.58000183105469,16.17424964904785
25-04-2003,39.41999816894531,39.41999816894531,911600,39.9900016784668,39.79999923706055,16.26415252685547
28-04-2003,39.599998474121094,39.68000030517578,643700,40.45000076293945,40.38999938964844,16.5052547454834
29-04-2003,39.0,39.880001068115234,1015900,39.88999938964844,39.560001373291016,16.166067123413086
30-04-2003,39.7599983215332,39.7599983215332,1014000,40.75,40.52000045776367,16.55836296081543
01-05-2003,40.86000061035156,40.900001525878906,897800,41.38999938964844,41.119998931884766,16.80356216430664
02-05-2003,41.54999923706055,41.54999923706055,1509700,43.5,43.45000076293945,17.75571060180664
05-05-2003,43.119998931884766,43.52000045776367,1042800,43.869998931884766,43.70000076293945,17.85787010192871
06-05-2003,43.08000183105469,43.08000183105469,979800,43.630001068115234,43.25,17.673974990844727
07-05-2003,41.7599983215332,42.25,923600,42.5,41.900001525878906,17.248727798461914
08-05-2003,40.939998626708984,41.310001373291016,855700,41.33000183105469,41.15999984741211,16.9440975189209
09-05-2003,40.79999923706055,40.83000183105469,634200,41.7599983215332,41.709999084472656,17.170513153076172
12-05-2003,41.709999084472656,41.720001220703125,885000,42.650001525878906,42.650001525878906,17.557476043701172
13-05-2003,41.709999084472656,41.970001220703125,679500,42.18000030517578,42.060001373291016,17.314598083496094
14-05-2003,41.79999923706055,42.380001068115234,584300,42.380001068115234,42.0,17.289897918701172
15-05-2003,42.13999938964844,42.47999954223633,486000,42.63999938964844,42.56999969482422,17.524545669555664
16-05-2003,42.7599983215332,42.7599983215332,736700,43.54999923706055,43.04999923706055,17.72214698791504
19-05-2003,40.79999923706055,42.720001220703125,1420900,42.7400016784668,40.869998931884766,16.824716567993164
20-05-2003,40.5099983215332,40.709999084472656,1180400,41.2400016784668,40.790000915527344,16.791784286499023
21-05-2003,40.2599983215332,40.54999923706055,870300,40.91999816894531,40.70000076293945,16.754737854003906
22-05-2003,40.66999816894531,40.66999816894531,577500,41.65999984741211,41.400001525878906,17.042896270751953
23-05-2003,40.290000915527344,40.650001525878906,488800,40.900001525878906,40.599998474121094,16.71356201171875
27-05-2003,39.900001525878906,40.08000183105469,714900,41.2400016784668,41.09000015258789,16.91527557373047
28-05-2003,40.56999969482422,40.61000061035156,602800,41.20000076293945,41.0,16.878231048583984
29-05-2003,40.52000045776367,41.150001525878906,503900,41.209999084472656,40.790000915527344,16.791784286499023
30-05-2003,39.75,40.540000915527344,898700,40.599998474121094,40.0099983215332,16.470684051513672
02-06-2003,39.709999084472656,39.83000183105469,786800,40.68000030517578,40.02000045776367,16.474803924560547
03-06-2003,40.849998474121094,41.0099983215332,576100,41.189998626708984,41.029998779296875,16.890579223632812
04-06-2003,40.869998931884766,40.90999984741211,541600,41.7400016784668,41.68000030517578,17.158170700073242
05-06-2003,41.0099983215332,41.22999954223633,997200,42.4900016784668,42.29999923706055,17.413389205932617
06-06-2003,41.790000915527344,42.56999969482422,1433800,42.599998474121094,41.900001525878906,17.248727798461914
09-06-2003,41.209999084472656,41.43000030517578,688900,41.79999923706055,41.47999954223633,17.07582664489746
10-06-2003,41.470001220703125,41.810001373291016,402000,42.04999923706055,41.66999816894531,17.15404510498047
11-06-2003,41.52000045776367,41.58000183105469,539400,42.5099983215332,42.5099983215332,17.499845504760742
12-06-2003,41.61000061035156,41.900001525878906,948100,41.959999084472656,41.79999923706055,17.20755386352539
13-06-2003,40.95000076293945,41.58000183105469,682300,41.59000015258789,41.20000076293945,16.960561752319336
16-06-2003,41.790000915527344,41.900001525878906,765000,42.380001068115234,42.31999969482422,17.421627044677734
17-06-2003,42.130001068115234,42.2599983215332,1033100,42.75,42.599998474121094,17.536895751953125
18-06-2003,42.83000183105469,42.9900016784668,1211200,43.59000015258789,43.0,17.701562881469727
19-06-2003,41.68000030517578,43.0,1184500,43.0,41.70000076293945,17.166391372680664
20-06-2003,42.0099983215332,42.5,950400,42.650001525878906,42.209999084472656,17.3763484954834
23-06-2003,41.439998626708984,42.5099983215332,847600,42.5099983215332,41.459999084472656,17.067598342895508
24-06-2003,41.279998779296875,41.65999984741211,476000,41.779998779296875,41.619998931884766,17.13345718383789
25-06-2003,41.38999938964844,41.66999816894531,612400,42.150001525878906,41.38999938964844,17.038782119750977
26-06-2003,40.63999938964844,40.97999954223633,933500,41.380001068115234,41.349998474121094,17.022315979003906
27-06-2003,40.650001525878906,41.349998474121094,495300,41.400001525878906,40.650001525878906,16.734148025512695
30-06-2003,40.29999923706055,41.08000183105469,917600,41.15999984741211,40.540000915527344,16.688871383666992
01-07-2003,39.900001525878906,40.20000076293945,1371400,40.45000076293945,40.27000045776367,16.577714920043945
02-07-2003,39.86000061035156,39.97999954223633,683000,40.380001068115234,40.25,16.56948471069336
03-07-2003,40.36000061035156,40.36000061035156,701500,41.4900016784668,41.099998474121094,16.919397354125977
07-07-2003,40.220001220703125,40.34000015258789,1030200,40.93000030517578,40.7400016784668,16.77120018005371
08-07-2003,39.779998779296875,39.900001525878906,1009400,40.45000076293945,40.349998474121094,16.61065101623535
09-07-2003,39.459999084472656,39.75,1154200,40.22999954223633,40.02000045776367,16.474803924560547
10-07-2003,38.709999084472656,38.79999923706055,1276700,39.16999816894531,38.72999954223633,15.943748474121094
11-07-2003,38.599998474121094,39.0,1092700,39.18000030517578,38.79999923706055,15.97256851196289
14-07-2003,39.099998474121094,39.150001525878906,984500,39.86000061035156,39.599998474121094,16.301897048950195
15-07-2003,37.54999923706055,38.56999969482422,1784100,38.58000183105469,37.599998474121094,15.478571891784668
16-07-2003,36.90999984741211,37.150001525878906,1536000,37.59000015258789,37.400001525878906,15.396235466003418
17-07-2003,37.20000076293945,37.29999923706055,1406900,38.09000015258789,37.77000045776367,15.54855728149414
18-07-2003,37.29999923706055,37.66999816894531,982300,38.0,38.0,15.643233299255371
21-07-2003,37.189998626708984,38.0,855200,38.0,37.599998474121094,15.478571891784668
22-07-2003,37.7599983215332,37.91999816894531,658100,38.09000015258789,37.970001220703125,15.630889892578125
23-07-2003,38.83000183105469,39.5,1393700,39.5,39.099998474121094,16.096073150634766
24-07-2003,39.439998626708984,39.66999816894531,1210400,40.029998779296875,39.560001373291016,16.28542709350586
25-07-2003,39.40999984741211,39.560001373291016,636500,40.099998474121094,40.099998474121094,16.507732391357422
28-07-2003,39.439998626708984,39.720001220703125,645500,39.86000061035156,39.5,16.260738372802734
29-07-2003,39.16999816894531,39.25,950800,39.97999954223633,39.43000030517578,16.231914520263672
30-07-2003,38.93000030517578,39.13999938964844,758300,39.400001525878906,39.220001220703125,16.2634334564209
31-07-2003,38.29999923706055,38.75,1723500,38.83000183105469,38.310001373291016,15.886089324951172
01-08-2003,37.150001525878906,38.0,1448500,38.0,37.400001525878906,15.508728981018066
04-08-2003,37.33000183105469,37.88999938964844,1873400,37.91999816894531,37.72999954223633,15.645576477050781
05-08-2003,37.81999969482422,38.130001068115234,502400,38.349998474121094,37.83000183105469,15.687041282653809
06-08-2003,37.599998474121094,37.65999984741211,609700,38.22999954223633,37.79999923706055,15.674600601196289
07-08-2003,37.529998779296875,37.650001525878906,870100,38.7400016784668,38.7400016784668,16.064395904541016
08-08-2003,38.27000045776367,38.68000030517578,537200,39.0,38.63999938964844,16.022920608520508
11-08-2003,38.349998474121094,38.52000045776367,361100,38.790000915527344,38.689998626708984,16.043664932250977
12-08-2003,38.91999816894531,39.099998474121094,762600,39.34000015258789,39.2400016784668,16.271724700927734
13-08-2003,39.18000030517578,39.7400016784668,829600,39.790000915527344,39.209999084472656,16.259281158447266
14-08-2003,39.619998931884766,39.869998931884766,1352100,40.20000076293945,39.7599983215332,16.48735809326172
15-08-2003,39.41999816894531,39.9900016784668,302000,39.9900016784668,39.849998474121094,16.52467155456543
18-08-2003,39.77000045776367,39.81999969482422,387000,40.13999938964844,40.0,16.586877822875977
19-08-2003,39.47999954223633,39.95000076293945,442300,39.95000076293945,39.790000915527344,16.499794006347656
20-08-2003,39.400001525878906,39.5099983215332,443700,39.88999938964844,39.75,16.48320960998535
21-08-2003,38.70000076293945,39.0099983215332,964000,39.099998474121094,38.93000030517578,16.143178939819336
22-08-2003,38.369998931884766,38.900001525878906,630700,38.9900016784668,38.43000030517578,15.93584156036377
25-08-2003,38.439998626708984,38.68000030517578,646400,39.02000045776367,39.0,16.172204971313477
26-08-2003,38.2599983215332,38.29999923706055,796300,39.150001525878906,39.02000045776367,16.180496215820312
27-08-2003,39.02000045776367,39.02000045776367,579800,39.66999816894531,39.41999816894531,16.34636688232422
28-08-2003,38.779998779296875,38.900001525878906,1001800,39.25,39.06999969482422,16.201229095458984
29-08-2003,38.560001373291016,39.08000183105469,871900,39.099998474121094,38.83000183105469,16.101707458496094
02-09-2003,38.61000061035156,38.79999923706055,1474900,39.45000076293945,39.400001525878906,16.33807373046875
03-09-2003,39.290000915527344,39.380001068115234,773200,39.900001525878906,39.54999923706055,16.400272369384766
04-09-2003,40.119998931884766,40.189998626708984,946600,40.709999084472656,40.209999084472656,16.67395782470703
05-09-2003,40.0099983215332,40.2400016784668,1973900,41.29999923706055,40.63999938964844,16.852264404296875
08-09-2003,40.349998474121094,40.45000076293945,1400500,41.189998626708984,41.029998779296875,17.013988494873047
09-09-2003,40.400001525878906,40.400001525878906,1252000,40.97999954223633,40.529998779296875,16.80665397644043
10-09-2003,41.470001220703125,41.650001525878906,1319000,42.09000015258789,41.720001220703125,17.300106048583984
11-09-2003,41.369998931884766,41.599998474121094,1143600,41.70000076293945,41.5,17.20888328552246
12-09-2003,41.16999816894531,41.38999938964844,641400,41.65999984741211,41.52000045776367,17.21717643737793
15-09-2003,41.04999923706055,41.45000076293945,630900,41.47999954223633,41.20000076293945,17.084484100341797
16-09-2003,41.209999084472656,41.209999084472656,616600,41.689998626708984,41.599998474121094,17.250347137451172
17-09-2003,41.84000015258789,41.900001525878906,829200,42.20000076293945,42.20000076293945,17.499155044555664
18-09-2003,42.400001525878906,42.5,1025200,42.75,42.59000015258789,17.66088104248047
19-09-2003,41.72999954223633,42.220001220703125,866600,42.34000015258789,41.88999938964844,17.370615005493164
22-09-2003,41.5099983215332,41.599998474121094,1190900,42.599998474121094,42.11000061035156,17.46183967590332
23-09-2003,42.81999969482422,42.93000030517578,1053000,43.220001220703125,42.900001525878906,17.7894287109375
24-09-2003,42.119998931884766,42.86000061035156,878300,42.90999984741211,42.2400016784668,17.5157413482666
25-09-2003,42.33000183105469,42.84000015258789,742200,43.0,42.380001068115234,17.57379722595215
26-09-2003,42.45000076293945,42.540000915527344,1094600,43.029998779296875,42.810001373291016,17.752103805541992
29-09-2003,42.650001525878906,42.810001373291016,521200,43.029998779296875,43.0099983215332,17.835041046142578
30-09-2003,41.900001525878906,42.68000030517578,858700,42.689998626708984,42.400001525878906,17.582088470458984
01-10-2003,42.09000015258789,42.189998626708984,1067800,42.880001068115234,42.77000045776367,17.73552131652832
02-10-2003,42.77000045776367,42.779998779296875,965100,43.279998779296875,43.0099983215332,17.835041046142578
03-10-2003,42.9900016784668,43.72999954223633,1321400,44.0099983215332,43.0099983215332,17.835041046142578
06-10-2003,43.150001525878906,43.689998626708984,695500,43.70000076293945,43.400001525878906,17.99675941467285
07-10-2003,42.5,42.9900016784668,841200,43.15999984741211,43.119998931884766,17.880651473999023
08-10-2003,42.75,43.38999938964844,467700,43.38999938964844,42.939998626708984,17.806011199951172
09-10-2003,43.31999969482422,43.38999938964844,562100,43.79999923706055,43.459999084472656,18.02164077758789
10-10-2003,43.20000076293945,43.290000915527344,584100,43.560001373291016,43.349998474121094,17.97602653503418
13-10-2003,43.369998931884766,43.400001525878906,511000,43.72999954223633,43.56999969482422,18.06725311279297
14-10-2003,43.41999816894531,43.52000045776367,760400,44.0,43.880001068115234,18.195804595947266
15-10-2003,43.52000045776367,43.790000915527344,1329100,43.93000030517578,43.619998931884766,18.08798599243164
16-10-2003,43.02000045776367,43.04999923706055,721200,43.4900016784668,43.29999923706055,17.955305099487305
17-10-2003,43.22999954223633,43.310001373291016,774400,43.63999938964844,43.36000061035156,17.98017692565918
20-10-2003,43.2599983215332,43.45000076293945,436300,43.529998779296875,43.529998779296875,18.050670623779297
21-10-2003,43.5,43.650001525878906,816800,44.029998779296875,43.91999816894531,18.2123966217041
22-10-2003,42.54999923706055,42.849998474121094,1194900,43.18000030517578,42.91999816894531,17.797719955444336
23-10-2003,42.650001525878906,42.689998626708984,1398300,43.45000076293945,43.27000045776367,17.94285774230957
24-10-2003,42.75,43.27000045776367,482900,43.27000045776367,42.95000076293945,17.810155868530273
27-10-2003,43.45000076293945,43.599998474121094,669300,43.900001525878906,43.47999954223633,18.029930114746094
28-10-2003,43.18000030517578,43.33000183105469,897500,44.119998931884766,43.91999816894531,18.2123966217041
29-10-2003,42.95000076293945,43.93000030517578,620400,43.93000030517578,43.25,18.057903289794922
30-10-2003,43.349998474121094,43.84000015258789,566900,43.900001525878906,43.36000061035156,18.10382843017578
31-10-2003,42.7599983215332,42.79999923706055,679300,43.40999984741211,43.290000915527344,18.07460594177246
03-11-2003,43.20000076293945,43.70000076293945,830400,43.849998474121094,43.27000045776367,18.066251754760742
04-11-2003,42.72999954223633,43.119998931884766,532600,43.119998931884766,42.869998931884766,17.899246215820312
05-11-2003,43.02000045776367,43.20000076293945,669400,43.459999084472656,43.27000045776367,18.066251754760742
06-11-2003,43.0,43.38999938964844,997000,43.65999984741211,43.38999938964844,18.116363525390625
07-11-2003,43.38999938964844,43.38999938964844,907000,44.25,43.59000015258789,18.199867248535156
10-11-2003,43.43000030517578,43.970001220703125,682700,44.0,43.540000915527344,18.178997039794922
11-11-2003,43.650001525878906,43.650001525878906,688400,44.279998779296875,43.959999084472656,18.354345321655273
12-11-2003,44.900001525878906,45.0,1290100,45.380001068115234,45.18000030517578,18.863725662231445
13-11-2003,45.18000030517578,45.18000030517578,1455300,47.0,46.7599983215332,19.523414611816406
14-11-2003,46.97999954223633,47.29999923706055,1528500,47.63999938964844,47.06999969482422,19.652847290039062
17-11-2003,46.72999954223633,47.06999969482422,1150200,47.130001068115234,46.939998626708984,19.598567962646484
18-11-2003,46.75,46.869998931884766,999300,47.25,46.849998474121094,19.560991287231445
19-11-2003,46.18000030517578,46.33000183105469,1655900,46.47999954223633,46.33000183105469,19.343881607055664
20-11-2003,45.7400016784668,45.7400016784668,978000,46.439998626708984,45.95000076293945,19.18522071838379
21-11-2003,46.779998779296875,46.81999969482422,1523200,47.2400016784668,47.09000015258789,19.661197662353516
24-11-2003,47.0,47.130001068115234,727800,47.470001220703125,47.400001525878906,19.790632247924805
25-11-2003,46.36000061035156,47.02000045776367,1160700,47.11000061035156,46.5,19.41486167907715
26-11-2003,45.7599983215332,45.880001068115234,662900,46.36000061035156,46.310001373291016,19.33553695678711
28-11-2003,45.650001525878906,45.97999954223633,588200,46.15999984741211,45.880001068115234,19.155988693237305
01-12-2003,45.959999084472656,46.029998779296875,927900,46.4900016784668,46.33000183105469,19.343881607055664
02-12-2003,45.95000076293945,46.029998779296875,686400,46.68000030517578,46.439998626708984,19.38981056213379
03-12-2003,45.599998474121094,45.689998626708984,2169100,46.25,45.97999954223633,19.1977481842041
04-12-2003,44.83000183105469,45.20000076293945,1959500,45.20000076293945,45.130001068115234,18.84284210205078
05-12-2003,44.529998779296875,44.68000030517578,1654900,45.06999969482422,44.95000076293945,18.767702102661133
08-12-2003,45.0099983215332,45.02000045776367,1304700,45.84000015258789,45.79999923706055,19.122589111328125
09-12-2003,45.25,45.47999954223633,881700,45.650001525878906,45.25,18.892959594726562
10-12-2003,44.439998626708984,44.84000015258789,1093700,44.91999816894531,44.70000076293945,18.663320541381836
11-12-2003,44.36000061035156,44.540000915527344,902600,44.869998931884766,44.65999984741211,18.64661407470703
12-12-2003,44.22999954223633,44.34000015258789,1061000,44.63999938964844,44.56999969482422,18.609041213989258
15-12-2003,44.650001525878906,44.91999816894531,777500,44.970001220703125,44.70000076293945,18.663320541381836
16-12-2003,44.790000915527344,45.20000076293945,919800,45.40999984741211,45.22999954223633,18.88460922241211
17-12-2003,45.15999984741211,45.29999923706055,712700,45.54999923706055,45.40999984741211,18.95975112915039
18-12-2003,45.2599983215332,45.29999923706055,947600,45.59000015258789,45.5099983215332,19.00151252746582
19-12-2003,44.900001525878906,45.290000915527344,1280700,45.290000915527344,45.0,18.78858184814453
22-12-2003,44.599998474121094,44.650001525878906,744300,44.97999954223633,44.97999954223633,18.78022575378418
23-12-2003,44.84000015258789,44.95000076293945,1162900,45.16999816894531,44.959999084472656,18.771873474121094
24-12-2003,44.900001525878906,44.93000030517578,345700,45.599998474121094,45.380001068115234,18.94723892211914
26-12-2003,45.31999969482422,45.5,170600,45.689998626708984,45.45000076293945,18.976457595825195
29-12-2003,45.41999816894531,45.599998474121094,785700,45.939998626708984,45.88999938964844,19.160173416137695
30-12-2003,45.88999938964844,46.04999923706055,598200,46.279998779296875,46.029998779296875,19.2186279296875
31-12-2003,46.04999923706055,46.04999923706055,474900,46.619998931884766,46.619998931884766,19.464963912963867
02-01-2004,46.72999954223633,46.779998779296875,698300,47.25,46.83000183105469,19.552637100219727
05-01-2004,46.540000915527344,46.689998626708984,681500,46.93000030517578,46.93000030517578,19.594398498535156
06-01-2004,46.29999923706055,46.59000015258789,806300,46.880001068115234,46.720001220703125,19.50670623779297
07-01-2004,45.380001068115234,45.650001525878906,1898000,45.939998626708984,45.849998474121094,19.143465042114258
08-01-2004,45.18000030517578,45.849998474121094,965100,45.849998474121094,45.41999816894531,18.96393394470215
09-01-2004,44.959999084472656,45.029998779296875,1678600,45.900001525878906,45.65999984741211,19.064138412475586
12-01-2004,45.400001525878906,45.52000045776367,591900,45.599998474121094,45.54999923706055,19.01820945739746
13-01-2004,45.08000183105469,45.470001220703125,582100,45.5,45.220001220703125,18.880422592163086
14-01-2004,44.91999816894531,44.95000076293945,759300,45.54999923706055,45.459999084472656,18.98063850402832
15-01-2004,44.119998931884766,44.65999984741211,1450400,44.7400016784668,44.54999923706055,18.600688934326172
16-01-2004,44.599998474121094,44.650001525878906,1365300,45.060001373291016,44.849998474121094,18.72594451904297
20-01-2004,45.220001220703125,45.220001220703125,1207000,45.95000076293945,45.58000183105469,19.030746459960938
21-01-2004,45.400001525878906,45.619998931884766,1337800,46.11000061035156,45.810001373291016,19.126766204833984
22-01-2004,45.099998474121094,45.5,1414900,45.63999938964844,45.38999938964844,18.951414108276367
23-01-2004,44.02000045776367,44.4900016784668,1633000,44.5,44.119998931884766,18.42115020751953
26-01-2004,44.38999938964844,44.52000045776367,1177100,45.290000915527344,45.06999969482422,18.817792892456055
27-01-2004,44.20000076293945,44.220001220703125,1099600,44.65999984741211,44.439998626708984,18.55475425720215
28-01-2004,44.060001373291016,44.5,1320000,44.93000030517578,44.22999954223633,18.46708106994629
29-01-2004,43.560001373291016,43.84000015258789,1496800,44.16999816894531,44.04999923706055,18.391931533813477
30-01-2004,43.56999969482422,44.04999923706055,957900,44.04999923706055,44.0,18.37104606628418
02-02-2004,43.29999923706055,43.560001373291016,2285100,43.7599983215332,43.58000183105469,18.19568634033203
03-02-2004,43.7599983215332,43.7599983215332,1270700,44.630001068115234,44.4900016784668,18.57564353942871
04-02-2004,44.27000045776367,44.29999923706055,2036300,45.13999938964844,45.09000015258789,18.826152801513672
05-02-2004,44.900001525878906,45.20000076293945,783300,45.220001220703125,44.970001220703125,18.77604866027832
06-02-2004,44.40999984741211,44.810001373291016,1145600,44.900001525878906,44.7599983215332,18.68836784362793
09-02-2004,44.43000030517578,44.75,1426200,44.95000076293945,44.599998474121094,18.621559143066406
10-02-2004,44.790000915527344,44.900001525878906,1515400,45.36000061035156,45.220001220703125,18.880422592163086
11-02-2004,44.34000015258789,45.08000183105469,2282800,45.150001525878906,45.150001525878906,18.851205825805664
12-02-2004,42.65999984741211,42.79999923706055,5208400,43.45000076293945,43.38999938964844,18.116363525390625
13-02-2004,42.27000045776367,42.45000076293945,4377000,42.66999816894531,42.52000045776367,17.75311279296875
17-02-2004,42.04999923706055,42.04999923706055,3069400,42.9900016784668,42.849998474121094,17.890899658203125
18-02-2004,42.459999084472656,42.599998474121094,3440200,42.689998626708984,42.4900016784668,17.958524703979492
19-02-2004,43.09000015258789,43.29999923706055,2595900,43.59000015258789,43.27000045776367,18.288188934326172
20-02-2004,42.599998474121094,43.45000076293945,2476600,43.45000076293945,43.02000045776367,18.182527542114258
23-02-2004,42.68000030517578,42.88999938964844,2295600,43.279998779296875,43.119998931884766,18.224796295166016
24-02-2004,42.63999938964844,42.7599983215332,1687000,43.310001373291016,43.08000183105469,18.207883834838867
25-02-2004,42.79999923706055,42.900001525878906,1957400,43.130001068115234,43.08000183105469,18.207883834838867
26-02-2004,42.459999084472656,42.86000061035156,2386800,42.86000061035156,42.720001220703125,18.055723190307617
27-02-2004,42.290000915527344,42.33000183105469,2405600,42.779998779296875,42.619998931884766,18.013460159301758
01-03-2004,42.27000045776367,42.529998779296875,1530400,42.63999938964844,42.560001373291016,17.98810386657715
02-03-2004,41.959999084472656,42.119998931884766,2443500,42.27000045776367,42.08000183105469,17.785232543945312
03-03-2004,41.33000183105469,41.599998474121094,2050500,41.97999954223633,41.95000076293945,17.730289459228516
04-03-2004,41.54999923706055,41.560001373291016,2540400,42.27000045776367,42.04999923706055,17.772550582885742
05-03-2004,41.959999084472656,42.0,1269600,42.380001068115234,42.20000076293945,17.835952758789062
08-03-2004,41.810001373291016,42.040000915527344,1405700,42.099998474121094,41.939998626708984,17.726062774658203
09-03-2004,40.88999938964844,41.08000183105469,2955800,41.380001068115234,40.9900016784668,17.32454490661621
10-03-2004,40.36000061035156,40.560001373291016,2345500,40.75,40.470001220703125,17.104761123657227
11-03-2004,39.4900016784668,40.0,2018000,40.06999969482422,39.4900016784668,16.690567016601562
12-03-2004,39.459999084472656,39.72999954223633,1782000,40.04999923706055,40.0,16.906118392944336
15-03-2004,39.86000061035156,40.029998779296875,1830400,40.349998474121094,40.040000915527344,16.92302703857422
16-03-2004,39.91999816894531,40.08000183105469,1595000,40.189998626708984,40.08000183105469,16.939931869506836
17-03-2004,39.220001220703125,39.27000045776367,2229100,39.599998474121094,39.540000915527344,16.711692810058594
18-03-2004,39.52000045776367,39.65999984741211,1107800,39.77000045776367,39.630001068115234,16.749732971191406
19-03-2004,39.5,39.560001373291016,2035100,39.9900016784668,39.63999938964844,16.753955841064453
22-03-2004,39.68000030517578,39.869998931884766,1324300,39.97999954223633,39.72999954223633,16.792003631591797
23-03-2004,39.7400016784668,39.86000061035156,1912100,40.0,39.97999954223633,16.897666931152344
24-03-2004,39.5,39.5099983215332,2204000,39.970001220703125,39.810001373291016,16.825807571411133
25-03-2004,39.130001068115234,39.189998626708984,1707400,39.5,39.380001068115234,16.64406967163086
26-03-2004,39.599998474121094,39.65999984741211,1161200,39.91999816894531,39.79999923706055,16.82159423828125
29-03-2004,39.560001373291016,39.599998474121094,1442300,40.040000915527344,39.97999954223633,16.897666931152344
30-03-2004,39.75,39.810001373291016,1303000,39.97999954223633,39.93000030517578,16.876527786254883
31-03-2004,39.619998931884766,39.630001068115234,1255300,40.099998474121094,39.95000076293945,16.884981155395508
01-04-2004,39.959999084472656,40.08000183105469,1534600,40.209999084472656,40.0,16.906118392944336
02-04-2004,39.34000015258789,39.4900016784668,2359900,39.70000076293945,39.439998626708984,16.66942596435547
05-04-2004,39.279998779296875,39.45000076293945,1813300,39.65999984741211,39.650001525878906,16.75818634033203
06-04-2004,40.4900016784668,40.75,2003200,40.79999923706055,40.650001525878906,17.18083953857422
07-04-2004,41.29999923706055,41.33000183105469,2458900,41.939998626708984,41.560001373291016,17.565462112426758
08-04-2004,40.70000076293945,41.13999938964844,958400,41.18000030517578,40.93000030517578,17.299182891845703
12-04-2004,40.54999923706055,40.93000030517578,632800,41.02000045776367,41.0,17.328773498535156
13-04-2004,40.459999084472656,40.58000183105469,914200,40.72999954223633,40.529998779296875,17.130126953125
14-04-2004,40.0099983215332,40.04999923706055,1101700,40.650001525878906,40.52000045776367,17.12589454650879
15-04-2004,41.400001525878906,41.45000076293945,3070800,42.849998474121094,42.65999984741211,18.030372619628906
16-04-2004,42.20000076293945,42.31999969482422,1783600,42.75,42.58000183105469,17.996564865112305
19-04-2004,42.06999969482422,42.209999084472656,1538000,42.5,42.31999969482422,17.886669158935547
20-04-2004,41.400001525878906,41.900001525878906,937400,42.060001373291016,41.54999923706055,17.561227798461914
21-04-2004,42.02000045776367,42.150001525878906,1294500,42.470001220703125,42.189998626708984,17.83172607421875
22-04-2004,41.869998931884766,41.9900016784668,1244500,42.70000076293945,42.70000076293945,18.04727554321289
23-04-2004,41.70000076293945,41.75,4128300,42.209999084472656,42.099998474121094,17.793685913085938
26-04-2004,41.560001373291016,41.81999969482422,1248600,41.81999969482422,41.68000030517578,17.616178512573242
27-04-2004,41.2599983215332,41.45000076293945,1178700,41.77000045776367,41.560001373291016,17.565462112426758
28-04-2004,40.41999816894531,40.70000076293945,1498200,40.72999954223633,40.70000076293945,17.20197296142578
29-04-2004,41.099998474121094,41.099998474121094,1877900,42.150001525878906,41.45000076293945,17.51896858215332
30-04-2004,41.84000015258789,42.68000030517578,1459300,42.68000030517578,42.0,17.751419067382812
03-05-2004,41.880001068115234,42.0,784000,42.47999954223633,42.2599983215332,17.86131477355957
04-05-2004,42.470001220703125,42.58000183105469,1124000,42.90999984741211,42.720001220703125,18.055723190307617
05-05-2004,42.91999816894531,43.0,1402700,43.66999816894531,43.5,18.385404586791992
06-05-2004,42.939998626708984,43.09000015258789,1351400,43.380001068115234,43.279998779296875,18.292417526245117
07-05-2004,42.70000076293945,42.72999954223633,997500,43.34000015258789,43.060001373291016,18.199430465698242
10-05-2004,42.04999923706055,42.66999816894531,1414200,42.70000076293945,42.25,17.857086181640625
11-05-2004,41.650001525878906,41.709999084472656,1143100,42.0,41.849998474121094,17.68801498413086
12-05-2004,41.66999816894531,42.08000183105469,1542800,42.2599983215332,42.04999923706055,17.923730850219727
13-05-2004,41.599998474121094,41.779998779296875,724200,41.86000061035156,41.70000076293945,17.77454948425293
14-05-2004,41.709999084472656,41.72999954223633,952400,42.2400016784668,41.95000076293945,17.881118774414062
17-05-2004,41.79999923706055,41.970001220703125,820400,42.04999923706055,41.90999984741211,17.86406898498535
18-05-2004,42.25,42.5,965500,42.68000030517578,42.400001525878906,18.072927474975586
19-05-2004,42.439998626708984,42.75,1085600,42.9900016784668,42.470001220703125,18.102764129638672
20-05-2004,42.0,42.29999923706055,911400,42.369998931884766,42.18000030517578,17.979148864746094
21-05-2004,41.810001373291016,42.119998931884766,686000,42.13999938964844,41.93000030517578,17.872589111328125
24-05-2004,41.72999954223633,41.880001068115234,811700,41.9900016784668,41.81999969482422,17.825700759887695
25-05-2004,42.119998931884766,42.18000030517578,969600,42.75,42.75,18.222110748291016
26-05-2004,42.38999938964844,42.70000076293945,620700,43.0,42.91999816894531,18.294570922851562
27-05-2004,42.790000915527344,42.83000183105469,912000,43.25,43.25,18.43523406982422
28-05-2004,42.29999923706055,42.5,958800,42.689998626708984,42.45000076293945,18.09423828125
01-06-2004,42.20000076293945,42.290000915527344,879200,42.790000915527344,42.77000045776367,18.230632781982422
02-06-2004,41.02000045776367,43.279998779296875,4284800,43.33000183105469,41.38999938964844,17.642414093017578
03-06-2004,41.720001220703125,41.720001220703125,2518100,42.41999816894531,42.08000183105469,17.936527252197266
04-06-2004,42.0,42.08000183105469,641500,42.47999954223633,42.369998931884766,18.060138702392578
07-06-2004,41.95000076293945,42.099998474121094,829100,42.54999923706055,42.54999923706055,18.13686180114746
08-06-2004,42.470001220703125,42.560001373291016,1218700,42.93000030517578,42.93000030517578,18.29883575439453
09-06-2004,42.619998931884766,42.779998779296875,958300,42.970001220703125,42.7599983215332,18.226362228393555
10-06-2004,42.209999084472656,42.5,491100,42.599998474121094,42.5099983215332,18.119810104370117
14-06-2004,41.52000045776367,41.599998474121094,984700,41.810001373291016,41.56999969482422,17.719139099121094
15-06-2004,41.65999984741211,41.779998779296875,750800,41.97999954223633,41.95000076293945,17.881118774414062
16-06-2004,42.36000061035156,42.56999969482422,592400,42.849998474121094,42.47999954223633,18.107025146484375
17-06-2004,42.150001525878906,42.2599983215332,674400,42.689998626708984,42.52000045776367,18.124073028564453
18-06-2004,42.630001068115234,42.68000030517578,1454700,43.06999969482422,42.900001525878906,18.286052703857422
21-06-2004,42.599998474121094,42.880001068115234,904900,42.9900016784668,42.880001068115234,18.27752685546875
22-06-2004,42.349998474121094,42.52000045776367,881800,42.72999954223633,42.72999954223633,18.213590621948242
23-06-2004,42.439998626708984,42.619998931884766,778600,43.02000045776367,42.95000076293945,18.30736541748047
24-06-2004,42.4900016784668,42.68000030517578,1248500,43.029998779296875,42.63999938964844,18.17523193359375
25-06-2004,42.04999923706055,42.25,1137100,42.58000183105469,42.349998474121094,18.05161476135254
28-06-2004,42.15999984741211,42.279998779296875,608800,42.54999923706055,42.25,18.008991241455078
29-06-2004,41.599998474121094,41.810001373291016,993400,41.95000076293945,41.869998931884766,17.847009658813477
30-06-2004,40.93000030517578,41.220001220703125,1444500,41.5099983215332,41.459999084472656,17.67224884033203
01-07-2004,40.369998931884766,41.119998931884766,1685300,41.13999938964844,40.849998474121094,17.412235260009766
02-07-2004,41.029998779296875,41.220001220703125,1019000,41.470001220703125,41.22999954223633,17.574220657348633
06-07-2004,40.5099983215332,40.619998931884766,640600,40.810001373291016,40.79999923706055,17.390928268432617
07-07-2004,40.380001068115234,40.40999984741211,765900,40.84000015258789,40.66999816894531,17.33551788330078
08-07-2004,40.54999923706055,40.54999923706055,1035200,40.970001220703125,40.630001068115234,17.318470001220703
09-07-2004,40.70000076293945,40.97999954223633,961600,40.97999954223633,40.75,17.369617462158203
12-07-2004,40.040000915527344,40.25,1095100,40.439998626708984,40.290000915527344,17.173538208007812
13-07-2004,39.68000030517578,39.970001220703125,1837800,39.970001220703125,39.84000015258789,16.98172950744629
14-07-2004,39.70000076293945,40.22999954223633,2064500,40.34000015258789,39.849998474121094,16.985992431640625
15-07-2004,39.2599983215332,39.790000915527344,1185300,39.900001525878906,39.29999923706055,16.75156021118164
16-07-2004,39.34000015258789,39.540000915527344,733600,39.54999923706055,39.38999938964844,16.7899227142334
19-07-2004,39.099998474121094,39.119998931884766,824500,39.650001525878906,39.36000061035156,16.777128219604492
20-07-2004,39.70000076293945,40.040000915527344,799100,40.20000076293945,39.900001525878906,17.007308959960938
21-07-2004,39.68000030517578,40.06999969482422,873900,40.18000030517578,39.72999954223633,16.934846878051758
22-07-2004,39.599998474121094,39.75,1853000,40.599998474121094,40.599998474121094,17.305679321289062
23-07-2004,40.060001373291016,40.400001525878906,925000,40.400001525878906,40.220001220703125,17.14370346069336
26-07-2004,39.689998626708984,40.099998474121094,756600,40.27000045776367,39.810001373291016,16.96894073486328
27-07-2004,39.59000015258789,40.16999816894531,1682400,40.400001525878906,40.400001525878906,17.220426559448242
28-07-2004,40.27000045776367,40.54999923706055,861500,40.779998779296875,40.65999984741211,17.331247329711914
29-07-2004,40.25,40.56999969482422,783500,40.900001525878906,40.66999816894531,17.33551788330078
30-07-2004,40.70000076293945,40.75,753100,41.130001068115234,40.95000076293945,17.454864501953125
02-08-2004,41.060001373291016,41.150001525878906,737500,41.7400016784668,41.209999084472656,17.56568145751953
03-08-2004,40.79999923706055,41.040000915527344,707200,41.25,40.90999984741211,17.43781280517578
04-08-2004,40.349998474121094,40.380001068115234,556900,40.97999954223633,40.97999954223633,17.62533950805664
05-08-2004,40.18000030517578,40.5,821900,40.54999923706055,40.18000030517578,17.281267166137695
06-08-2004,39.7400016784668,39.900001525878906,1204900,40.13999938964844,40.0099983215332,17.208141326904297
09-08-2004,39.220001220703125,39.43000030517578,2193300,39.95000076293945,39.86000061035156,17.14362907409668
10-08-2004,39.459999084472656,39.529998779296875,1386700,39.849998474121094,39.7599983215332,17.10062599182129
11-08-2004,39.040000915527344,39.209999084472656,1627800,39.61000061035156,39.529998779296875,17.00170135498047
12-08-2004,39.209999084472656,39.459999084472656,743800,39.61000061035156,39.25,16.881271362304688
13-08-2004,39.0,39.439998626708984,967000,39.54999923706055,39.040000915527344,16.790956497192383
16-08-2004,39.130001068115234,39.18000030517578,787300,39.849998474121094,39.70000076293945,17.074811935424805
17-08-2004,39.0099983215332,39.36000061035156,974500,39.47999954223633,39.060001373291016,16.799551010131836
18-08-2004,38.79999923706055,38.81999969482422,1440900,39.52000045776367,39.43000030517578,16.958688735961914
19-08-2004,39.4900016784668,39.58000183105469,1041700,39.88999938964844,39.70000076293945,17.074811935424805
20-08-2004,39.43000030517578,39.45000076293945,795900,39.709999084472656,39.689998626708984,17.07051658630371
23-08-2004,39.70000076293945,39.88999938964844,1413500,40.02000045776367,39.83000183105469,17.13072967529297
24-08-2004,39.43000030517578,39.79999923706055,1104100,39.81999969482422,39.59000015258789,17.02750587463379
25-08-2004,39.849998474121094,39.959999084472656,1101100,40.310001373291016,40.279998779296875,17.32426643371582
26-08-2004,40.470001220703125,40.52000045776367,1475600,40.970001220703125,40.939998626708984,17.608137130737305
27-08-2004,41.27000045776367,41.470001220703125,896100,41.5,41.310001373291016,17.767269134521484
30-08-2004,40.9900016784668,41.31999969482422,634100,41.34000015258789,41.02000045776367,17.64253807067871
31-08-2004,40.90999984741211,41.02000045776367,990100,41.25,41.13999938964844,17.694150924682617
01-09-2004,40.86000061035156,41.04999923706055,811800,41.31999969482422,41.2599983215332,17.74576759338379
02-09-2004,40.900001525878906,40.939998626708984,753200,41.58000183105469,41.58000183105469,17.883394241333008
03-09-2004,41.02000045776367,41.02000045776367,653100,41.45000076293945,41.369998931884766,17.79307746887207
07-09-2004,40.470001220703125,40.68000030517578,1319400,40.7599983215332,40.68000030517578,17.49631690979004
08-09-2004,40.72999954223633,40.72999954223633,654000,41.279998779296875,41.15999984741211,17.702754974365234
09-09-2004,41.25,41.36000061035156,1267900,41.59000015258789,41.5,17.848989486694336
10-09-2004,41.5099983215332,41.599998474121094,962600,41.7400016784668,41.65999984741211,17.91780662536621
13-09-2004,41.880001068115234,41.88999938964844,1029900,42.38999938964844,42.150001525878906,18.12855339050293
14-09-2004,42.77000045776367,42.90999984741211,1754300,43.11000061035156,42.86000061035156,18.43391990661621
15-09-2004,42.09000015258789,42.63999938964844,1758600,42.63999938964844,42.5,18.279088973999023
16-09-2004,42.36000061035156,42.36000061035156,1001000,42.77000045776367,42.72999954223633,18.378005981445312
17-09-2004,42.95000076293945,43.0,1332500,43.220001220703125,43.02000045776367,18.50273323059082
20-09-2004,42.849998474121094,42.849998474121094,1097700,43.099998474121094,42.880001068115234,18.442520141601562
21-09-2004,42.93000030517578,42.959999084472656,992200,43.33000183105469,43.279998779296875,18.614559173583984
22-09-2004,42.849998474121094,43.040000915527344,1431000,43.119998931884766,42.90999984741211,18.45542335510254
23-09-2004,42.70000076293945,43.0,1073300,43.08000183105469,42.900001525878906,18.45112419128418
24-09-2004,42.970001220703125,43.02000045776367,1349700,43.2400016784668,43.029998779296875,18.50703239440918
27-09-2004,42.65999984741211,42.65999984741211,1261300,43.0,42.83000183105469,18.4210147857666
28-09-2004,43.15999984741211,43.27000045776367,1322000,43.45000076293945,43.31999969482422,18.63176727294922
29-09-2004,43.29999923706055,43.41999816894531,899800,43.900001525878906,43.84000015258789,18.85541343688965
30-09-2004,43.36000061035156,43.66999816894531,1944500,43.939998626708984,43.72999954223633,18.8080997467041
01-10-2004,43.709999084472656,43.77000045776367,922600,44.25,44.0099983215332,18.928525924682617
04-10-2004,43.150001525878906,43.189998626708984,786600,43.5,43.369998931884766,18.65326499938965
05-10-2004,43.400001525878906,43.63999938964844,1083000,43.7400016784668,43.63999938964844,18.76939582824707
06-10-2004,42.90999984741211,43.15999984741211,1494400,43.209999084472656,43.04999923706055,18.515644073486328
07-10-2004,41.400001525878906,42.209999084472656,2924700,42.220001220703125,41.900001525878906,18.021028518676758
08-10-2004,42.119998931884766,42.150001525878906,1048000,42.5,42.209999084472656,18.154356002807617
11-10-2004,41.779998779296875,42.02000045776367,1051900,42.11000061035156,41.9900016784668,18.059730529785156
12-10-2004,41.33000183105469,41.33000183105469,900300,42.11000061035156,41.97999954223633,18.055429458618164
13-10-2004,41.400001525878906,41.869998931884766,834200,41.880001068115234,41.45000076293945,17.827491760253906
14-10-2004,41.119998931884766,41.2400016784668,1032600,41.31999969482422,41.150001525878906,17.698453903198242
15-10-2004,41.25,41.54999923706055,1093600,41.709999084472656,41.470001220703125,17.836082458496094
18-10-2004,41.16999816894531,41.18000030517578,1225400,41.54999923706055,41.54999923706055,17.870492935180664
19-10-2004,41.86000061035156,42.130001068115234,1775300,42.310001373291016,41.95000076293945,18.04253387451172
20-10-2004,41.970001220703125,42.060001373291016,1110600,42.2599983215332,42.09000015258789,18.102750778198242
21-10-2004,41.779998779296875,42.18000030517578,1248400,42.2599983215332,42.20000076293945,18.15005874633789
22-10-2004,41.540000915527344,41.97999954223633,1053600,41.9900016784668,41.619998931884766,17.900604248046875
25-10-2004,41.29999923706055,41.68000030517578,822900,41.900001525878906,41.5099983215332,17.853286743164062
26-10-2004,41.47999954223633,41.560001373291016,1398200,41.9900016784668,41.95000076293945,18.04253387451172
27-10-2004,42.18000030517578,42.27000045776367,1186800,42.849998474121094,42.650001525878906,18.34359359741211
28-10-2004,42.02000045776367,42.29999923706055,1359400,42.54999923706055,42.310001373291016,18.197372436523438
29-10-2004,42.15999984741211,42.15999984741211,1273200,42.5,42.400001525878906,18.236074447631836
01-11-2004,42.66999816894531,42.70000076293945,2003500,43.16999816894531,43.099998474121094,18.537139892578125
02-11-2004,42.84000015258789,43.08000183105469,2588100,43.29999923706055,42.84000015258789,18.425315856933594
03-11-2004,43.91999816894531,44.04999923706055,2368300,44.34000015258789,44.150001525878906,19.151918411254883
04-11-2004,43.439998626708984,44.0,1912400,44.400001525878906,44.369998931884766,19.247350692749023
05-11-2004,44.220001220703125,44.310001373291016,1351100,44.58000183105469,44.36000061035156,19.24301528930664
08-11-2004,44.0,44.220001220703125,730300,44.25,44.25,19.195295333862305
09-11-2004,44.02000045776367,44.04999923706055,619500,44.540000915527344,44.45000076293945,19.282060623168945
10-11-2004,44.08000183105469,44.59000015258789,842700,44.70000076293945,44.220001220703125,19.18228530883789
11-11-2004,44.310001373291016,44.369998931884766,926300,44.56999969482422,44.5099983215332,19.308080673217773
12-11-2004,44.4900016784668,45.08000183105469,1063800,45.08000183105469,45.02000045776367,19.529321670532227
15-11-2004,44.650001525878906,44.79999923706055,773100,44.88999938964844,44.77000045776367,19.42087173461914
16-11-2004,44.72999954223633,44.810001373291016,1632300,45.02000045776367,45.0099983215332,19.52498435974121
17-11-2004,44.720001220703125,44.849998474121094,1302700,45.130001068115234,45.040000915527344,19.53799819946289
18-11-2004,43.470001220703125,44.459999084472656,2102700,44.540000915527344,43.59000015258789,18.90899658203125
19-11-2004,42.650001525878906,43.25,2400300,43.25,42.77000045776367,18.553285598754883
22-11-2004,42.209999084472656,42.380001068115234,1103300,42.77000045776367,42.77000045776367,18.553285598754883
23-11-2004,42.41999816894531,42.93000030517578,861200,42.97999954223633,42.54999923706055,18.45784568786621
24-11-2004,42.45000076293945,42.849998474121094,614100,42.93000030517578,42.650001525878906,18.50122833251953
26-11-2004,42.5099983215332,42.5099983215332,338200,42.77000045776367,42.650001525878906,18.50122833251953
29-11-2004,42.66999816894531,42.75,963500,43.099998474121094,42.880001068115234,18.60099983215332
30-11-2004,42.27000045776367,42.709999084472656,1410100,42.900001525878906,42.540000915527344,18.453514099121094
01-12-2004,43.099998474121094,43.16999816894531,1667500,43.36000061035156,43.25,18.761503219604492
02-12-2004,43.380001068115234,43.63999938964844,1751200,43.75,43.72999954223633,18.969730377197266
03-12-2004,44.25,44.25,2243600,44.630001068115234,44.54999923706055,19.325437545776367
06-12-2004,44.150001525878906,44.20000076293945,1543600,44.66999816894531,44.52000045776367,19.312421798706055
07-12-2004,45.040000915527344,45.099998474121094,2155900,45.369998931884766,45.04999923706055,19.542329788208008
08-12-2004,44.45000076293945,44.68000030517578,1540000,45.029998779296875,44.869998931884766,19.46425437927246
09-12-2004,44.31999969482422,44.58000183105469,1227100,45.099998474121094,45.08000183105469,19.55534553527832
10-12-2004,44.150001525878906,44.83000183105469,916000,44.959999084472656,44.81999969482422,19.442562103271484
13-12-2004,45.27000045776367,45.290000915527344,1811900,45.88999938964844,45.79999923706055,19.867673873901367
14-12-2004,45.18000030517578,45.2599983215332,867200,45.58000183105469,45.58000183105469,19.772245407104492
15-12-2004,45.43000030517578,45.54999923706055,1153800,45.79999923706055,45.79999923706055,19.867673873901367
16-12-2004,46.150001525878906,46.15999984741211,2172100,46.880001068115234,46.7599983215332,20.284116744995117
17-12-2004,44.900001525878906,44.900001525878906,2277900,46.54999923706055,46.54999923706055,20.193016052246094
20-12-2004,46.36000061035156,46.5099983215332,1701400,46.599998474121094,46.5,20.17133331298828
21-12-2004,45.72999954223633,45.779998779296875,1453000,46.189998626708984,46.150001525878906,20.019508361816406
22-12-2004,46.06999969482422,46.08000183105469,1431500,46.63999938964844,46.459999084472656,20.153976440429688
23-12-2004,46.349998474121094,46.38999938964844,1510900,47.029998779296875,46.83000183105469,20.314476013183594
27-12-2004,46.349998474121094,46.349998474121094,973800,47.33000183105469,47.099998474121094,20.431610107421875
28-12-2004,47.0,47.04999923706055,1075100,47.529998779296875,47.5,20.605121612548828
29-12-2004,46.900001525878906,46.959999084472656,1124500,47.400001525878906,47.400001525878906,20.56174659729004
30-12-2004,47.09000015258789,47.11000061035156,715400,47.5,47.43000030517578,20.574752807617188
31-12-2004,46.77000045776367,47.099998474121094,1111300,47.400001525878906,47.38999938964844,20.557397842407227
03-01-2005,46.95000076293945,46.95000076293945,1691000,47.59000015258789,47.349998474121094,20.540056228637695
04-01-2005,46.529998779296875,46.869998931884766,1500300,47.029998779296875,46.599998474121094,20.214712142944336
05-01-2005,46.40999984741211,46.79999923706055,874400,46.93000030517578,46.40999984741211,20.132293701171875
06-01-2005,46.290000915527344,46.29999923706055,940700,46.630001068115234,46.40999984741211,20.132293701171875
07-01-2005,46.34000015258789,46.869998931884766,1511100,46.9900016784668,46.900001525878906,20.3448543548584
10-01-2005,46.54999923706055,46.84000015258789,1479300,46.97999954223633,46.81999969482422,20.310144424438477
11-01-2005,45.9900016784668,46.29999923706055,1360800,46.33000183105469,46.20000076293945,20.04119300842285
12-01-2005,45.470001220703125,45.650001525878906,2093400,45.79999923706055,45.709999084472656,19.828632354736328
13-01-2005,45.43000030517578,45.70000076293945,1296800,45.70000076293945,45.470001220703125,19.72452735900879
14-01-2005,45.29999923706055,45.45000076293945,1357100,45.63999938964844,45.459999084472656,19.720191955566406
18-01-2005,44.83000183105469,44.90999984741211,1642300,45.5,45.40999984741211,19.698505401611328
19-01-2005,44.59000015258789,45.27000045776367,1137400,45.27000045776367,44.77000045776367,19.42087173461914
20-01-2005,44.41999816894531,44.41999816894531,1235600,44.72999954223633,44.540000915527344,19.32110023498535
21-01-2005,44.16999816894531,44.25,1857200,44.66999816894531,44.47999954223633,19.295072555541992
24-01-2005,44.369998931884766,44.369998931884766,1637900,44.849998474121094,44.65999984741211,19.373149871826172
25-01-2005,44.400001525878906,44.400001525878906,3372800,44.709999084472656,44.70000076293945,19.390506744384766
26-01-2005,44.869998931884766,44.869998931884766,1504200,45.290000915527344,45.150001525878906,19.585710525512695
27-01-2005,44.630001068115234,44.68000030517578,1613800,45.04999923706055,45.04999923706055,19.542329788208008
28-01-2005,44.59000015258789,44.91999816894531,1410600,45.0,44.810001373291016,19.438213348388672
31-01-2005,44.5099983215332,44.68000030517578,1058300,44.810001373291016,44.56999969482422,19.334117889404297
01-02-2005,44.36000061035156,44.470001220703125,1346300,44.7400016784668,44.54999923706055,19.325437545776367
02-02-2005,44.83000183105469,44.959999084472656,1054300,45.09000015258789,45.040000915527344,19.53799819946289
03-02-2005,44.5099983215332,44.61000061035156,882800,44.75,44.650001525878906,19.368824005126953
04-02-2005,45.349998474121094,45.41999816894531,953500,45.66999816894531,45.540000915527344,19.754892349243164
07-02-2005,45.150001525878906,45.31999969482422,737200,45.380001068115234,45.25,19.629093170166016
08-02-2005,45.099998474121094,45.18000030517578,1310400,45.45000076293945,45.349998474121094,19.67246437072754
09-02-2005,45.720001220703125,46.20000076293945,2675200,46.34000015258789,45.720001220703125,19.832971572875977
10-02-2005,46.150001525878906,46.150001525878906,1979600,46.75,46.66999816894531,20.245067596435547
11-02-2005,46.29999923706055,46.380001068115234,807900,46.720001220703125,46.66999816894531,20.245067596435547
14-02-2005,47.52000045776367,47.61000061035156,1529300,47.970001220703125,47.7599983215332,20.717910766601562
15-02-2005,48.20000076293945,48.279998779296875,1837500,48.470001220703125,48.43000030517578,21.008544921875
16-02-2005,47.0099983215332,47.779998779296875,1409000,47.79999923706055,47.43000030517578,20.765125274658203
17-02-2005,47.04999923706055,47.25,1107100,47.310001373291016,47.130001068115234,20.633785247802734
18-02-2005,46.9900016784668,47.0,933000,47.59000015258789,47.560001373291016,20.82204246520996
22-02-2005,48.54999923706055,49.33000183105469,1895300,49.45000076293945,48.599998474121094,21.277366638183594
23-02-2005,48.349998474121094,48.560001373291016,1443900,48.900001525878906,48.849998474121094,21.386804580688477
24-02-2005,48.04999923706055,48.33000183105469,909500,48.459999084472656,48.41999816894531,21.19855308532715
25-02-2005,48.25,48.33000183105469,777000,48.689998626708984,48.63999938964844,21.294872283935547
28-02-2005,47.849998474121094,48.61000061035156,1536000,48.65999984741211,48.220001220703125,21.110994338989258
01-03-2005,48.790000915527344,48.79999923706055,1250200,49.45000076293945,49.220001220703125,21.548797607421875
02-03-2005,49.06999969482422,49.119998931884766,1057700,49.470001220703125,49.08000183105469,21.487504959106445
03-03-2005,50.31999969482422,50.54999923706055,1875200,50.83000183105469,50.5,22.109189987182617
04-03-2005,48.31999969482422,51.7400016784668,13387300,51.91999816894531,48.90999984741211,21.4130802154541
07-03-2005,48.47999954223633,48.75,1926600,49.04999923706055,48.810001373291016,21.369298934936523
08-03-2005,48.599998474121094,49.04999923706055,1454000,49.20000076293945,48.97999954223633,21.4437255859375
09-03-2005,47.91999816894531,48.7599983215332,1587000,48.81999969482422,47.93000030517578,20.98402214050293
10-03-2005,48.45000076293945,48.849998474121094,1385800,48.97999954223633,48.599998474121094,21.277366638183594
11-03-2005,48.47999954223633,48.650001525878906,1244700,48.790000915527344,48.47999954223633,21.224817276000977
14-03-2005,48.0,48.0,1226000,48.5099983215332,48.45000076293945,21.211692810058594
15-03-2005,48.40999984741211,49.31999969482422,1134600,49.31999969482422,48.70000076293945,21.321142196655273
16-03-2005,48.11000061035156,48.70000076293945,955700,48.869998931884766,48.349998474121094,21.167903900146484
17-03-2005,47.70000076293945,48.439998626708984,1650400,48.540000915527344,47.84000015258789,20.944631576538086
18-03-2005,46.709999084472656,46.959999084472656,2023300,47.29999923706055,47.04999923706055,20.598758697509766
21-03-2005,46.470001220703125,46.900001525878906,1238600,47.0099983215332,46.91999816894531,20.54184341430664
22-03-2005,46.540000915527344,46.93000030517578,1158600,47.13999938964844,46.59000015258789,20.397369384765625
23-03-2005,46.31999969482422,46.599998474121094,1764800,46.84000015258789,46.36000061035156,20.29667091369629
24-03-2005,45.86000061035156,46.290000915527344,2551800,46.439998626708984,45.86000061035156,20.077777862548828
28-03-2005,45.880001068115234,46.5,1299900,46.5,45.93000030517578,20.108417510986328
29-03-2005,45.45000076293945,45.650001525878906,1486300,45.75,45.459999084472656,19.90265464782715
30-03-2005,45.72999954223633,45.869998931884766,1963800,46.0099983215332,45.970001220703125,20.12593650817871
31-03-2005,45.7599983215332,46.029998779296875,1720300,46.15999984741211,45.91999816894531,20.104042053222656
01-04-2005,45.22999954223633,45.84000015258789,1401900,46.08000183105469,45.33000183105469,19.845731735229492
04-04-2005,45.0099983215332,45.13999938964844,2099700,45.290000915527344,45.189998626708984,19.784440994262695
05-04-2005,45.33000183105469,46.16999816894531,2348000,46.439998626708984,46.20000076293945,20.226627349853516
06-04-2005,46.040000915527344,46.16999816894531,2137700,46.380001068115234,46.16999816894531,20.213491439819336
07-04-2005,45.7599983215332,45.95000076293945,1822800,46.20000076293945,46.0,20.139066696166992
08-04-2005,45.83000183105469,46.060001373291016,1448600,46.25,46.029998779296875,20.152198791503906
11-04-2005,46.58000183105469,46.97999954223633,1122300,47.0,46.75,20.467424392700195
12-04-2005,46.08000183105469,46.279998779296875,1452900,46.619998931884766,46.5,20.35797119140625
13-04-2005,46.04999923706055,46.22999954223633,1415500,46.790000915527344,46.619998931884766,20.410507202148438
14-04-2005,46.630001068115234,46.650001525878906,2841700,47.689998626708984,47.5,20.795774459838867
15-04-2005,47.7400016784668,48.47999954223633,3002700,48.58000183105469,47.81999969482422,20.93586540222168
18-04-2005,47.20000076293945,47.93000030517578,1605800,48.11000061035156,47.369998931884766,20.738855361938477
19-04-2005,47.880001068115234,48.380001068115234,1459800,48.439998626708984,48.16999816894531,21.0891056060791
20-04-2005,47.130001068115234,47.47999954223633,827800,47.720001220703125,47.130001068115234,20.633785247802734
21-04-2005,46.689998626708984,46.95000076293945,1192600,47.369998931884766,47.119998931884766,20.62940788269043
22-04-2005,46.529998779296875,46.70000076293945,897400,46.95000076293945,46.779998779296875,20.480552673339844
25-04-2005,46.599998474121094,46.70000076293945,654700,46.900001525878906,46.88999938964844,20.528718948364258
26-04-2005,46.2400016784668,46.349998474121094,926600,47.08000183105469,46.779998779296875,20.480552673339844
27-04-2005,47.099998474121094,47.54999923706055,1156800,47.599998474121094,47.40999984741211,20.756372451782227
28-04-2005,49.75,50.279998779296875,4147600,50.86000061035156,49.7599983215332,21.78522300720215
29-04-2005,49.970001220703125,50.880001068115234,1708100,50.97999954223633,50.54999923706055,22.13108253479004
02-05-2005,50.220001220703125,50.279998779296875,1420300,50.84000015258789,50.25,21.99974822998047
03-05-2005,50.58000183105469,50.849998474121094,1765800,51.08000183105469,51.04999923706055,22.34998321533203
04-05-2005,51.0099983215332,51.150001525878906,1511000,51.709999084472656,51.400001525878906,22.503215789794922
05-05-2005,50.84000015258789,51.099998474121094,1519700,51.20000076293945,50.939998626708984,22.30181884765625
06-05-2005,50.599998474121094,50.72999954223633,771800,50.869998931884766,50.66999816894531,22.18362045288086
09-05-2005,50.45000076293945,50.68000030517578,1030500,50.970001220703125,50.90999984741211,22.2886962890625
10-05-2005,50.0,50.04999923706055,1557500,50.47999954223633,50.209999084472656,21.982221603393555
11-05-2005,49.72999954223633,49.88999938964844,1211300,50.150001525878906,50.029998779296875,22.070459365844727
12-05-2005,49.75,49.849998474121094,1434700,50.119998931884766,49.95000076293945,22.035165786743164
13-05-2005,49.2400016784668,49.70000076293945,685400,49.75,49.5099983215332,21.8410587310791
16-05-2005,48.79999923706055,48.83000183105469,1302900,49.72999954223633,49.65999984741211,21.907236099243164
17-05-2005,49.58000183105469,49.630001068115234,1720900,50.0,49.83000183105469,21.98223304748535
18-05-2005,49.810001373291016,49.93000030517578,939200,50.54999923706055,50.27000045776367,22.176326751708984
19-05-2005,49.63999938964844,49.81999969482422,1153800,49.88999938964844,49.849998474121094,21.99104881286621
20-05-2005,49.25,49.31999969482422,1437700,49.599998474121094,49.4900016784668,21.832242965698242
23-05-2005,49.119998931884766,49.13999938964844,774000,49.5099983215332,49.40999984741211,21.796947479248047
24-05-2005,49.65999984741211,49.81999969482422,659300,49.95000076293945,49.7400016784668,21.942522048950195
25-05-2005,49.470001220703125,49.79999923706055,656400,49.849998474121094,49.619998931884766,21.88958740234375
26-05-2005,49.369998931884766,49.70000076293945,1019500,49.779998779296875,49.400001525878906,21.79253578186035
27-05-2005,49.54999923706055,49.720001220703125,1327000,49.790000915527344,49.779998779296875,21.960176467895508
31-05-2005,49.560001373291016,49.70000076293945,1757800,49.88999938964844,49.70000076293945,21.924877166748047
01-06-2005,49.33000183105469,49.369998931884766,799100,50.029998779296875,49.90999984741211,22.017515182495117
02-06-2005,49.560001373291016,49.619998931884766,542900,50.08000183105469,50.02000045776367,22.06604766845703
03-06-2005,49.470001220703125,49.75,855800,49.91999816894531,49.599998474121094,21.880769729614258
06-06-2005,49.83000183105469,49.95000076293945,872600,50.150001525878906,50.08000183105469,22.09252166748047
07-06-2005,50.33000183105469,50.369998931884766,671500,50.650001525878906,50.369998931884766,22.220439910888672
08-06-2005,49.970001220703125,50.369998931884766,745400,50.38999938964844,50.0,22.057218551635742
09-06-2005,49.70000076293945,49.70000076293945,894600,50.41999816894531,50.25,22.16752052307129
10-06-2005,48.91999816894531,49.650001525878906,1646900,49.68000030517578,49.130001068115234,21.673429489135742
13-06-2005,48.7400016784668,49.0,1578300,49.349998474121094,49.25,21.726364135742188
14-06-2005,48.81999969482422,48.880001068115234,1133500,49.31999969482422,49.16999816894531,21.691070556640625
15-06-2005,48.29999923706055,48.619998931884766,1416000,48.849998474121094,48.790000915527344,21.5234375
16-06-2005,48.560001373291016,48.91999816894531,1122700,49.0099983215332,48.97999954223633,21.607255935668945
17-06-2005,48.900001525878906,49.43000030517578,953000,49.43000030517578,49.029998779296875,21.629310607910156
20-06-2005,48.86000061035156,48.959999084472656,942600,49.189998626708984,49.189998626708984,21.69989585876465
21-06-2005,49.65999984741211,49.70000076293945,1743900,50.099998474121094,50.0,22.057218551635742
22-06-2005,49.790000915527344,50.0,794500,50.04999923706055,49.79999923706055,21.968992233276367
23-06-2005,49.11000061035156,49.54999923706055,697400,49.70000076293945,49.150001525878906,21.682247161865234
24-06-2005,48.970001220703125,49.290000915527344,783700,49.33000183105469,49.25,21.726364135742188
27-06-2005,48.61000061035156,48.83000183105469,1233200,48.97999954223633,48.849998474121094,21.54990005493164
28-06-2005,48.54999923706055,48.54999923706055,675100,48.90999984741211,48.869998931884766,21.558727264404297
29-06-2005,48.52000045776367,48.650001525878906,707700,49.02000045776367,48.79999923706055,21.52784538269043
30-06-2005,48.43000030517578,48.77000045776367,853800,49.0,48.5099983215332,21.39991569519043
01-07-2005,47.93000030517578,48.650001525878906,838300,48.7400016784668,48.2400016784668,21.280807495117188
05-07-2005,47.529998779296875,47.72999954223633,791100,48.06999969482422,48.04999923706055,21.19699478149414
06-07-2005,47.959999084472656,48.18000030517578,520100,48.400001525878906,48.029998779296875,21.188169479370117
07-07-2005,47.02000045776367,47.02000045776367,906400,48.22999954223633,48.220001220703125,21.271989822387695
08-07-2005,47.650001525878906,47.70000076293945,903800,48.43000030517578,48.2400016784668,21.280807495117188
11-07-2005,48.029998779296875,48.029998779296875,475700,48.529998779296875,48.380001068115234,21.34256935119629
12-07-2005,48.189998626708984,48.45000076293945,1400300,48.59000015258789,48.189998626708984,21.25874900817871
13-07-2005,48.15999984741211,48.2400016784668,733100,48.779998779296875,48.61000061035156,21.444032669067383
14-07-2005,48.11000061035156,48.599998474121094,1238500,48.68000030517578,48.5,21.395509719848633
15-07-2005,47.650001525878906,47.7599983215332,818700,48.22999954223633,47.9900016784668,21.17051887512207
18-07-2005,47.470001220703125,47.54999923706055,922900,47.849998474121094,47.63999938964844,21.01612091064453
19-07-2005,46.7599983215332,47.0,2125100,47.189998626708984,46.9900016784668,20.729381561279297
20-07-2005,46.459999084472656,46.83000183105469,1561000,47.130001068115234,47.040000915527344,20.75143814086914
21-07-2005,46.5099983215332,46.779998779296875,1095200,47.189998626708984,47.0,20.733789443969727
22-07-2005,46.290000915527344,46.38999938964844,1330600,46.56999969482422,46.5,20.513219833374023
25-07-2005,46.54999923706055,46.68000030517578,1176900,46.95000076293945,46.83000183105469,20.658788681030273
26-07-2005,46.20000076293945,46.5,1427000,46.54999923706055,46.470001220703125,20.499982833862305
27-07-2005,46.5,46.79999923706055,1155400,46.95000076293945,46.93000030517578,20.702903747558594
28-07-2005,46.86000061035156,47.099998474121094,2257600,47.77000045776367,47.650001525878906,21.02053451538086
29-07-2005,47.34000015258789,47.7400016784668,891300,47.95000076293945,47.439998626708984,20.927898406982422
01-08-2005,47.400001525878906,47.43000030517578,1729700,47.7400016784668,47.529998779296875,20.96759796142578
02-08-2005,47.59000015258789,47.61000061035156,1201000,47.91999816894531,47.849998474121094,21.108762741088867
03-08-2005,47.709999084472656,47.709999084472656,1292500,48.04999923706055,48.0,21.330059051513672
04-08-2005,47.790000915527344,48.08000183105469,976400,48.119998931884766,47.93000030517578,21.298959732055664
05-08-2005,47.5,47.86000061035156,567400,47.93000030517578,47.630001068115234,21.165647506713867
08-08-2005,47.869998931884766,48.040000915527344,665800,48.13999938964844,47.939998626708984,21.303394317626953
09-08-2005,47.529998779296875,47.59000015258789,1033800,47.790000915527344,47.720001220703125,21.205638885498047
10-08-2005,47.619998931884766,47.68000030517578,1305700,47.959999084472656,47.630001068115234,21.165647506713867
11-08-2005,47.630001068115234,47.650001525878906,464400,48.099998474121094,47.900001525878906,21.28561782836914
12-08-2005,47.65999984741211,47.68000030517578,1896000,48.04999923706055,47.880001068115234,21.2767333984375
15-08-2005,47.66999816894531,47.77000045776367,1634600,48.06999969482422,47.84000015258789,21.258960723876953
16-08-2005,47.77000045776367,48.0,776100,48.040000915527344,47.77000045776367,21.22785758972168
17-08-2005,47.86000061035156,48.189998626708984,987100,48.29999923706055,47.90999984741211,21.290077209472656
18-08-2005,48.2400016784668,48.380001068115234,1190700,48.4900016784668,48.290000915527344,21.458934783935547
19-08-2005,48.189998626708984,48.20000076293945,979700,48.54999923706055,48.209999084472656,21.423385620117188
22-08-2005,48.04999923706055,48.349998474121094,853100,48.439998626708984,48.29999923706055,21.463380813598633
23-08-2005,47.58000183105469,47.880001068115234,1509400,47.939998626708984,47.58000183105469,21.1434268951416
24-08-2005,47.209999084472656,47.630001068115234,694100,47.689998626708984,47.29999923706055,21.018997192382812
25-08-2005,47.650001525878906,47.86000061035156,632900,48.04999923706055,47.81999969482422,21.250072479248047
26-08-2005,47.369998931884766,47.70000076293945,565500,47.72999954223633,47.439998626708984,21.081205368041992
29-08-2005,47.0,47.0,436700,47.68000030517578,47.61000061035156,21.156757354736328
30-08-2005,47.75,47.810001373291016,967900,48.08000183105469,48.04999923706055,21.352275848388672
31-08-2005,47.900001525878906,47.95000076293945,846300,48.7400016784668,48.720001220703125,21.650020599365234
01-09-2005,48.959999084472656,48.959999084472656,809400,49.54999923706055,49.45000076293945,21.974409103393555
02-09-2005,49.41999816894531,49.470001220703125,570800,49.79999923706055,49.61000061035156,22.045507431030273
06-09-2005,50.11000061035156,50.380001068115234,969400,50.56999969482422,50.20000076293945,22.307687759399414
07-09-2005,50.25,50.349998474121094,1231900,50.63999938964844,50.4900016784668,22.43655776977539
08-09-2005,49.869998931884766,50.5,1274900,50.599998474121094,50.06999969482422,22.249921798706055
09-09-2005,50.38999938964844,50.41999816894531,2074800,50.709999084472656,50.54999923706055,22.463218688964844
12-09-2005,49.91999816894531,49.97999954223633,880900,50.540000915527344,50.2400016784668,22.325458526611328
13-09-2005,49.529998779296875,49.97999954223633,935800,49.97999954223633,49.58000183105469,22.03217887878418
14-09-2005,49.790000915527344,50.310001373291016,954400,50.36000061035156,50.0,22.218807220458984
15-09-2005,49.4900016784668,49.75,796700,49.7599983215332,49.619998931884766,22.049949645996094
16-09-2005,49.34000015258789,49.7599983215332,943700,49.7599983215332,49.650001525878906,22.063276290893555
19-09-2005,49.90999984741211,50.11000061035156,979500,50.18000030517578,50.0,22.218807220458984
20-09-2005,49.75,50.130001068115234,858800,50.2400016784668,49.84000015258789,22.147724151611328
21-09-2005,49.540000915527344,49.90999984741211,670400,49.959999084472656,49.650001525878906,22.063276290893555
22-09-2005,49.47999954223633,49.68000030517578,585100,49.90999984741211,49.7599983215332,22.112163543701172
23-09-2005,50.459999084472656,50.599998474121094,1044500,50.79999923706055,50.66999816894531,22.51654815673828
26-09-2005,50.93000030517578,51.0,1308000,51.33000183105469,51.220001220703125,22.760953903198242
27-09-2005,50.59000015258789,51.0099983215332,723100,51.060001373291016,50.810001373291016,22.57876205444336
28-09-2005,50.52000045776367,50.56999969482422,678200,50.97999954223633,50.91999816894531,22.627641677856445
29-09-2005,50.41999816894531,50.5099983215332,1061500,50.900001525878906,50.869998931884766,22.605422973632812
30-09-2005,50.88999938964844,51.16999816894531,1022700,51.349998474121094,51.279998779296875,22.787616729736328
03-10-2005,51.099998474121094,51.720001220703125,1257300,51.81999969482422,51.27000045776367,22.783187866210938
04-10-2005,51.150001525878906,51.33000183105469,572800,51.529998779296875,51.18000030517578,22.743181228637695
05-10-2005,50.900001525878906,51.540000915527344,736700,51.689998626708984,50.95000076293945,22.640972137451172
06-10-2005,51.13999938964844,51.779998779296875,1579200,51.880001068115234,51.400001525878906,22.84093475341797
07-10-2005,51.349998474121094,51.619998931884766,1161700,51.79999923706055,51.689998626708984,22.969810485839844
10-10-2005,50.83000183105469,51.09000015258789,715700,51.209999084472656,50.97999954223633,22.654298782348633
11-10-2005,50.0099983215332,50.61000061035156,1376500,50.72999954223633,50.130001068115234,22.276586532592773
12-10-2005,50.58000183105469,51.04999923706055,1034600,51.189998626708984,50.72999954223633,22.543210983276367
13-10-2005,50.13999938964844,50.38999938964844,1165200,50.72999954223633,50.459999084472656,22.423227310180664
14-10-2005,51.2599983215332,51.540000915527344,1104900,51.849998474121094,51.66999816894531,22.960920333862305
17-10-2005,50.630001068115234,50.900001525878906,1015600,50.95000076293945,50.72999954223633,22.543210983276367
18-10-2005,50.66999816894531,50.90999984741211,843600,51.5,51.189998626708984,22.747623443603516
19-10-2005,51.40999984741211,51.459999084472656,1173900,52.09000015258789,52.04999923706055,23.129779815673828
20-10-2005,50.5099983215332,50.54999923706055,1135500,51.02000045776367,50.529998779296875,22.45433807373047
21-10-2005,49.900001525878906,50.720001220703125,1043700,50.880001068115234,49.900001525878906,22.174375534057617
24-10-2005,50.4900016784668,50.4900016784668,864600,50.9900016784668,50.9900016784668,22.658748626708984
25-10-2005,49.7599983215332,50.209999084472656,1374400,50.33000183105469,49.790000915527344,22.125505447387695
26-10-2005,49.310001373291016,49.90999984741211,1230300,50.060001373291016,49.36000061035156,21.93441390991211
27-10-2005,51.20000076293945,51.66999816894531,2629100,52.20000076293945,51.34000015258789,22.81428337097168
28-10-2005,52.119998931884766,52.58000183105469,2931200,52.75,52.38999938964844,23.280864715576172
31-10-2005,51.7599983215332,52.400001525878906,2947200,52.52000045776367,51.9900016784668,23.103118896484375
01-11-2005,51.650001525878906,51.970001220703125,2147800,52.029998779296875,51.880001068115234,23.05423355102539
02-11-2005,51.43000030517578,51.43000030517578,992700,52.0,51.959999084472656,23.248882293701172
03-11-2005,52.099998474121094,52.349998474121094,1405500,52.79999923706055,52.43000030517578,23.459171295166016
04-11-2005,52.15999984741211,52.689998626708984,987600,52.79999923706055,52.630001068115234,23.548654556274414
07-11-2005,53.040000915527344,53.13999938964844,1233000,53.45000076293945,53.349998474121094,23.87081527709961
08-11-2005,52.91999816894531,53.150001525878906,838900,53.22999954223633,53.09000015258789,23.75447654724121
09-11-2005,52.72999954223633,52.869998931884766,759900,53.2599983215332,53.189998626708984,23.799226760864258
10-11-2005,53.25,53.68000030517578,1436200,53.79999923706055,53.369998931884766,23.87976837158203
11-11-2005,53.40999984741211,53.66999816894531,1245200,53.7599983215332,53.529998779296875,23.951356887817383
14-11-2005,52.880001068115234,53.29999923706055,980200,53.38999938964844,53.0,23.714214324951172
15-11-2005,52.29999923706055,52.61000061035156,1261100,52.79999923706055,52.31999969482422,23.409954071044922
16-11-2005,51.540000915527344,51.83000183105469,815900,51.91999816894531,51.84000015258789,23.1951904296875
17-11-2005,51.65999984741211,51.83000183105469,796400,52.189998626708984,52.04999923706055,23.289140701293945
18-11-2005,49.380001068115234,51.869998931884766,5695800,51.970001220703125,49.91999816894531,22.336095809936523
21-11-2005,48.97999954223633,49.29999923706055,4845500,49.45000076293945,49.15999984741211,21.99605369567871
22-11-2005,49.470001220703125,49.54999923706055,1572800,50.25,50.22999954223633,22.474807739257812
23-11-2005,50.25,50.45000076293945,706800,50.58000183105469,50.45000076293945,22.5732421875
25-11-2005,49.189998626708984,49.59000015258789,797500,49.79999923706055,49.529998779296875,22.161611557006836
28-11-2005,49.20000076293945,49.75,1377400,49.77000045776367,49.45000076293945,22.125810623168945
29-11-2005,49.7400016784668,50.369998931884766,1138900,50.369998931884766,49.939998626708984,22.345054626464844
30-11-2005,49.439998626708984,49.619998931884766,1790900,49.849998474121094,49.56999969482422,22.17949867248535
01-12-2005,50.09000015258789,50.09000015258789,1184800,50.540000915527344,50.470001220703125,22.582202911376953
02-12-2005,50.720001220703125,50.84000015258789,787300,51.119998931884766,51.040000915527344,22.83723258972168
05-12-2005,50.79999923706055,51.029998779296875,2351700,51.20000076293945,50.97999954223633,22.81038475036621
06-12-2005,50.400001525878906,50.650001525878906,893900,50.84000015258789,50.4900016784668,22.591142654418945
07-12-2005,49.880001068115234,49.97999954223633,812500,50.29999923706055,50.16999816894531,22.44795799255371
08-12-2005,49.75,50.279998779296875,1452600,50.95000076293945,50.68000030517578,22.676156997680664
09-12-2005,50.5099983215332,50.650001525878906,843800,50.91999816894531,50.66999816894531,22.67168426513672
12-12-2005,50.630001068115234,51.02000045776367,761000,51.09000015258789,51.029998779296875,22.832754135131836
13-12-2005,51.150001525878906,51.209999084472656,1729000,51.59000015258789,51.4900016784668,23.038578033447266
14-12-2005,51.25,51.41999816894531,1023100,51.70000076293945,51.4900016784668,23.038578033447266
15-12-2005,50.58000183105469,51.33000183105469,1075700,51.400001525878906,50.650001525878906,22.662729263305664
16-12-2005,51.529998779296875,51.529998779296875,1664500,52.0,51.61000061035156,23.092275619506836
19-12-2005,51.84000015258789,52.540000915527344,1892600,52.599998474121094,51.970001220703125,23.25335121154785
20-12-2005,51.650001525878906,52.400001525878906,1146400,52.43000030517578,51.84000015258789,23.1951904296875
21-12-2005,50.88999938964844,51.189998626708984,1399200,51.2599983215332,51.189998626708984,22.90435218811035
22-12-2005,50.869998931884766,51.0099983215332,1070700,51.119998931884766,50.970001220703125,22.805912017822266
23-12-2005,50.5,50.95000076293945,1262700,51.279998779296875,51.099998474121094,22.864076614379883
27-12-2005,50.720001220703125,51.25,576000,51.29999923706055,50.72999954223633,22.698532104492188
28-12-2005,50.650001525878906,51.2599983215332,776200,51.2599983215332,50.900001525878906,22.774595260620117
29-12-2005,50.790000915527344,50.97999954223633,681000,51.04999923706055,50.900001525878906,22.774595260620117
30-12-2005,50.43000030517578,50.650001525878906,590800,50.7400016784668,50.47999954223633,22.586671829223633
03-01-2006,50.029998779296875,50.43000030517578,1578800,51.09000015258789,50.959999084472656,22.801437377929688
04-01-2006,51.7400016784668,52.29999923706055,1601000,52.380001068115234,51.95000076293945,23.244400024414062
05-01-2006,51.790000915527344,52.709999084472656,1464400,52.790000915527344,51.95000076293945,23.244400024414062
06-01-2006,51.81999969482422,52.66999816894531,1035500,52.689998626708984,52.41999816894531,23.45469856262207
09-01-2006,52.41999816894531,53.0,1436500,53.04999923706055,52.77000045776367,23.61130142211914
10-01-2006,52.0,52.2400016784668,629900,52.54999923706055,52.18000030517578,23.347320556640625
11-01-2006,51.65999984741211,51.720001220703125,1523200,52.11000061035156,51.65999984741211,23.114635467529297
12-01-2006,51.16999816894531,51.16999816894531,1392800,51.560001373291016,51.369998931884766,22.984882354736328
13-01-2006,51.220001220703125,51.220001220703125,1986600,51.72999954223633,51.599998474121094,23.087800979614258
17-01-2006,51.029998779296875,51.20000076293945,1567200,51.33000183105469,51.099998474121094,22.864076614379883
18-01-2006,50.66999816894531,51.09000015258789,2030000,51.119998931884766,50.79999923706055,22.72984504699707
19-01-2006,50.400001525878906,50.470001220703125,752500,50.880001068115234,50.75,22.70747184753418
20-01-2006,50.09000015258789,50.70000076293945,1053300,50.70000076293945,50.150001525878906,22.439010620117188
23-01-2006,50.529998779296875,50.619998931884766,918200,50.900001525878906,50.709999084472656,22.689573287963867
24-01-2006,50.88999938964844,51.220001220703125,1463700,51.290000915527344,51.040000915527344,22.83723258972168
25-01-2006,51.040000915527344,51.400001525878906,992900,51.470001220703125,51.279998779296875,22.94462013244629
26-01-2006,51.06999969482422,51.18000030517578,832800,51.689998626708984,51.11000061035156,22.868558883666992
27-01-2006,51.9900016784668,52.56999969482422,1327700,52.66999816894531,52.15999984741211,23.338361740112305
30-01-2006,51.099998474121094,51.54999923706055,777700,51.630001068115234,51.189998626708984,22.90435218811035
31-01-2006,50.90999984741211,51.25,875000,51.29999923706055,51.2400016784668,22.926721572875977
01-02-2006,51.209999084472656,51.470001220703125,963300,51.70000076293945,51.27000045776367,22.940160751342773
02-02-2006,50.810001373291016,51.18000030517578,1196500,51.41999816894531,50.900001525878906,22.774595260620117
03-02-2006,50.880001068115234,51.279998779296875,2248600,51.40999984741211,50.970001220703125,22.805912017822266
06-02-2006,50.15999984741211,50.77000045776367,834200,50.91999816894531,50.5,22.59561538696289
07-02-2006,50.09000015258789,50.099998474121094,1057800,50.58000183105469,50.310001373291016,22.510604858398438
08-02-2006,50.650001525878906,50.9900016784668,1645200,51.209999084472656,50.95000076293945,22.796966552734375
09-02-2006,51.63999938964844,51.720001220703125,2506000,52.45000076293945,51.849998474121094,23.199661254882812
10-02-2006,51.36000061035156,52.400001525878906,1219500,52.45000076293945,51.52000045776367,23.052005767822266
13-02-2006,51.84000015258789,51.900001525878906,1780100,52.29999923706055,52.150001525878906,23.33388900756836
14-02-2006,51.20000076293945,51.29999923706055,1131700,51.75,51.689998626708984,23.128068923950195
15-02-2006,50.90999984741211,51.150001525878906,1060700,51.349998474121094,51.13999938964844,23.100059509277344
16-02-2006,50.70000076293945,50.720001220703125,1070800,51.34000015258789,51.31999969482422,23.18136215209961
17-02-2006,50.70000076293945,50.880001068115234,855900,51.349998474121094,51.22999954223633,23.140710830688477
21-02-2006,51.0099983215332,51.5099983215332,966600,51.58000183105469,51.02000045776367,23.04586410522461
22-02-2006,50.81999969482422,51.4900016784668,1603600,51.79999923706055,50.9900016784668,23.032310485839844
23-02-2006,51.27000045776367,51.400001525878906,1353100,52.040000915527344,51.720001220703125,23.362049102783203
24-02-2006,50.90999984741211,51.310001373291016,1527200,51.31999969482422,51.099998474121094,23.081993103027344
27-02-2006,50.58000183105469,50.58000183105469,1275300,51.27000045776367,51.18000030517578,23.118135452270508
28-02-2006,50.650001525878906,50.779998779296875,1127600,51.150001525878906,50.81999969482422,22.95551872253418
01-03-2006,51.220001220703125,51.470001220703125,1424300,51.52000045776367,51.38999938964844,23.21299171447754
02-03-2006,50.95000076293945,51.380001068115234,1107100,51.66999816894531,51.650001525878906,23.330434799194336
03-03-2006,51.790000915527344,51.900001525878906,1001900,52.45000076293945,52.02000045776367,23.497560501098633
06-03-2006,51.88999938964844,52.27000045776367,990000,52.33000183105469,52.130001068115234,23.547252655029297
07-03-2006,51.650001525878906,51.650001525878906,1183800,52.470001220703125,52.34000015258789,23.642108917236328
08-03-2006,53.0,53.2400016784668,2081900,53.63999938964844,53.59000015258789,24.20673370361328
09-03-2006,53.849998474121094,54.099998474121094,1805800,54.63999938964844,54.0,24.391939163208008
10-03-2006,53.83000183105469,53.93000030517578,1684000,54.560001373291016,54.400001525878906,24.57261848449707
13-03-2006,54.08000183105469,54.5,1906500,54.72999954223633,54.650001525878906,24.68553924560547
14-03-2006,54.599998474121094,54.650001525878906,1313300,54.97999954223633,54.939998626708984,24.8165340423584
15-03-2006,54.349998474121094,54.779998779296875,1152900,54.86000061035156,54.68000030517578,24.699085235595703
16-03-2006,54.09000015258789,54.099998474121094,1630900,54.619998931884766,54.52000045776367,24.626802444458008
17-03-2006,54.119998931884766,54.36000061035156,962300,54.470001220703125,54.470001220703125,24.604236602783203
20-03-2006,54.15999984741211,54.29999923706055,1041500,54.4900016784668,54.33000183105469,24.54099464416504
21-03-2006,53.36000061035156,53.54999923706055,1308800,53.83000183105469,53.63999938964844,24.22931671142578
22-03-2006,53.70000076293945,53.939998626708984,1106000,54.040000915527344,54.0,24.391939163208008
23-03-2006,52.83000183105469,53.400001525878906,1078800,53.47999954223633,53.0099983215332,23.94474983215332
24-03-2006,53.41999816894531,53.5099983215332,928300,53.790000915527344,53.70000076293945,24.256423950195312
27-03-2006,53.08000183105469,53.380001068115234,738200,53.5,53.20000076293945,24.030563354492188
28-03-2006,52.5,52.79999923706055,998300,53.0099983215332,52.650001525878906,23.782129287719727
29-03-2006,52.06999969482422,52.36000061035156,1327600,52.400001525878906,52.2599983215332,23.605981826782227
30-03-2006,52.369998931884766,52.459999084472656,1123800,52.869998931884766,52.630001068115234,23.77309226989746
31-03-2006,52.25,52.83000183105469,1075200,52.84000015258789,52.310001373291016,23.62855339050293
03-04-2006,52.84000015258789,53.130001068115234,1077600,53.27000045776367,52.84000015258789,23.86795425415039
04-04-2006,52.38999938964844,52.72999954223633,1335900,52.86000061035156,52.599998474121094,23.759540557861328
05-04-2006,52.2400016784668,52.310001373291016,1011600,52.63999938964844,52.349998474121094,23.646625518798828
06-04-2006,51.66999816894531,52.0,1449700,52.09000015258789,51.869998931884766,23.4298152923584
07-04-2006,51.34000015258789,51.95000076293945,980300,52.13999938964844,51.47999954223633,23.253639221191406
10-04-2006,51.9900016784668,52.5,1176000,52.66999816894531,52.150001525878906,23.55628204345703
11-04-2006,51.7400016784668,52.58000183105469,806300,52.66999816894531,51.849998474121094,23.4207706451416
12-04-2006,51.81999969482422,52.45000076293945,956900,52.47999954223633,52.029998779296875,23.5020751953125
13-04-2006,52.119998931884766,52.16999816894531,816600,52.47999954223633,52.290000915527344,23.619525909423828
17-04-2006,52.31999969482422,52.400001525878906,776800,52.689998626708984,52.380001068115234,23.660179138183594
18-04-2006,52.40999984741211,52.720001220703125,1299300,52.84000015258789,52.83000183105469,23.863441467285156
19-04-2006,52.75,52.75,969400,53.29999923706055,53.2599983215332,24.057661056518555
20-04-2006,52.95000076293945,52.959999084472656,985800,53.439998626708984,53.13999938964844,24.003467559814453
21-04-2006,52.939998626708984,53.15999984741211,860100,53.41999816894531,53.0099983215332,23.94474983215332
24-04-2006,52.5,52.70000076293945,903900,52.93000030517578,52.900001525878906,23.895061492919922
25-04-2006,52.95000076293945,53.380001068115234,887900,53.40999984741211,52.970001220703125,23.926673889160156
26-04-2006,52.77000045776367,53.290000915527344,1138500,53.56999969482422,53.06999969482422,23.971845626831055
27-04-2006,54.88999938964844,55.189998626708984,3775100,55.779998779296875,55.45000076293945,25.04690170288086
28-04-2006,56.38999938964844,56.400001525878906,3676900,57.099998474121094,56.880001068115234,25.692842483520508
01-05-2006,56.529998779296875,56.54999923706055,1454800,57.029998779296875,56.599998474121094,25.56635856628418
02-05-2006,56.849998474121094,56.849998474121094,1208500,57.220001220703125,57.040000915527344,25.765104293823242
03-05-2006,56.630001068115234,56.63999938964844,1157800,57.13999938964844,56.900001525878906,25.701862335205078
04-05-2006,56.7400016784668,56.81999969482422,1270200,57.06999969482422,56.97999954223633,25.737995147705078
05-05-2006,57.040000915527344,57.41999816894531,891600,57.5099983215332,57.38999938964844,25.923200607299805
08-05-2006,56.849998474121094,56.849998474121094,893300,57.279998779296875,57.099998474121094,25.792207717895508
09-05-2006,57.790000915527344,58.0,1155400,58.2400016784668,57.880001068115234,26.144542694091797
10-05-2006,57.06999969482422,57.599998474121094,1405300,57.709999084472656,57.16999816894531,26.0003719329834
11-05-2006,56.939998626708984,57.15999984741211,1125100,57.43000030517578,56.9900016784668,25.91851043701172
12-05-2006,56.900001525878906,57.54999923706055,1209000,57.93000030517578,57.0,25.923049926757812
15-05-2006,56.720001220703125,56.86000061035156,976200,57.5,57.08000183105469,25.95943260192871
16-05-2006,57.79999923706055,58.0,1915300,58.400001525878906,58.380001068115234,26.55066680908203
17-05-2006,56.720001220703125,57.63999938964844,2006300,58.209999084472656,56.970001220703125,25.90941047668457
18-05-2006,56.599998474121094,57.130001068115234,836000,57.20000076293945,56.61000061035156,25.745695114135742
19-05-2006,55.79999923706055,56.20000076293945,972100,56.59000015258789,56.439998626708984,25.668373107910156
22-05-2006,55.36000061035156,56.15999984741211,1552600,56.43000030517578,55.86000061035156,25.40459632873535
23-05-2006,55.38999938964844,55.599998474121094,1429700,56.119998931884766,55.869998931884766,25.40913963317871
24-05-2006,54.33000183105469,55.22999954223633,2083700,55.43000030517578,55.0099983215332,25.01802635192871
25-05-2006,55.04999923706055,55.459999084472656,1143400,55.68000030517578,55.66999816894531,25.31818199157715
26-05-2006,55.209999084472656,55.31999969482422,1089300,55.900001525878906,55.66999816894531,25.31818199157715
30-05-2006,54.90999984741211,55.5,867300,55.91999816894531,55.029998779296875,25.02712059020996
31-05-2006,55.0,55.599998474121094,1076600,55.61000061035156,55.29999923706055,25.149913787841797
01-06-2006,54.77000045776367,54.790000915527344,830400,56.0,55.97999954223633,25.45916748046875
02-06-2006,55.63999938964844,55.689998626708984,1622600,56.150001525878906,55.9900016784668,25.463716506958008
05-06-2006,55.70000076293945,55.9900016784668,2015400,56.349998474121094,55.79999923706055,25.37730598449707
06-06-2006,55.22999954223633,55.91999816894531,945000,55.95000076293945,55.4900016784668,25.236326217651367
07-06-2006,55.939998626708984,56.27000045776367,2306100,56.65999984741211,56.0,25.4682674407959
08-06-2006,54.5,55.15999984741211,1749700,55.540000915527344,55.400001525878906,25.195398330688477
09-06-2006,54.619998931884766,54.970001220703125,1263700,55.2599983215332,54.650001525878906,24.854299545288086
12-06-2006,54.029998779296875,54.54999923706055,910900,54.709999084472656,54.060001373291016,24.585969924926758
13-06-2006,53.84000015258789,54.02000045776367,993600,54.52000045776367,54.349998474121094,24.717872619628906
14-06-2006,54.119998931884766,54.54999923706055,1355100,54.75,54.38999938964844,24.73604965209961
15-06-2006,53.77000045776367,54.2400016784668,2238700,54.59000015258789,54.59000015258789,24.827001571655273
16-06-2006,53.54999923706055,53.75,1058500,54.130001068115234,53.84000015258789,24.485919952392578
19-06-2006,53.59000015258789,54.02000045776367,1099900,54.13999938964844,54.040000915527344,24.576873779296875
20-06-2006,54.2400016784668,54.45000076293945,729300,54.779998779296875,54.4900016784668,24.78153419494629
21-06-2006,54.7599983215332,54.970001220703125,1556900,55.15999984741211,54.90999984741211,24.972549438476562
22-06-2006,54.22999954223633,54.459999084472656,759400,54.779998779296875,54.400001525878906,24.74060821533203
23-06-2006,53.720001220703125,53.779998779296875,585300,54.349998474121094,54.130001068115234,24.61781120300293
26-06-2006,53.459999084472656,53.720001220703125,908000,54.040000915527344,53.97999954223633,24.549575805664062
27-06-2006,53.029998779296875,53.720001220703125,721700,53.869998931884766,53.220001220703125,24.203948974609375
28-06-2006,53.25,53.400001525878906,522300,53.66999816894531,53.599998474121094,24.37677001953125
29-06-2006,53.7599983215332,53.86000061035156,1089600,54.9900016784668,54.959999084472656,24.995283126831055
30-06-2006,55.560001373291016,55.61000061035156,1234600,56.13999938964844,55.79999923706055,25.37730598449707
03-07-2006,55.68000030517578,55.869998931884766,417000,56.11000061035156,55.900001525878906,25.422786712646484
05-07-2006,54.88999938964844,55.0,848700,55.630001068115234,55.560001373291016,25.26816177368164
06-07-2006,56.18000030517578,56.5,755300,56.7400016784668,56.38999938964844,25.6456241607666
07-07-2006,56.650001525878906,56.779998779296875,741200,57.06999969482422,56.849998474121094,25.854843139648438
10-07-2006,56.29999923706055,56.5,791200,56.79999923706055,56.61000061035156,25.745695114135742
11-07-2006,55.86000061035156,56.4900016784668,1244400,56.599998474121094,56.459999084472656,25.677471160888672
12-07-2006,55.150001525878906,55.7599983215332,1129700,55.880001068115234,55.25,25.127178192138672
13-07-2006,54.369998931884766,54.81999969482422,1538700,54.90999984741211,54.45000076293945,24.76334571838379
14-07-2006,53.81999969482422,54.16999816894531,1029300,54.52000045776367,54.06999969482422,24.590524673461914
17-07-2006,53.56999969482422,53.72999954223633,857800,54.20000076293945,54.029998779296875,24.572324752807617
18-07-2006,54.380001068115234,54.72999954223633,1067300,54.779998779296875,54.7400016784668,24.895233154296875
19-07-2006,53.869998931884766,53.88999938964844,1057300,55.29999923706055,55.13999938964844,25.0771541595459
20-07-2006,54.88999938964844,55.380001068115234,875600,55.459999084472656,54.90999984741211,24.972549438476562
21-07-2006,55.34000015258789,55.68000030517578,926400,55.810001373291016,55.349998474121094,25.17264747619629
24-07-2006,55.11000061035156,55.150001525878906,2491900,56.279998779296875,56.040000915527344,25.48645782470703
25-07-2006,56.18000030517578,56.86000061035156,1391500,57.189998626708984,56.90999984741211,25.882131576538086
26-07-2006,55.2400016784668,55.79999923706055,2175800,56.08000183105469,56.040000915527344,25.48645782470703
27-07-2006,54.939998626708984,55.15999984741211,1332600,55.540000915527344,55.279998779296875,25.140811920166016
28-07-2006,55.31999969482422,55.33000183105469,852200,55.880001068115234,55.619998931884766,25.295440673828125
31-07-2006,55.2400016784668,55.41999816894531,867300,55.619998931884766,55.33000183105469,25.163562774658203
01-08-2006,54.34000015258789,54.630001068115234,1295400,55.0,54.779998779296875,24.913423538208008
02-08-2006,53.529998779296875,53.779998779296875,1801700,54.0,53.79999923706055,24.650421142578125
03-08-2006,53.5,53.650001525878906,1097900,53.9900016784668,53.88999938964844,24.691654205322266
04-08-2006,54.59000015258789,54.72999954223633,833000,55.09000015258789,54.650001525878906,25.039878845214844
07-08-2006,54.060001373291016,54.439998626708984,922400,54.61000061035156,54.16999816894531,24.819948196411133
08-08-2006,54.040000915527344,54.209999084472656,961400,54.41999816894531,54.27000045776367,24.865772247314453
09-08-2006,54.540000915527344,54.709999084472656,724500,54.9900016784668,54.540000915527344,24.989482879638672
10-08-2006,54.43000030517578,54.529998779296875,844900,55.13999938964844,55.099998474121094,25.246063232421875
11-08-2006,54.79999923706055,54.86000061035156,616800,55.099998474121094,55.040000915527344,25.21857452392578
14-08-2006,55.04999923706055,55.04999923706055,845200,55.599998474121094,55.099998474121094,25.246063232421875
15-08-2006,55.45000076293945,55.810001373291016,908500,55.810001373291016,55.5099983215332,25.43392562866211
16-08-2006,55.369998931884766,55.400001525878906,1210100,55.900001525878906,55.630001068115234,25.48890495300293
17-08-2006,54.650001525878906,55.22999954223633,797200,55.310001373291016,54.869998931884766,25.140682220458984
18-08-2006,54.2599983215332,54.52000045776367,1148500,54.599998474121094,54.439998626708984,24.943660736083984
21-08-2006,54.41999816894531,54.86000061035156,1820300,54.86000061035156,54.47999954223633,24.96198081970215
22-08-2006,53.849998474121094,53.900001525878906,1867100,54.400001525878906,54.18000030517578,24.82453155517578
23-08-2006,53.849998474121094,54.20000076293945,945200,54.43000030517578,53.90999984741211,24.700817108154297
24-08-2006,54.619998931884766,54.86000061035156,1405500,55.029998779296875,54.880001068115234,25.145265579223633
25-08-2006,54.27000045776367,54.29999923706055,840800,54.709999084472656,54.54999923706055,24.994054794311523
28-08-2006,54.63999938964844,54.68000030517578,651700,55.20000076293945,55.08000183105469,25.236907958984375
29-08-2006,55.380001068115234,55.68000030517578,1337500,55.86000061035156,55.79999923706055,25.56679344177246
30-08-2006,56.720001220703125,56.90999984741211,1532100,57.099998474121094,57.0099983215332,26.121191024780273
31-08-2006,56.4900016784668,56.79999923706055,871700,56.939998626708984,56.779998779296875,26.01582145690918
01-09-2006,56.52000045776367,56.599998474121094,647100,56.970001220703125,56.7599983215332,26.006656646728516
05-09-2006,55.97999954223633,56.060001373291016,760200,56.599998474121094,56.439998626708984,25.860031127929688
06-09-2006,55.529998779296875,55.790000915527344,587900,55.869998931884766,55.650001525878906,25.498069763183594
07-09-2006,54.720001220703125,54.86000061035156,676100,55.2599983215332,54.7599983215332,25.090280532836914
08-09-2006,54.7599983215332,54.90999984741211,730600,55.16999816894531,55.08000183105469,25.236907958984375
11-09-2006,54.56999969482422,54.97999954223633,620100,55.349998474121094,55.25,25.31479263305664
12-09-2006,55.880001068115234,56.0,1008800,56.540000915527344,56.459999084472656,25.869203567504883
13-09-2006,55.31999969482422,55.779998779296875,765400,55.93000030517578,55.79999923706055,25.56679344177246
14-09-2006,55.27000045776367,55.43000030517578,742900,55.650001525878906,55.400001525878906,25.383525848388672
15-09-2006,54.72999954223633,55.0,3420000,56.220001220703125,55.349998474121094,25.360599517822266
18-09-2006,54.9900016784668,55.029998779296875,1336400,55.650001525878906,55.58000183105469,25.46599769592285
19-09-2006,53.95000076293945,54.41999816894531,2091100,54.41999816894531,54.31999969482422,24.8886775970459
20-09-2006,54.0099983215332,54.040000915527344,1581300,54.25,54.04999923706055,24.764965057373047
21-09-2006,53.88999938964844,54.40999984741211,1542500,54.41999816894531,54.0,24.742061614990234
22-09-2006,53.75,54.06999969482422,1288800,54.2400016784668,53.9900016784668,24.737472534179688
25-09-2006,53.7400016784668,54.20000076293945,1899800,54.470001220703125,54.310001373291016,24.884096145629883
26-09-2006,53.970001220703125,54.11000061035156,1516000,54.439998626708984,54.400001525878906,24.92534065246582
27-09-2006,53.619998931884766,53.95000076293945,1244100,54.279998779296875,53.790000915527344,24.645837783813477
28-09-2006,53.290000915527344,53.540000915527344,1055900,53.58000183105469,53.54999923706055,24.535873413085938
29-09-2006,52.88999938964844,53.15999984741211,1414900,53.560001373291016,53.22999954223633,24.389251708984375
02-10-2006,53.86000061035156,53.959999084472656,1297300,54.56999969482422,54.310001373291016,24.884096145629883
03-10-2006,54.61000061035156,54.720001220703125,1565100,55.150001525878906,55.040000915527344,25.21857452392578
04-10-2006,54.47999954223633,54.540000915527344,822200,54.959999084472656,54.900001525878906,25.154434204101562
05-10-2006,53.77000045776367,54.060001373291016,1257500,54.18000030517578,53.95000076293945,24.71915054321289
06-10-2006,54.0,54.66999816894531,923900,54.66999816894531,54.310001373291016,24.884096145629883
09-10-2006,54.119998931884766,54.47999954223633,1169100,54.54999923706055,54.33000183105469,24.893260955810547
10-10-2006,53.959999084472656,54.33000183105469,731200,54.34000015258789,54.119998931884766,24.797040939331055
11-10-2006,54.08000183105469,54.13999938964844,1007500,54.630001068115234,54.369998931884766,24.91158676147461
12-10-2006,54.119998931884766,54.45000076293945,2532600,54.599998474121094,54.27000045776367,24.865772247314453
13-10-2006,53.849998474121094,54.13999938964844,1326000,54.20000076293945,54.0,24.742061614990234
16-10-2006,54.2599983215332,54.540000915527344,1499700,54.56999969482422,54.41999816894531,24.934499740600586
17-10-2006,54.709999084472656,55.11000061035156,932000,55.11000061035156,54.880001068115234,25.145265579223633
18-10-2006,54.970001220703125,55.04999923706055,978700,55.31999969482422,55.189998626708984,25.28729820251465
19-10-2006,55.70000076293945,56.0099983215332,1636200,56.38999938964844,55.959999084472656,25.640106201171875
20-10-2006,55.61000061035156,55.849998474121094,870500,56.220001220703125,56.20000076293945,25.75007438659668
23-10-2006,55.63999938964844,55.63999938964844,661500,56.08000183105469,56.029998779296875,25.672176361083984
24-10-2006,55.54999923706055,55.66999816894531,1397200,55.86000061035156,55.630001068115234,25.48890495300293
25-10-2006,56.02000045776367,56.83000183105469,2323000,56.869998931884766,56.11000061035156,25.708829879760742
26-10-2006,54.22999954223633,54.56999969482422,2784100,54.869998931884766,54.849998474121094,25.131511688232422
27-10-2006,53.189998626708984,53.86000061035156,3936100,53.86000061035156,53.279998779296875,24.412166595458984
30-10-2006,52.83000183105469,53.119998931884766,2341500,53.54999923706055,53.209999084472656,24.38009262084961
31-10-2006,52.900001525878906,53.529998779296875,1590000,53.59000015258789,53.25,24.398414611816406
01-11-2006,52.83000183105469,53.150001525878906,1554600,53.22999954223633,52.97999954223633,24.482065200805664
02-11-2006,53.7400016784668,54.09000015258789,2508600,54.189998626708984,53.93000030517578,24.921049118041992
03-11-2006,53.209999084472656,53.56999969482422,845400,53.61000061035156,53.29999923706055,24.629932403564453
06-11-2006,53.36000061035156,53.52000045776367,814100,53.79999923706055,53.75,24.83787727355957
07-11-2006,54.099998474121094,54.29999923706055,1442800,54.5,54.209999084472656,25.05044174194336
08-11-2006,53.13999938964844,53.220001220703125,1683300,53.4900016784668,53.27000045776367,24.61606788635254
09-11-2006,51.31999969482422,52.720001220703125,3043600,52.83000183105469,51.5,23.798152923583984
10-11-2006,51.619998931884766,51.88999938964844,2247200,52.16999816894531,51.959999084472656,24.01071548461914
13-11-2006,51.61000061035156,51.650001525878906,1183300,52.11000061035156,51.790000915527344,23.93216323852539
14-11-2006,51.349998474121094,51.709999084472656,2009900,52.150001525878906,52.0,24.029199600219727
15-11-2006,51.2599983215332,51.459999084472656,2383700,51.810001373291016,51.54999923706055,23.821260452270508
16-11-2006,51.52000045776367,51.599998474121094,1024900,52.0099983215332,51.970001220703125,24.015342712402344
17-11-2006,51.7400016784668,51.75,1439900,52.13999938964844,52.0,24.029199600219727
20-11-2006,51.81999969482422,51.83000183105469,1503000,52.189998626708984,51.959999084472656,24.01071548461914
21-11-2006,51.29999923706055,51.83000183105469,1114900,51.83000183105469,51.40999984741211,23.75657081604004
22-11-2006,51.18000030517578,51.439998626708984,1425100,51.599998474121094,51.54999923706055,23.821260452270508
24-11-2006,51.61000061035156,51.720001220703125,366800,51.90999984741211,51.650001525878906,23.86746597290039
27-11-2006,51.369998931884766,51.81999969482422,945600,51.86000061035156,51.47999954223633,23.788908004760742
28-11-2006,51.540000915527344,51.97999954223633,1248000,52.150001525878906,51.86000061035156,23.96450424194336
29-11-2006,52.9900016784668,53.47999954223633,2819700,53.630001068115234,53.25,24.60681915283203
30-11-2006,53.04999923706055,53.63999938964844,940700,53.63999938964844,53.130001068115234,24.551374435424805
01-12-2006,53.119998931884766,53.54999923706055,1600900,53.7400016784668,53.72999954223633,24.82863998413086
04-12-2006,52.70000076293945,53.119998931884766,1915100,53.56999969482422,53.33000183105469,24.643795013427734
05-12-2006,52.630001068115234,52.650001525878906,1641800,52.970001220703125,52.81999969482422,24.40811538696289
06-12-2006,52.36000061035156,52.619998931884766,1485900,52.720001220703125,52.40999984741211,24.21864891052246
07-12-2006,52.5099983215332,52.75,1168700,52.84000015258789,52.54999923706055,24.283363342285156
08-12-2006,52.36000061035156,52.439998626708984,1664800,52.75,52.52000045776367,24.269489288330078
11-12-2006,52.25,52.41999816894531,873200,52.459999084472656,52.43000030517578,24.2278995513916
12-12-2006,52.619998931884766,52.75,1006900,53.09000015258789,53.0,24.491304397583008
13-12-2006,52.599998474121094,52.70000076293945,920200,52.95000076293945,52.90999984741211,24.449710845947266
14-12-2006,52.66999816894531,52.84000015258789,795500,52.90999984741211,52.7599983215332,24.380401611328125
15-12-2006,51.79999923706055,52.56999969482422,1620800,52.599998474121094,51.93000030517578,23.996854782104492
18-12-2006,52.13999938964844,52.59000015258789,1153800,52.59000015258789,52.290000915527344,24.1632080078125
19-12-2006,52.029998779296875,52.290000915527344,656400,52.45000076293945,52.41999816894531,24.22327423095703
20-12-2006,52.09000015258789,52.31999969482422,799300,52.5099983215332,52.290000915527344,24.1632080078125
21-12-2006,51.83000183105469,51.83000183105469,709900,52.310001373291016,52.13999938964844,24.09389305114746
22-12-2006,51.90999984741211,51.95000076293945,701500,52.599998474121094,52.38999938964844,24.20941734313965
26-12-2006,52.13999938964844,52.38999938964844,355600,52.470001220703125,52.36000061035156,24.195558547973633
27-12-2006,52.47999954223633,52.75,729900,52.77000045776367,52.63999938964844,24.3249454498291
28-12-2006,52.380001068115234,52.63999938964844,482900,52.75,52.540000915527344,24.278738021850586
29-12-2006,52.5,52.70000076293945,478900,52.86000061035156,52.7599983215332,24.380401611328125
03-01-2007,53.650001525878906,53.790000915527344,2085500,54.11000061035156,53.810001373291016,24.865596771240234
04-01-2007,54.380001068115234,54.470001220703125,2524000,54.95000076293945,54.720001220703125,25.2861270904541
05-01-2007,53.59000015258789,54.349998474121094,1108500,54.41999816894531,53.959999084472656,24.934917449951172
08-01-2007,52.56999969482422,52.880001068115234,1580100,53.0099983215332,52.65999984741211,24.33418846130371
09-01-2007,52.529998779296875,52.95000076293945,1411600,52.970001220703125,52.66999816894531,24.33879852294922
10-01-2007,52.439998626708984,52.61000061035156,1001000,52.79999923706055,52.72999954223633,24.366544723510742
11-01-2007,52.72999954223633,52.849998474121094,1140900,53.220001220703125,53.06999969482422,24.52364158630371
12-01-2007,53.5099983215332,53.58000183105469,1743200,53.880001068115234,53.75,24.83787727355957
16-01-2007,54.41999816894531,54.900001525878906,2167700,54.900001525878906,54.540000915527344,25.20293426513672
17-01-2007,55.0099983215332,55.29999923706055,2086900,55.459999084472656,55.22999954223633,25.521778106689453
18-01-2007,55.560001373291016,56.08000183105469,2356500,56.11000061035156,55.75,25.76207733154297
19-01-2007,55.720001220703125,55.72999954223633,1620200,56.08000183105469,55.95000076293945,25.854501724243164
22-01-2007,55.459999084472656,55.880001068115234,1793100,55.97999954223633,55.59000015258789,25.688133239746094
23-01-2007,55.380001068115234,55.43000030517578,1254600,55.959999084472656,55.58000183105469,25.683523178100586
24-01-2007,55.36000061035156,55.36000061035156,826800,55.7400016784668,55.630001068115234,25.706626892089844
25-01-2007,54.779998779296875,55.5,2601600,55.5099983215332,54.849998474121094,25.346179962158203
26-01-2007,54.29999923706055,54.709999084472656,1413100,54.720001220703125,54.61000061035156,25.23528289794922
29-01-2007,54.439998626708984,54.47999954223633,868600,54.790000915527344,54.52000045776367,25.193695068359375
30-01-2007,54.369998931884766,54.47999954223633,1333100,54.689998626708984,54.599998474121094,25.230669021606445
31-01-2007,53.5,53.77000045776367,1485600,54.18000030517578,54.130001068115234,25.013473510742188
01-02-2007,54.61000061035156,54.790000915527344,1972400,55.220001220703125,54.709999084472656,25.281494140625
02-02-2007,55.5099983215332,55.79999923706055,2308700,56.0099983215332,55.810001373291016,25.78980255126953
05-02-2007,54.86000061035156,55.029998779296875,1714400,55.29999923706055,55.13999938964844,25.48019027709961
06-02-2007,55.380001068115234,55.66999816894531,1195300,55.75,55.560001373291016,25.674274444580078
07-02-2007,55.04999923706055,55.20000076293945,1264600,55.400001525878906,55.349998474121094,25.577224731445312
08-02-2007,55.689998626708984,56.06999969482422,2568400,56.11000061035156,55.84000015258789,25.80366325378418
09-02-2007,56.36000061035156,56.65999984741211,2309900,56.810001373291016,56.380001068115234,26.053197860717773
12-02-2007,56.380001068115234,57.13999938964844,1766800,57.150001525878906,56.7400016784668,26.219552993774414
13-02-2007,57.290000915527344,57.349998474121094,3147300,57.970001220703125,57.81999969482422,26.718618392944336
14-02-2007,57.79999923706055,57.83000183105469,3961900,58.7400016784668,58.369998931884766,27.232770919799805
15-02-2007,57.09000015258789,58.0,1709500,58.13999938964844,57.650001525878906,26.896854400634766
16-02-2007,57.5,58.09000015258789,1514100,58.150001525878906,57.779998779296875,26.957496643066406
20-02-2007,57.970001220703125,58.22999954223633,2312400,58.400001525878906,58.0,27.060138702392578
21-02-2007,56.939998626708984,57.22999954223633,1798200,57.54999923706055,57.099998474121094,26.64023780822754
22-02-2007,56.29999923706055,56.459999084472656,1432400,56.720001220703125,56.36000061035156,26.29499053955078
23-02-2007,56.599998474121094,56.7400016784668,1456100,57.060001373291016,56.91999816894531,26.556259155273438
26-02-2007,56.77000045776367,57.22999954223633,1248100,57.36000061035156,56.90999984741211,26.551591873168945
27-02-2007,55.0099983215332,56.45000076293945,1759300,56.720001220703125,55.70000076293945,25.987062454223633
28-02-2007,56.04999923706055,56.22999954223633,3162300,56.86000061035156,56.13999938964844,26.192350387573242
01-03-2007,55.560001373291016,55.810001373291016,1832300,56.220001220703125,55.869998931884766,26.06637191772461
02-03-2007,54.459999084472656,54.720001220703125,1965500,55.29999923706055,54.61000061035156,25.478525161743164
05-03-2007,53.849998474121094,53.93000030517578,1713800,54.459999084472656,53.970001220703125,25.179927825927734
06-03-2007,54.25,54.31999969482422,1476100,55.040000915527344,54.9900016784668,25.655813217163086
07-03-2007,54.70000076293945,54.77000045776367,949000,55.27000045776367,55.06999969482422,25.693143844604492
08-03-2007,55.45000076293945,55.58000183105469,2398800,56.09000015258789,55.630001068115234,25.95440673828125
09-03-2007,55.349998474121094,55.83000183105469,1622500,55.86000061035156,55.59000015258789,25.935745239257812
12-03-2007,55.4900016784668,55.4900016784668,1071400,56.04999923706055,56.0,26.127025604248047
13-03-2007,55.0,55.720001220703125,2623600,56.279998779296875,55.25,25.77711296081543
14-03-2007,54.099998474121094,54.84000015258789,1760700,55.09000015258789,54.83000183105469,25.581167221069336
15-03-2007,54.40999984741211,54.47999954223633,1296000,55.029998779296875,54.720001220703125,25.52983856201172
16-03-2007,54.45000076293945,54.880001068115234,1457400,55.119998931884766,54.54999923706055,25.450531005859375
19-03-2007,54.2599983215332,54.689998626708984,1029100,55.11000061035156,54.790000915527344,25.562498092651367
20-03-2007,54.790000915527344,54.790000915527344,1341400,55.720001220703125,55.619998931884766,25.949739456176758
21-03-2007,55.41999816894531,55.72999954223633,1291100,56.380001068115234,56.25,26.24366569519043
22-03-2007,55.33000183105469,55.540000915527344,1106600,55.72999954223633,55.47999954223633,25.884428024291992
23-03-2007,54.61000061035156,55.150001525878906,1554200,55.2599983215332,54.84000015258789,25.58582878112793
26-03-2007,54.68000030517578,55.09000015258789,867600,55.2599983215332,55.15999984741211,25.735122680664062
27-03-2007,54.0,54.11000061035156,1194100,54.7400016784668,54.630001068115234,25.487857818603516
28-03-2007,54.040000915527344,54.380001068115234,827000,54.58000183105469,54.040000915527344,25.212589263916016
29-03-2007,54.31999969482422,54.45000076293945,1109500,54.810001373291016,54.54999923706055,25.450531005859375
30-03-2007,54.52000045776367,54.79999923706055,3198500,55.290000915527344,55.2599983215332,25.781787872314453
02-04-2007,54.95000076293945,55.2400016784668,679400,55.310001373291016,55.189998626708984,25.74911880493164
03-04-2007,55.400001525878906,55.459999084472656,628100,55.7400016784668,55.72999954223633,26.00106430053711
04-04-2007,55.54999923706055,55.54999923706055,673700,56.099998474121094,56.099998474121094,26.17368507385254
05-04-2007,55.720001220703125,55.810001373291016,687100,56.29999923706055,56.2400016784668,26.239009857177734
09-04-2007,56.0,56.20000076293945,611300,56.380001068115234,56.119998931884766,26.183025360107422
10-04-2007,55.90999984741211,56.220001220703125,654800,56.279998779296875,55.95000076293945,26.10370635986328
11-04-2007,55.7599983215332,56.20000076293945,1361900,56.20000076293945,55.93000030517578,26.094377517700195
12-04-2007,56.59000015258789,56.61000061035156,1521900,57.08000183105469,57.06999969482422,26.626245498657227
13-04-2007,57.79999923706055,58.189998626708984,2790200,58.25,58.099998474121094,27.10679054260254
16-04-2007,58.31999969482422,58.779998779296875,2661700,59.0,58.83000183105469,27.44736671447754
17-04-2007,58.84000015258789,59.13999938964844,2170100,59.22999954223633,58.959999084472656,27.508028030395508
18-04-2007,58.45000076293945,58.95000076293945,1318100,59.0099983215332,58.68000030517578,27.37740135192871
19-04-2007,59.0,59.20000076293945,2569000,59.560001373291016,59.099998474121094,27.573348999023438
20-04-2007,59.27000045776367,59.619998931884766,2587600,59.97999954223633,59.349998474121094,27.68998908996582
23-04-2007,58.45000076293945,58.709999084472656,2242800,59.0,58.4900016784668,27.28874397277832
24-04-2007,58.790000915527344,59.130001068115234,1909400,59.150001525878906,58.810001373291016,27.43805503845215
25-04-2007,58.130001068115234,58.470001220703125,2083900,58.95000076293945,58.790000915527344,27.42871856689453
26-04-2007,58.20000076293945,58.88999938964844,812600,58.91999816894531,58.41999816894531,27.256101608276367
27-04-2007,57.45000076293945,57.81999969482422,1117900,58.130001068115234,57.939998626708984,27.03214454650879
30-04-2007,57.72999954223633,57.869998931884766,781800,58.13999938964844,57.779998779296875,26.957496643066406
01-05-2007,57.5099983215332,57.779998779296875,1674100,58.060001373291016,57.5099983215332,26.831525802612305
02-05-2007,56.97999954223633,57.04999923706055,1800000,57.689998626708984,57.68000030517578,27.1378116607666
03-05-2007,57.2599983215332,57.400001525878906,715300,57.61000061035156,57.439998626708984,27.0249080657959
04-05-2007,57.869998931884766,58.130001068115234,832400,58.33000183105469,57.900001525878906,27.24132537841797
07-05-2007,57.70000076293945,57.70000076293945,822800,58.22999954223633,58.119998931884766,27.34483528137207
08-05-2007,57.189998626708984,57.22999954223633,1405100,57.869998931884766,57.81999969482422,27.203691482543945
09-05-2007,57.27000045776367,57.459999084472656,1027100,57.779998779296875,57.38999938964844,27.001365661621094
10-05-2007,56.369998931884766,56.630001068115234,1215800,56.939998626708984,56.41999816894531,26.545013427734375
11-05-2007,56.31999969482422,56.40999984741211,1106600,56.849998474121094,56.810001373291016,26.72849464416504
14-05-2007,56.41999816894531,56.540000915527344,1160000,57.25,56.65999984741211,26.657920837402344
15-05-2007,56.619998931884766,56.70000076293945,1142100,57.029998779296875,56.810001373291016,26.72849464416504
16-05-2007,56.70000076293945,56.88999938964844,908500,57.08000183105469,56.79999923706055,26.723785400390625
17-05-2007,57.02000045776367,57.209999084472656,1267900,57.619998931884766,57.349998474121094,26.982547760009766
18-05-2007,57.70000076293945,57.79999923706055,945000,58.150001525878906,57.709999084472656,27.15193748474121
21-05-2007,52.54999923706055,57.65999984741211,13644600,57.70000076293945,53.18000030517578,25.020626068115234
22-05-2007,53.34000015258789,53.849998474121094,6700100,54.20000076293945,53.93000030517578,25.373476028442383
23-05-2007,53.20000076293945,54.20000076293945,3475300,54.20000076293945,53.31999969482422,25.08648109436035
24-05-2007,52.58000183105469,53.099998474121094,3000500,53.220001220703125,52.59000015258789,24.743024826049805
25-05-2007,51.779998779296875,52.90999984741211,4036100,52.9900016784668,52.43000030517578,24.66775131225586
29-05-2007,51.66999816894531,51.90999984741211,3151200,52.150001525878906,52.060001373291016,24.49365997314453
30-05-2007,50.58000183105469,50.58000183105469,8230500,52.720001220703125,52.720001220703125,24.80418586730957
31-05-2007,51.7400016784668,51.88999938964844,5045600,52.33000183105469,52.18000030517578,24.550127029418945
01-06-2007,50.959999084472656,51.400001525878906,3727500,51.52000045776367,51.279998779296875,24.126691818237305
04-06-2007,51.08000183105469,51.13999938964844,2301700,51.810001373291016,51.810001373291016,24.376052856445312
05-06-2007,51.0099983215332,51.47999954223633,8404000,53.77000045776367,51.900001525878906,24.41839027404785
06-06-2007,50.810001373291016,51.810001373291016,9613600,51.81999969482422,51.459999084472656,24.211374282836914
07-06-2007,51.34000015258789,51.630001068115234,4075000,52.220001220703125,51.34000015258789,24.1549129486084
08-06-2007,51.04999923706055,51.38999938964844,1689700,51.63999938964844,51.56999969482422,24.263132095336914
11-06-2007,51.369998931884766,51.369998931884766,3077500,52.52000045776367,52.41999816894531,24.663042068481445
12-06-2007,51.88999938964844,52.0,2502800,52.41999816894531,52.040000915527344,24.484254837036133
13-06-2007,51.529998779296875,51.790000915527344,2748500,52.43000030517578,52.369998931884766,24.6395263671875
14-06-2007,51.54999923706055,51.599998474121094,2077200,52.2400016784668,52.13999938964844,24.53130340576172
15-06-2007,52.06999969482422,52.279998779296875,2601900,52.779998779296875,52.75,24.818300247192383
18-06-2007,52.33000183105469,52.529998779296875,1352200,52.65999984741211,52.47999954223633,24.69127655029297
19-06-2007,52.25,52.41999816894531,2241800,52.65999984741211,52.599998474121094,24.747737884521484
20-06-2007,52.29999923706055,52.68000030517578,1830800,52.81999969482422,52.400001525878906,24.653640747070312
21-06-2007,51.86000061035156,52.02000045776367,1573200,52.380001068115234,52.25,24.58306884765625
22-06-2007,51.720001220703125,52.02000045776367,2109900,52.130001068115234,51.83000183105469,24.385456085205078
25-06-2007,51.630001068115234,52.08000183105469,2022700,52.459999084472656,51.65999984741211,24.305463790893555
26-06-2007,51.97999954223633,52.369998931884766,3049500,52.38999938964844,52.16999816894531,24.545425415039062
27-06-2007,52.2599983215332,52.68000030517578,1882900,53.06999969482422,52.66999816894531,24.78066062927246
28-06-2007,52.290000915527344,52.59000015258789,1294800,52.59000015258789,52.45000076293945,24.677160263061523
29-06-2007,51.970001220703125,52.119998931884766,1194900,52.61000061035156,52.369998931884766,24.6395263671875
02-07-2007,52.13999938964844,52.380001068115234,1395900,52.52000045776367,52.369998931884766,24.6395263671875
03-07-2007,52.5099983215332,52.61000061035156,1065500,52.7400016784668,52.560001373291016,24.728912353515625
05-07-2007,51.869998931884766,52.720001220703125,1011300,52.720001220703125,52.11000061035156,24.517196655273438
06-07-2007,51.5,51.65999984741211,1066400,52.04999923706055,51.79999923706055,24.371339797973633
09-07-2007,51.40999984741211,51.779998779296875,1188000,51.95000076293945,51.68000030517578,24.314884185791016
10-07-2007,51.41999816894531,51.75,1291900,51.880001068115234,51.540000915527344,24.24901580810547
11-07-2007,51.58000183105469,52.08000183105469,1459700,52.150001525878906,51.709999084472656,24.328998565673828
12-07-2007,51.86000061035156,52.029998779296875,1379300,52.65999984741211,52.63999938964844,24.76655387878418
13-07-2007,52.5,52.970001220703125,1376000,52.97999954223633,52.540000915527344,24.719507217407227
16-07-2007,53.349998474121094,53.45000076293945,3345800,53.689998626708984,53.38999938964844,25.119413375854492
17-07-2007,53.029998779296875,53.34000015258789,2128800,53.459999084472656,53.119998931884766,24.99237823486328
18-07-2007,51.939998626708984,52.52000045776367,3275700,52.650001525878906,52.290000915527344,24.601884841918945
19-07-2007,52.810001373291016,53.0099983215332,3095500,53.27000045776367,52.970001220703125,24.92181968688965
20-07-2007,52.47999954223633,53.20000076293945,2354700,53.2599983215332,52.63999938964844,24.76655387878418
23-07-2007,52.06999969482422,52.34000015258789,1689200,52.54999923706055,52.08000183105469,24.50307846069336
24-07-2007,51.09000015258789,51.79999923706055,2855100,51.97999954223633,51.29999923706055,24.13610076904297
25-07-2007,52.06999969482422,53.20000076293945,6245200,53.400001525878906,52.630001068115234,24.761856079101562
26-07-2007,51.0,52.0099983215332,4276800,52.279998779296875,51.22999954223633,24.103153228759766
27-07-2007,49.56999969482422,50.540000915527344,3719700,51.22999954223633,49.630001068115234,23.35038185119629
30-07-2007,48.29999923706055,49.540000915527344,5405000,49.630001068115234,49.43000030517578,23.25628089904785
31-07-2007,50.93000030517578,51.09000015258789,5047300,51.4900016784668,51.08000183105469,24.0325984954834
01-08-2007,50.91999816894531,51.939998626708984,4441400,52.040000915527344,51.61000061035156,24.519567489624023
02-08-2007,51.72999954223633,51.83000183105469,2767700,52.22999954223633,51.86000061035156,24.63833236694336
03-08-2007,50.900001525878906,52.060001373291016,3510200,52.220001220703125,51.0099983215332,24.23451042175293
06-08-2007,51.79999923706055,52.2400016784668,3097600,52.369998931884766,52.290000915527344,24.842628479003906
07-08-2007,52.13999938964844,52.220001220703125,2560200,52.91999816894531,52.47999954223633,24.93288803100586
08-08-2007,52.279998779296875,53.79999923706055,7363200,54.08000183105469,52.7599983215332,25.065921783447266
09-08-2007,52.0099983215332,52.540000915527344,3430800,52.959999084472656,52.45000076293945,24.918636322021484
10-08-2007,51.209999084472656,52.220001220703125,2296100,52.58000183105469,52.060001373291016,24.73334312438965
13-08-2007,51.2400016784668,51.349998474121094,1713400,52.029998779296875,51.54999923706055,24.491050720214844
14-08-2007,50.31999969482422,51.130001068115234,3306500,51.25,50.5099983215332,23.99695587158203
15-08-2007,49.52000045776367,49.56999969482422,2811200,50.41999816894531,49.720001220703125,23.62163543701172
16-08-2007,48.869998931884766,49.13999938964844,4791200,49.81999969482422,49.79999923706055,23.65964698791504
17-08-2007,50.040000915527344,50.38999938964844,2879900,51.2400016784668,50.689998626708984,24.082475662231445
20-08-2007,50.41999816894531,51.040000915527344,1668700,51.20000076293945,50.790000915527344,24.129985809326172
21-08-2007,50.59000015258789,50.65999984741211,1076600,51.279998779296875,50.9900016784668,24.225006103515625
22-08-2007,51.040000915527344,51.08000183105469,1093500,51.630001068115234,51.47999954223633,24.457799911499023
23-08-2007,51.2599983215332,52.310001373291016,2189800,52.400001525878906,51.58000183105469,24.505308151245117
24-08-2007,51.88999938964844,52.06999969482422,1315700,52.25,52.220001220703125,24.80936622619629
27-08-2007,51.95000076293945,52.150001525878906,695200,52.40999984741211,52.16999816894531,24.785615921020508
28-08-2007,51.209999084472656,51.849998474121094,2182100,52.0,51.22999954223633,24.339019775390625
29-08-2007,51.11000061035156,51.29999923706055,1017000,51.709999084472656,51.599998474121094,24.514808654785156
30-08-2007,51.0,51.060001373291016,1211100,51.790000915527344,51.220001220703125,24.334274291992188
31-08-2007,51.79999923706055,52.08000183105469,1527100,52.599998474121094,52.220001220703125,24.80936622619629
04-09-2007,52.400001525878906,52.5,1500900,53.220001220703125,53.02000045776367,25.189437866210938
05-09-2007,52.70000076293945,52.81999969482422,1100200,53.220001220703125,53.150001525878906,25.25120735168457
06-09-2007,52.9900016784668,53.15999984741211,1570600,53.70000076293945,53.459999084472656,25.398475646972656
07-09-2007,52.810001373291016,54.209999084472656,1961700,54.2400016784668,53.06999969482422,25.21319007873535
10-09-2007,52.790000915527344,53.630001068115234,1472900,53.630001068115234,53.04999923706055,25.203693389892578
11-09-2007,53.2599983215332,53.279998779296875,1568300,54.16999816894531,54.0099983215332,25.659791946411133
12-09-2007,53.369998931884766,53.97999954223633,2006900,54.38999938964844,53.720001220703125,25.522005081176758
13-09-2007,54.029998779296875,54.2599983215332,1289500,54.45000076293945,54.08000183105469,25.69303321838379
14-09-2007,53.099998474121094,53.20000076293945,1127600,53.68000030517578,53.40999984741211,25.374727249145508
17-09-2007,52.72999954223633,52.900001525878906,800000,53.29999923706055,52.869998931884766,25.118179321289062
18-09-2007,52.34000015258789,52.650001525878906,1333600,53.599998474121094,53.349998474121094,25.346223831176758
19-09-2007,53.2400016784668,53.41999816894531,1815600,54.119998931884766,53.47999954223633,25.407987594604492
20-09-2007,53.470001220703125,53.619998931884766,1074000,54.0099983215332,53.63999938964844,25.483993530273438
21-09-2007,53.97999954223633,54.38999938964844,1489400,54.52000045776367,54.22999954223633,25.764301300048828
24-09-2007,53.54999923706055,53.900001525878906,812500,53.9900016784668,53.650001525878906,25.488752365112305
25-09-2007,53.34000015258789,53.439998626708984,910900,53.599998474121094,53.5,25.417484283447266
26-09-2007,53.0099983215332,53.47999954223633,1096500,53.650001525878906,53.22999954223633,25.28921127319336
27-09-2007,52.939998626708984,53.310001373291016,1107700,53.5099983215332,53.18000030517578,25.265464782714844
28-09-2007,52.599998474121094,52.65999984741211,1652600,53.290000915527344,53.20000076293945,25.274959564208984
01-10-2007,53.58000183105469,53.77000045776367,1435200,53.93000030517578,53.75,25.536256790161133
02-10-2007,53.58000183105469,53.90999984741211,1002700,54.060001373291016,53.810001373291016,25.564767837524414
03-10-2007,53.81999969482422,53.9900016784668,843400,54.369998931884766,53.88999938964844,25.602787017822266
04-10-2007,54.04999923706055,54.25,1240700,54.529998779296875,54.13999938964844,25.721538543701172
05-10-2007,54.0,54.36000061035156,1775900,54.459999084472656,54.06999969482422,25.68828582763672
08-10-2007,53.380001068115234,53.90999984741211,1348400,53.90999984741211,53.619998931884766,25.474502563476562
09-10-2007,53.40999984741211,53.72999954223633,935100,53.779998779296875,53.599998474121094,25.46499252319336
10-10-2007,53.34000015258789,53.5,857100,53.65999984741211,53.36000061035156,25.350975036621094
11-10-2007,52.13999938964844,52.63999938964844,3185600,52.68000030517578,52.2599983215332,24.828367233276367
12-10-2007,51.91999816894531,52.13999938964844,1453300,52.22999954223633,52.220001220703125,24.80936622619629
15-10-2007,52.099998474121094,52.65999984741211,993600,52.70000076293945,52.349998474121094,24.87112808227539
16-10-2007,51.58000183105469,51.70000076293945,1134700,52.189998626708984,51.810001373291016,24.614585876464844
17-10-2007,51.290000915527344,52.029998779296875,1521900,52.13999938964844,51.54999923706055,24.491050720214844
18-10-2007,51.2599983215332,51.38999938964844,1358100,51.70000076293945,51.2599983215332,24.353273391723633
19-10-2007,50.70000076293945,51.34000015258789,1818500,51.43000030517578,50.7599983215332,24.11573600769043
22-10-2007,50.310001373291016,50.540000915527344,1419300,50.86000061035156,50.75,24.110980987548828
23-10-2007,51.540000915527344,52.380001068115234,2963100,52.38999938964844,52.08000183105469,24.74285316467285
24-10-2007,50.65999984741211,50.75,2649700,51.349998474121094,51.310001373291016,24.377037048339844
25-10-2007,50.439998626708984,50.619998931884766,1744700,50.84000015258789,50.75,24.110980987548828
26-10-2007,50.150001525878906,50.27000045776367,1257600,50.869998931884766,50.52000045776367,24.001708984375
29-10-2007,50.38999938964844,50.439998626708984,2184000,51.47999954223633,51.040000915527344,24.248756408691406
30-10-2007,51.0,51.04999923706055,1191000,51.34000015258789,51.20000076293945,24.32477569580078
31-10-2007,50.86000061035156,51.060001373291016,1850800,51.470001220703125,51.25,24.604660034179688
01-11-2007,50.720001220703125,51.400001525878906,1156600,51.52000045776367,50.810001373291016,24.393421173095703
02-11-2007,50.400001525878906,51.290000915527344,1133300,51.33000183105469,50.81999969482422,24.398212432861328
05-11-2007,50.33000183105469,50.84000015258789,978000,51.16999816894531,50.63999938964844,24.311811447143555
06-11-2007,50.63999938964844,50.63999938964844,777400,51.040000915527344,50.97999954223633,24.47504425048828
07-11-2007,50.11000061035156,50.97999954223633,1287600,51.119998931884766,50.11000061035156,24.057363510131836
08-11-2007,50.18000030517578,50.63999938964844,1621000,50.900001525878906,50.900001525878906,24.43663215637207
09-11-2007,49.459999084472656,49.5099983215332,2915100,50.279998779296875,49.720001220703125,23.87012481689453
12-11-2007,48.56999969482422,48.70000076293945,3174900,49.63999938964844,48.95000076293945,23.50045394897461
13-11-2007,50.150001525878906,50.75,2349400,51.33000183105469,50.599998474121094,24.292600631713867
14-11-2007,49.7599983215332,50.099998474121094,1937700,50.849998474121094,49.9900016784668,23.999753952026367
15-11-2007,49.16999816894531,49.66999816894531,1265700,49.79999923706055,49.279998779296875,23.65888214111328
16-11-2007,48.709999084472656,49.279998779296875,1409300,49.34000015258789,48.95000076293945,23.50045394897461
19-11-2007,47.849998474121094,48.400001525878906,1003000,48.4900016784668,48.0,23.044370651245117
20-11-2007,47.4900016784668,47.630001068115234,1778700,48.54999923706055,48.209999084472656,23.145183563232422
21-11-2007,47.650001525878906,48.20000076293945,1884000,48.43000030517578,47.869998931884766,22.981952667236328
23-11-2007,50.400001525878906,51.279998779296875,2968600,51.5099983215332,50.790000915527344,24.383819580078125
26-11-2007,50.11000061035156,51.380001068115234,2252000,51.43000030517578,50.189998626708984,24.09577178955078
27-11-2007,50.09000015258789,50.34000015258789,1651500,50.529998779296875,50.349998474121094,24.17257308959961
28-11-2007,50.779998779296875,50.869998931884766,2369500,52.34000015258789,51.47999954223633,24.715087890625
29-11-2007,51.95000076293945,52.06999969482422,1825300,52.52000045776367,52.220001220703125,25.070356369018555
30-11-2007,52.470001220703125,53.25,2639600,53.45000076293945,52.68000030517578,25.291194915771484
03-12-2007,52.869998931884766,53.560001373291016,2078500,53.70000076293945,53.16999816894531,25.526437759399414
04-12-2007,52.380001068115234,53.25,2013100,53.310001373291016,52.540000915527344,25.223987579345703
05-12-2007,52.58000183105469,52.77000045776367,1391100,52.970001220703125,52.72999954223633,25.31519889831543
06-12-2007,52.560001373291016,52.61000061035156,1458800,52.91999816894531,52.849998474121094,25.372812271118164
07-12-2007,52.75,53.13999938964844,1436900,53.33000183105469,53.27000045776367,25.574451446533203
10-12-2007,52.95000076293945,53.25,2024400,53.56999969482422,53.27000045776367,25.574451446533203
11-12-2007,52.380001068115234,53.540000915527344,1640700,53.54999923706055,52.40999984741211,25.16156578063965
12-12-2007,53.15999984741211,53.72999954223633,2252000,53.93000030517578,53.43000030517578,25.651262283325195
13-12-2007,53.47999954223633,54.08000183105469,1624100,54.16999816894531,53.93000030517578,25.891294479370117
14-12-2007,52.959999084472656,53.15999984741211,1900600,53.68000030517578,53.0,25.444826126098633
17-12-2007,51.58000183105469,52.470001220703125,2690300,52.540000915527344,51.599998474121094,24.772693634033203
18-12-2007,50.79999923706055,51.58000183105469,1876900,51.689998626708984,50.88999938964844,24.431833267211914
19-12-2007,50.79999923706055,51.36000061035156,1654800,51.599998474121094,51.029998779296875,24.499042510986328
20-12-2007,50.4900016784668,51.5,2040800,51.529998779296875,50.72999954223633,24.355010986328125
21-12-2007,50.779998779296875,51.130001068115234,1817100,51.369998931884766,50.90999984741211,24.441431045532227
24-12-2007,50.709999084472656,50.709999084472656,676700,51.619998931884766,51.2400016784668,24.599863052368164
26-12-2007,50.810001373291016,51.0099983215332,723800,51.25,51.0099983215332,24.489444732666016
27-12-2007,51.119998931884766,51.619998931884766,1405700,51.66999816894531,51.31999969482422,24.638273239135742
28-12-2007,50.59000015258789,50.779998779296875,1041400,51.15999984741211,50.75,24.364622116088867
31-12-2007,50.15999984741211,50.75,934000,51.43000030517578,50.38999938964844,24.191791534423828
02-01-2008,49.849998474121094,50.45000076293945,1542000,50.77000045776367,50.16999816894531,24.086164474487305
03-01-2008,50.540000915527344,50.7599983215332,1125800,50.95000076293945,50.77000045776367,24.374223709106445
04-01-2008,50.18000030517578,51.13999938964844,1429100,51.33000183105469,50.290000915527344,24.143775939941406
07-01-2008,51.810001373291016,52.22999954223633,3877400,52.79999923706055,52.75,25.32478904724121
08-01-2008,53.349998474121094,54.16999816894531,3692500,54.20000076293945,53.439998626708984,25.65606689453125
09-01-2008,53.90999984741211,54.099998474121094,2536100,54.63999938964844,54.36000061035156,26.097747802734375
10-01-2008,53.75,54.06999969482422,1631300,54.470001220703125,54.16999816894531,26.00652313232422
11-01-2008,53.02000045776367,53.41999816894531,1483200,53.560001373291016,53.13999938964844,25.512035369873047
14-01-2008,52.599998474121094,52.83000183105469,2169400,53.529998779296875,52.75,25.32478904724121
15-01-2008,52.02000045776367,52.95000076293945,1479700,53.0,52.27000045776367,25.094362258911133
16-01-2008,51.54999923706055,51.83000183105469,1596200,52.290000915527344,51.61000061035156,24.77750587463379
17-01-2008,50.439998626708984,52.029998779296875,2008700,52.09000015258789,50.70000076293945,24.340608596801758
18-01-2008,50.130001068115234,51.34000015258789,2190400,51.66999816894531,50.43000030517578,24.210996627807617
22-01-2008,47.34000015258789,47.36000061035156,3513700,49.0,48.84000015258789,23.447641372680664
23-01-2008,46.77000045776367,46.849998474121094,4009800,48.43000030517578,48.349998474121094,23.2124080657959
24-01-2008,47.31999969482422,47.56999969482422,5117200,48.16999816894531,47.95000076293945,23.02036476135254
25-01-2008,46.599998474121094,48.11000061035156,2294700,48.150001525878906,46.91999816894531,22.525869369506836
28-01-2008,46.79999923706055,47.279998779296875,2737800,47.709999084472656,47.630001068115234,22.86673355102539
29-01-2008,47.310001373291016,47.630001068115234,1009900,47.75,47.540000915527344,22.823528289794922
30-01-2008,46.630001068115234,46.810001373291016,1470100,47.43000030517578,46.77000045776367,22.45386505126953
31-01-2008,45.88999938964844,46.0,2884500,47.7400016784668,47.380001068115234,22.746706008911133
01-02-2008,46.29999923706055,46.68000030517578,2007400,47.18000030517578,47.0099983215332,22.569082260131836
04-02-2008,46.310001373291016,46.61000061035156,1498400,46.95000076293945,46.869998931884766,22.501869201660156
05-02-2008,45.41999816894531,46.06999969482422,2413600,46.22999954223633,45.61000061035156,21.896955490112305
06-02-2008,45.560001373291016,45.810001373291016,2986700,46.25,45.880001068115234,22.02657699584961
07-02-2008,41.709999084472656,41.91999816894531,9161500,42.810001373291016,42.38999938964844,20.351062774658203
08-02-2008,40.900001525878906,41.02000045776367,5537100,42.15999984741211,42.15999984741211,20.240636825561523
11-02-2008,42.02000045776367,42.84000015258789,3530000,42.939998626708984,42.900001525878906,20.595909118652344
12-02-2008,42.86000061035156,42.86000061035156,3289400,44.20000076293945,44.08000183105469,21.162412643432617
13-02-2008,43.31999969482422,43.81999969482422,1935800,43.83000183105469,43.65999984741211,21.263233184814453
14-02-2008,43.25,43.459999084472656,1568500,43.59000015258789,43.31999969482422,21.097640991210938
15-02-2008,43.4900016784668,44.0,4181600,44.2400016784668,44.189998626708984,21.521343231201172
19-02-2008,44.65999984741211,45.02000045776367,2130800,45.06999969482422,44.75,21.7940673828125
20-02-2008,43.72999954223633,43.81999969482422,3082600,44.31999969482422,44.310001373291016,21.579776763916016
21-02-2008,44.380001068115234,44.459999084472656,2588300,44.779998779296875,44.5,21.672319412231445
22-02-2008,43.59000015258789,44.18000030517578,2377900,44.27000045776367,44.08000183105469,21.467775344848633
25-02-2008,44.18000030517578,44.29999923706055,2095200,45.0099983215332,44.95000076293945,21.891481399536133
26-02-2008,45.08000183105469,45.130001068115234,1696900,45.880001068115234,45.849998474121094,22.329790115356445
27-02-2008,45.18000030517578,45.18000030517578,1280700,45.83000183105469,45.470001220703125,22.144729614257812
28-02-2008,44.810001373291016,45.27000045776367,1287100,45.540000915527344,45.04999923706055,21.9401798248291
29-02-2008,43.7599983215332,44.13999938964844,2173400,44.27000045776367,43.90999984741211,21.384977340698242
03-03-2008,44.0,44.59000015258789,1293500,44.61000061035156,44.5,21.672319412231445
04-03-2008,43.209999084472656,43.31999969482422,1725100,43.779998779296875,43.65999984741211,21.263233184814453
05-03-2008,42.25,42.959999084472656,2813700,44.2599983215332,42.400001525878906,20.649580001831055
06-03-2008,42.029998779296875,42.209999084472656,1259800,42.33000183105469,42.11000061035156,20.50834846496582
07-03-2008,41.880001068115234,42.119998931884766,2056100,42.56999969482422,42.40999984741211,20.654447555541992
10-03-2008,41.29999923706055,42.20000076293945,2073500,42.31999969482422,41.36000061035156,20.143081665039062
11-03-2008,41.20000076293945,42.02000045776367,1340700,42.119998931884766,41.86000061035156,20.386592864990234
12-03-2008,41.9900016784668,42.060001373291016,1115600,42.45000076293945,42.119998931884766,20.513221740722656
13-03-2008,41.220001220703125,41.68000030517578,1371100,41.75,41.439998626708984,20.18204689025879
14-03-2008,40.5099983215332,41.31999969482422,2336000,41.31999969482422,40.849998474121094,19.89470672607422
17-03-2008,40.5099983215332,40.560001373291016,1220000,41.38999938964844,41.029998779296875,19.98236656188965
18-03-2008,41.88999938964844,41.88999938964844,2138400,42.65999984741211,42.31999969482422,20.610618591308594
19-03-2008,41.5,42.11000061035156,2891300,42.41999816894531,41.540000915527344,20.23073959350586
20-03-2008,41.95000076293945,42.630001068115234,5353500,42.709999084472656,41.9900016784668,20.44990348815918
24-03-2008,41.970001220703125,42.849998474121094,2375200,42.849998474121094,42.13999938964844,20.522951126098633
25-03-2008,42.470001220703125,42.959999084472656,1929300,43.13999938964844,43.06999969482422,20.97587776184082
26-03-2008,41.66999816894531,42.02000045776367,1700000,42.220001220703125,41.970001220703125,20.440170288085938
27-03-2008,42.41999816894531,42.459999084472656,1391400,43.0,42.58000183105469,20.737234115600586
28-03-2008,42.20000076293945,42.529998779296875,2442400,42.79999923706055,42.279998779296875,20.591136932373047
31-03-2008,42.220001220703125,42.599998474121094,1735100,42.689998626708984,42.43000030517578,20.664194107055664
01-04-2008,43.36000061035156,43.470001220703125,2393400,44.2599983215332,44.20000076293945,21.526222229003906
02-04-2008,44.369998931884766,44.709999084472656,2841600,45.099998474121094,44.5099983215332,21.67719268798828
03-04-2008,44.47999954223633,44.68000030517578,1320300,44.900001525878906,44.720001220703125,21.77946662902832
04-04-2008,45.0,45.349998474121094,1196700,45.41999816894531,45.33000183105469,22.07655143737793
07-04-2008,44.79999923706055,44.9900016784668,1240600,45.380001068115234,45.029998779296875,21.930435180664062
08-04-2008,43.209999084472656,44.25,3333000,44.25,43.2400016784668,21.05868148803711
09-04-2008,43.08000183105469,43.720001220703125,1211800,43.779998779296875,43.40999984741211,21.141477584838867
10-04-2008,43.529998779296875,43.81999969482422,1436300,44.209999084472656,43.84000015258789,21.350881576538086
11-04-2008,42.54999923706055,43.290000915527344,1677000,43.34000015258789,42.54999923706055,20.722631454467773
14-04-2008,42.20000076293945,42.7599983215332,1133000,42.7599983215332,42.34000015258789,20.620351791381836
15-04-2008,42.0,42.54999923706055,797700,42.58000183105469,42.209999084472656,20.557052612304688
16-04-2008,42.150001525878906,42.630001068115234,730800,42.68000030517578,42.61000061035156,20.751859664916992
17-04-2008,42.22999954223633,42.45000076293945,758000,42.9900016784668,42.65999984741211,20.776206970214844
18-04-2008,42.90999984741211,43.13999938964844,1659800,43.41999816894531,43.31999969482422,21.097640991210938
21-04-2008,43.33000183105469,44.0,2285900,44.040000915527344,43.400001525878906,21.136594772338867
22-04-2008,43.25,43.97999954223633,3067300,44.060001373291016,43.72999954223633,21.297311782836914
23-04-2008,43.900001525878906,44.099998474121094,1870100,44.61000061035156,44.61000061035156,21.725889205932617
24-04-2008,43.79999923706055,44.08000183105469,1367400,44.41999816894531,44.119998931884766,21.48724937438965
25-04-2008,44.79999923706055,45.0,1135800,45.220001220703125,45.119998931884766,21.974271774291992
28-04-2008,44.72999954223633,45.029998779296875,930500,45.13999938964844,44.81999969482422,21.82816505432129
29-04-2008,44.20000076293945,44.560001373291016,1271500,44.810001373291016,44.41999816894531,21.633358001708984
30-04-2008,44.040000915527344,44.25,1945900,44.869998931884766,44.11000061035156,21.736345291137695
01-05-2008,44.41999816894531,44.5099983215332,1558500,44.93000030517578,44.91999816894531,22.135499954223633
02-05-2008,45.13999938964844,45.400001525878906,1442300,45.560001373291016,45.36000061035156,22.352325439453125
05-05-2008,44.65999984741211,45.45000076293945,1059700,45.45000076293945,44.88999938964844,22.120712280273438
06-05-2008,44.43000030517578,44.58000183105469,842900,44.79999923706055,44.75,22.051721572875977
07-05-2008,43.70000076293945,44.06999969482422,1107800,44.31999969482422,43.70000076293945,21.534313201904297
08-05-2008,44.16999816894531,44.43000030517578,890000,44.61000061035156,44.38999938964844,21.874332427978516
09-05-2008,43.7599983215332,43.9900016784668,1419100,44.22999954223633,43.900001525878906,21.632856369018555
12-05-2008,43.869998931884766,44.2400016784668,724000,44.25,44.130001068115234,21.746204376220703
13-05-2008,43.560001373291016,43.90999984741211,1417500,43.959999084472656,43.689998626708984,21.529382705688477
14-05-2008,43.349998474121094,43.5,1417000,43.77000045776367,43.61000061035156,21.489965438842773
15-05-2008,43.630001068115234,43.970001220703125,642800,44.08000183105469,43.9900016784668,21.677213668823242
16-05-2008,44.130001068115234,44.27000045776367,1149400,44.630001068115234,44.459999084472656,21.9088191986084
19-05-2008,44.75,45.16999816894531,855000,45.16999816894531,44.91999816894531,22.135499954223633
20-05-2008,45.08000183105469,45.720001220703125,1755900,45.72999954223633,45.29999923706055,22.322757720947266
21-05-2008,44.459999084472656,44.66999816894531,2221000,45.09000015258789,44.56999969482422,21.963027954101562
22-05-2008,44.650001525878906,44.810001373291016,937400,45.15999984741211,44.849998474121094,22.100997924804688
23-05-2008,44.400001525878906,44.869998931884766,997200,44.88999938964844,44.4900016784668,21.923606872558594
27-05-2008,43.56999969482422,43.7599983215332,1684900,44.09000015258789,43.88999938964844,21.627933502197266
28-05-2008,43.79999923706055,43.970001220703125,1876400,44.31999969482422,44.029998779296875,21.696928024291992
29-05-2008,43.65999984741211,43.75,1300000,44.08000183105469,43.97999954223633,21.672286987304688
30-05-2008,43.90999984741211,44.25,1810300,44.720001220703125,44.529998779296875,21.943313598632812
02-06-2008,43.599998474121094,43.959999084472656,1275000,44.060001373291016,43.650001525878906,21.509674072265625
03-06-2008,43.5,43.7400016784668,973300,44.04999923706055,43.709999084472656,21.539243698120117
04-06-2008,42.86000061035156,43.119998931884766,1299600,43.25,42.939998626708984,21.159799575805664
05-06-2008,42.900001525878906,43.040000915527344,1559300,43.25,43.220001220703125,21.29778480529785
06-06-2008,42.33000183105469,42.959999084472656,1231400,42.959999084472656,42.33000183105469,20.85920524597168
09-06-2008,42.09000015258789,42.939998626708984,1372000,42.939998626708984,42.400001525878906,20.89370346069336
10-06-2008,41.63999938964844,41.779998779296875,1031100,42.099998474121094,41.720001220703125,20.558622360229492
11-06-2008,41.279998779296875,41.459999084472656,1230000,41.689998626708984,41.38999938964844,20.395998001098633
12-06-2008,41.40999984741211,41.689998626708984,831600,42.0099983215332,41.599998474121094,20.499475479125977
13-06-2008,41.5099983215332,41.52000045776367,1336900,42.11000061035156,42.040000915527344,20.71630096435547
16-06-2008,42.290000915527344,42.619998931884766,1163100,42.970001220703125,42.849998474121094,21.115449905395508
17-06-2008,42.040000915527344,42.790000915527344,915500,42.900001525878906,42.119998931884766,20.755727767944336
18-06-2008,42.86000061035156,42.900001525878906,1327400,43.349998474121094,42.95000076293945,21.164735794067383
19-06-2008,43.58000183105469,43.970001220703125,2328700,44.20000076293945,43.63999938964844,21.504751205444336
20-06-2008,43.040000915527344,43.959999084472656,1688200,43.9900016784668,43.31999969482422,21.347061157226562
23-06-2008,43.58000183105469,43.83000183105469,1337100,44.290000915527344,43.900001525878906,21.632856369018555
24-06-2008,43.939998626708984,44.13999938964844,1311600,44.560001373291016,44.16999816894531,21.765914916992188
25-06-2008,44.33000183105469,44.5099983215332,1631600,44.790000915527344,44.400001525878906,21.879253387451172
26-06-2008,44.13999938964844,45.380001068115234,2875600,45.40999984741211,44.29999923706055,21.829973220825195
27-06-2008,43.810001373291016,44.29999923706055,1782000,44.63999938964844,43.97999954223633,21.672286987304688
30-06-2008,44.040000915527344,44.220001220703125,1774100,44.470001220703125,44.220001220703125,21.79055404663086
01-07-2008,43.630001068115234,43.709999084472656,1661800,44.279998779296875,43.93000030517578,21.647645950317383
02-07-2008,45.15999984741211,45.81999969482422,2498700,45.939998626708984,45.18000030517578,22.263620376586914
03-07-2008,46.18000030517578,46.88999938964844,2383900,46.97999954223633,46.77000045776367,23.04714012145996
07-07-2008,45.65999984741211,45.970001220703125,2090400,46.56999969482422,45.83000183105469,22.583927154541016
08-07-2008,47.2599983215332,47.81999969482422,3288100,48.04999923706055,47.7599983215332,23.534982681274414
09-07-2008,48.38999938964844,48.650001525878906,3587500,49.47999954223633,48.560001373291016,23.92920684814453
10-07-2008,47.86000061035156,48.84000015258789,4054800,48.939998626708984,48.400001525878906,23.850357055664062
11-07-2008,47.099998474121094,47.86000061035156,2357200,48.08000183105469,47.52000045776367,23.416719436645508
14-07-2008,46.77000045776367,47.4900016784668,1706800,47.54999923706055,46.790000915527344,23.056987762451172
15-07-2008,47.15999984741211,47.77000045776367,2755900,47.869998931884766,47.25,23.283666610717773
16-07-2008,46.40999984741211,47.02000045776367,3165100,47.22999954223633,46.630001068115234,22.978147506713867
17-07-2008,46.7599983215332,47.18000030517578,1955600,47.20000076293945,46.970001220703125,23.14569091796875
18-07-2008,47.61000061035156,47.959999084472656,2945400,48.25,47.790000915527344,23.549760818481445
21-07-2008,48.150001525878906,48.72999954223633,3175100,49.0,48.38999938964844,23.845422744750977
22-07-2008,48.279998779296875,48.29999923706055,2372300,49.0,48.54999923706055,23.924274444580078
23-07-2008,48.279998779296875,48.38999938964844,2587800,49.13999938964844,48.65999984741211,23.978477478027344
24-07-2008,46.86000061035156,47.2599983215332,3666000,48.33000183105469,47.41999816894531,23.367433547973633
25-07-2008,46.880001068115234,47.5,1425100,47.560001373291016,47.040000915527344,23.180185317993164
28-07-2008,45.68000030517578,46.27000045776367,1675900,46.540000915527344,45.79999923706055,22.56913185119629
29-07-2008,46.529998779296875,46.619998931884766,1933700,47.040000915527344,46.86000061035156,23.091482162475586
30-07-2008,46.08000183105469,47.38999938964844,2460200,47.38999938964844,46.529998779296875,23.185653686523438
31-07-2008,46.41999816894531,46.779998779296875,2108800,46.970001220703125,46.560001373291016,23.20060920715332
01-08-2008,45.939998626708984,46.619998931884766,1598100,46.68000030517578,46.34000015258789,23.090986251831055
04-08-2008,47.22999954223633,47.40999984741211,1757700,47.65999984741211,47.459999084472656,23.64907455444336
05-08-2008,48.130001068115234,48.5099983215332,1867300,48.810001373291016,48.61000061035156,24.222110748291016
06-08-2008,48.47999954223633,48.66999816894531,1872800,49.29999923706055,49.029998779296875,24.43140411376953
07-08-2008,47.959999084472656,48.54999923706055,1245900,48.75,48.11000061035156,23.972959518432617
08-08-2008,47.4900016784668,47.4900016784668,914200,48.619998931884766,48.439998626708984,24.13739585876465
11-08-2008,48.38999938964844,48.720001220703125,674700,48.880001068115234,48.529998779296875,24.182252883911133
12-08-2008,47.65999984741211,48.2599983215332,1011900,48.2599983215332,48.060001373291016,23.948049545288086
13-08-2008,47.529998779296875,47.630001068115234,1048600,48.13999938964844,47.79999923706055,23.818498611450195
14-08-2008,47.16999816894531,47.16999816894531,850600,48.0,47.779998779296875,23.808534622192383
15-08-2008,47.15999984741211,47.15999984741211,1232000,47.720001220703125,47.529998779296875,23.683950424194336
18-08-2008,46.81999969482422,47.150001525878906,991700,47.310001373291016,46.95000076293945,23.394943237304688
19-08-2008,46.310001373291016,46.52000045776367,877300,46.72999954223633,46.599998474121094,23.220542907714844
20-08-2008,45.79999923706055,46.18000030517578,968700,46.310001373291016,46.02000045776367,22.931528091430664
21-08-2008,45.83000183105469,45.90999984741211,833200,46.310001373291016,46.189998626708984,23.016246795654297
22-08-2008,46.06999969482422,46.06999969482422,888600,46.529998779296875,46.38999938964844,23.115896224975586
25-08-2008,45.7599983215332,46.2599983215332,677900,46.2599983215332,45.869998931884766,22.856782913208008
26-08-2008,46.20000076293945,46.400001525878906,936700,46.939998626708984,46.4900016784668,23.165727615356445
27-08-2008,46.08000183105469,46.119998931884766,942000,46.709999084472656,46.59000015258789,23.215559005737305
28-08-2008,46.65999984741211,46.790000915527344,846000,47.369998931884766,47.09000015258789,23.46470069885254
29-08-2008,46.88999938964844,47.369998931884766,536400,47.40999984741211,46.970001220703125,23.404916763305664
02-09-2008,46.790000915527344,47.209999084472656,1182400,47.560001373291016,47.0099983215332,23.424842834472656
03-09-2008,45.7400016784668,46.22999954223633,1438800,46.40999984741211,46.209999084472656,23.026203155517578
04-09-2008,45.04999923706055,46.02000045776367,1358700,46.02000045776367,45.13999938964844,22.493026733398438
05-09-2008,44.72999954223633,45.4900016784668,1566700,45.619998931884766,45.279998779296875,22.562789916992188
08-09-2008,42.61000061035156,44.43000030517578,3358000,44.86000061035156,43.9900016784668,21.91999626159668
09-09-2008,43.880001068115234,44.33000183105469,2900700,44.599998474121094,43.970001220703125,21.910022735595703
10-09-2008,44.43000030517578,44.630001068115234,2426300,44.95000076293945,44.5,22.174123764038086
11-09-2008,43.63999938964844,43.91999816894531,2386900,44.220001220703125,44.220001220703125,22.03459930419922
12-09-2008,43.2400016784668,43.369998931884766,1461700,44.349998474121094,44.22999954223633,22.039579391479492
15-09-2008,43.099998474121094,43.15999984741211,1921100,44.369998931884766,43.84000015258789,21.84524917602539
16-09-2008,42.56999969482422,43.25,3187800,43.290000915527344,43.16999816894531,21.511384963989258
17-09-2008,42.81999969482422,43.16999816894531,2584700,43.54999923706055,42.869998931884766,21.36190414428711
18-09-2008,42.720001220703125,43.09000015258789,2736000,43.90999984741211,43.790000915527344,21.820335388183594
19-09-2008,43.880001068115234,44.099998474121094,1976400,44.720001220703125,44.52000045776367,22.18408966064453
22-09-2008,43.83000183105469,44.43000030517578,1461100,44.540000915527344,43.95000076293945,21.90006446838379
23-09-2008,44.029998779296875,44.790000915527344,1092400,45.040000915527344,45.0,22.423267364501953
24-09-2008,43.79999923706055,44.52000045776367,1422500,44.59000015258789,44.119998931884766,21.98476791381836
25-09-2008,44.25,44.54999923706055,1193700,44.97999954223633,44.439998626708984,22.14423179626465
26-09-2008,44.58000183105469,44.86000061035156,1291100,45.25,44.93000030517578,22.388397216796875
29-09-2008,41.4900016784668,43.849998474121094,2732500,43.9900016784668,42.08000183105469,20.96824836730957
30-09-2008,42.599998474121094,43.97999954223633,2001800,44.0,43.459999084472656,21.65589714050293
01-10-2008,42.11000061035156,42.869998931884766,1790200,43.56999969482422,43.38999938964844,21.621007919311523
02-10-2008,42.72999954223633,43.869998931884766,1647900,44.02000045776367,42.7599983215332,21.307096481323242
03-10-2008,42.40999984741211,43.02000045776367,1704700,43.75,42.59000015258789,21.222379684448242
06-10-2008,40.0099983215332,42.720001220703125,3856600,42.84000015258789,41.41999816894531,20.639371871948242
07-10-2008,40.90999984741211,43.0099983215332,3763000,43.060001373291016,41.15999984741211,20.50982093811035
08-10-2008,39.08000183105469,40.130001068115234,5984800,41.130001068115234,39.099998474121094,19.48332977294922
09-10-2008,35.290000915527344,38.88999938964844,3733200,39.08000183105469,35.40999984741211,17.64461898803711
10-10-2008,32.84000015258789,34.77000045776367,6140200,35.970001220703125,35.08000183105469,17.480180740356445
13-10-2008,36.11000061035156,36.18000030517578,2667000,39.0,39.0,19.433502197265625
14-10-2008,37.84000015258789,39.52000045776367,2720200,39.65999984741211,38.5,19.18436050415039
15-10-2008,36.20000076293945,38.7400016784668,2167500,38.790000915527344,36.349998474121094,18.11301612854004
16-10-2008,35.79999923706055,36.75,3272900,37.630001068115234,37.630001068115234,18.750837326049805
17-10-2008,38.29999923706055,38.43000030517578,3055100,40.2400016784668,38.939998626708984,19.403602600097656
20-10-2008,38.099998474121094,38.29999923706055,2284100,39.9900016784668,39.9900016784668,19.92681884765625
21-10-2008,37.58000183105469,38.380001068115234,1921100,38.970001220703125,37.81999969482422,18.845510482788086
22-10-2008,36.209999084472656,37.79999923706055,3345700,37.79999923706055,36.61000061035156,18.242572784423828
23-10-2008,35.869998931884766,36.790000915527344,2979300,37.7599983215332,37.11000061035156,18.49172592163086
24-10-2008,34.54999923706055,34.58000183105469,2991300,36.31999969482422,35.7400016784668,17.809057235717773
27-10-2008,35.400001525878906,35.779998779296875,3180200,37.209999084472656,36.349998474121094,18.11301612854004
28-10-2008,35.7599983215332,36.970001220703125,3072200,38.22999954223633,38.08000183105469,18.97507095336914
29-10-2008,37.02000045776367,37.220001220703125,1962600,38.599998474121094,37.31999969482422,18.831262588500977
30-10-2008,36.119998931884766,38.2400016784668,2852000,38.400001525878906,37.900001525878906,19.123924255371094
31-10-2008,38.16999816894531,38.63999938964844,1598400,39.33000183105469,38.70000076293945,19.527597427368164
03-11-2008,38.43000030517578,38.970001220703125,1432500,39.560001373291016,39.150001525878906,19.754667282104492
04-11-2008,39.20000076293945,39.38999938964844,2044200,40.36000061035156,40.189998626708984,20.279428482055664
05-11-2008,36.959999084472656,38.15999984741211,1901800,39.02000045776367,36.959999084472656,18.64960479736328
06-11-2008,36.20000076293945,37.63999938964844,1713200,38.04999923706055,36.439998626708984,18.38722038269043
07-11-2008,37.599998474121094,37.709999084472656,1258900,38.59000015258789,38.43000030517578,19.391347885131836
10-11-2008,37.189998626708984,38.2400016784668,1582500,38.34000015258789,37.599998474121094,18.9725399017334
11-11-2008,37.41999816894531,38.06999969482422,1324800,38.58000183105469,37.9900016784668,19.169336318969727
12-11-2008,36.279998779296875,37.34000015258789,1769600,37.619998931884766,36.43000030517578,18.38218116760254
13-11-2008,34.75,35.70000076293945,2184000,37.27000045776367,37.22999954223633,18.785839080810547
14-11-2008,36.060001373291016,36.63999938964844,1870300,37.459999084472656,36.25,18.29134750366211
17-11-2008,35.40999984741211,36.15999984741211,1323900,36.45000076293945,35.599998474121094,17.963369369506836
18-11-2008,36.209999084472656,36.630001068115234,1457400,37.560001373291016,37.20000076293945,18.770709991455078
19-11-2008,35.029998779296875,36.95000076293945,1860200,37.400001525878906,35.04999923706055,17.68584442138672
20-11-2008,32.41999816894531,34.61000061035156,2054600,34.68000030517578,32.540000915527344,16.419330596923828
21-11-2008,31.020000457763672,32.849998474121094,2417800,32.95000076293945,32.849998474121094,16.575746536254883
24-11-2008,33.29999923706055,33.56999969482422,1851200,35.20000076293945,34.61000061035156,17.463823318481445
25-11-2008,33.79999923706055,34.47999954223633,1771900,34.779998779296875,34.38999938964844,17.35281753540039
26-11-2008,32.75,33.279998779296875,1985100,33.720001220703125,33.5099983215332,16.908777236938477
28-11-2008,33.630001068115234,33.810001373291016,849400,34.599998474121094,34.439998626708984,17.3780460357666
01-12-2008,31.989999771118164,34.189998626708984,1398700,34.209999084472656,32.02000045776367,16.156940460205078
02-12-2008,32.61000061035156,33.189998626708984,1400800,33.70000076293945,33.61000061035156,16.959239959716797
03-12-2008,33.34000015258789,33.66999816894531,3887400,34.7599983215332,33.869998931884766,17.090429306030273
04-12-2008,33.79999923706055,34.06999969482422,1692000,34.77000045776367,34.099998474121094,17.206491470336914
05-12-2008,34.41999816894531,35.16999816894531,3051200,35.880001068115234,35.810001373291016,18.0693359375
08-12-2008,35.93000030517578,36.47999954223633,1609000,36.970001220703125,36.41999816894531,18.37713050842285
09-12-2008,35.619998931884766,35.72999954223633,1714400,36.59000015258789,35.7599983215332,18.044103622436523
10-12-2008,35.08000183105469,36.040000915527344,1413000,36.119998931884766,35.439998626708984,17.882627487182617
11-12-2008,34.880001068115234,35.02000045776367,4340000,36.470001220703125,36.08000183105469,18.205568313598633
12-12-2008,35.31999969482422,35.619998931884766,2054600,36.20000076293945,36.08000183105469,18.205568313598633
15-12-2008,35.79999923706055,36.38999938964844,1872700,36.900001525878906,36.34000015258789,18.33676528930664
16-12-2008,36.349998474121094,36.47999954223633,2281200,37.900001525878906,37.880001068115234,19.113832473754883
17-12-2008,36.61000061035156,37.099998474121094,1793400,37.38999938964844,37.0,18.669797897338867
18-12-2008,36.15999984741211,36.91999816894531,1966300,37.380001068115234,36.5099983215332,18.42254066467285
19-12-2008,36.5099983215332,37.189998626708984,1970800,37.68000030517578,36.75,18.543643951416016
22-12-2008,35.72999954223633,36.720001220703125,1929600,36.779998779296875,35.970001220703125,18.150062561035156
23-12-2008,35.70000076293945,36.31999969482422,2093300,36.849998474121094,35.84000015258789,18.084470748901367
24-12-2008,35.7599983215332,35.79999923706055,922700,36.13999938964844,36.040000915527344,18.18539047241211
26-12-2008,35.7400016784668,36.290000915527344,512400,36.290000915527344,35.90999984741211,18.119796752929688
29-12-2008,35.459999084472656,35.959999084472656,1268100,36.119998931884766,35.83000183105469,18.079418182373047
30-12-2008,36.09000015258789,36.20000076293945,1347500,36.47999954223633,36.41999816894531,18.37713050842285
31-12-2008,36.7400016784668,37.20000076293945,1199900,37.43000030517578,37.27000045776367,18.806032180786133
02-01-2009,36.439998626708984,36.52000045776367,905400,37.099998474121094,36.970001220703125,18.654659271240234
05-01-2009,35.779998779296875,36.11000061035156,1563200,36.529998779296875,36.380001068115234,18.356952667236328
06-01-2009,36.27000045776367,36.880001068115234,2270600,38.0,37.7599983215332,19.05327796936035
07-01-2009,38.400001525878906,38.56999969482422,1621000,39.119998931884766,38.54999923706055,19.4519100189209
08-01-2009,38.65999984741211,39.290000915527344,1837100,39.34000015258789,39.2400016784668,19.800077438354492
09-01-2009,38.7400016784668,39.560001373291016,2781600,39.59000015258789,38.900001525878906,19.628511428833008
12-01-2009,38.119998931884766,38.29999923706055,2461600,38.790000915527344,38.459999084472656,19.406494140625
13-01-2009,37.25,37.529998779296875,2261900,38.0,37.45000076293945,18.89685821533203
14-01-2009,35.900001525878906,36.77000045776367,1716600,36.900001525878906,36.54999923706055,18.442729949951172
15-01-2009,35.77000045776367,36.400001525878906,1288200,36.70000076293945,36.599998474121094,18.46796417236328
16-01-2009,36.040000915527344,37.209999084472656,1736400,37.22999954223633,36.470001220703125,18.40236473083496
20-01-2009,35.61000061035156,36.34000015258789,1777300,36.400001525878906,35.65999984741211,17.99363899230957
21-01-2009,33.75,34.52000045776367,2861700,35.08000183105469,35.029998779296875,17.675752639770508
22-01-2009,33.93000030517578,34.11000061035156,2043800,34.7599983215332,34.560001373291016,17.438596725463867
23-01-2009,33.2400016784668,33.7599983215332,2574500,34.2599983215332,34.09000015258789,17.20143699645996
26-01-2009,35.09000015258789,35.400001525878906,1819200,35.66999816894531,35.36000061035156,17.84226417541504
27-01-2009,35.29999923706055,35.45000076293945,1172600,35.97999954223633,35.75,18.03905487060547
28-01-2009,35.849998474121094,36.310001373291016,1367300,36.43000030517578,36.130001068115234,18.230804443359375
29-01-2009,34.5,34.61000061035156,1880500,35.0,34.75,17.534467697143555
30-01-2009,34.84000015258789,35.279998779296875,1433500,35.4900016784668,35.2599983215332,17.791807174682617
02-02-2009,34.34000015258789,34.34000015258789,1450500,35.290000915527344,35.11000061035156,17.716123580932617
03-02-2009,35.279998779296875,35.66999816894531,1350600,36.40999984741211,36.349998474121094,18.34180450439453
04-02-2009,36.439998626708984,36.93000030517578,2432700,37.02000045776367,36.619998931884766,18.478050231933594
05-02-2009,36.619998931884766,37.130001068115234,3323300,37.630001068115234,37.36000061035156,18.85144805908203
06-02-2009,36.27000045776367,36.27000045776367,2266700,37.36000061035156,37.119998931884766,18.730344772338867
09-02-2009,36.65999984741211,37.08000183105469,1254900,37.11000061035156,36.9900016784668,18.664749145507812
10-02-2009,36.13999938964844,37.09000015258789,1634100,37.31999969482422,36.380001068115234,18.356952667236328
11-02-2009,34.900001525878906,34.900001525878906,1900900,35.560001373291016,35.5,18.15999984741211
12-02-2009,34.52000045776367,34.75,1784500,35.380001068115234,35.33000183105469,18.073036193847656
13-02-2009,34.84000015258789,35.290000915527344,1061200,35.529998779296875,34.97999954223633,17.893997192382812
17-02-2009,33.220001220703125,33.81999969482422,2280500,33.900001525878906,33.41999816894531,17.095979690551758
18-02-2009,33.59000015258789,34.0,1373000,34.0,33.68000030517578,17.228984832763672
19-02-2009,33.20000076293945,33.779998779296875,5671500,34.0099983215332,33.31999969482422,17.044822692871094
20-02-2009,32.38999938964844,32.54999923706055,1979600,32.95000076293945,32.54999923706055,16.650936126708984
23-02-2009,31.84000015258789,33.029998779296875,2649000,33.099998474121094,31.90999984741211,16.32353973388672
24-02-2009,31.639999389648438,32.22999954223633,2378100,32.31999969482422,32.189998626708984,16.466773986816406
25-02-2009,30.989999771118164,31.31999969482422,2414600,31.5,31.0,15.858027458190918
26-02-2009,30.15999984741211,31.260000228881836,2283300,31.31999969482422,30.18000030517578,15.438557624816895
27-02-2009,29.790000915527344,30.0,2666400,30.600000381469727,30.1299991607666,15.412981033325195
02-03-2009,28.59000015258789,29.360000610351562,2170400,29.469999313354492,28.610000610351562,14.635431289672852
03-03-2009,28.15999984741211,29.239999771118164,2911200,29.280000686645508,28.280000686645508,14.466615676879883
04-03-2009,28.389999389648438,28.729999542236328,2407800,29.25,28.90999984741211,14.788890838623047
05-03-2009,28.139999389648438,28.979999542236328,3422200,29.079999923706055,28.350000381469727,14.502419471740723
06-03-2009,28.34000015258789,29.3799991607666,3323200,29.59000015258789,28.739999771118164,14.701926231384277
09-03-2009,27.149999618530273,27.540000915527344,3927600,27.959999084472656,27.270000457763672,13.949951171875
10-03-2009,27.290000915527344,27.3700008392334,2503900,28.15999984741211,28.059999465942383,14.354073524475098
11-03-2009,27.559999465942383,28.079999923706055,1853100,28.280000686645508,27.8799991607666,14.261993408203125
12-03-2009,28.010000228881836,28.329999923706055,2366100,29.100000381469727,29.059999465942383,14.86562442779541
13-03-2009,28.719999313354492,29.170000076293945,2838300,29.309999465942383,29.1200008392334,14.89631175994873
16-03-2009,29.360000610351562,30.030000686645508,2579000,30.389999389648438,29.450000762939453,15.065131187438965
17-03-2009,28.719999313354492,28.950000762939453,2708100,29.31999969482422,29.270000457763672,14.97304630279541
18-03-2009,28.5,28.59000015258789,2918300,29.690000534057617,29.34000015258789,15.008855819702148
19-03-2009,28.809999465942383,29.399999618530273,2289000,29.40999984741211,29.0,14.834933280944824
20-03-2009,28.979999542236328,29.440000534057617,2001700,29.75,29.149999618530273,14.911663055419922
23-03-2009,28.989999771118164,29.06999969482422,2426000,29.809999465942383,29.780000686645508,15.233941078186035
24-03-2009,29.309999465942383,29.979999542236328,2040300,30.049999237060547,29.309999465942383,14.993511199951172
25-03-2009,29.540000915527344,29.649999618530273,2903900,30.200000762939453,30.09000015258789,15.392518997192383
26-03-2009,30.170000076293945,30.440000534057617,2087500,30.760000228881836,30.549999237060547,15.627830505371094
27-03-2009,29.450000762939453,29.719999313354492,2154100,30.0,29.489999771118164,15.085587501525879
30-03-2009,29.3799991607666,29.56999969482422,2260400,30.06999969482422,30.06999969482422,15.382287979125977
31-03-2009,30.56999969482422,30.8700008392334,1988200,31.40999984741211,31.06999969482422,15.893842697143555
01-04-2009,30.309999465942383,30.43000030517578,2392000,31.18000030517578,31.079999923706055,15.898957252502441
02-04-2009,31.049999237060547,31.06999969482422,1979400,31.790000915527344,31.43000030517578,16.0779972076416
03-04-2009,30.81999969482422,31.43000030517578,1249600,31.510000228881836,31.110000610351562,15.914302825927734
06-04-2009,30.18000030517578,30.540000915527344,2228700,30.989999771118164,30.360000610351562,15.530640602111816
07-04-2009,30.110000610351562,30.639999389648438,2624400,30.639999389648438,30.25,15.474369049072266
08-04-2009,29.770000457763672,30.15999984741211,1534100,30.299999237060547,30.059999465942383,15.377174377441406
09-04-2009,29.420000076293945,29.690000534057617,2127700,29.729999542236328,29.639999389648438,15.16232681274414
13-04-2009,29.639999389648438,29.639999389648438,2325800,30.229999542236328,29.93000030517578,15.310676574707031
14-04-2009,29.920000076293945,30.049999237060547,3538600,30.1299991607666,30.09000015258789,15.392518997192383
15-04-2009,30.43000030517578,30.56999969482422,2498400,30.860000610351562,30.829999923706055,15.771065711975098
16-04-2009,30.5,30.68000030517578,2366100,30.90999984741211,30.81999969482422,15.76595401763916
17-04-2009,30.469999313354492,30.84000015258789,2181000,30.90999984741211,30.59000015258789,15.648296356201172
20-04-2009,29.950000762939453,30.299999237060547,3084300,30.520000457763672,30.049999237060547,15.37205696105957
21-04-2009,29.940000534057617,29.950000762939453,2201200,30.969999313354492,30.920000076293945,15.817113876342773
22-04-2009,29.25,29.75,3502000,29.889999389648438,29.290000915527344,14.983280181884766
23-04-2009,28.670000076293945,28.899999618530273,3112400,29.190000534057617,29.110000610351562,14.891202926635742
24-04-2009,29.100000381469727,29.440000534057617,2331000,29.6200008392334,29.34000015258789,15.008855819702148
27-04-2009,30.719999313354492,30.8799991607666,11974900,31.93000030517578,31.559999465942383,16.144495010375977
28-04-2009,30.540000915527344,31.270000457763672,5585900,31.5,30.579999923706055,15.643176078796387
29-04-2009,30.450000762939453,30.649999618530273,3606600,30.940000534057617,30.850000381469727,15.995229721069336
30-04-2009,30.610000610351562,31.270000457763672,3165900,31.329999923706055,30.760000228881836,15.948570251464844
01-05-2009,30.450000762939453,30.809999465942383,1909100,30.809999465942383,30.610000610351562,15.870795249938965
04-05-2009,30.399999618530273,30.829999923706055,2303700,31.020000457763672,30.950000762939453,16.047077178955078
05-05-2009,30.3700008392334,30.729999542236328,1807100,30.889999389648438,30.559999465942383,15.844864845275879
06-05-2009,30.700000762939453,31.350000381469727,2594100,31.399999618530273,31.049999237060547,16.098922729492188
07-05-2009,30.549999237060547,30.799999237060547,2257000,30.989999771118164,30.75,15.943376541137695
08-05-2009,30.739999771118164,30.950000762939453,2867400,30.989999771118164,30.90999984741211,16.02634048461914
11-05-2009,30.770000457763672,30.940000534057617,1893500,31.170000076293945,30.940000534057617,16.04189682006836
12-05-2009,31.65999984741211,31.93000030517578,3574300,32.220001220703125,32.0,16.591480255126953
13-05-2009,31.6299991607666,32.5099983215332,2852800,32.560001373291016,31.709999084472656,16.44112205505371
14-05-2009,32.0,32.18000030517578,3991400,32.400001525878906,32.16999816894531,16.679628372192383
15-05-2009,31.59000015258789,32.22999954223633,2732500,32.29999923706055,31.780000686645508,16.477420806884766
18-05-2009,31.920000076293945,32.2400016784668,2566000,32.45000076293945,32.400001525878906,16.79888343811035
19-05-2009,32.470001220703125,32.720001220703125,3623300,32.75,32.54999923706055,16.87665367126465
20-05-2009,32.83000183105469,33.18000030517578,2977200,33.25,32.88999938964844,17.052936553955078
21-05-2009,33.0,33.18000030517578,3423200,33.529998779296875,33.310001373291016,17.27069664001465
22-05-2009,33.08000183105469,33.36000061035156,2409800,33.470001220703125,33.130001068115234,17.177377700805664
26-05-2009,33.209999084472656,33.220001220703125,3140500,33.95000076293945,33.77000045776367,17.509201049804688
27-05-2009,33.58000183105469,33.83000183105469,2460000,34.119998931884766,33.709999084472656,17.47809410095215
28-05-2009,33.25,33.810001373291016,1950500,33.84000015258789,33.5,17.369211196899414
29-05-2009,33.43000030517578,33.849998474121094,1726800,33.900001525878906,33.709999084472656,17.47809410095215
01-06-2009,34.040000915527344,34.18000030517578,1425600,34.52000045776367,34.209999084472656,17.737327575683594
02-06-2009,33.59000015258789,33.63999938964844,1657800,34.13999938964844,33.959999084472656,17.607707977294922
03-06-2009,33.130001068115234,33.52000045776367,2366100,33.58000183105469,33.279998779296875,17.255146026611328
04-06-2009,33.130001068115234,33.38999938964844,1322700,33.61000061035156,33.36000061035156,17.296628952026367
05-06-2009,32.900001525878906,33.59000015258789,1850100,33.59000015258789,33.029998779296875,17.125524520874023
08-06-2009,32.68000030517578,32.79999923706055,1742200,33.38999938964844,33.310001373291016,17.27069664001465
09-06-2009,33.40999984741211,33.869998931884766,1606000,33.869998931884766,33.720001220703125,17.483274459838867
10-06-2009,33.34000015258789,34.150001525878906,1358600,34.20000076293945,33.650001525878906,17.446983337402344
11-06-2009,33.650001525878906,34.75,2316800,35.310001373291016,35.02000045776367,18.157312393188477
12-06-2009,36.119998931884766,36.25,3541300,36.90999984741211,36.560001373291016,18.955774307250977
15-06-2009,35.47999954223633,36.20000076293945,1822900,36.20000076293945,35.65999984741211,18.489139556884766
16-06-2009,36.0099983215332,36.439998626708984,1874600,36.54999923706055,36.060001373291016,18.696533203125
17-06-2009,36.13999938964844,36.20000076293945,2165400,36.61000061035156,36.459999084472656,18.9039249420166
18-06-2009,36.08000183105469,36.18000030517578,1659700,36.709999084472656,36.369998931884766,18.857254028320312
19-06-2009,36.349998474121094,36.70000076293945,1638100,36.849998474121094,36.5099983215332,18.929845809936523
22-06-2009,35.56999969482422,36.22999954223633,1417600,36.2599983215332,35.689998626708984,18.50469207763672
23-06-2009,36.16999816894531,36.439998626708984,1673500,36.47999954223633,36.400001525878906,18.87281608581543
24-06-2009,35.91999816894531,36.470001220703125,1403900,36.709999084472656,36.130001068115234,18.732818603515625
25-06-2009,35.06999969482422,35.119998931884766,2733200,35.630001068115234,35.52000045776367,18.416545867919922
26-06-2009,35.290000915527344,35.630001068115234,1898500,35.88999938964844,35.79999923706055,18.56172752380371
29-06-2009,34.970001220703125,35.16999816894531,1393200,35.52000045776367,35.470001220703125,18.390628814697266
30-06-2009,35.029998779296875,35.63999938964844,1473500,35.709999084472656,35.34000015258789,18.323223114013672
01-07-2009,35.599998474121094,35.599998474121094,1604700,36.209999084472656,36.040000915527344,18.6861629486084
02-07-2009,34.619998931884766,35.029998779296875,1531700,35.029998779296875,34.849998474121094,18.069156646728516
06-07-2009,34.540000915527344,34.54999923706055,1084200,35.16999816894531,35.13999938964844,18.219528198242188
07-07-2009,34.34000015258789,34.72999954223633,1006200,34.790000915527344,34.36000061035156,17.815109252929688
08-07-2009,34.650001525878906,34.91999816894531,1359300,34.970001220703125,34.849998474121094,18.069156646728516
09-07-2009,35.43000030517578,35.689998626708984,1895000,36.0,35.810001373291016,18.56690788269043
10-07-2009,34.97999954223633,34.97999954223633,1194800,35.439998626708984,35.18000030517578,18.240262985229492
13-07-2009,35.459999084472656,35.59000015258789,1396500,36.13999938964844,36.099998474121094,18.717267990112305
14-07-2009,35.970001220703125,36.2400016784668,2112800,36.849998474121094,36.43000030517578,18.88837242126465
15-07-2009,36.369998931884766,36.68000030517578,1468800,36.72999954223633,36.52000045776367,18.935035705566406
16-07-2009,36.56999969482422,36.68000030517578,970300,36.970001220703125,36.869998931884766,19.116500854492188
17-07-2009,36.16999816894531,36.310001373291016,997800,36.439998626708984,36.36000061035156,18.85207176208496
20-07-2009,37.400001525878906,37.599998474121094,1495000,37.84000015258789,37.810001373291016,19.603878021240234
21-07-2009,37.86000061035156,38.060001373291016,1334000,38.25,38.13999938964844,19.774980545043945
22-07-2009,37.79999923706055,38.18000030517578,1303300,38.279998779296875,37.869998931884766,19.634981155395508
23-07-2009,37.90999984741211,37.959999084472656,2658400,38.79999923706055,38.439998626708984,19.930519104003906
24-07-2009,38.0099983215332,38.18000030517578,904800,38.310001373291016,38.279998779296875,19.847558975219727
27-07-2009,38.150001525878906,38.4900016784668,1568300,38.68000030517578,38.650001525878906,20.039403915405273
28-07-2009,38.369998931884766,38.56999969482422,1105500,38.88999938964844,38.689998626708984,20.06014060974121
29-07-2009,38.13999938964844,38.47999954223633,1666700,38.599998474121094,38.38999938964844,20.144622802734375
30-07-2009,38.43000030517578,38.65999984741211,1047200,39.0,38.43000030517578,20.165626525878906
31-07-2009,38.0,38.38999938964844,1079200,38.58000183105469,38.290000915527344,20.09214973449707
03-08-2009,38.70000076293945,38.84000015258789,1237800,39.15999984741211,39.02000045776367,20.47521209716797
04-08-2009,38.619998931884766,38.7599983215332,1005800,39.0,38.959999084472656,20.44371795654297
05-08-2009,38.709999084472656,39.119998931884766,994300,39.18000030517578,38.97999954223633,20.454219818115234
06-08-2009,37.810001373291016,38.4900016784668,1269500,38.540000915527344,38.16999816894531,20.029176712036133
07-08-2009,38.65999984741211,38.70000076293945,977400,39.08000183105469,38.83000183105469,20.37550926208496
10-08-2009,38.689998626708984,39.029998779296875,893900,39.08000183105469,38.900001525878906,20.412242889404297
11-08-2009,38.47999954223633,38.70000076293945,1172200,38.75,38.59000015258789,20.249574661254883
12-08-2009,38.779998779296875,38.779998779296875,1835000,39.40999984741211,39.220001220703125,20.580158233642578
13-08-2009,38.630001068115234,38.91999816894531,997900,39.029998779296875,38.86000061035156,20.39124870300293
14-08-2009,38.15999984741211,38.880001068115234,832800,38.900001525878906,38.5,20.20234489440918
17-08-2009,37.72999954223633,37.83000183105469,1322700,38.31999969482422,38.25,20.07115936279297
18-08-2009,38.220001220703125,38.22999954223633,1073700,38.88999938964844,38.84000015258789,20.38075828552246
19-08-2009,38.630001068115234,38.65999984741211,919200,39.54999923706055,39.0099983215332,20.46996307373047
20-08-2009,38.9900016784668,39.08000183105469,738300,39.939998626708984,39.369998931884766,20.65886878967285
21-08-2009,39.91999816894531,40.060001373291016,1423900,40.4900016784668,40.029998779296875,21.005189895629883
24-08-2009,39.2599983215332,39.540000915527344,1499700,39.779998779296875,39.439998626708984,20.695594787597656
25-08-2009,39.119998931884766,39.279998779296875,899000,39.529998779296875,39.150001525878906,20.54343032836914
26-08-2009,38.83000183105469,39.130001068115234,907000,39.20000076293945,39.130001068115234,20.53293800354004
27-08-2009,39.18000030517578,39.2400016784668,1353800,39.709999084472656,39.58000183105469,20.769067764282227
28-08-2009,38.97999954223633,39.83000183105469,637900,39.849998474121094,39.13999938964844,20.538175582885742
31-08-2009,38.650001525878906,38.86000061035156,975900,39.20000076293945,39.099998474121094,20.517189025878906
01-09-2009,38.650001525878906,39.119998931884766,1303600,39.58000183105469,38.689998626708984,20.302045822143555
02-09-2009,38.59000015258789,38.59000015258789,1606600,39.2400016784668,39.060001373291016,20.49620246887207
03-09-2009,38.400001525878906,38.880001068115234,819600,38.91999816894531,38.599998474121094,20.25482177734375
04-09-2009,38.63999938964844,38.72999954223633,802200,39.08000183105469,39.040000915527344,20.485702514648438
08-09-2009,38.7400016784668,39.040000915527344,644900,39.18000030517578,39.02000045776367,20.47521209716797
09-09-2009,38.88999938964844,38.97999954223633,1206000,39.4900016784668,39.220001220703125,20.580158233642578
10-09-2009,38.88999938964844,39.18000030517578,496700,39.529998779296875,39.5,20.727083206176758
11-09-2009,39.31999969482422,39.63999938964844,577800,39.709999084472656,39.38999938964844,20.669363021850586
14-09-2009,39.279998779296875,39.349998474121094,617000,39.59000015258789,39.439998626708984,20.695594787597656
15-09-2009,38.4900016784668,38.93000030517578,1041200,38.939998626708984,38.7599983215332,20.338775634765625
16-09-2009,38.61000061035156,38.79999923706055,1143000,38.9900016784668,38.93000030517578,20.427982330322266
17-09-2009,38.650001525878906,39.029998779296875,941100,39.20000076293945,38.86000061035156,20.39124870300293
18-09-2009,38.970001220703125,39.29999923706055,1858200,39.349998474121094,39.099998474121094,20.517189025878906
21-09-2009,39.0,39.0,885200,39.38999938964844,39.310001373291016,20.627384185791016
22-09-2009,39.5099983215332,39.75,2252500,39.790000915527344,39.599998474121094,20.779556274414062
23-09-2009,39.599998474121094,40.150001525878906,1393500,40.2400016784668,39.619998931884766,20.790054321289062
24-09-2009,38.70000076293945,39.2400016784668,1532200,39.47999954223633,38.93000030517578,20.427982330322266
25-09-2009,39.04999923706055,39.189998626708984,1378900,39.47999954223633,39.25,20.595903396606445
28-09-2009,39.29999923706055,39.33000183105469,1450200,39.88999938964844,39.66999816894531,20.81629180908203
29-09-2009,39.2599983215332,39.939998626708984,2112800,39.9900016784668,39.630001068115234,20.7952938079834
30-09-2009,39.22999954223633,39.77000045776367,1644800,39.79999923706055,39.5099983215332,20.73232650756836
01-10-2009,38.75,39.459999084472656,1533900,39.5099983215332,38.75,20.333528518676758
02-10-2009,38.29999923706055,38.34000015258789,868400,38.880001068115234,38.720001220703125,20.31778335571289
05-10-2009,38.459999084472656,38.560001373291016,984300,39.0,38.86000061035156,20.39124870300293
06-10-2009,39.119998931884766,39.18000030517578,1246400,39.47999954223633,39.2599983215332,20.60114288330078
07-10-2009,39.130001068115234,39.31999969482422,989900,39.41999816894531,39.31999969482422,20.632633209228516
08-10-2009,39.4900016784668,39.709999084472656,1513600,39.83000183105469,39.58000183105469,20.769067764282227
09-10-2009,39.459999084472656,39.63999938964844,1424100,39.720001220703125,39.66999816894531,20.81629180908203
12-10-2009,39.689998626708984,39.91999816894531,1002600,40.0,39.779998779296875,20.874006271362305
13-10-2009,39.220001220703125,39.810001373291016,2137800,39.900001525878906,39.689998626708984,20.826784133911133
14-10-2009,40.060001373291016,40.40999984741211,1471300,40.43000030517578,40.31999969482422,21.157367706298828
15-10-2009,41.119998931884766,41.220001220703125,2323300,41.43000030517578,41.279998779296875,21.66111183166504
16-10-2009,41.0,41.130001068115234,1369000,41.349998474121094,41.20000076293945,21.61913299560547
19-10-2009,41.47999954223633,41.560001373291016,1020400,42.099998474121094,41.90999984741211,21.99169921875
20-10-2009,41.459999084472656,42.0099983215332,956400,42.060001373291016,41.599998474121094,21.829025268554688
21-10-2009,41.560001373291016,41.810001373291016,1442600,42.18000030517578,41.59000015258789,21.823781967163086
22-10-2009,41.209999084472656,41.439998626708984,1157600,41.619998931884766,41.540000915527344,21.797550201416016
23-10-2009,40.08000183105469,40.7599983215332,1932800,40.79999923706055,40.2400016784668,21.115392684936523
26-10-2009,39.9900016784668,40.279998779296875,2982900,40.75,40.310001373291016,21.152116775512695
27-10-2009,40.79999923706055,41.2400016784668,1518100,41.38999938964844,40.869998931884766,21.445964813232422
28-10-2009,40.599998474121094,40.70000076293945,1526900,41.099998474121094,40.619998931884766,21.314788818359375
29-10-2009,40.72999954223633,40.84000015258789,1758800,41.619998931884766,41.40999984741211,21.72932243347168
30-10-2009,40.81999969482422,41.630001068115234,2058900,41.77000045776367,41.15999984741211,21.59814453125
02-11-2009,40.38999938964844,40.45000076293945,2362600,40.880001068115234,40.709999084472656,21.36201286315918
03-11-2009,39.869998931884766,39.95000076293945,2355400,40.439998626708984,40.439998626708984,21.220333099365234
04-11-2009,39.9900016784668,40.0099983215332,1416500,40.56999969482422,40.29999923706055,21.406240463256836
05-11-2009,40.2400016784668,40.349998474121094,1071400,40.59000015258789,40.459999084472656,21.491230010986328
06-11-2009,39.81999969482422,39.84000015258789,1430000,40.52000045776367,40.52000045776367,21.52310562133789
09-11-2009,40.970001220703125,41.13999938964844,1085200,41.439998626708984,41.369998931884766,21.974599838256836
10-11-2009,41.18000030517578,41.290000915527344,1256100,41.38999938964844,41.349998474121094,21.963973999023438
11-11-2009,41.119998931884766,41.41999816894531,2214100,41.54999923706055,41.22999954223633,21.900232315063477
12-11-2009,41.380001068115234,41.77000045776367,2378900,41.79999923706055,41.459999084472656,22.02240753173828
13-11-2009,41.290000915527344,41.779998779296875,2206900,41.83000183105469,41.439998626708984,22.01178741455078
16-11-2009,41.61000061035156,41.709999084472656,2051900,42.040000915527344,41.900001525878906,22.256120681762695
17-11-2009,41.630001068115234,41.68000030517578,1566600,41.88999938964844,41.83000183105469,22.21893882751465
18-11-2009,41.599998474121094,41.93000030517578,1576600,41.959999084472656,41.75,22.176441192626953
19-11-2009,41.060001373291016,41.540000915527344,1293700,41.540000915527344,41.470001220703125,22.027719497680664
20-11-2009,40.939998626708984,40.95000076293945,1164300,41.560001373291016,41.529998779296875,22.059579849243164
23-11-2009,41.970001220703125,42.470001220703125,2353000,42.70000076293945,42.13999938964844,22.383607864379883
24-11-2009,42.099998474121094,42.27000045776367,2275900,42.470001220703125,42.279998779296875,22.457971572875977
25-11-2009,42.650001525878906,42.93000030517578,1707400,42.97999954223633,42.880001068115234,22.77666473388672
27-11-2009,41.540000915527344,41.54999923706055,810300,42.400001525878906,42.2599983215332,22.44734001159668
30-11-2009,41.18000030517578,41.40999984741211,2177500,41.709999084472656,41.470001220703125,22.027719497680664
01-12-2009,42.209999084472656,42.380001068115234,2255000,42.5,42.40999984741211,22.527009963989258
02-12-2009,42.380001068115234,42.72999954223633,1850700,42.79999923706055,42.380001068115234,22.51108741760254
03-12-2009,42.380001068115234,42.599998474121094,1551700,42.70000076293945,42.439998626708984,22.542953491210938
04-12-2009,42.689998626708984,43.41999816894531,1898800,43.470001220703125,42.75,22.707612991333008
07-12-2009,42.5,42.529998779296875,833600,42.880001068115234,42.63999938964844,22.649187088012695
08-12-2009,41.9900016784668,42.369998931884766,963700,42.40999984741211,42.04999923706055,22.335796356201172
09-12-2009,41.29999923706055,41.91999816894531,1676400,41.959999084472656,41.59000015258789,22.091453552246094
10-12-2009,41.91999816894531,42.040000915527344,952600,42.189998626708984,42.060001373291016,22.34110450744629
11-12-2009,42.13999938964844,42.40999984741211,840800,42.5,42.2400016784668,22.436717987060547
14-12-2009,42.790000915527344,42.880001068115234,1390600,43.18000030517578,42.90999984741211,22.792613983154297
15-12-2009,42.54999923706055,42.61000061035156,1138800,42.88999938964844,42.84000015258789,22.75541877746582
16-12-2009,42.779998779296875,43.09000015258789,903000,43.2400016784668,42.880001068115234,22.77666473388672
17-12-2009,41.75,42.41999816894531,1363900,42.41999816894531,41.95000076293945,22.28268051147461
18-12-2009,41.56999969482422,42.04999923706055,1695800,42.060001373291016,41.79999923706055,22.203006744384766
21-12-2009,41.709999084472656,41.90999984741211,2820700,42.060001373291016,41.83000183105469,22.21893882751465
22-12-2009,42.22999954223633,42.439998626708984,812500,42.58000183105469,42.310001373291016,22.47390365600586
23-12-2009,41.90999984741211,42.459999084472656,997100,42.47999954223633,42.09000015258789,22.35704231262207
24-12-2009,42.029998779296875,42.04999923706055,276100,42.36000061035156,42.290000915527344,22.463279724121094
28-12-2009,42.209999084472656,42.209999084472656,702700,42.470001220703125,42.470001220703125,22.558887481689453
29-12-2009,42.20000076293945,42.709999084472656,733800,42.79999923706055,42.45000076293945,22.548269271850586
30-12-2009,42.20000076293945,42.2599983215332,878700,42.5,42.5,22.5748233795166
31-12-2009,42.25,42.5099983215332,704400,42.619998931884766,42.25,22.442031860351562
04-01-2010,42.88999938964844,43.08000183105469,1046500,43.130001068115234,42.970001220703125,22.82447624206543
05-01-2010,41.619998931884766,41.9900016784668,1619800,42.08000183105469,41.83000183105469,22.21893882751465
06-01-2010,41.290000915527344,41.560001373291016,1850100,41.70000076293945,41.34000015258789,21.95867347717285
07-01-2010,41.02000045776367,41.400001525878906,1762500,41.54999923706055,41.47999954223633,22.033031463623047
08-01-2010,40.77000045776367,41.060001373291016,2952100,41.15999984741211,41.099998474121094,21.8311824798584
11-01-2010,41.34000015258789,41.47999954223633,2293200,41.779998779296875,41.630001068115234,22.112699508666992
12-01-2010,41.36000061035156,41.470001220703125,1476900,41.79999923706055,41.709999084472656,22.155202865600586
13-01-2010,41.290000915527344,41.630001068115234,2346100,41.79999923706055,41.709999084472656,22.155202865600586
14-01-2010,41.79999923706055,41.88999938964844,4392600,42.099998474121094,41.97999954223633,22.29861068725586
15-01-2010,40.560001373291016,41.13999938964844,2359000,41.27000045776367,40.90999984741211,21.730262756347656
19-01-2010,41.630001068115234,41.650001525878906,1691600,42.25,42.119998931884766,22.372976303100586
20-01-2010,41.810001373291016,42.119998931884766,4964900,42.220001220703125,42.060001373291016,22.34110450744629
21-01-2010,41.34000015258789,42.27000045776367,1654800,42.34000015258789,41.529998779296875,22.059579849243164
22-01-2010,40.65999984741211,41.13999938964844,1213900,41.34000015258789,40.7599983215332,21.65058708190918
25-01-2010,40.349998474121094,40.58000183105469,1263000,40.63999938964844,40.45000076293945,21.485918045043945
26-01-2010,40.540000915527344,40.619998931884766,1505100,41.0099983215332,40.79999923706055,21.67183494567871
27-01-2010,40.25,40.59000015258789,1888000,40.689998626708984,40.41999816894531,21.469982147216797
28-01-2010,39.61000061035156,40.4900016784668,2286500,40.54999923706055,39.81999969482422,21.15128517150879
29-01-2010,38.95000076293945,39.2599983215332,3018400,39.459999084472656,39.0099983215332,20.72102928161621
01-02-2010,38.59000015258789,38.709999084472656,2533900,38.91999816894531,38.869998931884766,20.64667320251465
02-02-2010,38.9900016784668,39.08000183105469,3682300,39.59000015258789,39.4900016784668,20.975996017456055
03-02-2010,38.77000045776367,38.9900016784668,1603300,39.13999938964844,38.91999816894531,20.6732234954834
04-02-2010,38.41999816894531,39.220001220703125,1769000,39.34000015258789,38.4900016784668,20.444826126098633
05-02-2010,37.369998931884766,38.16999816894531,2935900,38.20000076293945,38.060001373291016,20.2164249420166
08-02-2010,38.08000183105469,38.20000076293945,1945700,38.41999816894531,38.119998931884766,20.248289108276367
09-02-2010,37.95000076293945,38.2599983215332,3263800,38.75,38.470001220703125,20.4341983795166
10-02-2010,37.34000015258789,37.560001373291016,1388900,37.75,37.52000045776367,20.231456756591797
11-02-2010,37.7400016784668,37.91999816894531,3695600,38.5099983215332,38.470001220703125,20.743709564208984
12-02-2010,38.45000076293945,38.720001220703125,1693200,38.779998779296875,38.75,20.89469337463379
16-02-2010,38.689998626708984,38.869998931884766,3656900,39.33000183105469,39.25,21.164304733276367
17-02-2010,39.13999938964844,39.38999938964844,1532500,39.439998626708984,39.36000061035156,21.223621368408203
18-02-2010,38.84000015258789,38.970001220703125,3773400,39.15999984741211,38.84000015258789,20.943222045898438
19-02-2010,37.959999084472656,38.130001068115234,1422700,38.380001068115234,38.2599983215332,20.63047218322754
22-02-2010,37.20000076293945,37.400001525878906,3565400,37.599998474121094,37.31999969482422,20.12360954284668
23-02-2010,37.279998779296875,37.369998931884766,1781000,37.52000045776367,37.41999816894531,20.177532196044922
24-02-2010,37.279998779296875,37.36000061035156,1345000,37.58000183105469,37.33000183105469,20.129005432128906
25-02-2010,36.709999084472656,36.79999923706055,2255200,37.130001068115234,37.130001068115234,20.021162033081055
26-02-2010,36.84000015258789,36.959999084472656,1610500,37.2599983215332,37.13999938964844,20.026552200317383
01-03-2010,36.65999984741211,36.75,2009800,37.09000015258789,37.029998779296875,19.967241287231445
02-03-2010,37.029998779296875,37.119998931884766,1475700,37.439998626708984,37.22999954223633,20.075082778930664
03-03-2010,37.209999084472656,37.310001373291016,1089600,37.59000015258789,37.36000061035156,20.145177841186523
04-03-2010,37.310001373291016,37.52000045776367,1446500,37.56999969482422,37.369998931884766,20.15057373046875
05-03-2010,37.0,37.040000915527344,1877700,37.66999816894531,37.540000915527344,20.242237091064453
08-03-2010,37.2599983215332,37.380001068115234,1639700,37.540000915527344,37.369998931884766,20.15057373046875
09-03-2010,37.5,37.54999923706055,1095700,37.75,37.720001220703125,20.339298248291016
10-03-2010,37.470001220703125,37.4900016784668,1179600,37.75,37.65999984741211,20.306941986083984
11-03-2010,37.45000076293945,37.650001525878906,1078300,37.84000015258789,37.84000015258789,20.404003143310547
12-03-2010,37.68000030517578,37.880001068115234,1325300,37.95000076293945,37.81999969482422,20.393218994140625
15-03-2010,37.5099983215332,37.65999984741211,1533600,37.72999954223633,37.72999954223633,20.344690322875977
16-03-2010,37.5,37.630001068115234,1357300,37.900001525878906,37.790000915527344,20.377042770385742
17-03-2010,37.5099983215332,37.939998626708984,1612000,37.95000076293945,37.79999923706055,20.382431030273438
18-03-2010,38.61000061035156,38.65999984741211,3325400,39.22999954223633,39.220001220703125,21.14812660217285
19-03-2010,38.369998931884766,38.56999969482422,2743200,38.72999954223633,38.56999969482422,20.79763412475586
22-03-2010,38.7400016784668,38.83000183105469,1827800,39.25,39.0099983215332,21.034889221191406
23-03-2010,38.650001525878906,38.66999816894531,1715800,39.029998779296875,38.97999954223633,21.01871109008789
24-03-2010,38.5,38.709999084472656,1832100,38.84000015258789,38.63999938964844,20.835378646850586
25-03-2010,38.41999816894531,38.790000915527344,1787000,38.79999923706055,38.41999816894531,20.71674919128418
26-03-2010,37.95000076293945,38.06999969482422,1177700,38.189998626708984,38.02000045776367,20.501062393188477
29-03-2010,37.9900016784668,38.029998779296875,955700,38.22999954223633,38.119998931884766,20.554983139038086
30-03-2010,38.08000183105469,38.31999969482422,971600,38.380001068115234,38.22999954223633,20.614303588867188
31-03-2010,38.13999938964844,38.150001525878906,1789900,38.70000076293945,38.52000045776367,20.770671844482422
01-04-2010,38.369998931884766,38.470001220703125,1093800,38.599998474121094,38.54999923706055,20.78684425354004
05-04-2010,38.560001373291016,38.810001373291016,883400,38.810001373291016,38.630001068115234,20.829992294311523
06-04-2010,38.08000183105469,38.09000015258789,3224000,38.97999954223633,38.7400016784668,20.88929557800293
07-04-2010,38.65999984741211,38.849998474121094,2758000,39.11000061035156,38.7599983215332,20.900075912475586
08-04-2010,38.7400016784668,38.83000183105469,1729700,38.9900016784668,38.86000061035156,20.954002380371094
09-04-2010,39.08000183105469,39.29999923706055,1738500,39.34000015258789,39.20000076293945,21.13733673095703
12-04-2010,39.02000045776367,39.119998931884766,1289500,39.349998474121094,39.130001068115234,21.099597930908203
13-04-2010,39.150001525878906,39.45000076293945,1547200,39.52000045776367,39.4900016784668,21.293718338012695
14-04-2010,39.439998626708984,39.599998474121094,1968700,39.720001220703125,39.470001220703125,21.282926559448242
15-04-2010,39.369998931884766,39.40999984741211,1254100,39.689998626708984,39.459999084472656,21.277545928955078
16-04-2010,39.38999938964844,39.720001220703125,1557300,39.90999984741211,39.56999969482422,21.33684730529785
19-04-2010,39.060001373291016,39.09000015258789,1031900,39.380001068115234,39.380001068115234,21.23440170288086
20-04-2010,39.29999923706055,39.45000076293945,2223500,39.599998474121094,39.43000030517578,21.261356353759766
21-04-2010,38.790000915527344,39.16999816894531,1516600,39.20000076293945,39.0,21.02950096130371
22-04-2010,38.290000915527344,38.779998779296875,2898800,39.029998779296875,38.61000061035156,20.8192081451416
23-04-2010,38.099998474121094,38.209999084472656,1574900,38.630001068115234,38.61000061035156,20.8192081451416
26-04-2010,38.66999816894531,38.709999084472656,1281500,38.84000015258789,38.68000030517578,20.85694122314453
27-04-2010,37.2400016784668,37.79999923706055,3587300,37.91999816894531,37.560001373291016,20.25302505493164
28-04-2010,37.0099983215332,37.45000076293945,2798000,37.5099983215332,37.279998779296875,20.1020450592041
29-04-2010,37.290000915527344,37.459999084472656,1548200,37.650001525878906,37.5,20.22066879272461
30-04-2010,37.099998474121094,37.4900016784668,2565800,37.540000915527344,37.290000915527344,20.10743522644043
03-05-2010,37.310001373291016,37.45000076293945,1458300,37.58000183105469,37.43000030517578,20.18292999267578
04-05-2010,36.77000045776367,37.04999923706055,2146700,37.119998931884766,36.95000076293945,19.924100875854492
05-05-2010,35.93000030517578,36.130001068115234,2232300,36.439998626708984,36.189998626708984,19.760299682617188
06-05-2010,33.2400016784668,35.869998931884766,3448300,36.38999938964844,34.900001525878906,19.05593490600586
07-05-2010,33.599998474121094,34.540000915527344,3762700,34.7599983215332,34.20000076293945,18.673723220825195
10-05-2010,35.11000061035156,35.36000061035156,2158400,35.7599983215332,35.290000915527344,19.26888084411621
11-05-2010,34.869998931884766,35.04999923706055,1742500,35.70000076293945,35.369998931884766,19.312562942504883
12-05-2010,35.20000076293945,35.34000015258789,1626000,35.58000183105469,35.400001525878906,19.328943252563477
13-05-2010,35.04999923706055,35.2599983215332,1067700,35.400001525878906,35.09000015258789,19.15968132019043
14-05-2010,33.97999954223633,34.66999816894531,2439300,34.720001220703125,34.150001525878906,18.64642333984375
17-05-2010,34.0,34.15999984741211,2472700,34.58000183105469,34.47999954223633,18.82660484313965
18-05-2010,33.63999938964844,34.150001525878906,2511400,34.31999969482422,33.65999984741211,18.378877639770508
19-05-2010,33.630001068115234,33.650001525878906,3683200,34.439998626708984,34.279998779296875,18.717403411865234
20-05-2010,33.150001525878906,33.54999923706055,2861300,33.83000183105469,33.33000183105469,18.198694229125977
21-05-2010,32.41999816894531,32.47999954223633,2500000,33.38999938964844,33.279998779296875,18.1713924407959
24-05-2010,32.79999923706055,32.900001525878906,1720600,33.279998779296875,32.93000030517578,17.98027992248535
25-05-2010,32.150001525878906,32.33000183105469,2958700,32.91999816894531,32.91999816894531,17.974824905395508
26-05-2010,32.25,32.619998931884766,2745400,32.90999984741211,32.34000015258789,17.65813636779785
27-05-2010,32.720001220703125,32.81999969482422,2137700,33.380001068115234,33.36000061035156,18.21507453918457
28-05-2010,33.369998931884766,33.900001525878906,1705400,33.90999984741211,33.459999084472656,18.269676208496094
01-06-2010,33.65999984741211,33.86000061035156,2718300,34.209999084472656,33.65999984741211,18.378877639770508
02-06-2010,34.209999084472656,34.40999984741211,3245200,34.81999969482422,34.810001373291016,19.006799697875977
03-06-2010,34.72999954223633,35.04999923706055,1780900,35.16999816894531,34.93000030517578,19.072315216064453
04-06-2010,33.779998779296875,34.400001525878906,1626300,34.470001220703125,33.880001068115234,18.49900245666504
07-06-2010,33.619998931884766,33.88999938964844,1452100,34.18000030517578,33.65999984741211,18.378877639770508
08-06-2010,33.189998626708984,33.61000061035156,1885600,33.689998626708984,33.599998474121094,18.34611701965332
09-06-2010,33.599998474121094,33.81999969482422,1901000,34.11000061035156,33.70000076293945,18.40071678161621
10-06-2010,34.099998474121094,34.22999954223633,2081500,34.529998779296875,34.279998779296875,18.717403411865234
11-06-2010,34.5,34.54999923706055,1912200,35.040000915527344,34.970001220703125,19.09416389465332
14-06-2010,35.18000030517578,35.43000030517578,1452800,35.630001068115234,35.2400016784668,19.241575241088867
15-06-2010,35.66999816894531,35.84000015258789,1381200,36.04999923706055,36.02000045776367,19.667470932006836
16-06-2010,36.029998779296875,36.16999816894531,3448700,36.650001525878906,36.40999984741211,19.880414962768555
17-06-2010,35.91999816894531,36.16999816894531,1333700,36.2599983215332,36.15999984741211,19.743919372558594
18-06-2010,35.45000076293945,35.58000183105469,2082100,35.70000076293945,35.4900016784668,19.378089904785156
21-06-2010,35.130001068115234,35.54999923706055,1896300,35.61000061035156,35.20000076293945,19.219741821289062
22-06-2010,35.040000915527344,35.20000076293945,2203000,35.540000915527344,35.060001373291016,19.143295288085938
23-06-2010,34.650001525878906,35.189998626708984,1802400,35.189998626708984,34.9900016784668,19.105077743530273
24-06-2010,34.959999084472656,35.25,1744800,35.29999923706055,34.970001220703125,19.09416389465332
25-06-2010,34.380001068115234,34.61000061035156,1966400,34.720001220703125,34.61000061035156,18.897586822509766
28-06-2010,34.22999954223633,34.459999084472656,3717200,34.7400016784668,34.29999923706055,18.72832489013672
29-06-2010,33.689998626708984,34.41999816894531,2184300,34.459999084472656,33.83000183105469,18.471698760986328
30-06-2010,33.95000076293945,34.08000183105469,2381000,34.45000076293945,34.0099983215332,18.56998062133789
01-07-2010,33.54999923706055,34.13999938964844,2295200,34.18000030517578,33.91999816894531,18.520837783813477
02-07-2010,33.56999969482422,33.65999984741211,1782300,33.970001220703125,33.779998779296875,18.444395065307617
06-07-2010,33.810001373291016,33.810001373291016,1638500,34.400001525878906,34.130001068115234,18.635501861572266
07-07-2010,33.900001525878906,33.900001525878906,2399500,34.439998626708984,34.439998626708984,18.804773330688477
08-07-2010,34.369998931884766,34.41999816894531,2898200,34.90999984741211,34.90999984741211,19.061391830444336
09-07-2010,34.04999923706055,34.13999938964844,3608000,34.86000061035156,34.84000015258789,19.023178100585938
12-07-2010,34.689998626708984,34.7400016784668,2793500,35.18000030517578,35.119998931884766,19.176061630249023
13-07-2010,35.400001525878906,35.599998474121094,3970500,35.959999084472656,35.720001220703125,19.503673553466797
14-07-2010,34.29999923706055,35.869998931884766,13447400,38.0,36.349998474121094,19.84765625
15-07-2010,36.77000045776367,37.060001373291016,4132100,37.310001373291016,37.209999084472656,20.31723403930664
16-07-2010,36.310001373291016,36.9900016784668,2406800,37.040000915527344,36.41999816894531,19.885881423950195
19-07-2010,36.119998931884766,36.36000061035156,1568900,36.540000915527344,36.25,19.79305648803711
20-07-2010,35.70000076293945,35.720001220703125,2174400,36.41999816894531,36.369998931884766,19.858583450317383
21-07-2010,35.959999084472656,36.130001068115234,3903900,36.38999938964844,36.36000061035156,19.853118896484375
22-07-2010,36.400001525878906,36.400001525878906,2114000,36.959999084472656,36.65999984741211,20.016929626464844
23-07-2010,36.25,36.65999984741211,2715300,36.720001220703125,36.5,19.9295597076416
26-07-2010,36.189998626708984,36.2400016784668,2089400,36.7400016784668,36.7400016784668,20.060611724853516
27-07-2010,35.849998474121094,36.18000030517578,2052600,36.33000183105469,36.220001220703125,19.77667999267578
28-07-2010,35.41999816894531,35.869998931884766,1586700,35.95000076293945,35.439998626708984,19.59805679321289
29-07-2010,35.029998779296875,35.36000061035156,3812300,35.5099983215332,35.15999984741211,19.443220138549805
30-07-2010,34.849998474121094,34.86000061035156,2496500,35.400001525878906,35.16999816894531,19.44875144958496
02-08-2010,35.540000915527344,35.630001068115234,2243100,36.0099983215332,36.0,19.907730102539062
03-08-2010,36.0099983215332,36.040000915527344,1562400,36.439998626708984,36.29999923706055,20.073631286621094
04-08-2010,36.0,36.18000030517578,1354200,36.31999969482422,36.220001220703125,20.02939796447754
05-08-2010,35.939998626708984,35.9900016784668,1259600,36.15999984741211,36.15999984741211,19.9962158203125
06-08-2010,36.18000030517578,36.290000915527344,967700,36.540000915527344,36.52000045776367,20.19529151916504
09-08-2010,36.65999984741211,36.790000915527344,1029700,36.88999938964844,36.84000015258789,20.37224578857422
10-08-2010,36.79999923706055,36.97999954223633,1452400,37.560001373291016,37.400001525878906,20.681930541992188
11-08-2010,36.459999084472656,36.81999969482422,2191200,36.84000015258789,36.459999084472656,20.162109375
12-08-2010,37.0,37.16999816894531,1823800,37.38999938964844,37.20000076293945,20.571325302124023
13-08-2010,37.959999084472656,37.970001220703125,2646000,38.29999923706055,38.13999938964844,21.091140747070312
16-08-2010,37.93000030517578,38.02000045776367,1794900,38.349998474121094,38.04999923706055,21.04137420654297
17-08-2010,37.869998931884766,38.119998931884766,2119900,38.33000183105469,38.119998931884766,21.080078125
18-08-2010,37.959999084472656,38.20000076293945,1106500,38.22999954223633,38.0099983215332,21.019254684448242
19-08-2010,37.11000061035156,37.790000915527344,1776000,37.849998474121094,37.290000915527344,20.6210994720459
20-08-2010,37.349998474121094,37.45000076293945,967800,37.58000183105469,37.540000915527344,20.759340286254883
23-08-2010,37.959999084472656,38.029998779296875,1908800,38.29999923706055,38.0099983215332,21.019254684448242
24-08-2010,37.040000915527344,37.2599983215332,1646900,37.400001525878906,37.18000030517578,20.56026268005371
25-08-2010,36.97999954223633,37.15999984741211,1199600,37.56999969482422,37.43000030517578,20.698522567749023
26-08-2010,37.470001220703125,37.61000061035156,1242500,37.77000045776367,37.560001373291016,20.77040672302246
27-08-2010,37.58000183105469,37.84000015258789,1243800,38.130001068115234,37.97999954223633,21.002656936645508
30-08-2010,37.650001525878906,37.97999954223633,1230100,38.0,37.68000030517578,20.83676528930664
31-08-2010,37.220001220703125,37.29999923706055,1553400,37.599998474121094,37.400001525878906,20.681930541992188
01-09-2010,38.540000915527344,38.630001068115234,3053500,38.95000076293945,38.779998779296875,21.445051193237305
02-09-2010,38.77000045776367,38.849998474121094,2321100,39.0,38.95000076293945,21.5390682220459
03-09-2010,39.029998779296875,39.130001068115234,2007900,39.310001373291016,39.290000915527344,21.727081298828125
07-09-2010,38.40999984741211,38.459999084472656,1792400,38.959999084472656,38.90999984741211,21.516944885253906
08-09-2010,39.040000915527344,39.130001068115234,1248100,39.47999954223633,39.099998474121094,21.622007369995117
09-09-2010,39.099998474121094,39.220001220703125,1265600,39.560001373291016,39.5,21.84320831298828
10-09-2010,39.27000045776367,39.380001068115234,985900,39.5,39.439998626708984,21.810033798217773
13-09-2010,39.380001068115234,39.65999984741211,1196300,39.689998626708984,39.47999954223633,21.8321533203125
14-09-2010,39.45000076293945,39.56999969482422,1117000,39.95000076293945,39.77000045776367,21.992511749267578
15-09-2010,39.66999816894531,39.75,1346300,40.22999954223633,40.040000915527344,22.141828536987305
16-09-2010,39.7400016784668,39.9900016784668,970600,39.9900016784668,39.90999984741211,22.069936752319336
17-09-2010,39.779998779296875,40.130001068115234,816200,40.209999084472656,39.81999969482422,22.020172119140625
20-09-2010,40.02000045776367,40.11000061035156,1803900,40.33000183105469,40.33000183105469,22.302202224731445
21-09-2010,39.9900016784668,40.2400016784668,1911900,40.47999954223633,40.349998474121094,22.31325340270996
22-09-2010,39.81999969482422,39.880001068115234,2378900,40.22999954223633,40.150001525878906,22.202655792236328
23-09-2010,39.0099983215332,39.45000076293945,9234800,40.5099983215332,39.43000030517578,21.80449867248535
24-09-2010,39.79999923706055,39.86000061035156,2429200,40.4900016784668,40.470001220703125,22.379619598388672
27-09-2010,40.209999084472656,40.40999984741211,2560100,40.59000015258789,40.310001373291016,22.2911434173584
28-09-2010,39.72999954223633,39.97999954223633,1413900,40.15999984741211,40.08000183105469,22.163944244384766
29-09-2010,39.43000030517578,39.630001068115234,1312100,39.869998931884766,39.720001220703125,21.964866638183594
30-09-2010,39.439998626708984,40.0,1557500,40.13999938964844,39.52000045776367,21.854270935058594
01-10-2010,39.63999938964844,39.97999954223633,2009100,40.02000045776367,39.790000915527344,22.003570556640625
04-10-2010,39.619998931884766,39.7599983215332,1322600,39.900001525878906,39.790000915527344,22.003570556640625
05-10-2010,40.2400016784668,40.290000915527344,2272600,40.65999984741211,40.54999923706055,22.423847198486328
06-10-2010,40.41999816894531,40.47999954223633,1461600,40.720001220703125,40.720001220703125,22.517860412597656
07-10-2010,41.09000015258789,41.52000045776367,2094700,41.52000045776367,41.189998626708984,22.777769088745117
08-10-2010,41.33000183105469,41.38999938964844,2331300,41.79999923706055,41.65999984741211,23.03767967224121
11-10-2010,41.33000183105469,41.709999084472656,1373300,41.77000045776367,41.439998626708984,22.916017532348633
12-10-2010,41.15999984741211,41.459999084472656,1200900,41.529998779296875,41.459999084472656,22.927078247070312
13-10-2010,41.5,41.650001525878906,1571000,41.93000030517578,41.86000061035156,23.148269653320312
14-10-2010,41.5099983215332,42.02000045776367,3132500,42.099998474121094,41.650001525878906,23.032146453857422
15-10-2010,41.209999084472656,41.779998779296875,2012300,41.779998779296875,41.529998779296875,22.965778350830078
18-10-2010,41.43000030517578,41.470001220703125,1125700,41.720001220703125,41.619998931884766,23.01555824279785
19-10-2010,40.5,40.63999938964844,1646900,40.93000030517578,40.720001220703125,22.517860412597656
20-10-2010,40.459999084472656,40.56999969482422,1518000,41.15999984741211,40.91999816894531,22.628463745117188
21-10-2010,40.119998931884766,40.13999938964844,2806100,40.560001373291016,40.5,22.396207809448242
22-10-2010,40.15999984741211,40.38999938964844,1252400,40.459999084472656,40.27000045776367,22.269020080566406
25-10-2010,40.310001373291016,40.7400016784668,1902300,41.0,40.310001373291016,22.2911434173584
26-10-2010,40.04999923706055,40.540000915527344,1817200,40.560001373291016,40.16999816894531,22.21371841430664
27-10-2010,39.15999984741211,39.369998931884766,2739200,39.63999938964844,39.36000061035156,22.04401206970215
28-10-2010,39.16999816894531,39.599998474121094,2003700,39.720001220703125,39.380001068115234,22.05521583557129
29-10-2010,39.02000045776367,39.380001068115234,2247400,39.400001525878906,39.040000915527344,21.86479949951172
01-11-2010,39.119998931884766,39.459999084472656,3421800,39.540000915527344,39.310001373291016,22.016014099121094
02-11-2010,39.0099983215332,39.36000061035156,2289400,39.41999816894531,39.04999923706055,21.870397567749023
03-11-2010,38.79999923706055,39.189998626708984,2945900,39.310001373291016,39.2599983215332,21.988004684448242
04-11-2010,39.58000183105469,39.68000030517578,3854100,40.22999954223633,40.04999923706055,22.430458068847656
05-11-2010,40.66999816894531,40.86000061035156,4575900,40.9900016784668,40.849998474121094,22.87850570678711
08-11-2010,40.40999984741211,40.709999084472656,1707100,40.720001220703125,40.5,22.682491302490234
09-11-2010,39.439998626708984,40.08000183105469,2958500,40.11000061035156,39.61000061035156,22.184030532836914
10-11-2010,39.36000061035156,39.869998931884766,4032500,39.900001525878906,39.900001525878906,22.34644889831543
11-11-2010,39.58000183105469,39.7400016784668,1774100,39.810001373291016,39.75,22.262439727783203
12-11-2010,39.34000015258789,39.52000045776367,2193600,39.650001525878906,39.619998931884766,22.18963050842285
15-11-2010,39.20000076293945,39.369998931884766,1997200,39.5,39.22999954223633,21.97121238708496
16-11-2010,38.470001220703125,39.099998474121094,3978800,39.150001525878906,38.540000915527344,21.584760665893555
17-11-2010,39.11000061035156,39.15999984741211,4523400,39.79999923706055,39.56999969482422,22.16163444519043
18-11-2010,40.060001373291016,40.11000061035156,1941500,40.349998474121094,40.25,22.54247283935547
19-11-2010,39.66999816894531,39.939998626708984,2036300,40.189998626708984,40.15999984741211,22.4920654296875
22-11-2010,39.59000015258789,39.84000015258789,2190400,40.130001068115234,39.97999954223633,22.391254425048828
23-11-2010,38.83000183105469,39.209999084472656,3164100,39.29999923706055,39.0099983215332,21.847993850708008
24-11-2010,38.66999816894531,38.68000030517578,2409900,39.220001220703125,39.09000015258789,21.89279556274414
26-11-2010,39.16999816894531,39.290000915527344,1068100,39.58000183105469,39.41999816894531,22.07761573791504
29-11-2010,38.18000030517578,38.880001068115234,3372600,38.959999084472656,38.720001220703125,21.685577392578125
30-11-2010,37.90999984741211,37.97999954223633,4784600,38.38999938964844,38.279998779296875,21.439149856567383
01-12-2010,38.34000015258789,38.400001525878906,2220200,38.65999984741211,38.65999984741211,21.6519718170166
02-12-2010,38.290000915527344,38.31999969482422,1844700,38.97999954223633,38.939998626708984,21.80878257751465
03-12-2010,38.779998779296875,39.0099983215332,1678600,39.25,39.189998626708984,21.948802947998047
06-12-2010,38.65999984741211,38.72999954223633,1441700,39.099998474121094,39.08000183105469,21.8872013092041
07-12-2010,39.349998474121094,39.47999954223633,2011400,39.58000183105469,39.349998474121094,22.03841209411621
08-12-2010,39.189998626708984,39.349998474121094,1344100,39.529998779296875,39.45000076293945,22.09442710876465
09-12-2010,39.290000915527344,39.59000015258789,1093700,39.61000061035156,39.58000183105469,22.167232513427734
10-12-2010,39.45000076293945,39.5,901700,39.709999084472656,39.63999938964844,22.200838088989258
13-12-2010,39.58000183105469,39.619998931884766,1187700,40.0099983215332,39.97999954223633,22.391254425048828
14-12-2010,39.540000915527344,39.58000183105469,1289400,39.91999816894531,39.86000061035156,22.324047088623047
15-12-2010,39.72999954223633,39.7599983215332,1405000,39.9900016784668,39.79999923706055,22.29044532775879
16-12-2010,39.7400016784668,39.810001373291016,1192600,40.09000015258789,40.040000915527344,22.42485809326172
17-12-2010,39.34000015258789,39.5,1798900,39.65999984741211,39.5099983215332,22.128026962280273
20-12-2010,39.29999923706055,39.54999923706055,1088800,39.65999984741211,39.349998474121094,22.03841209411621
21-12-2010,38.970001220703125,39.18000030517578,1358900,39.29999923706055,39.09000015258789,21.89279556274414
22-12-2010,38.849998474121094,38.91999816894531,1349800,39.11000061035156,39.06999969482422,21.88159942626953
23-12-2010,39.08000183105469,39.099998474121094,827900,39.2400016784668,39.18000030517578,21.94320297241211
27-12-2010,38.91999816894531,39.099998474121094,617300,39.189998626708984,39.150001525878906,21.92640495300293
28-12-2010,39.130001068115234,39.34000015258789,858000,39.34000015258789,39.13999938964844,21.92079734802246
29-12-2010,39.150001525878906,39.16999816894531,1487900,39.41999816894531,39.279998779296875,21.999210357666016
30-12-2010,38.91999816894531,39.20000076293945,1357900,39.290000915527344,39.04999923706055,21.870397567749023
31-12-2010,39.0,39.06999969482422,1365300,39.36000061035156,39.220001220703125,21.965606689453125
03-01-2011,39.16999816894531,39.16999816894531,1247600,39.5,39.25,21.982406616210938
04-01-2011,39.58000183105469,39.81999969482422,1826500,39.900001525878906,39.86000061035156,22.324047088623047
05-01-2011,38.83000183105469,38.93000030517578,3847500,39.130001068115234,38.939998626708984,21.80878257751465
06-01-2011,38.83000183105469,39.119998931884766,2340000,39.209999084472656,39.04999923706055,21.870397567749023
07-01-2011,38.66999816894531,38.7400016784668,2392100,38.93000030517578,38.77000045776367,21.71358299255371
10-01-2011,38.58000183105469,38.63999938964844,2013700,38.77000045776367,38.77000045776367,21.71358299255371
11-01-2011,38.2599983215332,38.38999938964844,2090800,38.599998474121094,38.599998474121094,21.61836814880371
12-01-2011,38.560001373291016,38.720001220703125,1934400,39.060001373291016,39.029998779296875,21.859201431274414
13-01-2011,38.810001373291016,39.09000015258789,1671700,39.130001068115234,38.880001068115234,21.775182723999023
14-01-2011,39.0099983215332,39.04999923706055,2032700,39.27000045776367,39.18000030517578,21.94320297241211
18-01-2011,37.790000915527344,37.81999969482422,4228700,38.25,38.18000030517578,21.383136749267578
19-01-2011,37.709999084472656,38.47999954223633,4321400,38.630001068115234,38.0099983215332,21.287931442260742
20-01-2011,36.709999084472656,37.130001068115234,5038600,37.15999984741211,37.04999923706055,20.750274658203125
21-01-2011,37.11000061035156,37.400001525878906,2283400,37.459999084472656,37.349998474121094,20.91829490661621
24-01-2011,37.689998626708984,37.720001220703125,2363700,37.97999954223633,37.849998474121094,21.19831657409668
25-01-2011,37.04999923706055,37.11000061035156,2677900,37.38999938964844,37.36000061035156,20.923891067504883
26-01-2011,37.45000076293945,37.709999084472656,2581500,37.709999084472656,37.5,21.00230598449707
27-01-2011,37.43000030517578,37.689998626708984,2978800,37.75,37.459999084472656,20.979900360107422
28-01-2011,36.31999969482422,36.689998626708984,7023400,36.86000061035156,36.400001525878906,20.386232376098633
31-01-2011,36.279998779296875,36.29999923706055,4287000,36.560001373291016,36.33000183105469,20.347036361694336
01-02-2011,36.790000915527344,36.869998931884766,2698600,37.41999816894531,37.38999938964844,20.940698623657227
02-02-2011,36.77000045776367,36.880001068115234,2737000,36.9900016784668,36.97999954223633,20.711071014404297
03-02-2011,37.77000045776367,38.0,3926300,38.20000076293945,38.0099983215332,21.287931442260742
04-02-2011,37.720001220703125,37.84000015258789,2489900,38.0099983215332,38.0099983215332,21.287931442260742
07-02-2011,38.34000015258789,38.38999938964844,5766800,39.16999816894531,39.130001068115234,21.91520118713379
08-02-2011,38.65999984741211,38.720001220703125,4582100,39.04999923706055,38.9900016784668,21.836790084838867
09-02-2011,37.959999084472656,38.0,2827900,38.290000915527344,38.2599983215332,21.771350860595703
10-02-2011,37.72999954223633,37.84000015258789,2720300,38.22999954223633,38.130001068115234,21.6973819732666
11-02-2011,37.709999084472656,38.06999969482422,2356100,38.099998474121094,37.75,21.48114585876465
14-02-2011,37.709999084472656,37.7599983215332,2826200,38.279998779296875,38.2400016784668,21.759973526000977
15-02-2011,38.150001525878906,38.209999084472656,2135000,38.33000183105469,38.27000045776367,21.777048110961914
16-02-2011,38.08000183105469,38.11000061035156,2829000,38.529998779296875,38.38999938964844,21.845333099365234
17-02-2011,38.27000045776367,38.29999923706055,2179900,38.650001525878906,38.54999923706055,21.936370849609375
18-02-2011,38.81999969482422,38.900001525878906,4854700,39.310001373291016,39.150001525878906,22.277801513671875
22-02-2011,37.970001220703125,38.369998931884766,2946900,38.58000183105469,38.06999969482422,21.66323471069336
23-02-2011,38.15999984741211,38.400001525878906,2657300,38.560001373291016,38.220001220703125,21.748594284057617
24-02-2011,37.849998474121094,38.11000061035156,2104300,38.25,38.130001068115234,21.6973819732666
25-02-2011,37.880001068115234,37.959999084472656,1102300,38.279998779296875,38.279998779296875,21.782732009887695
28-02-2011,38.540000915527344,38.61000061035156,1328200,38.83000183105469,38.61000061035156,21.97051429748535
01-03-2011,38.13999938964844,38.470001220703125,1684200,38.63999938964844,38.15999984741211,21.714448928833008
02-03-2011,37.900001525878906,38.130001068115234,1245800,38.31999969482422,38.060001373291016,21.657546997070312
03-03-2011,38.040000915527344,38.189998626708984,1630500,38.47999954223633,38.400001525878906,21.851009368896484
04-03-2011,38.16999816894531,38.68000030517578,1891500,38.709999084472656,38.47999954223633,21.89653968811035
07-03-2011,38.09000015258789,38.70000076293945,1336300,38.72999954223633,38.22999954223633,21.754283905029297
08-03-2011,38.0,38.060001373291016,1607500,38.349998474121094,38.15999984741211,21.714448928833008
09-03-2011,38.439998626708984,38.61000061035156,2449500,38.709999084472656,38.58000183105469,21.953454971313477
10-03-2011,38.2599983215332,38.68000030517578,3119000,38.709999084472656,38.400001525878906,21.851009368896484
11-03-2011,38.33000183105469,38.43000030517578,2211000,38.81999969482422,38.7400016784668,22.04449462890625
14-03-2011,38.33000183105469,38.61000061035156,2363200,38.77000045776367,38.58000183105469,21.953454971313477
15-03-2011,37.22999954223633,37.29999923706055,2478000,37.720001220703125,37.61000061035156,21.40148162841797
16-03-2011,36.38999938964844,37.16999816894531,4392300,37.310001373291016,36.599998474121094,20.826753616333008
17-03-2011,37.02000045776367,37.08000183105469,2640200,37.58000183105469,37.34000015258789,21.247840881347656
18-03-2011,37.18000030517578,37.369998931884766,2377600,37.43000030517578,37.34000015258789,21.247840881347656
21-03-2011,37.650001525878906,37.790000915527344,1519600,37.849998474121094,37.810001373291016,21.515287399291992
22-03-2011,37.849998474121094,38.06999969482422,1486000,38.099998474121094,37.97999954223633,21.612024307250977
23-03-2011,37.52000045776367,37.58000183105469,2296400,37.720001220703125,37.619998931884766,21.407175064086914
24-03-2011,37.40999984741211,37.470001220703125,2182300,37.790000915527344,37.630001068115234,21.41286277770996
25-03-2011,37.689998626708984,37.81999969482422,2160800,38.029998779296875,37.720001220703125,21.46407127380371
28-03-2011,37.7400016784668,38.08000183105469,1872200,38.13999938964844,37.810001373291016,21.515287399291992
29-03-2011,37.68000030517578,37.79999923706055,2057300,38.150001525878906,38.13999938964844,21.70307159423828
30-03-2011,38.369998931884766,38.43000030517578,1991000,38.63999938964844,38.47999954223633,21.89653968811035
31-03-2011,38.2400016784668,38.650001525878906,2784600,38.7400016784668,38.40999984741211,21.856708526611328
01-04-2011,38.439998626708984,38.4900016784668,1543800,38.810001373291016,38.779998779296875,22.067251205444336
04-04-2011,39.20000076293945,39.560001373291016,2575700,39.560001373291016,39.29999923706055,22.3631591796875
05-04-2011,39.43000030517578,39.650001525878906,2587300,39.779998779296875,39.619998931884766,22.54524040222168
06-04-2011,39.5099983215332,39.560001373291016,1994300,39.810001373291016,39.720001220703125,22.602148056030273
07-04-2011,39.7599983215332,39.93000030517578,2243500,40.029998779296875,39.959999084472656,22.738719940185547
08-04-2011,39.77000045776367,40.18000030517578,2258300,40.220001220703125,39.91999816894531,22.71595001220703
11-04-2011,39.939998626708984,40.209999084472656,1827000,40.369998931884766,40.02000045776367,22.77285385131836
12-04-2011,40.099998474121094,40.27000045776367,2411100,40.38999938964844,40.2400016784668,22.898046493530273
13-04-2011,40.41999816894531,40.65999984741211,2208700,40.7599983215332,40.5,23.045995712280273
14-04-2011,40.619998931884766,40.68000030517578,2555600,40.95000076293945,40.75,23.18825912475586
15-04-2011,41.029998779296875,41.16999816894531,2068600,41.290000915527344,41.130001068115234,23.404491424560547
18-04-2011,40.22999954223633,40.599998474121094,1605600,40.65999984741211,40.47999954223633,23.03461456298828
19-04-2011,40.439998626708984,40.61000061035156,1815700,40.720001220703125,40.66999816894531,23.142732620239258
20-04-2011,41.279998779296875,41.400001525878906,2226200,41.540000915527344,41.439998626708984,23.58089256286621
21-04-2011,41.18000030517578,41.61000061035156,1247000,41.61000061035156,41.380001068115234,23.546749114990234
25-04-2011,41.13999938964844,41.13999938964844,1022200,41.380001068115234,41.290000915527344,23.495534896850586
26-04-2011,40.970001220703125,41.06999969482422,2300000,41.790000915527344,41.720001220703125,23.740219116210938
27-04-2011,42.11000061035156,42.25,7919200,43.20000076293945,43.11000061035156,24.53118324279785
28-04-2011,43.31999969482422,43.54999923706055,8541200,43.70000076293945,43.54999923706055,24.78155517578125
29-04-2011,43.27000045776367,43.38999938964844,2052900,43.689998626708984,43.65999984741211,24.844158172607422
02-05-2011,43.25,43.290000915527344,2116000,43.939998626708984,43.619998931884766,24.82139778137207
03-05-2011,43.310001373291016,43.369998931884766,2493800,43.720001220703125,43.560001373291016,24.787250518798828
04-05-2011,43.119998931884766,43.630001068115234,2411400,43.75,43.2400016784668,24.905902862548828
05-05-2011,42.72999954223633,42.90999984741211,1935300,43.189998626708984,42.869998931884766,24.692785263061523
06-05-2011,42.790000915527344,43.15999984741211,1809300,43.369998931884766,42.9900016784668,24.761913299560547
09-05-2011,42.540000915527344,42.79999923706055,2962600,42.900001525878906,42.779998779296875,24.64095687866211
10-05-2011,42.619998931884766,42.70000076293945,1291100,42.970001220703125,42.849998474121094,24.681264877319336
11-05-2011,42.72999954223633,43.099998474121094,2411700,43.29999923706055,43.130001068115234,24.84255027770996
12-05-2011,43.04999923706055,43.220001220703125,1956300,43.689998626708984,43.619998931884766,25.124786376953125
13-05-2011,43.47999954223633,44.060001373291016,3792300,44.099998474121094,43.7400016784668,25.19390869140625
16-05-2011,43.52000045776367,43.619998931884766,3802100,43.9900016784668,43.68000030517578,25.159339904785156
17-05-2011,42.72999954223633,42.93000030517578,3446000,43.130001068115234,43.08000183105469,24.813749313354492
18-05-2011,42.70000076293945,42.77000045776367,3705100,43.22999954223633,43.099998474121094,24.82526397705078
19-05-2011,43.2599983215332,43.33000183105469,2695000,43.630001068115234,43.630001068115234,25.130537033081055
20-05-2011,43.119998931884766,43.459999084472656,1573900,43.52000045776367,43.2599983215332,24.917417526245117
23-05-2011,42.20000076293945,42.4900016784668,3033500,42.59000015258789,42.41999816894531,24.433589935302734
24-05-2011,42.689998626708984,42.939998626708984,1898300,43.0,42.869998931884766,24.692785263061523
25-05-2011,42.849998474121094,42.880001068115234,1708900,43.2400016784668,43.18000030517578,24.87134552001953
26-05-2011,43.040000915527344,43.290000915527344,1884000,43.380001068115234,43.31999969482422,24.951980590820312
27-05-2011,43.0099983215332,43.02000045776367,1643800,43.59000015258789,43.4900016784668,25.049903869628906
31-05-2011,43.27000045776367,43.380001068115234,3943400,43.529998779296875,43.459999084472656,25.03262710571289
01-06-2011,42.40999984741211,43.279998779296875,2333900,43.40999984741211,42.43000030517578,24.439346313476562
02-06-2011,41.91999816894531,42.369998931884766,3079400,42.439998626708984,42.15999984741211,24.283830642700195
03-06-2011,42.04999923706055,42.11000061035156,2537400,42.79999923706055,42.619998931884766,24.548782348632812
06-06-2011,42.470001220703125,42.779998779296875,1350200,42.83000183105469,42.5099983215332,24.48542594909668
07-06-2011,42.81999969482422,43.15999984741211,2583800,43.220001220703125,42.83000183105469,24.66974639892578
08-06-2011,42.27000045776367,42.59000015258789,1673200,42.66999816894531,42.380001068115234,24.41054916381836
09-06-2011,42.25,42.65999984741211,1784400,42.72999954223633,42.25,24.335678100585938
10-06-2011,41.41999816894531,41.93000030517578,2167600,41.93000030517578,41.56999969482422,23.944002151489258
13-06-2011,41.790000915527344,41.939998626708984,1530200,42.16999816894531,41.97999954223633,24.180156707763672
14-06-2011,42.27000045776367,42.45000076293945,1541700,42.529998779296875,42.36000061035156,24.39903450012207
15-06-2011,41.369998931884766,41.90999984741211,2046000,42.040000915527344,41.529998779296875,23.920957565307617
16-06-2011,40.959999084472656,41.040000915527344,1980800,41.47999954223633,41.18000030517578,23.719356536865234
17-06-2011,41.2400016784668,41.349998474121094,1459500,41.529998779296875,41.36000061035156,23.82303237915039
20-06-2011,41.34000015258789,41.34000015258789,1235300,41.59000015258789,41.4900016784668,23.897924423217773
21-06-2011,41.33000183105469,41.369998931884766,1298300,41.56999969482422,41.5,23.9036808013916
22-06-2011,41.29999923706055,41.369998931884766,1233200,41.630001068115234,41.310001373291016,23.794235229492188
23-06-2011,40.54999923706055,40.70000076293945,2118500,41.130001068115234,41.11000061035156,23.679040908813477
24-06-2011,41.22999954223633,41.59000015258789,1705100,41.59000015258789,41.34000015258789,23.8115177154541
27-06-2011,41.099998474121094,41.2400016784668,1323100,41.349998474121094,41.18000030517578,23.719356536865234
28-06-2011,41.65999984741211,41.75,1910800,41.970001220703125,41.83000183105469,24.093753814697266
29-06-2011,42.16999816894531,42.29999923706055,1718000,42.61000061035156,42.56999969482422,24.51998519897461
30-06-2011,42.47999954223633,42.560001373291016,1780200,42.97999954223633,42.900001525878906,24.710071563720703
01-07-2011,42.529998779296875,42.54999923706055,1442200,43.0,43.0,24.76766586303711
05-07-2011,43.16999816894531,43.31999969482422,1706100,43.459999084472656,43.2599983215332,24.917417526245117
06-07-2011,43.2599983215332,43.38999938964844,1977100,43.59000015258789,43.59000015258789,25.107507705688477
07-07-2011,43.66999816894531,43.81999969482422,2772000,43.970001220703125,43.90999984741211,25.291820526123047
08-07-2011,43.9900016784668,44.0,2266100,44.41999816894531,44.209999084472656,25.464611053466797
11-07-2011,43.15999984741211,43.58000183105469,1341600,43.72999954223633,43.209999084472656,24.88863182067871
12-07-2011,43.279998779296875,43.310001373291016,1813100,43.720001220703125,43.45000076293945,25.026865005493164
13-07-2011,43.290000915527344,43.290000915527344,2486100,43.880001068115234,43.439998626708984,25.021100997924805
14-07-2011,42.689998626708984,43.349998474121094,4829200,43.40999984741211,42.709999084472656,24.60062599182129
15-07-2011,43.040000915527344,43.31999969482422,2925800,43.4900016784668,43.279998779296875,24.928943634033203
18-07-2011,42.650001525878906,43.119998931884766,1467600,43.220001220703125,42.93000030517578,24.72735595703125
19-07-2011,42.63999938964844,42.86000061035156,1308800,43.029998779296875,42.869998931884766,24.692785263061523
20-07-2011,42.72999954223633,42.86000061035156,2044400,43.119998931884766,42.900001525878906,24.710071563720703
21-07-2011,43.650001525878906,43.779998779296875,1898800,44.06999969482422,43.88999938964844,25.280303955078125
22-07-2011,43.459999084472656,43.7400016784668,1142500,43.849998474121094,43.75,25.19966697692871
25-07-2011,44.099998474121094,44.29999923706055,2688800,44.56999969482422,44.18000030517578,25.447336196899414
26-07-2011,44.630001068115234,45.08000183105469,4598100,45.310001373291016,44.88999938964844,25.856292724609375
27-07-2011,44.119998931884766,45.310001373291016,3310200,45.34000015258789,44.29999923706055,25.51645851135254
28-07-2011,44.66999816894531,44.689998626708984,2968500,45.33000183105469,44.90999984741211,25.8678035736084
29-07-2011,44.400001525878906,44.81999969482422,2909000,45.22999954223633,44.41999816894531,25.585580825805664
01-08-2011,43.95000076293945,44.790000915527344,3567000,44.81999969482422,44.470001220703125,25.614370346069336
02-08-2011,43.97999954223633,44.13999938964844,2893500,44.4900016784668,44.06999969482422,25.38397789001465
03-08-2011,43.040000915527344,43.689998626708984,4008000,43.7400016784668,43.630001068115234,25.43119239807129
04-08-2011,42.119998931884766,43.540000915527344,5574500,43.619998931884766,42.20000076293945,24.597673416137695
05-08-2011,41.029998779296875,41.88999938964844,6530300,42.18000030517578,41.81999969482422,24.376171112060547
08-08-2011,39.43000030517578,40.720001220703125,7265800,41.290000915527344,39.439998626708984,22.988914489746094
09-08-2011,39.40999984741211,39.95000076293945,6078700,40.95000076293945,40.91999816894531,23.851573944091797
10-08-2011,38.7599983215332,40.16999816894531,7384400,40.400001525878906,38.84000015258789,22.639183044433594
11-08-2011,38.959999084472656,38.97999954223633,4302800,41.130001068115234,40.810001373291016,23.787466049194336
12-08-2011,40.84000015258789,41.279998779296875,3236300,41.619998931884766,41.29999923706055,24.073076248168945
15-08-2011,41.7599983215332,42.029998779296875,2454600,42.20000076293945,42.11000061035156,24.545217514038086
16-08-2011,41.77000045776367,42.0,2990600,42.36000061035156,41.849998474121094,24.393659591674805
17-08-2011,41.91999816894531,41.959999084472656,4346700,42.439998626708984,42.20000076293945,24.597673416137695
18-08-2011,41.029998779296875,42.040000915527344,4604400,42.06999969482422,41.279998779296875,24.061410903930664
19-08-2011,40.66999816894531,40.900001525878906,4974000,41.70000076293945,40.81999969482422,23.793285369873047
22-08-2011,41.38999938964844,42.72999954223633,6980200,42.75,41.4900016784668,24.183820724487305
23-08-2011,42.380001068115234,42.5099983215332,4799100,43.33000183105469,43.33000183105469,25.256332397460938
24-08-2011,42.86000061035156,42.90999984741211,2290800,43.58000183105469,43.36000061035156,25.27381706237793
25-08-2011,41.75,42.540000915527344,3287700,42.7599983215332,41.880001068115234,24.41115379333496
26-08-2011,41.02000045776367,41.4900016784668,4605000,42.209999084472656,41.90999984741211,24.428634643554688
29-08-2011,42.209999084472656,42.33000183105469,1825800,42.84000015258789,42.77000045776367,24.929916381835938
30-08-2011,41.400001525878906,41.689998626708984,4526200,42.380001068115234,42.189998626708984,24.591838836669922
31-08-2011,42.5099983215332,42.630001068115234,3029400,43.02000045776367,42.83000183105469,24.964885711669922
01-09-2011,42.61000061035156,42.880001068115234,2102000,43.20000076293945,42.61000061035156,24.836647033691406
02-09-2011,41.47999954223633,41.84000015258789,3067000,42.209999084472656,41.7400016784668,24.329545974731445
06-09-2011,40.650001525878906,41.130001068115234,3919400,41.56999969482422,41.54999923706055,24.218799591064453
07-09-2011,41.68000030517578,41.720001220703125,1511400,42.2400016784668,42.22999954223633,24.615158081054688
08-09-2011,41.68000030517578,41.81999969482422,2028600,42.349998474121094,41.810001373291016,24.370344161987305
09-09-2011,40.869998931884766,41.779998779296875,4695000,41.790000915527344,41.06999969482422,23.939010620117188
12-09-2011,40.209999084472656,40.220001220703125,2939600,40.91999816894531,40.88999938964844,23.83409309387207
13-09-2011,40.439998626708984,40.77000045776367,2434400,41.040000915527344,40.720001220703125,23.735004425048828
14-09-2011,40.279998779296875,40.720001220703125,3757100,41.099998474121094,41.0,23.898202896118164
15-09-2011,40.88999938964844,41.119998931884766,2450600,41.40999984741211,41.18000030517578,24.003129959106445
16-09-2011,41.060001373291016,41.25,4233900,41.54999923706055,41.459999084472656,24.166337966918945
19-09-2011,40.38999938964844,40.540000915527344,4890900,41.68000030517578,41.5099983215332,24.195478439331055
20-09-2011,41.5099983215332,41.72999954223633,3525900,42.310001373291016,42.029998779296875,24.49857521057129
21-09-2011,40.91999816894531,41.560001373291016,3313500,41.86000061035156,40.93000030517578,23.857404708862305
22-09-2011,39.91999816894531,40.11000061035156,3052300,40.43000030517578,40.310001373291016,23.496023178100586
23-09-2011,40.130001068115234,40.209999084472656,2688500,40.66999816894531,40.66999816894531,23.705862045288086
26-09-2011,40.75,41.189998626708984,3350900,41.529998779296875,41.52000045776367,24.201305389404297
27-09-2011,42.0,42.08000183105469,2350700,42.630001068115234,42.189998626708984,24.591838836669922
28-09-2011,41.70000076293945,42.400001525878906,2365700,42.54999923706055,41.79999923706055,24.364521026611328
29-09-2011,41.2599983215332,42.459999084472656,3806600,42.619998931884766,41.7400016784668,24.329545974731445
30-09-2011,41.040000915527344,41.27000045776367,2574000,41.880001068115234,41.290000915527344,24.067243576049805
03-10-2011,40.52000045776367,40.83000183105469,3288200,41.220001220703125,40.529998779296875,23.62425422668457
04-10-2011,40.08000183105469,40.540000915527344,4307500,41.099998474121094,41.08000183105469,23.94483757019043
05-10-2011,41.040000915527344,41.18000030517578,3238100,41.86000061035156,41.83000183105469,24.382007598876953
06-10-2011,41.22999954223633,41.43000030517578,4352900,42.369998931884766,42.369998931884766,24.69675636291504
07-10-2011,42.599998474121094,42.90999984741211,3915600,43.20000076293945,42.880001068115234,24.994029998779297
10-10-2011,43.439998626708984,43.439998626708984,2708000,43.779998779296875,43.75,25.50113296508789
11-10-2011,43.130001068115234,43.27000045776367,2544900,43.4900016784668,43.34000015258789,25.26215171813965
12-10-2011,43.31999969482422,43.4900016784668,6285600,43.79999923706055,43.400001525878906,25.29712677001953
13-10-2011,42.72999954223633,42.88999938964844,3912000,43.810001373291016,43.810001373291016,25.536113739013672
14-10-2011,43.47999954223633,43.4900016784668,2498000,43.79999923706055,43.63999938964844,25.43701934814453
17-10-2011,43.20000076293945,43.540000915527344,2039300,43.58000183105469,43.22999954223633,25.198041915893555
18-10-2011,42.70000076293945,43.099998474121094,2470600,43.75,43.400001525878906,25.29712677001953
19-10-2011,43.18000030517578,43.66999816894531,2124100,43.779998779296875,43.33000183105469,25.256332397460938
20-10-2011,43.599998474121094,44.04999923706055,2578400,44.13999938964844,43.970001220703125,25.629369735717773
21-10-2011,44.560001373291016,44.720001220703125,3533200,45.0,45.0,26.229732513427734
24-10-2011,44.20000076293945,44.220001220703125,3052900,44.779998779296875,44.720001220703125,26.066539764404297
25-10-2011,43.900001525878906,44.20000076293945,3063900,44.459999084472656,44.0099983215332,25.652687072753906
26-10-2011,44.20000076293945,44.93000030517578,3519900,45.02000045776367,44.83000183105469,26.130657196044922
27-10-2011,44.09000015258789,44.88999938964844,3885300,44.970001220703125,44.75,26.084028244018555
28-10-2011,44.56999969482422,44.83000183105469,2370900,45.029998779296875,44.93000030517578,26.18893814086914
31-10-2011,44.790000915527344,45.060001373291016,3406800,45.68000030517578,44.790000915527344,26.107332229614258
01-11-2011,43.63999938964844,43.689998626708984,4613400,44.33000183105469,43.900001525878906,25.58856964111328
02-11-2011,43.099998474121094,43.25,3223600,43.650001525878906,43.27000045776367,25.53721809387207
03-11-2011,43.47999954223633,43.939998626708984,3568600,44.599998474121094,44.54999923706055,26.292659759521484
04-11-2011,44.060001373291016,44.59000015258789,3405300,44.75,44.43000030517578,26.22183609008789
07-11-2011,43.86000061035156,44.040000915527344,2449900,44.439998626708984,44.41999816894531,26.215932846069336
08-11-2011,44.540000915527344,44.790000915527344,3825200,45.09000015258789,45.060001373291016,26.593658447265625
09-11-2011,43.099998474121094,43.869998931884766,3724400,43.91999816894531,43.400001525878906,25.613950729370117
10-11-2011,43.650001525878906,44.150001525878906,2805200,44.31999969482422,44.220001220703125,26.09789276123047
11-11-2011,44.529998779296875,44.58000183105469,1615000,45.0,44.810001373291016,26.446109771728516
14-11-2011,44.150001525878906,44.369998931884766,1218200,44.59000015258789,44.27000045776367,26.127408981323242
15-11-2011,44.40999984741211,44.63999938964844,1910600,44.83000183105469,44.63999938964844,26.345767974853516
16-11-2011,43.880001068115234,44.150001525878906,1808600,44.4900016784668,43.880001068115234,25.897235870361328
17-11-2011,43.2599983215332,44.029998779296875,2207700,44.08000183105469,43.5,25.672962188720703
18-11-2011,43.279998779296875,43.79999923706055,1859100,43.84000015258789,43.290000915527344,25.549028396606445
21-11-2011,42.43000030517578,42.63999938964844,2514800,42.90999984741211,42.75,25.23032569885254
22-11-2011,42.060001373291016,42.45000076293945,5356900,42.560001373291016,42.459999084472656,25.05916976928711
23-11-2011,41.95000076293945,42.33000183105469,2044300,42.41999816894531,42.029998779296875,24.80539321899414
25-11-2011,41.5,41.630001068115234,1311300,42.02000045776367,41.5,24.492595672607422
28-11-2011,42.150001525878906,42.279998779296875,2159400,42.5,42.34000015258789,24.98836326599121
29-11-2011,42.58000183105469,42.7400016784668,2297700,42.88999938964844,42.790000915527344,25.253936767578125
30-11-2011,43.95000076293945,44.060001373291016,5139500,44.47999954223633,44.47999954223633,26.2513427734375
01-12-2011,44.099998474121094,44.52000045776367,2321300,44.650001525878906,44.29999923706055,26.145111083984375
02-12-2011,44.08000183105469,44.290000915527344,2195900,44.400001525878906,44.18000030517578,26.07428741455078
05-12-2011,43.68000030517578,44.4900016784668,3350800,44.52000045776367,43.90999984741211,25.91494369506836
06-12-2011,44.439998626708984,44.47999954223633,1783700,44.91999816894531,44.77000045776367,26.422502517700195
07-12-2011,44.56999969482422,44.93000030517578,2493200,45.349998474121094,45.130001068115234,26.634963989257812
08-12-2011,44.90999984741211,45.43000030517578,2300900,45.4900016784668,44.97999954223633,26.546438217163086
09-12-2011,44.5,44.5,2247100,44.849998474121094,44.65999984741211,26.35758399963379
12-12-2011,44.5,45.22999954223633,2455600,45.22999954223633,44.65999984741211,26.35758399963379
13-12-2011,44.650001525878906,45.09000015258789,2594600,45.43000030517578,44.84000015258789,26.463808059692383
14-12-2011,44.38999938964844,44.41999816894531,3067300,44.65999984741211,44.47999954223633,26.2513427734375
15-12-2011,44.93000030517578,45.15999984741211,2359600,45.400001525878906,45.189998626708984,26.670372009277344
16-12-2011,44.79999923706055,44.93000030517578,2829300,45.150001525878906,44.88999938964844,26.49332046508789
19-12-2011,44.779998779296875,44.959999084472656,2375400,45.349998474121094,44.84000015258789,26.463808059692383
20-12-2011,44.970001220703125,44.97999954223633,3486400,45.380001068115234,45.22999954223633,26.69397735595703
21-12-2011,44.81999969482422,45.02000045776367,1964600,45.20000076293945,45.119998931884766,26.62906265258789
22-12-2011,45.13999938964844,45.380001068115234,1654900,45.54999923706055,45.54999923706055,26.882843017578125
23-12-2011,45.529998779296875,45.599998474121094,1210900,45.81999969482422,45.650001525878906,26.941862106323242
27-12-2011,45.29999923706055,45.599998474121094,676600,45.84000015258789,45.7400016784668,26.99498176574707
28-12-2011,45.279998779296875,45.7400016784668,1464100,45.7400016784668,45.290000915527344,26.72939109802246
29-12-2011,45.220001220703125,45.40999984741211,1387500,45.72999954223633,45.68000030517578,26.959562301635742
30-12-2011,45.599998474121094,45.68000030517578,1101300,45.849998474121094,45.630001068115234,26.93006134033203
03-01-2012,45.939998626708984,46.04999923706055,3029100,46.5,46.279998779296875,27.313676834106445
04-01-2012,46.0,46.29999923706055,2462900,46.400001525878906,46.349998474121094,27.354984283447266
05-01-2012,45.65999984741211,45.84000015258789,2110800,46.130001068115234,46.130001068115234,27.225149154663086
06-01-2012,45.939998626708984,46.2400016784668,1740200,46.2400016784668,46.18000030517578,27.254655838012695
09-01-2012,44.119998931884766,44.25,4469500,44.540000915527344,44.36000061035156,26.18052864074707
10-01-2012,43.720001220703125,43.97999954223633,5922500,44.2599983215332,43.72999954223633,25.8087100982666
11-01-2012,44.040000915527344,44.13999938964844,2641700,44.43000030517578,44.41999816894531,26.215932846069336
12-01-2012,44.2599983215332,44.29999923706055,1938800,44.65999984741211,44.59000015258789,26.316268920898438
13-01-2012,43.619998931884766,43.810001373291016,2468300,44.130001068115234,44.130001068115234,26.04477882385254
17-01-2012,44.439998626708984,44.56999969482422,1468100,44.75,44.560001373291016,26.298559188842773
18-01-2012,44.810001373291016,44.880001068115234,2346600,45.5,45.5,26.853334426879883
19-01-2012,44.34000015258789,44.68000030517578,3024300,44.7599983215332,44.68000030517578,26.369388580322266
20-01-2012,44.47999954223633,44.689998626708984,1506700,44.880001068115234,44.86000061035156,26.475616455078125
23-01-2012,44.689998626708984,44.689998626708984,1128300,45.0099983215332,44.93000030517578,26.516925811767578
24-01-2012,44.36000061035156,44.68000030517578,1796700,44.86000061035156,44.56999969482422,26.304460525512695
25-01-2012,44.18000030517578,44.34000015258789,1741500,45.08000183105469,45.0099983215332,26.56414222717285
26-01-2012,44.970001220703125,45.25,2326000,45.560001373291016,45.45000076293945,26.823820114135742
27-01-2012,44.630001068115234,44.869998931884766,2323600,45.11000061035156,44.869998931884766,26.48151397705078
30-01-2012,44.7400016784668,44.849998474121094,1892700,45.06999969482422,45.060001373291016,26.593658447265625
31-01-2012,44.459999084472656,44.93000030517578,2978800,45.06999969482422,44.540000915527344,26.286760330200195
01-02-2012,44.939998626708984,44.97999954223633,1937100,45.380001068115234,45.18000030517578,26.664474487304688
02-02-2012,44.22999954223633,44.38999938964844,2804500,44.52000045776367,44.400001525878906,26.204139709472656
03-02-2012,44.61000061035156,44.79999923706055,2179800,44.9900016784668,44.849998474121094,26.469711303710938
06-02-2012,44.83000183105469,45.150001525878906,1942300,45.20000076293945,45.09000015258789,26.611356735229492
07-02-2012,44.20000076293945,44.25,3418600,44.83000183105469,44.79999923706055,26.440204620361328
08-02-2012,44.06999969482422,44.18000030517578,2901200,44.470001220703125,44.349998474121094,26.17462921142578
09-02-2012,44.709999084472656,44.900001525878906,3004500,45.13999938964844,45.060001373291016,26.593658447265625
10-02-2012,44.4900016784668,44.4900016784668,2498500,44.81999969482422,44.75,26.410701751708984
13-02-2012,45.27000045776367,45.33000183105469,2056100,45.56999969482422,45.43000030517578,26.812023162841797
14-02-2012,45.119998931884766,45.29999923706055,2738400,45.47999954223633,45.38999938964844,26.788419723510742
15-02-2012,44.380001068115234,44.86000061035156,2661200,44.90999984741211,44.47999954223633,26.73491668701172
16-02-2012,44.63999938964844,44.869998931884766,2130000,45.02000045776367,44.97999954223633,27.035446166992188
17-02-2012,44.779998779296875,44.88999938964844,2990600,44.95000076293945,44.880001068115234,26.9753360748291
21-02-2012,44.4900016784668,44.7400016784668,2181300,44.95000076293945,44.619998931884766,26.819063186645508
22-02-2012,44.11000061035156,44.130001068115234,2446700,44.560001373291016,44.2599983215332,26.60268783569336
23-02-2012,44.31999969482422,44.41999816894531,1795300,44.790000915527344,44.689998626708984,26.861146926879883
24-02-2012,44.58000183105469,44.7599983215332,2605700,44.849998474121094,44.630001068115234,26.8250732421875
27-02-2012,44.18000030517578,44.18000030517578,1408600,44.689998626708984,44.529998779296875,26.764970779418945
28-02-2012,44.45000076293945,44.5,2333600,44.939998626708984,44.880001068115234,26.9753360748291
29-02-2012,44.290000915527344,44.709999084472656,2426200,44.90999984741211,44.310001373291016,26.63274383544922
01-03-2012,44.58000183105469,44.65999984741211,2469700,45.08000183105469,45.08000183105469,27.095558166503906
02-03-2012,44.11000061035156,44.349998474121094,2393500,44.41999816894531,44.22999954223633,26.584659576416016
05-03-2012,44.619998931884766,44.810001373291016,1611300,45.0,44.75,26.897207260131836
06-03-2012,44.0,44.45000076293945,1591500,44.540000915527344,44.06999969482422,26.488483428955078
07-03-2012,44.369998931884766,44.41999816894531,1404500,44.61000061035156,44.54999923706055,26.77699089050293
08-03-2012,44.619998931884766,44.810001373291016,1739900,44.849998474121094,44.68000030517578,26.85513687133789
09-03-2012,44.459999084472656,44.650001525878906,1610200,44.810001373291016,44.59000015258789,26.801040649414062
12-03-2012,44.439998626708984,44.529998779296875,1413200,44.810001373291016,44.77000045776367,26.90922737121582
13-03-2012,44.83000183105469,44.83000183105469,3229400,45.54999923706055,45.459999084472656,27.323955535888672
14-03-2012,44.970001220703125,45.290000915527344,2105200,45.400001525878906,45.029998779296875,27.06549644470215
15-03-2012,44.79999923706055,45.11000061035156,2239700,45.18000030517578,45.0099983215332,27.05348014831543
16-03-2012,45.04999923706055,45.279998779296875,1798600,45.349998474121094,45.18000030517578,27.155656814575195
19-03-2012,45.279998779296875,45.31999969482422,1629300,45.619998931884766,45.4900016784668,27.341983795166016
20-03-2012,45.290000915527344,45.34000015258789,1171800,45.68000030517578,45.5099983215332,27.354005813598633
21-03-2012,45.279998779296875,45.439998626708984,1545800,45.630001068115234,45.400001525878906,27.287891387939453
22-03-2012,45.15999984741211,45.209999084472656,1428300,45.40999984741211,45.279998779296875,27.215755462646484
23-03-2012,44.77000045776367,44.9900016784668,2270900,45.20000076293945,45.119998931884766,27.119590759277344
26-03-2012,45.22999954223633,45.2599983215332,1926200,45.650001525878906,45.61000061035156,27.414112091064453
27-03-2012,45.4900016784668,45.65999984741211,1960600,45.72999954223633,45.63999938964844,27.432144165039062
28-03-2012,45.150001525878906,45.77000045776367,1847500,45.79999923706055,45.43000030517578,27.305923461914062
29-03-2012,44.529998779296875,44.70000076293945,2685100,44.97999954223633,44.959999084472656,27.0234317779541
30-03-2012,44.72999954223633,45.029998779296875,1678100,45.099998474121094,44.90999984741211,26.993371963500977
02-04-2012,45.16999816894531,45.20000076293945,2908100,45.959999084472656,45.84000015258789,27.552352905273438
03-04-2012,45.5,45.9900016784668,1738300,46.0,45.720001220703125,27.480234146118164
04-04-2012,44.97999954223633,45.459999084472656,2980300,45.52000045776367,45.31999969482422,27.23979949951172
05-04-2012,44.75,44.75,1681300,45.08000183105469,45.02000045776367,27.059476852416992
09-04-2012,44.58000183105469,44.689998626708984,1723900,45.279998779296875,45.02000045776367,27.059476852416992
10-04-2012,44.7599983215332,45.369998931884766,4409000,45.5099983215332,45.040000915527344,27.071510314941406
11-04-2012,44.849998474121094,44.86000061035156,3457800,45.20000076293945,44.970001220703125,27.02944564819336
12-04-2012,45.0099983215332,45.06999969482422,1647200,45.47999954223633,45.470001220703125,27.329965591430664
13-04-2012,44.470001220703125,44.720001220703125,2836000,44.79999923706055,44.59000015258789,26.801040649414062
16-04-2012,45.279998779296875,45.47999954223633,2130100,45.65999984741211,45.58000183105469,27.396080017089844
17-04-2012,45.43000030517578,45.66999816894531,1687400,46.0,45.93000030517578,27.60645294189453
18-04-2012,46.119998931884766,46.20000076293945,2123000,46.47999954223633,46.369998931884766,27.87091064453125
19-04-2012,46.47999954223633,46.869998931884766,3153300,46.939998626708984,46.689998626708984,28.063251495361328
20-04-2012,47.119998931884766,47.2599983215332,3143400,47.47999954223633,47.290000915527344,28.42388343811035
23-04-2012,46.66999816894531,47.0099983215332,2148800,47.2400016784668,47.189998626708984,28.3637752532959
24-04-2012,47.029998779296875,47.09000015258789,1959600,47.38999938964844,47.209999084472656,28.375795364379883
25-04-2012,45.66999816894531,45.84000015258789,4864400,46.0,46.0,27.64851951599121
26-04-2012,45.66999816894531,45.70000076293945,2348300,46.310001373291016,46.20000076293945,27.76873207092285
27-04-2012,46.16999816894531,46.439998626708984,2652900,46.59000015258789,46.5099983215332,27.955060958862305
30-04-2012,46.13999938964844,46.529998779296875,1693800,46.61000061035156,46.22999954223633,27.78676414489746
01-05-2012,46.56999969482422,46.709999084472656,1312700,46.75,46.58000183105469,27.99713897705078
02-05-2012,46.220001220703125,46.310001373291016,1984400,46.75,46.66999816894531,28.051233291625977
03-05-2012,46.58000183105469,46.75,2107700,46.939998626708984,46.900001525878906,28.189468383789062
04-05-2012,46.08000183105469,46.68000030517578,2329400,46.7400016784668,46.08000183105469,27.69660758972168
07-05-2012,45.849998474121094,46.029998779296875,2040300,46.779998779296875,46.56999969482422,27.991119384765625
08-05-2012,46.04999923706055,46.630001068115234,2105100,46.650001525878906,46.56999969482422,27.991119384765625
09-05-2012,45.130001068115234,45.22999954223633,2422200,45.7400016784668,45.5,27.67423439025879
10-05-2012,45.41999816894531,45.779998779296875,1172900,45.779998779296875,45.5,27.67423439025879
11-05-2012,45.400001525878906,45.400001525878906,1370300,45.97999954223633,45.619998931884766,27.747224807739258
14-05-2012,45.470001220703125,45.58000183105469,2369000,45.95000076293945,45.59000015258789,27.728979110717773
15-05-2012,45.27000045776367,45.58000183105469,2333800,45.709999084472656,45.470001220703125,27.655988693237305
16-05-2012,45.2400016784668,45.33000183105469,1903200,45.5,45.369998931884766,27.595163345336914
17-05-2012,44.33000183105469,44.88999938964844,2447700,45.0,44.349998474121094,26.97477912902832
18-05-2012,44.099998474121094,44.619998931884766,2658300,44.619998931884766,44.18000030517578,26.871383666992188
21-05-2012,44.310001373291016,44.38999938964844,1854000,44.5,44.47999954223633,27.05384635925293
22-05-2012,44.2599983215332,44.5,1864600,44.70000076293945,44.43000030517578,27.023435592651367
23-05-2012,43.54999923706055,44.06999969482422,2085000,44.119998931884766,43.900001525878906,26.701080322265625
24-05-2012,44.0,44.439998626708984,2107400,44.47999954223633,44.2400016784668,26.907878875732422
25-05-2012,44.150001525878906,44.20000076293945,2242100,44.459999084472656,44.279998779296875,26.93220329284668
29-05-2012,44.27000045776367,44.75,2192100,44.75,44.400001525878906,27.005197525024414
30-05-2012,43.63999938964844,43.959999084472656,2997000,44.08000183105469,43.7599983215332,26.615922927856445
31-05-2012,43.77000045776367,44.25,3242500,44.31999969482422,44.11000061035156,26.82880973815918
01-06-2012,43.369998931884766,43.79999923706055,3509100,43.880001068115234,43.45000076293945,26.427383422851562
04-06-2012,43.29999923706055,43.34000015258789,2815900,43.650001525878906,43.540000915527344,26.482112884521484
05-06-2012,43.43000030517578,43.59000015258789,1501200,43.790000915527344,43.720001220703125,26.59160041809082
06-06-2012,43.849998474121094,43.93000030517578,2270300,44.380001068115234,44.380001068115234,26.993032455444336
07-06-2012,44.27000045776367,44.880001068115234,2344600,44.880001068115234,44.27000045776367,26.92612648010254
08-06-2012,44.349998474121094,44.470001220703125,1936800,44.66999816894531,44.619998931884766,27.138999938964844
11-06-2012,44.400001525878906,44.86000061035156,1311400,44.88999938964844,44.400001525878906,27.005197525024414
12-06-2012,44.630001068115234,44.95000076293945,2076800,45.310001373291016,45.310001373291016,27.558677673339844
13-06-2012,44.959999084472656,45.349998474121094,2348800,45.380001068115234,45.06999969482422,27.41269302368164
14-06-2012,45.06999969482422,45.150001525878906,1590100,45.5,45.310001373291016,27.558677673339844
15-06-2012,44.970001220703125,45.08000183105469,2692400,45.400001525878906,45.06999969482422,27.41269302368164
18-06-2012,45.040000915527344,45.09000015258789,1654900,45.540000915527344,45.439998626708984,27.637741088867188
19-06-2012,45.95000076293945,46.08000183105469,2123800,46.36000061035156,45.97999954223633,27.966188430786133
20-06-2012,45.7400016784668,46.18000030517578,2526100,46.22999954223633,46.060001373291016,28.014841079711914
21-06-2012,45.599998474121094,45.900001525878906,1242900,46.25,45.66999816894531,27.77763557434082
22-06-2012,45.86000061035156,46.08000183105469,1342000,46.11000061035156,45.88999938964844,27.91145133972168
25-06-2012,45.72999954223633,45.93000030517578,1424800,46.0099983215332,45.86000061035156,27.893192291259766
26-06-2012,45.88999938964844,46.099998474121094,1510100,46.279998779296875,46.08000183105469,28.02701187133789
27-06-2012,45.2400016784668,46.099998474121094,4446800,46.15999984741211,45.540000915527344,27.69856834411621
28-06-2012,44.56999969482422,44.810001373291016,6689500,45.099998474121094,45.0,27.3701229095459
29-06-2012,45.29999923706055,45.369998931884766,2303400,45.84000015258789,45.56999969482422,27.716814041137695
02-07-2012,45.529998779296875,45.619998931884766,2996400,46.400001525878906,46.36000061035156,28.19731330871582
03-07-2012,45.84000015258789,46.0,1374100,46.130001068115234,46.04999923706055,28.008758544921875
05-07-2012,45.93000030517578,45.9900016784668,1201000,46.13999938964844,46.0099983215332,27.98443031311035
06-07-2012,46.04999923706055,46.27000045776367,2104600,46.349998474121094,46.2599983215332,28.13648796081543
09-07-2012,46.20000076293945,46.369998931884766,1462100,46.619998931884766,46.59000015258789,28.337202072143555
10-07-2012,44.91999816894531,45.47999954223633,4438100,45.52000045776367,44.9900016784668,27.364042282104492
11-07-2012,45.220001220703125,45.459999084472656,1849200,45.63999938964844,45.540000915527344,27.69856834411621
12-07-2012,44.189998626708984,44.58000183105469,3479800,44.720001220703125,44.470001220703125,27.047767639160156
13-07-2012,44.5,44.52000045776367,1865400,45.13999938964844,45.0,27.3701229095459
16-07-2012,45.0099983215332,45.150001525878906,1957900,45.5,45.29999923706055,27.552595138549805
17-07-2012,44.91999816894531,45.16999816894531,1715600,45.529998779296875,45.439998626708984,27.637741088867188
18-07-2012,45.470001220703125,45.5,2024800,46.06999969482422,46.040000915527344,28.002683639526367
19-07-2012,46.34000015258789,46.470001220703125,2295400,46.790000915527344,46.689998626708984,28.398025512695312
20-07-2012,46.06999969482422,46.47999954223633,2479900,46.4900016784668,46.2599983215332,28.13648796081543
23-07-2012,45.0099983215332,45.13999938964844,2648100,45.529998779296875,45.439998626708984,27.637741088867188
24-07-2012,44.65999984741211,45.599998474121094,3144000,45.630001068115234,44.79999923706055,27.248483657836914
25-07-2012,43.77000045776367,44.18000030517578,3591500,44.45000076293945,44.2599983215332,26.920040130615234
26-07-2012,44.619998931884766,44.810001373291016,2202000,45.0,44.900001525878906,27.3093204498291
27-07-2012,45.130001068115234,45.130001068115234,4458400,45.88999938964844,45.720001220703125,27.80805778503418
30-07-2012,45.7599983215332,45.81999969482422,1921400,46.22999954223633,46.040000915527344,28.002683639526367
31-07-2012,45.869998931884766,45.880001068115234,2652400,46.369998931884766,46.0,27.978349685668945
01-08-2012,46.13999938964844,46.380001068115234,2271100,46.560001373291016,46.22999954223633,28.11824607849121
02-08-2012,45.90999984741211,46.43000030517578,2298100,46.5099983215332,46.290000915527344,28.15473175048828
03-08-2012,46.5099983215332,46.5099983215332,1985200,46.900001525878906,46.68000030517578,28.391939163208008
06-08-2012,46.689998626708984,46.720001220703125,3561000,47.400001525878906,47.22999954223633,28.72647476196289
07-08-2012,46.88999938964844,47.150001525878906,2738000,47.400001525878906,47.16999816894531,28.689966201782227
08-08-2012,46.869998931884766,47.18000030517578,2249800,47.25,47.18000030517578,29.02090835571289
09-08-2012,46.58000183105469,46.61000061035156,2222000,46.869998931884766,46.689998626708984,28.719499588012695
10-08-2012,46.189998626708984,46.189998626708984,1523200,46.869998931884766,46.84000015258789,28.8117733001709
13-08-2012,46.2599983215332,46.529998779296875,1426100,46.68000030517578,46.54999923706055,28.633386611938477
14-08-2012,46.45000076293945,46.529998779296875,1221800,46.720001220703125,46.66999816894531,28.707204818725586
15-08-2012,46.61000061035156,46.75,1323100,46.83000183105469,46.77000045776367,28.768709182739258
16-08-2012,46.45000076293945,46.59000015258789,1286700,46.779998779296875,46.68000030517578,28.71334457397461
17-08-2012,45.9900016784668,45.9900016784668,1432000,46.33000183105469,46.33000183105469,28.498058319091797
20-08-2012,46.11000061035156,46.11000061035156,1037700,46.349998474121094,46.2400016784668,28.442703247070312
21-08-2012,46.02000045776367,46.22999954223633,1206900,46.4900016784668,46.06999969482422,28.338130950927734
22-08-2012,45.619998931884766,45.650001525878906,2095800,45.91999816894531,45.86000061035156,28.208955764770508
23-08-2012,45.97999954223633,46.22999954223633,1725600,46.2400016784668,46.099998474121094,28.356578826904297
24-08-2012,46.220001220703125,46.2400016784668,2220900,46.470001220703125,46.439998626708984,28.565725326538086
27-08-2012,46.349998474121094,46.5,1451700,46.63999938964844,46.4900016784668,28.596481323242188
28-08-2012,45.77000045776367,45.849998474121094,2174600,46.09000015258789,45.869998931884766,28.215106964111328
29-08-2012,45.709999084472656,45.81999969482422,1228800,45.880001068115234,45.709999084472656,28.116695404052734
30-08-2012,45.5,45.95000076293945,1369100,45.970001220703125,45.54999923706055,28.018280029296875
31-08-2012,45.2599983215332,45.779998779296875,1955000,45.81999969482422,45.4900016784668,27.981365203857422
04-09-2012,44.95000076293945,45.09000015258789,2212900,45.209999084472656,45.150001525878906,27.772228240966797
05-09-2012,45.2400016784668,45.43000030517578,1276700,45.47999954223633,45.29999923706055,27.8644962310791
06-09-2012,45.540000915527344,45.560001373291016,2159800,45.9900016784668,45.86000061035156,28.208955764770508
07-09-2012,45.06999969482422,45.16999816894531,3283900,45.2599983215332,45.13999938964844,27.766067504882812
10-09-2012,45.0,45.040000915527344,1635300,45.4900016784668,45.290000915527344,27.858346939086914
11-09-2012,45.66999816894531,45.75,1630600,45.90999984741211,45.86000061035156,28.208955764770508
12-09-2012,45.72999954223633,45.880001068115234,1318900,46.0,45.939998626708984,28.25817108154297
13-09-2012,46.15999984741211,46.279998779296875,1807900,46.869998931884766,46.70000076293945,28.72565269470215
14-09-2012,45.849998474121094,45.97999954223633,1992700,46.189998626708984,45.900001525878906,28.233564376831055
17-09-2012,46.45000076293945,46.59000015258789,1660300,46.720001220703125,46.58000183105469,28.65184211730957
18-09-2012,46.709999084472656,46.81999969482422,2494500,47.130001068115234,47.11000061035156,28.977853775024414
19-09-2012,46.66999816894531,46.7599983215332,2529900,46.900001525878906,46.720001220703125,28.737958908081055
20-09-2012,46.220001220703125,46.40999984741211,1858800,46.66999816894531,46.58000183105469,28.65184211730957
21-09-2012,46.650001525878906,46.72999954223633,1366500,46.86000061035156,46.75,28.75640106201172
24-09-2012,46.720001220703125,46.77000045776367,1285400,46.93000030517578,46.90999984741211,28.854816436767578
25-09-2012,47.0,47.209999084472656,1551700,47.5,47.04999923706055,28.94094467163086
26-09-2012,46.52000045776367,46.939998626708984,1854200,46.939998626708984,46.54999923706055,28.633386611938477
27-09-2012,46.38999938964844,46.790000915527344,1208600,46.880001068115234,46.77000045776367,28.768709182739258
28-09-2012,46.0099983215332,46.33000183105469,1826400,46.38999938964844,46.2400016784668,28.442703247070312
01-10-2012,46.22999954223633,46.66999816894531,1438200,46.84000015258789,46.400001525878906,28.541122436523438
02-10-2012,46.66999816894531,46.84000015258789,1417400,46.9900016784668,46.880001068115234,28.83637046813965
03-10-2012,46.599998474121094,46.709999084472656,2019100,46.970001220703125,46.90999984741211,28.854816436767578
04-10-2012,47.11000061035156,47.2599983215332,1746500,47.47999954223633,47.45000076293945,29.18697738647461
05-10-2012,47.209999084472656,47.529998779296875,1871900,47.70000076293945,47.380001068115234,29.14392852783203
08-10-2012,46.63999938964844,46.650001525878906,1457000,46.9900016784668,46.939998626708984,28.873279571533203
09-10-2012,46.15999984741211,46.380001068115234,2064700,46.91999816894531,46.18000030517578,28.405794143676758
10-10-2012,45.900001525878906,46.18000030517578,1401000,46.18000030517578,46.029998779296875,28.31352424621582
11-10-2012,45.72999954223633,45.939998626708984,1643400,46.040000915527344,45.72999954223633,28.12899398803711
12-10-2012,45.790000915527344,45.83000183105469,1384600,46.09000015258789,45.83000183105469,28.190505981445312
15-10-2012,46.09000015258789,46.119998931884766,2221000,46.400001525878906,46.2400016784668,28.442703247070312
16-10-2012,46.380001068115234,46.5099983215332,1792900,46.689998626708984,46.65999984741211,28.701047897338867
17-10-2012,46.119998931884766,46.209999084472656,2441700,46.40999984741211,46.13999938964844,28.38119125366211
18-10-2012,45.68000030517578,45.779998779296875,3479600,45.9900016784668,45.7400016784668,28.13515281677246
19-10-2012,45.25,45.68000030517578,2297700,45.72999954223633,45.33000183105469,27.882951736450195
22-10-2012,45.150001525878906,45.380001068115234,1761400,45.459999084472656,45.310001373291016,27.870647430419922
23-10-2012,44.65999984741211,45.0099983215332,1674700,45.02000045776367,44.79999923706055,27.556943893432617
24-10-2012,45.08000183105469,45.349998474121094,3081700,45.349998474121094,45.209999084472656,27.80913543701172
25-10-2012,45.220001220703125,45.599998474121094,2273900,45.599998474121094,45.400001525878906,27.926006317138672
26-10-2012,45.25,45.4900016784668,1708400,45.63999938964844,45.349998474121094,27.895244598388672
31-10-2012,44.619998931884766,45.22999954223633,2532300,45.279998779296875,44.900001525878906,27.618473052978516
01-11-2012,44.720001220703125,45.029998779296875,3862700,45.04999923706055,44.86000061035156,27.593852996826172
02-11-2012,43.36000061035156,43.4900016784668,7428300,43.91999816894531,43.68000030517578,26.868017196655273
05-11-2012,44.150001525878906,44.38999938964844,2223400,44.40999984741211,44.2599983215332,27.224781036376953
06-11-2012,44.59000015258789,44.65999984741211,2041600,44.900001525878906,44.709999084472656,27.501575469970703
07-11-2012,44.08000183105469,44.75,2450100,44.75,44.34000015258789,27.273996353149414
08-11-2012,43.66999816894531,43.869998931884766,2137700,44.09000015258789,43.66999816894531,26.861865997314453
09-11-2012,43.290000915527344,43.290000915527344,2097300,43.7599983215332,43.54999923706055,26.78805160522461
12-11-2012,42.5,43.31999969482422,3303500,43.38999938964844,43.029998779296875,26.468198776245117
13-11-2012,42.7599983215332,42.810001373291016,3308500,43.099998474121094,42.810001373291016,26.332870483398438
14-11-2012,41.79999923706055,42.400001525878906,2419500,42.41999816894531,41.900001525878906,26.12647819519043
15-11-2012,41.79999923706055,42.119998931884766,2827600,42.18000030517578,41.91999816894531,26.138946533203125
16-11-2012,41.68000030517578,41.900001525878906,1906100,42.11000061035156,41.97999954223633,26.176359176635742
19-11-2012,42.189998626708984,42.189998626708984,2811500,42.56999969482422,42.38999938964844,26.432018280029297
20-11-2012,42.150001525878906,42.16999816894531,1774600,42.4900016784668,42.41999816894531,26.45072364807129
21-11-2012,42.38999938964844,42.38999938964844,1796200,42.66999816894531,42.560001373291016,26.538021087646484
23-11-2012,42.90999984741211,42.97999954223633,1049600,43.18000030517578,43.16999816894531,26.918378829956055
26-11-2012,42.560001373291016,42.869998931884766,2413600,42.88999938964844,42.72999954223633,26.644025802612305
27-11-2012,42.70000076293945,42.84000015258789,1737400,42.91999816894531,42.72999954223633,26.644025802612305
28-11-2012,42.45000076293945,42.61000061035156,3546800,42.9900016784668,42.97999954223633,26.799909591674805
29-11-2012,43.130001068115234,43.130001068115234,2284000,43.47999954223633,43.400001525878906,27.061800003051758
30-11-2012,42.84000015258789,43.029998779296875,2669600,43.11000061035156,43.0099983215332,26.81861114501953
03-12-2012,42.9900016784668,43.0,2230200,43.439998626708984,43.29999923706055,26.999441146850586
04-12-2012,43.5,43.689998626708984,2367700,43.689998626708984,43.599998474121094,27.186506271362305
05-12-2012,43.25,43.279998779296875,1680300,43.63999938964844,43.52000045776367,27.136625289916992
06-12-2012,43.25,43.54999923706055,1563700,43.59000015258789,43.459999084472656,27.099205017089844
07-12-2012,43.09000015258789,43.290000915527344,1498100,43.369998931884766,43.31999969482422,27.01191520690918
10-12-2012,43.599998474121094,43.68000030517578,3609500,44.040000915527344,43.970001220703125,27.41720962524414
11-12-2012,44.08000183105469,44.13999938964844,5849200,44.45000076293945,44.369998931884766,27.6666259765625
12-12-2012,44.11000061035156,44.459999084472656,7004100,44.540000915527344,44.209999084472656,27.566864013671875
13-12-2012,43.709999084472656,43.9900016784668,3059300,44.150001525878906,43.939998626708984,27.398509979248047
14-12-2012,43.939998626708984,44.02000045776367,3849600,44.20000076293945,44.119998931884766,27.5107421875
17-12-2012,43.939998626708984,43.959999084472656,2819300,44.290000915527344,44.119998931884766,27.5107421875
18-12-2012,44.06999969482422,44.16999816894531,2529500,44.459999084472656,44.130001068115234,27.516986846923828
19-12-2012,43.810001373291016,44.25,3238100,44.33000183105469,43.81999969482422,27.323680877685547
20-12-2012,43.900001525878906,44.040000915527344,3471100,44.06999969482422,44.0,27.435922622680664
21-12-2012,43.54999923706055,43.7400016784668,2601500,43.779998779296875,43.650001525878906,27.217687606811523
24-12-2012,43.45000076293945,43.59000015258789,863600,43.70000076293945,43.650001525878906,27.217687606811523
26-12-2012,43.36000061035156,43.66999816894531,1370100,43.68000030517578,43.470001220703125,27.10544204711914
27-12-2012,43.22999954223633,43.779998779296875,2258000,43.779998779296875,43.47999954223633,27.11168098449707
28-12-2012,43.209999084472656,43.4900016784668,2015300,43.599998474121094,43.22999954223633,26.95578384399414
31-12-2012,43.08000183105469,43.209999084472656,1611700,43.529998779296875,43.470001220703125,27.10544204711914
02-01-2013,43.900001525878906,44.2599983215332,2751200,44.369998931884766,44.130001068115234,27.516986846923828
03-01-2013,43.849998474121094,43.91999816894531,1617500,44.09000015258789,43.97999954223633,27.423452377319336
04-01-2013,43.97999954223633,44.0,1848800,44.349998474121094,44.2599983215332,27.598041534423828
07-01-2013,44.130001068115234,44.209999084472656,1790500,44.29999923706055,44.27000045776367,27.604272842407227
08-01-2013,44.099998474121094,44.220001220703125,1488100,44.31999969482422,44.27000045776367,27.604272842407227
09-01-2013,44.06999969482422,44.13999938964844,1570700,44.36000061035156,44.279998779296875,27.61051368713379
10-01-2013,44.0,44.400001525878906,1209200,44.58000183105469,44.4900016784668,27.741458892822266
11-01-2013,44.290000915527344,44.45000076293945,1741600,44.59000015258789,44.540000915527344,27.772632598876953
14-01-2013,44.0,44.02000045776367,2404100,44.290000915527344,44.2599983215332,27.598041534423828
15-01-2013,43.7599983215332,43.779998779296875,2184400,44.0,43.939998626708984,27.398509979248047
16-01-2013,43.77000045776367,43.77000045776367,2333400,43.959999084472656,43.93000030517578,27.392276763916016
17-01-2013,43.81999969482422,43.91999816894531,1530500,44.150001525878906,44.02000045776367,27.44839096069336
18-01-2013,43.75,44.029998779296875,1646900,44.08000183105469,43.939998626708984,27.398509979248047
22-01-2013,44.439998626708984,44.810001373291016,4561000,44.849998474121094,44.75,27.903579711914062
23-01-2013,44.689998626708984,44.90999984741211,2157600,44.970001220703125,44.83000183105469,27.953460693359375
24-01-2013,44.790000915527344,44.880001068115234,2746300,45.0,44.83000183105469,27.953460693359375
25-01-2013,44.59000015258789,44.97999954223633,2165100,45.0,44.77000045776367,27.916044235229492
28-01-2013,44.5,44.52000045776367,1798200,44.709999084472656,44.560001373291016,27.785106658935547
29-01-2013,45.04999923706055,45.099998474121094,2994700,45.65999984741211,45.56999969482422,28.414878845214844
30-01-2013,45.560001373291016,45.66999816894531,3146700,45.849998474121094,45.599998474121094,28.433589935302734
31-01-2013,45.59000015258789,45.63999938964844,2595300,45.959999084472656,45.61000061035156,28.439834594726562
01-02-2013,45.630001068115234,45.810001373291016,2636700,45.91999816894531,45.68000030517578,28.483476638793945
04-02-2013,45.2400016784668,45.400001525878906,2136900,45.61000061035156,45.5099983215332,28.37747573852539
05-02-2013,45.09000015258789,45.619998931884766,3076700,45.70000076293945,45.09000015258789,28.11557960510254
06-02-2013,44.93000030517578,45.06999969482422,4274300,45.54999923706055,45.41999816894531,28.321352005004883
07-02-2013,45.040000915527344,45.15999984741211,2032900,45.439998626708984,45.279998779296875,28.23405647277832
08-02-2013,45.45000076293945,45.470001220703125,1812900,45.689998626708984,45.47999954223633,28.358768463134766
11-02-2013,45.470001220703125,45.58000183105469,1853400,45.65999984741211,45.5,28.371238708496094
12-02-2013,45.5,45.5099983215332,1596100,45.66999816894531,45.5,28.371238708496094
13-02-2013,45.470001220703125,45.630001068115234,2171400,45.77000045776367,45.560001373291016,28.408653259277344
14-02-2013,45.36000061035156,45.400001525878906,2281500,45.709999084472656,45.65999984741211,28.47100067138672
15-02-2013,45.59000015258789,45.61000061035156,3094600,45.869998931884766,45.619998931884766,28.446067810058594
19-02-2013,45.70000076293945,45.75,2272100,46.0,45.97999954223633,28.670543670654297
20-02-2013,45.27000045776367,45.400001525878906,2480100,45.599998474121094,45.31999969482422,28.68889808654785
21-02-2013,44.619998931884766,44.83000183105469,2241000,44.95000076293945,44.77000045776367,28.340723037719727
22-02-2013,44.869998931884766,44.970001220703125,2310400,45.16999816894531,45.13999938964844,28.574949264526367
25-02-2013,44.25,44.5,3318000,44.869998931884766,44.25,28.01154899597168
26-02-2013,44.130001068115234,44.400001525878906,2050000,44.540000915527344,44.189998626708984,27.97356414794922
27-02-2013,43.97999954223633,44.029998779296875,3005800,44.439998626708984,44.27000045776367,28.02420997619629
28-02-2013,44.0099983215332,44.06999969482422,2893400,44.34000015258789,44.029998779296875,27.87229347229004
01-03-2013,43.68000030517578,43.7599983215332,2672600,44.27000045776367,44.220001220703125,27.99256134033203
04-03-2013,43.81999969482422,43.86000061035156,2760300,44.40999984741211,44.310001373291016,28.049537658691406
05-03-2013,44.540000915527344,44.619998931884766,2445200,44.72999954223633,44.61000061035156,28.23945426940918
06-03-2013,44.31999969482422,44.5099983215332,3847200,44.689998626708984,44.65999984741211,28.271102905273438
07-03-2013,44.65999984741211,44.75,2159100,44.880001068115234,44.83000183105469,28.37870979309082
08-03-2013,44.290000915527344,44.540000915527344,2143400,45.45000076293945,44.58000183105469,28.220460891723633
11-03-2013,44.470001220703125,44.5,1358300,44.65999984741211,44.650001525878906,28.264774322509766
12-03-2013,44.529998779296875,44.529998779296875,1892800,44.810001373291016,44.650001525878906,28.264774322509766
13-03-2013,44.369998931884766,44.540000915527344,1685000,44.66999816894531,44.619998931884766,28.245773315429688
14-03-2013,44.81999969482422,44.900001525878906,2457000,45.22999954223633,45.220001220703125,28.62559700012207
15-03-2013,45.06999969482422,45.25,1993300,45.38999938964844,45.29999923706055,28.676231384277344
18-03-2013,45.0,45.16999816894531,2064200,45.31999969482422,45.119998931884766,28.562292098999023
19-03-2013,45.40999984741211,45.54999923706055,2778400,45.869998931884766,45.7599983215332,28.967426300048828
20-03-2013,45.79999923706055,46.02000045776367,2583900,46.09000015258789,45.900001525878906,29.056055068969727
21-03-2013,45.83000183105469,45.86000061035156,2434700,46.20000076293945,46.02000045776367,29.13201904296875
22-03-2013,46.380001068115234,46.439998626708984,2339500,46.68000030517578,46.439998626708984,29.397886276245117
25-03-2013,46.119998931884766,46.25,1856900,46.52000045776367,46.34000015258789,29.3345890045166
26-03-2013,45.70000076293945,45.779998779296875,3006000,46.0099983215332,46.0,29.119361877441406
27-03-2013,45.790000915527344,45.86000061035156,2942700,46.43000030517578,46.380001068115234,29.359907150268555
28-03-2013,46.619998931884766,46.68000030517578,2582800,47.08000183105469,46.90999984741211,29.695409774780273
01-04-2013,46.529998779296875,46.599998474121094,1480300,46.959999084472656,46.88999938964844,29.682758331298828
02-04-2013,46.880001068115234,46.93000030517578,2175100,47.099998474121094,46.970001220703125,29.733396530151367
03-04-2013,46.900001525878906,47.09000015258789,1576400,47.15999984741211,46.970001220703125,29.733396530151367
04-04-2013,46.77000045776367,46.779998779296875,2049200,47.04999923706055,46.97999954223633,29.739727020263672
05-04-2013,46.380001068115234,46.61000061035156,1820400,46.849998474121094,46.790000915527344,29.619447708129883
08-04-2013,46.65999984741211,46.79999923706055,2245600,47.09000015258789,47.06999969482422,29.796703338623047
09-04-2013,47.0099983215332,47.25,3419600,47.41999816894531,47.31999969482422,29.954954147338867
10-04-2013,47.2400016784668,47.2599983215332,3053000,47.790000915527344,47.75,30.22715950012207
11-04-2013,47.88999938964844,47.93000030517578,5095100,48.54999923706055,48.52000045776367,30.71459197998047
12-04-2013,48.150001525878906,48.459999084472656,3869300,48.4900016784668,48.470001220703125,30.68293571472168
15-04-2013,48.95000076293945,49.029998779296875,6737400,50.15999984741211,49.22999954223633,31.164047241210938
16-04-2013,48.95000076293945,49.31999969482422,2734500,49.380001068115234,49.380001068115234,31.25899887084961
17-04-2013,48.86000061035156,48.939998626708984,7949500,50.45000076293945,50.34000015258789,31.866703033447266
18-04-2013,50.119998931884766,50.900001525878906,6887200,50.95000076293945,50.38999938964844,31.898366928100586
19-04-2013,50.16999816894531,50.34000015258789,3424600,50.58000183105469,50.439998626708984,31.93001365661621
22-04-2013,50.2599983215332,50.439998626708984,2984300,50.79999923706055,50.650001525878906,32.06294631958008
23-04-2013,51.0099983215332,51.16999816894531,4199200,51.470001220703125,51.119998931884766,32.36045837402344
24-04-2013,50.959999084472656,51.470001220703125,4464900,51.56999969482422,51.349998474121094,32.50606155395508
25-04-2013,51.5,51.939998626708984,4703300,52.29999923706055,51.79999923706055,32.790924072265625
26-04-2013,51.810001373291016,51.86000061035156,2152400,52.18000030517578,52.15999984741211,33.018821716308594
29-04-2013,52.119998931884766,52.220001220703125,2009900,52.540000915527344,52.41999816894531,33.183406829833984
30-04-2013,51.29999923706055,51.4900016784668,3987300,51.77000045776367,51.63999938964844,32.68964385986328
01-05-2013,51.41999816894531,51.56999969482422,2220700,51.84000015258789,51.5,32.60102081298828
02-05-2013,51.27000045776367,51.31999969482422,1894300,51.61000061035156,51.43000030517578,32.556705474853516
03-05-2013,51.220001220703125,51.279998779296875,2015100,51.47999954223633,51.2400016784668,32.43642807006836
06-05-2013,50.95000076293945,51.2400016784668,1230300,51.279998779296875,51.02000045776367,32.29716873168945
07-05-2013,50.9900016784668,51.130001068115234,1673300,51.349998474121094,51.2400016784668,32.43642807006836
08-05-2013,50.619998931884766,50.75,1917400,51.060001373291016,50.79999923706055,32.50682830810547
09-05-2013,50.59000015258789,50.65999984741211,1822100,51.060001373291016,50.70000076293945,32.44282150268555
10-05-2013,50.900001525878906,51.119998931884766,3241100,51.7400016784668,51.619998931884766,33.03153991699219
13-05-2013,51.540000915527344,51.619998931884766,2209600,51.75,51.66999816894531,33.06352996826172
14-05-2013,51.5099983215332,51.560001373291016,2002800,51.790000915527344,51.720001220703125,33.09552764892578
15-05-2013,52.08000183105469,52.11000061035156,2163400,52.529998779296875,52.459999084472656,33.56904602050781
16-05-2013,52.060001373291016,52.59000015258789,2463500,52.650001525878906,52.11000061035156,33.34508514404297
17-05-2013,51.810001373291016,51.95000076293945,1937900,52.290000915527344,52.220001220703125,33.41547393798828
20-05-2013,52.08000183105469,52.189998626708984,1411400,52.459999084472656,52.209999084472656,33.40907669067383
21-05-2013,52.0099983215332,52.0099983215332,2399800,52.810001373291016,52.650001525878906,33.69062805175781
22-05-2013,52.810001373291016,52.810001373291016,2516900,53.45000076293945,52.939998626708984,33.87620544433594
23-05-2013,52.29999923706055,52.58000183105469,1438200,52.86000061035156,52.72999954223633,33.741817474365234
24-05-2013,52.380001068115234,52.41999816894531,1283500,53.06999969482422,52.970001220703125,33.89540481567383
28-05-2013,53.4900016784668,53.959999084472656,2032200,54.0,53.59000015258789,34.292137145996094
29-05-2013,51.83000183105469,52.43000030517578,4696300,52.689998626708984,52.0099983215332,33.281097412109375
30-05-2013,51.869998931884766,52.0099983215332,1881800,52.560001373291016,52.41999816894531,33.5434455871582
31-05-2013,51.77000045776367,51.939998626708984,2108900,52.29999923706055,51.77000045776367,33.12752151489258
03-06-2013,51.77000045776367,52.150001525878906,3048300,52.41999816894531,51.970001220703125,33.2555046081543
04-06-2013,51.400001525878906,51.869998931884766,5788300,52.02000045776367,51.59000015258789,33.01233673095703
05-06-2013,50.54999923706055,51.560001373291016,7424700,51.560001373291016,50.599998474121094,32.37882995605469
06-06-2013,50.58000183105469,51.34000015258789,4491300,51.349998474121094,51.18000030517578,32.74998474121094
07-06-2013,50.970001220703125,51.0099983215332,2089400,51.869998931884766,51.709999084472656,33.089134216308594
10-06-2013,51.689998626708984,52.0,1861500,52.06999969482422,51.880001068115234,33.19791030883789
11-06-2013,51.599998474121094,51.75,3260700,52.0,51.810001373291016,33.15311813354492
12-06-2013,52.2400016784668,52.939998626708984,3418200,52.970001220703125,52.40999984741211,33.537052154541016
13-06-2013,52.529998779296875,52.619998931884766,3032300,52.880001068115234,52.86000061035156,33.82501220703125
14-06-2013,52.27000045776367,52.290000915527344,1482700,52.810001373291016,52.4900016784668,33.58824920654297
17-06-2013,52.4900016784668,53.2400016784668,2028200,53.459999084472656,52.7400016784668,33.74821853637695
18-06-2013,52.189998626708984,52.369998931884766,1352300,52.56999969482422,52.470001220703125,33.57545852661133
19-06-2013,51.459999084472656,52.33000183105469,1913100,52.4900016784668,51.47999954223633,32.941951751708984
20-06-2013,49.439998626708984,50.36000061035156,3257900,50.56999969482422,49.52000045776367,31.687740325927734
21-06-2013,48.7400016784668,49.709999084472656,2724300,49.7599983215332,49.130001068115234,31.43818473815918
24-06-2013,48.29999923706055,48.650001525878906,2485800,49.45000076293945,49.060001373291016,31.393396377563477
25-06-2013,48.75,49.099998474121094,2112800,49.310001373291016,49.15999984741211,31.457378387451172
26-06-2013,49.59000015258789,49.72999954223633,1300400,50.029998779296875,49.790000915527344,31.860523223876953
27-06-2013,49.959999084472656,50.18000030517578,1817100,50.47999954223633,50.099998474121094,32.058895111083984
28-06-2013,49.83000183105469,50.060001373291016,1480900,50.34000015258789,49.970001220703125,31.975706100463867
01-07-2013,50.189998626708984,50.58000183105469,1246000,50.720001220703125,50.2400016784668,32.148475646972656
02-07-2013,50.20000076293945,50.34000015258789,1437000,50.7400016784668,50.349998474121094,32.21886444091797
03-07-2013,50.27000045776367,50.439998626708984,1162700,50.66999816894531,50.61000061035156,32.38523864746094
05-07-2013,50.849998474121094,51.349998474121094,1766800,51.400001525878906,51.20000076293945,32.76278305053711
08-07-2013,51.369998931884766,51.59000015258789,1988700,51.88999938964844,51.630001068115234,33.037933349609375
09-07-2013,51.400001525878906,51.79999923706055,1496400,51.810001373291016,51.63999938964844,33.04432678222656
10-07-2013,51.97999954223633,52.0099983215332,1658400,52.560001373291016,52.290000915527344,33.46027755737305
11-07-2013,52.470001220703125,52.66999816894531,1509300,52.959999084472656,52.90999984741211,33.85700607299805
12-07-2013,52.599998474121094,52.689998626708984,1187800,52.97999954223633,52.959999084472656,33.88899612426758
15-07-2013,52.43000030517578,52.81999969482422,1757300,52.84000015258789,52.619998931884766,33.67143630981445
16-07-2013,51.4900016784668,51.970001220703125,2248000,52.20000076293945,51.869998931884766,33.1915168762207
17-07-2013,51.93000030517578,52.52000045776367,1679300,52.529998779296875,52.150001525878906,33.37067794799805
18-07-2013,52.310001373291016,52.70000076293945,1675300,52.720001220703125,52.45000076293945,33.562644958496094
19-07-2013,51.7599983215332,51.869998931884766,1454000,52.27000045776367,52.150001525878906,33.37067794799805
22-07-2013,51.72999954223633,51.81999969482422,2498100,52.18000030517578,51.790000915527344,33.140323638916016
23-07-2013,51.31999969482422,51.4900016784668,2186400,51.689998626708984,51.459999084472656,32.92914962768555
24-07-2013,50.970001220703125,51.599998474121094,2388600,51.72999954223633,51.65999984741211,33.057132720947266
25-07-2013,51.59000015258789,51.77000045776367,1825600,52.08000183105469,51.849998474121094,33.178707122802734
26-07-2013,50.849998474121094,51.150001525878906,1598400,51.58000183105469,51.5,32.954750061035156
29-07-2013,51.130001068115234,51.29999923706055,2167900,51.47999954223633,51.13999938964844,32.72438049316406
30-07-2013,50.75,51.41999816894531,1766200,51.470001220703125,50.810001373291016,32.513221740722656
31-07-2013,50.70000076293945,51.150001525878906,2455500,51.470001220703125,50.959999084472656,32.60919952392578
01-08-2013,51.540000915527344,51.65999984741211,3339200,51.95000076293945,51.77000045776367,33.12752151489258
02-08-2013,51.93000030517578,52.130001068115234,2530600,52.459999084472656,52.220001220703125,33.41547393798828
05-08-2013,51.97999954223633,52.349998474121094,2261000,52.400001525878906,52.099998474121094,33.33868408203125
06-08-2013,51.650001525878906,52.099998474121094,2781000,52.15999984741211,51.880001068115234,33.19791030883789
07-08-2013,51.560001373291016,51.619998931884766,1827500,52.0099983215332,51.599998474121094,33.37448501586914
08-08-2013,51.34000015258789,52.06999969482422,1878800,52.06999969482422,51.65999984741211,33.41329574584961
09-08-2013,51.439998626708984,51.599998474121094,1158900,51.779998779296875,51.5099983215332,33.3162727355957
12-08-2013,51.279998779296875,51.59000015258789,1451700,51.70000076293945,51.29999923706055,33.18044662475586
13-08-2013,51.41999816894531,51.63999938964844,2474800,52.029998779296875,52.0099983215332,33.63966751098633
14-08-2013,51.84000015258789,52.349998474121094,2611500,52.400001525878906,51.91999816894531,33.581459045410156
15-08-2013,51.099998474121094,51.349998474121094,2918500,51.63999938964844,51.529998779296875,33.3292121887207
16-08-2013,51.470001220703125,51.83000183105469,2437100,51.84000015258789,51.630001068115234,33.393890380859375
19-08-2013,51.29999923706055,51.529998779296875,1651100,51.66999816894531,51.310001373291016,33.18690490722656
20-08-2013,51.7599983215332,51.86000061035156,3346300,52.060001373291016,51.849998474121094,33.53617858886719
21-08-2013,51.68000030517578,52.16999816894531,2202300,52.20000076293945,51.86000061035156,33.54265213012695
22-08-2013,51.72999954223633,51.869998931884766,1533400,52.099998474121094,52.04999923706055,33.66553497314453
23-08-2013,51.93000030517578,52.06999969482422,1318000,52.20000076293945,52.189998626708984,33.7560920715332
26-08-2013,51.970001220703125,52.13999938964844,1414100,52.2400016784668,52.15999984741211,33.73668670654297
27-08-2013,51.65999984741211,51.880001068115234,2044700,52.27000045776367,51.7599983215332,33.47797393798828
28-08-2013,51.560001373291016,51.59000015258789,1347700,51.84000015258789,51.63999938964844,33.40034866333008
29-08-2013,51.560001373291016,51.619998931884766,1545500,52.04999923706055,51.59000015258789,33.368019104003906
30-08-2013,50.75,51.40999984741211,2108900,51.40999984741211,50.88999938964844,32.9152717590332
03-09-2013,51.599998474121094,52.130001068115234,1920800,52.13999938964844,51.77000045776367,33.48444366455078
04-09-2013,51.65999984741211,51.66999816894531,1781000,52.16999816894531,51.959999084472656,33.607322692871094
05-09-2013,51.36000061035156,51.380001068115234,1751800,51.61000061035156,51.43000030517578,33.264530181884766
06-09-2013,51.279998779296875,51.72999954223633,1649600,51.849998474121094,51.66999816894531,33.419761657714844
09-09-2013,50.08000183105469,51.560001373291016,6244400,51.70000076293945,50.459999084472656,32.63714599609375
10-09-2013,49.959999084472656,50.15999984741211,4820500,50.650001525878906,50.41999816894531,32.61126708984375
11-09-2013,50.779998779296875,50.779998779296875,2865100,51.349998474121094,51.310001373291016,33.18690490722656
12-09-2013,50.970001220703125,51.45000076293945,1898500,51.5099983215332,51.220001220703125,33.12870788574219
13-09-2013,51.189998626708984,51.310001373291016,1319200,51.47999954223633,51.40999984741211,33.2515983581543
16-09-2013,51.119998931884766,51.869998931884766,2703500,51.869998931884766,51.29999923706055,33.18044662475586
17-09-2013,50.970001220703125,51.380001068115234,2227500,51.529998779296875,51.130001068115234,33.070499420166016
18-09-2013,50.529998779296875,50.9900016784668,2444600,51.400001525878906,51.27000045776367,33.161048889160156
19-09-2013,50.22999954223633,51.150001525878906,3186800,51.18000030517578,50.27000045776367,32.514251708984375
20-09-2013,50.459999084472656,50.790000915527344,2331900,50.869998931884766,50.529998779296875,32.682411193847656
23-09-2013,50.790000915527344,50.88999938964844,2431900,51.13999938964844,51.119998931884766,33.064029693603516
24-09-2013,50.9900016784668,51.130001068115234,1428200,51.380001068115234,51.16999816894531,33.09636306762695
25-09-2013,51.0,51.380001068115234,1334500,51.400001525878906,51.06999969482422,33.03168869018555
26-09-2013,50.790000915527344,51.15999984741211,2764400,51.34000015258789,50.93000030517578,32.94112777709961
27-09-2013,50.400001525878906,50.5,2134400,50.779998779296875,50.47999954223633,32.65007781982422
30-09-2013,50.099998474121094,50.43000030517578,2055900,50.47999954223633,50.16999816894531,32.4495735168457
01-10-2013,50.220001220703125,50.349998474121094,2806600,50.599998474121094,50.560001373291016,32.701820373535156
02-10-2013,49.97999954223633,50.029998779296875,2243200,50.31999969482422,50.220001220703125,32.48190689086914
03-10-2013,50.66999816894531,50.81999969482422,2734100,50.95000076293945,50.84000015258789,32.88291931152344
04-10-2013,49.9900016784668,50.119998931884766,2636800,50.310001373291016,50.11000061035156,32.410762786865234
07-10-2013,50.08000183105469,50.08000183105469,2846800,50.560001373291016,50.130001068115234,32.42369842529297
08-10-2013,49.52000045776367,49.939998626708984,1708200,50.060001373291016,49.540000915527344,32.04208755493164
09-10-2013,49.2599983215332,49.470001220703125,1927100,49.58000183105469,49.310001373291016,31.893321990966797
10-10-2013,49.0099983215332,49.0099983215332,3634400,49.779998779296875,49.689998626708984,32.13911056518555
11-10-2013,49.52000045776367,49.63999938964844,1354200,49.869998931884766,49.79999923706055,32.210262298583984
14-10-2013,49.810001373291016,49.83000183105469,1446400,50.349998474121094,50.349998474121094,32.56599426269531
15-10-2013,50.06999969482422,50.27000045776367,1479600,50.310001373291016,50.09000015258789,32.397823333740234
16-10-2013,49.970001220703125,50.150001525878906,1584100,50.31999969482422,50.290000915527344,32.527183532714844
17-10-2013,50.77000045776367,50.79999923706055,1685700,51.11000061035156,51.11000061035156,33.057559967041016
18-10-2013,50.900001525878906,51.15999984741211,1392700,51.290000915527344,51.029998779296875,33.00579833984375
21-10-2013,50.83000183105469,50.91999816894531,1416700,51.22999954223633,51.040000915527344,33.01227951049805
22-10-2013,51.52000045776367,51.59000015258789,2989900,51.9900016784668,51.75,33.471500396728516
23-10-2013,50.61000061035156,50.630001068115234,4900700,51.0099983215332,50.7599983215332,32.831180572509766
24-10-2013,51.529998779296875,51.689998626708984,2537800,51.88999938964844,51.7400016784668,33.46503448486328
25-10-2013,51.790000915527344,52.060001373291016,3142600,52.380001068115234,52.04999923706055,33.66553497314453
28-10-2013,52.25,52.25,1846700,52.650001525878906,52.58000183105469,34.00835037231445
29-10-2013,52.41999816894531,52.470001220703125,1551100,52.720001220703125,52.619998931884766,34.034217834472656
30-10-2013,52.38999938964844,52.79999923706055,1603100,52.95000076293945,52.560001373291016,33.99540328979492
31-10-2013,52.4900016784668,52.869998931884766,2059200,52.900001525878906,52.630001068115234,34.040687561035156
01-11-2013,52.43000030517578,52.52000045776367,7412300,53.220001220703125,53.189998626708984,34.40287780761719
04-11-2013,52.83000183105469,53.16999816894531,3384900,53.380001068115234,53.36000061035156,34.51283645629883
05-11-2013,53.13999938964844,53.22999954223633,2308100,53.779998779296875,53.68000030517578,34.719810485839844
06-11-2013,53.04999923706055,53.310001373291016,2627600,53.41999816894531,53.33000183105469,34.49342727661133
07-11-2013,52.650001525878906,53.08000183105469,2478000,53.11000061035156,52.720001220703125,34.09889221191406
08-11-2013,52.70000076293945,52.720001220703125,1912500,53.15999984741211,53.15999984741211,34.383480072021484
11-11-2013,52.83000183105469,52.97999954223633,2311800,53.15999984741211,53.029998779296875,34.299400329589844
12-11-2013,51.97999954223633,52.0099983215332,3055500,52.349998474121094,52.18000030517578,33.7496223449707
13-11-2013,51.52000045776367,51.54999923706055,2184200,51.939998626708984,51.939998626708984,33.995731353759766
14-11-2013,51.880001068115234,51.93000030517578,1991900,52.209999084472656,52.130001068115234,34.12008285522461
15-11-2013,51.88999938964844,52.02000045776367,1959200,52.150001525878906,52.08000183105469,34.08734893798828
18-11-2013,51.970001220703125,52.45000076293945,1478000,52.45000076293945,52.0099983215332,34.041534423828125
19-11-2013,52.34000015258789,52.41999816894531,2319400,52.709999084472656,52.599998474121094,34.427703857421875
20-11-2013,52.54999923706055,53.0,2019300,53.16999816894531,52.65999984741211,34.46697235107422
21-11-2013,52.86000061035156,52.959999084472656,3502600,53.220001220703125,53.220001220703125,34.83350372314453
22-11-2013,53.06999969482422,53.209999084472656,1925900,53.36000061035156,53.36000061035156,34.92513656616211
25-11-2013,52.63999938964844,53.060001373291016,3801100,53.650001525878906,52.81999969482422,34.571693420410156
26-11-2013,52.189998626708984,52.349998474121094,7622000,52.560001373291016,52.38999938964844,34.29025650024414
27-11-2013,52.36000061035156,52.7400016784668,2109500,52.83000183105469,52.439998626708984,34.32299041748047
29-11-2013,52.720001220703125,52.7599983215332,1664700,53.09000015258789,52.91999816894531,34.637142181396484
02-12-2013,52.90999984741211,53.0099983215332,1407800,53.150001525878906,52.9900016784668,34.68296813964844
03-12-2013,52.369998931884766,52.77000045776367,1352400,52.88999938964844,52.5,34.36225891113281
04-12-2013,51.900001525878906,52.029998779296875,2505900,52.25,52.11000061035156,34.106990814208984
05-12-2013,52.02000045776367,52.150001525878906,2157900,52.25,52.220001220703125,34.17900085449219
06-12-2013,52.38999938964844,52.540000915527344,1329700,52.66999816894531,52.650001525878906,34.460426330566406
09-12-2013,52.279998779296875,52.38999938964844,1689400,52.56999969482422,52.5099983215332,34.36880111694336
10-12-2013,51.91999816894531,52.11000061035156,1715500,52.2400016784668,52.02000045776367,34.04808044433594
11-12-2013,51.400001525878906,52.06999969482422,1919600,52.150001525878906,51.43000030517578,33.66191482543945
12-12-2013,51.150001525878906,51.41999816894531,1936000,51.5,51.290000915527344,33.570289611816406
13-12-2013,51.08000183105469,51.13999938964844,2525000,51.380001068115234,51.369998931884766,33.622642517089844
16-12-2013,51.619998931884766,51.810001373291016,2034700,52.06999969482422,51.88999938964844,33.962982177734375
17-12-2013,50.880001068115234,51.06999969482422,2516200,51.22999954223633,51.04999923706055,33.41319274902344
18-12-2013,50.5,50.650001525878906,4844500,51.38999938964844,51.34000015258789,33.60301208496094
19-12-2013,51.15999984741211,51.29999923706055,2913200,51.630001068115234,51.56999969482422,33.7535514831543
20-12-2013,51.34000015258789,51.45000076293945,2863000,51.7599983215332,51.380001068115234,33.62920379638672
23-12-2013,51.5099983215332,51.900001525878906,1870300,51.959999084472656,51.58000183105469,33.76010513305664
24-12-2013,51.90999984741211,51.97999954223633,1218000,52.08000183105469,51.97999954223633,34.02190399169922
26-12-2013,51.97999954223633,52.0,1123100,52.43000030517578,52.36000061035156,34.2706184387207
27-12-2013,52.720001220703125,53.189998626708984,1491400,53.209999084472656,53.0,34.68952178955078
30-12-2013,52.79999923706055,53.0,1073200,53.2400016784668,53.119998931884766,34.768062591552734
31-12-2013,52.88999938964844,53.09000015258789,1167500,53.38999938964844,53.38999938964844,34.94477081298828
02-01-2014,52.540000915527344,52.88999938964844,1750600,52.900001525878906,52.790000915527344,34.55206298828125
03-01-2014,52.63999938964844,52.709999084472656,1291800,52.97999954223633,52.79999923706055,34.5586051940918
06-01-2014,52.90999984741211,53.08000183105469,1631000,53.27000045776367,53.0,34.68952178955078
07-01-2014,52.939998626708984,53.099998474121094,1349800,53.25,53.06999969482422,34.735321044921875
08-01-2014,52.65999984741211,52.880001068115234,1748400,52.9900016784668,52.72999954223633,34.51279067993164
09-01-2014,52.599998474121094,53.27000045776367,2454600,53.290000915527344,52.84000015258789,34.58479309082031
10-01-2014,52.56999969482422,52.779998779296875,3437700,53.08000183105469,52.75,34.525875091552734
13-01-2014,51.84000015258789,52.15999984741211,4547800,52.38999938964844,51.869998931884766,33.94990539550781
14-01-2014,52.029998779296875,52.189998626708984,1960500,52.599998474121094,52.56999969482422,34.40807342529297
15-01-2014,52.900001525878906,53.0,3451700,53.439998626708984,53.369998931884766,34.93168640136719
16-01-2014,53.29999923706055,53.459999084472656,1561400,53.68000030517578,53.68000030517578,35.13459396362305
17-01-2014,53.959999084472656,54.029998779296875,2355600,54.20000076293945,54.099998474121094,35.40947723388672
21-01-2014,54.61000061035156,55.040000915527344,2921700,55.06999969482422,54.95000076293945,35.9658317565918
22-01-2014,54.59000015258789,55.0,2454000,55.0,54.7400016784668,35.828369140625
23-01-2014,54.45000076293945,54.70000076293945,2689800,54.900001525878906,54.900001525878906,35.933101654052734
24-01-2014,53.31999969482422,54.02000045776367,2557900,54.06999969482422,53.33000183105469,34.90549850463867
27-01-2014,53.08000183105469,53.380001068115234,2248600,53.54999923706055,53.11000061035156,34.76150894165039
28-01-2014,52.939998626708984,53.290000915527344,1598100,53.52000045776367,53.2599983215332,34.859683990478516
29-01-2014,51.86000061035156,52.150001525878906,2974200,52.349998474121094,52.040000915527344,34.061180114746094
30-01-2014,51.529998779296875,51.689998626708984,2576000,52.189998626708984,51.959999084472656,34.00880813598633
31-01-2014,51.040000915527344,51.119998931884766,2689800,51.779998779296875,51.540000915527344,33.73392105102539
03-02-2014,50.95000076293945,51.849998474121094,3331300,51.900001525878906,51.0,33.3804817199707
04-02-2014,50.650001525878906,51.08000183105469,2290900,51.13999938964844,50.900001525878906,33.315032958984375
05-02-2014,51.11000061035156,51.540000915527344,3803000,51.7599983215332,51.689998626708984,33.832096099853516
06-02-2014,51.77000045776367,51.79999923706055,2351200,52.33000183105469,52.29999923706055,34.23134994506836
07-02-2014,52.459999084472656,52.63999938964844,3822800,52.90999984741211,52.84000015258789,34.58479309082031
10-02-2014,52.52000045776367,52.529998779296875,2394300,53.0,53.0,34.68952178955078
11-02-2014,53.5,53.5,2450700,54.2400016784668,54.16999816894531,35.455291748046875
12-02-2014,54.58000183105469,54.61000061035156,1692400,54.900001525878906,54.810001373291016,35.87419509887695
13-02-2014,54.54999923706055,54.56999969482422,1481900,55.119998931884766,55.060001373291016,36.03782653808594
14-02-2014,55.380001068115234,55.47999954223633,1798000,55.90999984741211,55.88999938964844,36.581077575683594
18-02-2014,56.25,56.2599983215332,3072300,56.72999954223633,56.65999984741211,37.08505630493164
19-02-2014,55.650001525878906,55.70000076293945,2529900,56.349998474121094,55.709999084472656,36.952388763427734
20-02-2014,55.79999923706055,56.04999923706055,3013500,56.34000015258789,56.220001220703125,37.290679931640625
21-02-2014,55.650001525878906,56.22999954223633,1876700,56.279998779296875,55.689998626708984,36.939125061035156
24-02-2014,55.4900016784668,55.5,1787700,56.13999938964844,55.75,36.97892379760742
25-02-2014,55.459999084472656,55.52000045776367,2503400,56.119998931884766,55.70000076293945,36.945770263671875
26-02-2014,56.04999923706055,56.11000061035156,2396600,56.33000183105469,56.220001220703125,37.290679931640625
27-02-2014,56.029998779296875,56.13999938964844,5895200,56.400001525878906,56.130001068115234,37.23098373413086
28-02-2014,55.630001068115234,56.0,2836800,56.18000030517578,55.939998626708984,37.10495376586914
03-03-2014,55.41999816894531,55.4900016784668,2322000,55.79999923706055,55.79999923706055,37.01209259033203
04-03-2014,56.220001220703125,56.29999923706055,2254700,56.599998474121094,56.43000030517578,37.429969787597656
05-03-2014,56.2599983215332,56.349998474121094,1696800,56.599998474121094,56.43000030517578,37.429969787597656
06-03-2014,55.79999923706055,56.29999923706055,2172400,56.33000183105469,55.849998474121094,37.04525375366211
07-03-2014,55.130001068115234,55.58000183105469,2176300,55.65999984741211,55.529998779296875,36.833011627197266
10-03-2014,55.369998931884766,55.459999084472656,1898000,55.86000061035156,55.84000015258789,37.03862762451172
11-03-2014,55.4900016784668,55.70000076293945,1844500,55.939998626708984,55.650001525878906,36.912593841552734
12-03-2014,54.83000183105469,54.849998474121094,2057400,55.22999954223633,54.97999954223633,36.46818542480469
13-03-2014,54.310001373291016,55.150001525878906,2616200,55.15999984741211,54.36000061035156,36.05693817138672
14-03-2014,54.16999816894531,54.439998626708984,1611600,54.54999923706055,54.22999954223633,35.97071838378906
17-03-2014,54.310001373291016,54.310001373291016,1484700,54.79999923706055,54.54999923706055,36.18296432495117
18-03-2014,54.56999969482422,54.56999969482422,1270100,55.0,54.75,36.31562423706055
19-03-2014,54.439998626708984,54.86000061035156,1530200,55.369998931884766,54.709999084472656,36.289100646972656
20-03-2014,53.689998626708984,53.72999954223633,2336900,54.06999969482422,54.02000045776367,35.8314208984375
21-03-2014,53.04999923706055,53.709999084472656,2897900,53.959999084472656,53.06999969482422,35.201271057128906
24-03-2014,52.599998474121094,53.40999984741211,1989700,53.41999816894531,52.9900016784668,35.14822769165039
25-03-2014,53.5099983215332,53.630001068115234,2404000,54.08000183105469,53.88999938964844,35.745201110839844
26-03-2014,53.560001373291016,53.95000076293945,1985600,54.130001068115234,53.59000015258789,35.546207427978516
27-03-2014,53.529998779296875,53.79999923706055,2442500,54.02000045776367,53.91999816894531,35.76509475708008
28-03-2014,53.72999954223633,54.11000061035156,1550900,54.470001220703125,53.900001525878906,35.75182342529297
31-03-2014,53.09000015258789,53.529998779296875,2583700,53.56999969482422,53.43000030517578,35.440059661865234
01-04-2014,52.7599983215332,52.84000015258789,2603000,53.369998931884766,53.29999923706055,35.35383987426758
02-04-2014,52.81999969482422,52.93000030517578,3096800,53.08000183105469,53.0,35.15485382080078
03-04-2014,52.43000030517578,52.77000045776367,2228300,52.83000183105469,52.720001220703125,34.96913146972656
04-04-2014,52.099998474121094,52.7400016784668,2810900,52.790000915527344,52.13999938964844,34.58442687988281
07-04-2014,51.38999938964844,52.0,3608400,52.029998779296875,51.54999923706055,34.19307327270508
08-04-2014,52.029998779296875,52.209999084472656,3299100,52.400001525878906,52.189998626708984,34.61758041381836
09-04-2014,52.79999923706055,53.029998779296875,2506300,53.41999816894531,53.41999816894531,35.43344497680664
10-04-2014,52.470001220703125,53.400001525878906,2321800,53.529998779296875,52.54999923706055,34.85636901855469
11-04-2014,51.70000076293945,51.72999954223633,3281300,52.25,51.7599983215332,34.332359313964844
14-04-2014,51.5099983215332,51.779998779296875,2217200,51.939998626708984,51.84000015258789,34.38542556762695
15-04-2014,51.70000076293945,52.150001525878906,1850800,52.369998931884766,52.31999969482422,34.70380783081055
16-04-2014,52.439998626708984,52.63999938964844,2571300,52.83000183105469,52.81999969482422,35.03545379638672
17-04-2014,52.279998779296875,52.34000015258789,2219400,52.75,52.5099983215332,34.829833984375
21-04-2014,52.58000183105469,52.68000030517578,1637000,53.18000030517578,53.119998931884766,35.23444747924805
22-04-2014,55.209999084472656,55.52000045776367,5317600,55.63999938964844,55.29999923706055,36.68043518066406
23-04-2014,54.959999084472656,55.5,2253600,55.52000045776367,55.13999938964844,36.57430648803711
24-04-2014,55.20000076293945,55.65999984741211,2505400,55.689998626708984,55.5099983215332,36.81972885131836
25-04-2014,55.33000183105469,55.720001220703125,2102000,55.810001373291016,55.7599983215332,36.985557556152344
28-04-2014,55.29999923706055,56.029998779296875,3226700,56.119998931884766,56.0099983215332,37.15138626098633
29-04-2014,55.66999816894531,55.68000030517578,4050600,56.47999954223633,56.38999938964844,37.4034423828125
30-04-2014,54.66999816894531,55.45000076293945,3905200,55.599998474121094,55.369998931884766,36.726863861083984
01-05-2014,55.220001220703125,55.33000183105469,1723000,55.58000183105469,55.400001525878906,36.74678039550781
02-05-2014,54.810001373291016,55.02000045776367,1758800,55.25,55.130001068115234,36.567684173583984
05-05-2014,54.56999969482422,54.869998931884766,1959600,55.29999923706055,55.290000915527344,36.67381286621094
06-05-2014,55.279998779296875,55.36000061035156,3114900,55.630001068115234,55.41999816894531,36.76003646850586
07-05-2014,55.119998931884766,55.33000183105469,2619200,55.540000915527344,55.45000076293945,36.779937744140625
08-05-2014,54.709999084472656,54.81999969482422,3024900,55.04999923706055,54.900001525878906,36.41511917114258
09-05-2014,54.470001220703125,54.689998626708984,2695600,55.02000045776367,54.9900016784668,36.47482681274414
12-05-2014,54.72999954223633,54.83000183105469,5204100,55.15999984741211,55.13999938964844,36.57430648803711
13-05-2014,54.900001525878906,54.90999984741211,7863100,55.529998779296875,55.52000045776367,36.82636642456055
14-05-2014,54.47999954223633,54.75,5753000,55.310001373291016,55.189998626708984,37.03438186645508
15-05-2014,55.11000061035156,55.16999816894531,4123900,55.560001373291016,55.4900016784668,37.23569869995117
16-05-2014,55.290000915527344,55.34000015258789,2375600,55.599998474121094,55.43000030517578,37.195438385009766
19-05-2014,54.65999984741211,54.79999923706055,2824900,55.02000045776367,54.84000015258789,36.799530029296875
20-05-2014,54.599998474121094,54.810001373291016,1830800,54.93000030517578,54.709999084472656,36.71228790283203
21-05-2014,55.02000045776367,55.09000015258789,1530700,55.5,55.31999969482422,37.121620178222656
22-05-2014,55.119998931884766,55.25,1281000,55.369998931884766,55.150001525878906,37.00754165649414
23-05-2014,54.779998779296875,55.0,1485000,55.060001373291016,54.84000015258789,36.799530029296875
27-05-2014,54.86000061035156,55.279998779296875,2966700,55.290000915527344,54.959999084472656,36.88004684448242
28-05-2014,53.779998779296875,54.099998474121094,2264600,54.43000030517578,53.779998779296875,36.08823013305664
29-05-2014,54.209999084472656,54.33000183105469,1750900,54.540000915527344,54.380001068115234,36.490840911865234
30-05-2014,53.900001525878906,54.0,1758600,54.20000076293945,53.939998626708984,36.19560241699219
02-06-2014,53.4900016784668,53.529998779296875,1597500,53.720001220703125,53.65999984741211,36.007713317871094
03-06-2014,53.130001068115234,53.34000015258789,2620100,53.400001525878906,53.220001220703125,35.71245193481445
04-06-2014,53.02000045776367,53.2400016784668,2383400,53.310001373291016,53.09000015258789,35.625213623046875
05-06-2014,53.279998779296875,53.529998779296875,2123800,53.540000915527344,53.29999923706055,35.76612854003906
06-06-2014,53.36000061035156,53.52000045776367,1757700,53.79999923706055,53.70000076293945,36.034549713134766
09-06-2014,53.70000076293945,53.849998474121094,1504300,53.97999954223633,53.86000061035156,36.141910552978516
10-06-2014,53.810001373291016,53.880001068115234,1266100,54.02000045776367,54.0,36.235843658447266
11-06-2014,54.220001220703125,54.310001373291016,2276800,54.4900016784668,54.29999923706055,36.43716812133789
12-06-2014,54.29999923706055,54.689998626708984,1467600,54.7400016784668,54.400001525878906,36.504268646240234
13-06-2014,54.310001373291016,54.38999938964844,1501800,54.75,54.5,36.571372985839844
16-06-2014,54.34000015258789,54.529998779296875,2198600,54.68000030517578,54.38999938964844,36.49755859375
17-06-2014,53.83000183105469,53.869998931884766,1575600,54.189998626708984,54.04999923706055,36.26941680908203
18-06-2014,53.70000076293945,53.779998779296875,1637500,54.029998779296875,53.95000076293945,36.202308654785156
19-06-2014,54.380001068115234,54.439998626708984,1256900,54.599998474121094,54.43000030517578,36.52440643310547
20-06-2014,54.38999938964844,54.689998626708984,1618800,54.709999084472656,54.540000915527344,36.59821319580078
23-06-2014,53.70000076293945,53.75,2023100,53.90999984741211,53.869998931884766,36.14862060546875
24-06-2014,53.630001068115234,53.689998626708984,2124800,53.939998626708984,53.720001220703125,36.047969818115234
25-06-2014,53.16999816894531,53.38999938964844,2440300,53.56999969482422,53.41999816894531,35.846656799316406
26-06-2014,53.18000030517578,53.439998626708984,1447400,53.709999084472656,53.66999816894531,36.014408111572266
27-06-2014,53.720001220703125,53.91999816894531,1169800,53.970001220703125,53.779998779296875,36.08823013305664
30-06-2014,53.36000061035156,53.630001068115234,1772600,53.849998474121094,53.47999954223633,35.88692092895508
01-07-2014,54.040000915527344,54.34000015258789,3471400,54.470001220703125,54.189998626708984,36.36335372924805
02-07-2014,54.099998474121094,54.15999984741211,1580600,54.439998626708984,54.29999923706055,36.43716812133789
03-07-2014,54.45000076293945,54.7599983215332,1108500,54.779998779296875,54.52000045776367,36.58479309082031
07-07-2014,54.04999923706055,54.31999969482422,1822100,54.5099983215332,54.11000061035156,36.30967712402344
08-07-2014,53.279998779296875,53.689998626708984,1686200,53.7400016784668,53.36000061035156,35.80640411376953
09-07-2014,53.45000076293945,53.52000045776367,1662500,54.0099983215332,53.869998931884766,36.14862060546875
10-07-2014,53.849998474121094,53.900001525878906,2509100,54.4900016784668,54.400001525878906,36.504268646240234
11-07-2014,53.5,53.65999984741211,2226500,53.97999954223633,53.709999084472656,36.041263580322266
14-07-2014,53.41999816894531,53.59000015258789,2028700,53.65999984741211,53.58000183105469,35.95402908325195
15-07-2014,53.130001068115234,53.45000076293945,2037800,53.599998474121094,53.31999969482422,35.77955627441406
16-07-2014,53.02000045776367,53.2599983215332,3256400,53.54999923706055,53.310001373291016,35.77284622192383
17-07-2014,53.02000045776367,53.13999938964844,2649700,53.52000045776367,53.08000183105469,35.618507385253906
18-07-2014,53.2400016784668,53.380001068115234,1973700,53.81999969482422,53.720001220703125,36.047969818115234
21-07-2014,53.189998626708984,53.22999954223633,2045300,53.47999954223633,53.38999938964844,35.82651901245117
22-07-2014,53.209999084472656,53.52000045776367,1986300,53.59000015258789,53.220001220703125,35.71245193481445
23-07-2014,50.0099983215332,50.279998779296875,13439900,50.93000030517578,50.040000915527344,33.57855987548828
24-07-2014,49.70000076293945,50.060001373291016,9530100,50.20000076293945,50.08000183105469,33.60540771484375
25-07-2014,48.22999954223633,48.90999984741211,10706000,48.97999954223633,48.599998474121094,32.612266540527344
28-07-2014,48.08000183105469,48.66999816894531,6890400,48.68000030517578,48.20000076293945,32.3438606262207
29-07-2014,48.0099983215332,48.459999084472656,5375300,48.58000183105469,48.029998779296875,32.22978973388672
30-07-2014,48.20000076293945,48.31999969482422,3939000,48.540000915527344,48.470001220703125,32.52503204345703
31-07-2014,48.349998474121094,48.880001068115234,5813500,48.880001068115234,48.369998931884766,32.45793151855469
01-08-2014,47.5099983215332,47.58000183105469,5434600,48.09000015258789,48.029998779296875,32.22978973388672
04-08-2014,48.15999984741211,48.650001525878906,3994500,48.66999816894531,48.529998779296875,32.56529998779297
05-08-2014,48.52000045776367,48.83000183105469,4683000,48.97999954223633,48.68000030517578,32.66595458984375
06-08-2014,47.470001220703125,47.63999938964844,4078700,47.86000061035156,47.709999084472656,32.44696807861328
07-08-2014,46.220001220703125,47.08000183105469,6105800,47.119998931884766,46.349998474121094,31.52204132080078
08-08-2014,46.0099983215332,46.189998626708984,4769600,46.66999816894531,46.58000183105469,31.678464889526367
11-08-2014,46.27000045776367,46.400001525878906,3578600,46.599998474121094,46.59000015258789,31.685266494750977
12-08-2014,46.36000061035156,46.41999816894531,3384200,46.650001525878906,46.61000061035156,31.69887351989746
13-08-2014,46.45000076293945,46.56999969482422,3003700,46.720001220703125,46.58000183105469,31.678464889526367
14-08-2014,46.59000015258789,46.619998931884766,3732600,47.040000915527344,47.02000045776367,31.977703094482422
15-08-2014,46.61000061035156,47.25,2390700,47.29999923706055,46.869998931884766,31.87569236755371
18-08-2014,47.22999954223633,47.29999923706055,1922500,47.47999954223633,47.459999084472656,32.27695083618164
19-08-2014,46.970001220703125,47.060001373291016,3706200,47.41999816894531,47.349998474121094,32.20212936401367
20-08-2014,47.29999923706055,47.47999954223633,5286700,47.83000183105469,47.810001373291016,32.51498031616211
21-08-2014,47.650001525878906,47.86000061035156,4035500,47.900001525878906,47.70000076293945,32.44017028808594
22-08-2014,47.40999984741211,47.4900016784668,2703600,47.77000045776367,47.68000030517578,32.42655944824219
25-08-2014,47.849998474121094,48.06999969482422,2543600,48.25,48.130001068115234,32.732601165771484
26-08-2014,48.099998474121094,48.130001068115234,2991400,48.400001525878906,48.2599983215332,32.82101058959961
27-08-2014,48.560001373291016,48.619998931884766,2767200,48.81999969482422,48.66999816894531,33.09984588623047
28-08-2014,48.709999084472656,48.93000030517578,2702700,48.97999954223633,48.869998931884766,33.235877990722656
29-08-2014,48.88999938964844,49.22999954223633,2393200,49.2400016784668,49.099998474121094,33.39228439331055
02-09-2014,48.11000061035156,48.33000183105469,2978500,48.36000061035156,48.290000915527344,32.84141159057617
03-09-2014,48.5,48.7400016784668,2185400,48.77000045776367,48.619998931884766,33.06584548950195
04-09-2014,48.08000183105469,48.40999984741211,2845600,48.41999816894531,48.189998626708984,32.77339553833008
05-09-2014,47.470001220703125,47.599998474121094,3833300,47.91999816894531,47.91999816894531,32.58978271484375
08-09-2014,46.27000045776367,46.290000915527344,7958700,46.79999923706055,46.779998779296875,31.814481735229492
09-09-2014,46.349998474121094,46.529998779296875,3855900,46.84000015258789,46.650001525878906,31.726072311401367
10-09-2014,46.7599983215332,46.900001525878906,3596400,47.40999984741211,47.279998779296875,32.1545295715332
11-09-2014,46.45000076293945,46.70000076293945,4258700,46.93000030517578,46.93000030517578,31.916494369506836
12-09-2014,46.900001525878906,47.13999938964844,2958500,47.13999938964844,47.060001373291016,32.004905700683594
15-09-2014,46.72999954223633,46.790000915527344,3370900,47.13999938964844,46.97999954223633,31.950504302978516
16-09-2014,46.77000045776367,46.79999923706055,2661800,47.34000015258789,47.29999923706055,32.16811752319336
17-09-2014,47.02000045776367,47.2599983215332,5022700,47.369998931884766,47.099998474121094,32.0321159362793
18-09-2014,47.150001525878906,47.36000061035156,5072900,47.45000076293945,47.290000915527344,32.16133499145508
19-09-2014,47.369998931884766,47.599998474121094,7925600,47.689998626708984,47.380001068115234,32.22254943847656
22-09-2014,47.119998931884766,47.5,7844600,47.619998931884766,47.31999969482422,32.181739807128906
23-09-2014,46.61000061035156,46.66999816894531,7679800,46.93000030517578,46.63999938964844,31.719282150268555
24-09-2014,46.59000015258789,46.619998931884766,9801100,47.040000915527344,47.029998779296875,31.984512329101562
25-09-2014,46.61000061035156,46.959999084472656,5098300,46.97999954223633,46.68000030517578,31.746477127075195
26-09-2014,46.540000915527344,46.79999923706055,4818500,46.83000183105469,46.59000015258789,31.685266494750977
29-09-2014,46.029998779296875,46.08000183105469,7041100,46.400001525878906,46.290000915527344,31.481239318847656
30-09-2014,45.970001220703125,46.04999923706055,8177800,46.16999816894531,45.970001220703125,31.263608932495117
01-10-2014,45.849998474121094,46.02000045776367,7392200,46.09000015258789,45.900001525878906,31.21600914001465
02-10-2014,45.29999923706055,45.90999984741211,8226000,45.93000030517578,45.630001068115234,31.032392501831055
03-10-2014,45.369998931884766,45.369998931884766,7105000,45.90999984741211,45.7400016784668,31.107187271118164
06-10-2014,45.77000045776367,46.02000045776367,6110000,46.220001220703125,45.86000061035156,31.18880271911621
07-10-2014,45.20000076293945,45.52000045776367,5126800,45.56999969482422,45.25,30.773950576782227
08-10-2014,45.040000915527344,45.08000183105469,10802300,45.77000045776367,45.77000045776367,31.127595901489258
09-10-2014,44.779998779296875,45.380001068115234,7849900,45.59000015258789,44.810001373291016,30.474716186523438
10-10-2014,44.099998474121094,44.5,8092600,44.630001068115234,44.119998931884766,30.00545310974121
13-10-2014,43.810001373291016,44.34000015258789,4150200,44.5,43.83000183105469,29.808229446411133
14-10-2014,43.58000183105469,43.86000061035156,4514300,44.11000061035156,43.68000030517578,29.70621109008789
15-10-2014,42.29999923706055,43.130001068115234,7736900,43.22999954223633,43.130001068115234,29.332168579101562
16-10-2014,41.90999984741211,41.970001220703125,7657900,43.15999984741211,42.880001068115234,29.16214942932129
17-10-2014,43.5099983215332,43.599998474121094,4656200,43.849998474121094,43.66999816894531,29.69940948486328
20-10-2014,43.29999923706055,43.43000030517578,4074300,43.68000030517578,43.61000061035156,29.65860366821289
21-10-2014,43.029998779296875,43.09000015258789,10021400,43.7400016784668,43.630001068115234,29.672203063964844
22-10-2014,44.369998931884766,44.599998474121094,9085900,45.040000915527344,44.40999984741211,30.202669143676758
23-10-2014,44.95000076293945,45.09000015258789,5735300,45.59000015258789,45.36000061035156,30.84876823425293
24-10-2014,45.560001373291016,45.63999938964844,6918100,45.790000915527344,45.790000915527344,31.14120101928711
27-10-2014,45.20000076293945,45.650001525878906,4813900,45.709999084472656,45.369998931884766,30.855566024780273
28-10-2014,44.90999984741211,45.18000030517578,3721200,45.209999084472656,45.099998474121094,30.671939849853516
29-10-2014,44.939998626708984,45.150001525878906,3080000,45.310001373291016,45.08000183105469,30.65833854675293
30-10-2014,44.7599983215332,44.790000915527344,3716200,45.2400016784668,45.13999938964844,30.69914436340332
31-10-2014,45.15999984741211,45.290000915527344,3553800,45.5099983215332,45.4900016784668,30.93717384338379
03-11-2014,45.220001220703125,45.4900016784668,2819900,45.599998474121094,45.4900016784668,30.93717384338379
04-11-2014,45.40999984741211,45.599998474121094,3246200,45.650001525878906,45.560001373291016,30.98478126525879
05-11-2014,45.08000183105469,45.43000030517578,3618300,45.470001220703125,45.13999938964844,31.117822647094727
06-11-2014,44.689998626708984,45.11000061035156,3262000,45.20000076293945,44.75,30.848976135253906
07-11-2014,44.720001220703125,44.900001525878906,4143200,45.0,44.90999984741211,30.959272384643555
10-11-2014,45.08000183105469,45.22999954223633,2056200,45.31999969482422,45.15999984741211,31.131614685058594
11-11-2014,45.470001220703125,45.619998931884766,4136500,45.959999084472656,45.959999084472656,31.68310546875
12-11-2014,45.40999984741211,45.70000076293945,2819000,45.810001373291016,45.619998931884766,31.448719024658203
13-11-2014,45.54999923706055,45.650001525878906,3048100,45.900001525878906,45.65999984741211,31.476299285888672
14-11-2014,45.619998931884766,45.66999816894531,2591700,45.810001373291016,45.7400016784668,31.531442642211914
17-11-2014,45.709999084472656,45.72999954223633,3170500,46.029998779296875,45.880001068115234,31.627962112426758
18-11-2014,45.97999954223633,46.02000045776367,3511100,46.290000915527344,46.279998779296875,31.903697967529297
19-11-2014,45.959999084472656,46.220001220703125,3216500,46.459999084472656,46.25,31.883012771606445
20-11-2014,46.2599983215332,46.40999984741211,2879600,46.54999923706055,46.380001068115234,31.972637176513672
21-11-2014,46.2599983215332,46.34000015258789,2977500,46.630001068115234,46.400001525878906,31.986431121826172
24-11-2014,46.099998474121094,46.38999938964844,2596700,46.400001525878906,46.27000045776367,31.896804809570312
25-11-2014,46.06999969482422,46.119998931884766,2773700,46.47999954223633,46.279998779296875,31.903697967529297
26-11-2014,46.29999923706055,46.45000076293945,2047500,46.56999969482422,46.52000045776367,32.06914520263672
28-11-2014,46.41999816894531,46.529998779296875,1409700,46.72999954223633,46.45000076293945,32.02089309692383
01-12-2014,46.790000915527344,46.939998626708984,3460600,47.08000183105469,46.91999816894531,32.344886779785156
02-12-2014,46.869998931884766,46.970001220703125,2369800,47.18000030517578,47.13999938964844,32.496559143066406
03-12-2014,46.58000183105469,46.7400016784668,2384000,46.880001068115234,46.709999084472656,32.20011520385742
04-12-2014,45.81999969482422,46.130001068115234,2956100,46.29999923706055,45.88999938964844,31.63484764099121
05-12-2014,45.7400016784668,45.90999984741211,2436900,46.11000061035156,46.040000915527344,31.738250732421875
08-12-2014,45.5099983215332,45.849998474121094,2805600,45.939998626708984,45.560001373291016,31.40736198425293
09-12-2014,43.900001525878906,44.880001068115234,8004100,44.91999816894531,44.11000061035156,30.407779693603516
10-12-2014,43.20000076293945,43.27000045776367,13732200,43.56999969482422,43.4900016784668,29.98037338256836
11-12-2014,43.2599983215332,43.40999984741211,4677400,43.90999984741211,43.349998474121094,29.883867263793945
12-12-2014,42.40999984741211,43.33000183105469,4894400,43.70000076293945,42.41999816894531,29.242761611938477
15-12-2014,41.290000915527344,42.369998931884766,5473800,42.529998779296875,41.29999923706055,28.470670700073242
16-12-2014,41.380001068115234,41.459999084472656,5865600,42.38999938964844,41.91999816894531,28.89808464050293
17-12-2014,41.72999954223633,41.90999984741211,4131600,42.29999923706055,42.040000915527344,28.980806350708008
18-12-2014,42.65999984741211,42.86000061035156,5534000,43.310001373291016,43.290000915527344,29.842500686645508
19-12-2014,42.97999954223633,43.08000183105469,3510500,43.58000183105469,43.349998474121094,29.883867263793945
22-12-2014,43.25,43.75,4329200,43.77000045776367,43.439998626708984,29.94590950012207
23-12-2014,42.619998931884766,43.279998779296875,4711200,43.310001373291016,42.7400016784668,29.463359832763672
24-12-2014,42.72999954223633,42.75,1336900,42.90999984741211,42.849998474121094,29.539188385009766
26-12-2014,42.900001525878906,42.970001220703125,1985400,43.290000915527344,43.150001525878906,29.74599266052246
29-12-2014,43.18000030517578,43.45000076293945,2951300,43.5,43.209999084472656,29.787353515625
30-12-2014,42.65999984741211,42.810001373291016,3269000,42.9900016784668,42.790000915527344,29.497821807861328
31-12-2014,42.709999084472656,42.90999984741211,2610600,43.099998474121094,42.7400016784668,29.463359832763672
02-01-2015,42.349998474121094,42.70000076293945,3116600,42.88999938964844,42.369998931884766,29.20829200744629
05-01-2015,41.40999984741211,41.619998931884766,7301100,42.0099983215332,41.90999984741211,28.89118003845215
06-01-2015,41.25,41.72999954223633,6444100,42.06999969482422,41.68000030517578,28.732633590698242
07-01-2015,41.59000015258789,41.7599983215332,6025800,42.25,42.11000061035156,29.029056549072266
08-01-2015,42.790000915527344,42.880001068115234,5294700,43.33000183105469,43.189998626708984,29.773561477661133
09-01-2015,42.630001068115234,42.9900016784668,3331900,43.08000183105469,42.79999923706055,29.504716873168945
12-01-2015,42.459999084472656,43.040000915527344,4714400,43.15999984741211,42.93000030517578,29.594331741333008
13-01-2015,42.68000030517578,43.43000030517578,3214700,43.58000183105469,42.90999984741211,29.580543518066406
14-01-2015,42.439998626708984,42.459999084472656,3441800,42.880001068115234,42.849998474121094,29.539188385009766
15-01-2015,42.540000915527344,42.54999923706055,3970500,43.119998931884766,42.90999984741211,29.580543518066406
16-01-2015,43.11000061035156,43.20000076293945,3124200,43.709999084472656,43.70000076293945,30.12513542175293
20-01-2015,43.689998626708984,44.15999984741211,4343900,44.22999954223633,44.15999984741211,30.44225311279297
21-01-2015,43.959999084472656,44.099998474121094,5039300,44.779998779296875,44.709999084472656,30.82139015197754
22-01-2015,44.7599983215332,44.84000015258789,4781800,45.2400016784668,44.959999084472656,30.99374008178711
23-01-2015,44.77000045776367,44.869998931884766,3102900,45.25,45.0099983215332,31.02820587158203
26-01-2015,44.84000015258789,45.0,3382300,45.380001068115234,45.189998626708984,31.152294158935547
27-01-2015,44.97999954223633,45.33000183105469,3954500,45.369998931884766,45.15999984741211,31.131614685058594
28-01-2015,44.939998626708984,45.45000076293945,3613000,45.56999969482422,44.9900016784668,31.01441764831543
29-01-2015,44.7400016784668,45.349998474121094,3144900,45.349998474121094,45.15999984741211,31.131614685058594
30-01-2015,44.0,44.61000061035156,3054600,44.66999816894531,44.0,30.33194923400879
02-02-2015,43.709999084472656,44.11000061035156,3654500,44.119998931884766,43.959999084472656,30.304370880126953
03-02-2015,43.91999816894531,44.279998779296875,4882700,44.29999923706055,44.2599983215332,30.511178970336914
04-02-2015,44.439998626708984,45.0,5885800,45.13999938964844,44.95000076293945,30.986839294433594
05-02-2015,45.529998779296875,45.84000015258789,5129900,46.02000045776367,45.95000076293945,31.676218032836914
06-02-2015,45.869998931884766,46.619998931884766,6005400,46.630001068115234,46.0,31.710681915283203
09-02-2015,46.029998779296875,46.150001525878906,5759400,46.5,46.38999938964844,31.97953224182129
10-02-2015,46.130001068115234,46.130001068115234,3774100,46.29999923706055,46.25,31.883012771606445
11-02-2015,46.040000915527344,46.13999938964844,2509600,46.279998779296875,46.209999084472656,31.855438232421875
12-02-2015,45.560001373291016,45.86000061035156,3597500,46.0099983215332,45.95000076293945,31.676218032836914
13-02-2015,47.380001068115234,47.4900016784668,6009500,47.959999084472656,47.939998626708984,33.048038482666016
17-02-2015,47.15999984741211,47.31999969482422,3906100,47.849998474121094,47.709999084472656,32.88949203491211
18-02-2015,47.08000183105469,47.13999938964844,3269900,47.380001068115234,47.29999923706055,33.088863372802734
19-02-2015,46.709999084472656,47.130001068115234,2703100,47.2599983215332,47.029998779296875,32.89998245239258
20-02-2015,46.790000915527344,46.970001220703125,2287200,47.349998474121094,47.349998474121094,33.123836517333984
23-02-2015,47.04999923706055,47.130001068115234,2416400,47.4900016784668,47.290000915527344,33.08187484741211
24-02-2015,47.2400016784668,47.40999984741211,4490300,47.790000915527344,47.70000076293945,33.368690490722656
25-02-2015,47.4900016784668,47.72999954223633,4877700,47.88999938964844,47.720001220703125,33.38267517089844
26-02-2015,47.689998626708984,47.7400016784668,3346800,47.970001220703125,47.84000015258789,33.46661376953125
27-02-2015,47.349998474121094,47.58000183105469,3506800,47.72999954223633,47.41999816894531,33.17280578613281
02-03-2015,47.45000076293945,47.47999954223633,2726400,47.970001220703125,47.93000030517578,33.529579162597656
03-03-2015,47.5099983215332,48.02000045776367,2923100,48.11000061035156,47.709999084472656,33.37567138671875
04-03-2015,47.34000015258789,47.75,3122300,47.9900016784668,47.81999969482422,33.4526252746582
05-03-2015,47.5099983215332,48.0,2521700,48.029998779296875,47.599998474121094,33.29872512817383
06-03-2015,46.720001220703125,47.15999984741211,2899200,47.279998779296875,46.72999954223633,32.69011306762695
09-03-2015,46.75,46.81999969482422,2089900,47.099998474121094,47.060001373291016,32.92096710205078
10-03-2015,45.91999816894531,46.72999954223633,4131600,46.7400016784668,46.029998779296875,32.2004280090332
11-03-2015,45.31999969482422,45.75,4430300,45.86000061035156,45.630001068115234,31.920610427856445
12-03-2015,45.97999954223633,46.130001068115234,4322400,46.45000076293945,46.369998931884766,32.43827438354492
13-03-2015,45.7400016784668,45.779998779296875,4085800,46.43000030517578,46.369998931884766,32.43827438354492
16-03-2015,46.4900016784668,46.4900016784668,3285200,47.06999969482422,46.970001220703125,32.85801315307617
17-03-2015,46.790000915527344,46.81999969482422,2736100,47.36000061035156,47.22999954223633,33.039894104003906
18-03-2015,47.369998931884766,47.47999954223633,4821700,48.84000015258789,48.7400016784668,34.09621047973633
19-03-2015,47.83000183105469,48.36000061035156,3152500,48.380001068115234,48.209999084472656,33.72545623779297
20-03-2015,48.40999984741211,48.5,3627500,49.08000183105469,48.810001373291016,34.14518737792969
23-03-2015,47.970001220703125,48.810001373291016,3503900,48.810001373291016,48.369998931884766,33.83738327026367
24-03-2015,47.709999084472656,48.13999938964844,2415400,48.209999084472656,47.72999954223633,33.38966751098633
25-03-2015,47.349998474121094,47.869998931884766,2261200,48.0,47.349998474121094,33.123836517333984
26-03-2015,46.61000061035156,47.22999954223633,3377400,47.310001373291016,46.65999984741211,32.64113998413086
27-03-2015,46.77000045776367,46.88999938964844,2595600,47.060001373291016,47.02000045776367,32.89298629760742
30-03-2015,46.91999816894531,46.97999954223633,2410300,47.25,47.20000076293945,33.01890182495117
31-03-2015,45.95000076293945,46.029998779296875,4366000,46.34000015258789,46.150001525878906,32.28437423706055
01-04-2015,46.29999923706055,46.81999969482422,4581300,46.81999969482422,46.689998626708984,32.662132263183594
02-04-2015,46.5099983215332,46.61000061035156,2212800,46.900001525878906,46.709999084472656,32.676116943359375
06-04-2015,46.68000030517578,46.7599983215332,1538700,47.13999938964844,47.0099983215332,32.8859977722168
07-04-2015,47.0,47.33000183105469,2558900,47.599998474121094,47.2599983215332,33.06087875366211
08-04-2015,47.25,47.93000030517578,2334000,47.9900016784668,47.40999984741211,33.165809631347656
09-04-2015,47.47999954223633,47.599998474121094,2609100,47.79999923706055,47.720001220703125,33.38267517089844
10-04-2015,47.709999084472656,47.7400016784668,3036700,48.40999984741211,48.22999954223633,33.73945236206055
13-04-2015,47.689998626708984,47.689998626708984,2828900,48.060001373291016,48.029998779296875,33.59953308105469
14-04-2015,48.060001373291016,48.20000076293945,2678000,48.45000076293945,48.20000076293945,33.71846008300781
15-04-2015,47.72999954223633,48.209999084472656,2935900,48.310001373291016,47.77000045776367,33.41764831542969
16-04-2015,47.52000045776367,47.61000061035156,3077900,47.810001373291016,47.58000183105469,33.28474426269531
17-04-2015,47.040000915527344,47.33000183105469,2515300,47.400001525878906,47.290000915527344,33.08187484741211
20-04-2015,47.02000045776367,47.209999084472656,2670100,47.369998931884766,47.099998474121094,32.94894790649414
21-04-2015,47.0,47.209999084472656,2602200,47.279998779296875,47.2400016784668,33.04689025878906
22-04-2015,46.43000030517578,46.630001068115234,4208000,46.900001525878906,46.56999969482422,32.578182220458984
23-04-2015,45.959999084472656,46.09000015258789,5588900,46.400001525878906,46.310001373291016,32.39630126953125
24-04-2015,46.119998931884766,46.22999954223633,3279100,46.79999923706055,46.59000015258789,32.5921745300293
27-04-2015,46.790000915527344,47.43000030517578,5544700,47.75,46.849998474121094,32.77406311035156
28-04-2015,46.560001373291016,47.02000045776367,5306000,47.209999084472656,47.029998779296875,32.89998245239258
29-04-2015,46.56999969482422,46.79999923706055,3346800,47.08000183105469,46.790000915527344,32.73210144042969
30-04-2015,46.09000015258789,46.369998931884766,3825800,46.59000015258789,46.150001525878906,32.28437423706055
01-05-2015,45.7599983215332,46.11000061035156,3601900,46.119998931884766,45.970001220703125,32.15846252441406
04-05-2015,46.099998474121094,46.099998474121094,2695700,46.59000015258789,46.34000015258789,32.417293548583984
05-05-2015,45.560001373291016,46.36000061035156,3487000,46.439998626708984,45.599998474121094,31.89961814880371
06-05-2015,45.810001373291016,46.7400016784668,7418800,46.7599983215332,46.02000045776367,32.193424224853516
07-05-2015,44.0,44.65999984741211,9213000,44.68000030517578,44.220001220703125,30.934240341186523
08-05-2015,45.189998626708984,45.459999084472656,6078900,45.68000030517578,45.279998779296875,31.675758361816406
11-05-2015,45.61000061035156,45.970001220703125,4898900,46.04999923706055,45.720001220703125,31.983566284179688
12-05-2015,45.08000183105469,45.220001220703125,3596400,45.400001525878906,45.27000045776367,31.66876792907715
13-05-2015,44.52000045776367,44.900001525878906,4185000,45.029998779296875,44.529998779296875,31.553260803222656
14-05-2015,44.790000915527344,45.029998779296875,3080400,45.150001525878906,44.9900016784668,31.879220962524414
15-05-2015,44.439998626708984,44.63999938964844,2348200,44.810001373291016,44.77000045776367,31.72332000732422
18-05-2015,44.54999923706055,44.56999969482422,2646500,44.91999816894531,44.65999984741211,31.645383834838867
19-05-2015,44.4900016784668,44.529998779296875,2640500,44.86000061035156,44.68000030517578,31.659549713134766
20-05-2015,44.75,44.97999954223633,2623800,45.040000915527344,44.880001068115234,31.80126953125
21-05-2015,45.36000061035156,45.63999938964844,3772400,45.650001525878906,45.560001373291016,32.283111572265625
22-05-2015,45.220001220703125,45.540000915527344,2937700,45.650001525878906,45.2599983215332,32.07053756713867
26-05-2015,43.72999954223633,44.529998779296875,5170600,44.560001373291016,43.84000015258789,31.064348220825195
27-05-2015,44.0,44.09000015258789,2965600,44.619998931884766,44.61000061035156,31.609947204589844
28-05-2015,44.38999938964844,44.4900016784668,1895700,44.810001373291016,44.790000915527344,31.737510681152344
29-05-2015,44.2599983215332,44.68000030517578,3236400,44.689998626708984,44.369998931884766,31.43988800048828
01-06-2015,44.0,44.40999984741211,3004500,44.459999084472656,44.150001525878906,31.284011840820312
02-06-2015,44.029998779296875,44.189998626708984,2447900,44.45000076293945,44.2400016784668,31.347774505615234
03-06-2015,44.0,44.02000045776367,5130300,44.25,44.029998779296875,31.198974609375
04-06-2015,43.02000045776367,43.599998474121094,6708000,43.83000183105469,43.130001068115234,30.561250686645508
05-06-2015,42.52000045776367,42.7599983215332,5352700,42.79999923706055,42.560001373291016,30.1573543548584
08-06-2015,42.16999816894531,42.56999969482422,4565200,42.59000015258789,42.2400016784668,29.930604934692383
09-06-2015,41.95000076293945,42.220001220703125,3186800,42.34000015258789,42.15999984741211,29.873918533325195
10-06-2015,42.58000183105469,42.630001068115234,6321700,43.02000045776367,42.93000030517578,30.419532775878906
11-06-2015,42.91999816894531,43.130001068115234,3988600,43.349998474121094,43.20000076293945,30.610849380493164
12-06-2015,42.58000183105469,42.77000045776367,1829500,42.939998626708984,42.709999084472656,30.263647079467773
15-06-2015,41.90999984741211,41.9900016784668,3043600,42.220001220703125,42.150001525878906,29.866838455200195
16-06-2015,42.58000183105469,42.66999816894531,6140900,42.91999816894531,42.900001525878906,30.398271560668945
17-06-2015,42.529998779296875,42.86000061035156,3768500,42.97999954223633,42.88999938964844,30.391183853149414
18-06-2015,42.88999938964844,42.88999938964844,4571900,43.439998626708984,43.220001220703125,30.625019073486328
19-06-2015,43.02000045776367,43.119998931884766,3847400,43.22999954223633,43.060001373291016,30.511659622192383
22-06-2015,43.36000061035156,43.5,5225700,43.619998931884766,43.45000076293945,30.788000106811523
23-06-2015,43.25,43.40999984741211,3103200,43.540000915527344,43.380001068115234,30.738399505615234
24-06-2015,43.18000030517578,43.380001068115234,3513800,43.47999954223633,43.34000015258789,30.710060119628906
25-06-2015,43.099998474121094,43.22999954223633,5484400,43.56999969482422,43.5099983215332,30.830514907836914
26-06-2015,42.81999969482422,43.29999923706055,3716900,43.33000183105469,42.88999938964844,30.391183853149414
29-06-2015,42.0,42.59000015258789,2413700,42.77000045776367,42.029998779296875,29.781803131103516
30-06-2015,41.52000045776367,42.20000076293945,5378000,42.209999084472656,41.650001525878906,29.512544631958008
01-07-2015,41.95000076293945,42.220001220703125,2926300,42.36000061035156,42.13999938964844,29.859750747680664
02-07-2015,42.06999969482422,42.33000183105469,2103700,42.400001525878906,42.2599983215332,29.944786071777344
06-07-2015,41.779998779296875,41.939998626708984,2051600,42.16999816894531,41.95000076293945,29.725109100341797
07-07-2015,41.189998626708984,41.68000030517578,6798100,41.880001068115234,41.810001373291016,29.62592124938965
08-07-2015,41.27000045776367,41.59000015258789,2342200,41.650001525878906,41.36000061035156,29.307056427001953
09-07-2015,41.790000915527344,42.209999084472656,8908400,42.290000915527344,41.79999923706055,29.61883544921875
10-07-2015,42.25,42.470001220703125,4576700,42.599998474121094,42.45000076293945,30.079410552978516
13-07-2015,42.45000076293945,42.45000076293945,3719800,43.04999923706055,42.88999938964844,30.391183853149414
14-07-2015,43.060001373291016,43.27000045776367,6130500,43.400001525878906,43.34000015258789,30.710060119628906
15-07-2015,43.0099983215332,43.27000045776367,3734700,43.279998779296875,43.119998931884766,30.554166793823242
16-07-2015,43.0,43.029998779296875,2237800,43.209999084472656,43.099998474121094,30.539997100830078
17-07-2015,42.599998474121094,42.66999816894531,2795600,43.0099983215332,42.959999084472656,30.4407958984375
20-07-2015,42.84000015258789,42.97999954223633,4967000,43.16999816894531,43.02000045776367,30.483304977416992
21-07-2015,42.560001373291016,42.65999984741211,2866900,42.79999923706055,42.630001068115234,30.20696449279785
22-07-2015,42.150001525878906,42.27000045776367,2065900,42.400001525878906,42.29999923706055,29.973121643066406
23-07-2015,41.900001525878906,42.189998626708984,3113800,42.25,42.0,29.76054573059082
24-07-2015,41.279998779296875,41.97999954223633,2773900,41.9900016784668,41.38999938964844,29.328310012817383
27-07-2015,41.279998779296875,41.470001220703125,2644500,41.63999938964844,41.599998474121094,29.477121353149414
28-07-2015,41.25,41.45000076293945,3928800,41.77000045776367,41.709999084472656,29.555055618286133
29-07-2015,41.709999084472656,41.709999084472656,9436500,43.06999969482422,42.619998931884766,30.199872970581055
30-07-2015,43.099998474121094,43.27000045776367,7694100,43.650001525878906,43.59000015258789,30.887195587158203
31-07-2015,43.369998931884766,43.68000030517578,4247100,43.709999084472656,43.439998626708984,30.780908584594727
03-08-2015,43.20000076293945,43.599998474121094,2872600,43.70000076293945,43.5099983215332,30.830514907836914
04-08-2015,43.349998474121094,43.880001068115234,3173600,43.95000076293945,43.45000076293945,30.788000106811523
05-08-2015,43.77000045776367,43.86000061035156,3683700,44.29999923706055,44.16999816894531,31.29817008972168
06-08-2015,44.849998474121094,45.459999084472656,9358400,45.4900016784668,44.900001525878906,31.815446853637695
07-08-2015,44.45000076293945,44.65999984741211,3843600,44.849998474121094,44.81999969482422,31.758752822875977
10-08-2015,44.900001525878906,44.939998626708984,3836500,45.31999969482422,45.13999938964844,31.985511779785156
11-08-2015,44.560001373291016,44.59000015258789,4098900,44.84000015258789,44.779998779296875,31.73041534423828
12-08-2015,43.459999084472656,43.95000076293945,3732600,44.11000061035156,44.06999969482422,31.646394729614258
13-08-2015,43.79999923706055,44.119998931884766,4419800,44.20000076293945,43.88999938964844,31.517139434814453
14-08-2015,43.720001220703125,43.7599983215332,1892000,43.9900016784668,43.970001220703125,31.574583053588867
17-08-2015,43.7599983215332,43.86000061035156,1872700,44.209999084472656,44.15999984741211,31.711029052734375
18-08-2015,43.90999984741211,44.029998779296875,1887700,44.130001068115234,43.939998626708984,31.553049087524414
19-08-2015,43.130001068115234,43.59000015258789,2528100,43.619998931884766,43.29999923706055,31.093463897705078
20-08-2015,42.70000076293945,43.08000183105469,3144500,43.18000030517578,42.709999084472656,30.6697940826416
21-08-2015,41.209999084472656,42.150001525878906,3990800,42.29999923706055,41.22999954223633,29.607009887695312
24-08-2015,39.349998474121094,39.939998626708984,6137300,41.11000061035156,40.16999816894531,28.8458309173584
25-08-2015,39.40999984741211,41.08000183105469,4794500,41.11000061035156,39.40999984741211,28.30007553100586
26-08-2015,39.27000045776367,40.47999954223633,4774800,40.5,40.470001220703125,29.061260223388672
27-08-2015,40.68000030517578,40.7599983215332,3955000,41.33000183105469,41.209999084472656,29.59263801574707
28-08-2015,40.560001373291016,40.560001373291016,2739500,41.279998779296875,41.25,29.62137222290039
31-08-2015,40.90999984741211,41.099998474121094,1675400,41.380001068115234,40.93000030517578,29.391582489013672
01-09-2015,39.349998474121094,39.939998626708984,4573500,40.029998779296875,39.470001220703125,28.34316635131836
02-09-2015,40.16999816894531,40.68000030517578,4337300,40.7599983215332,40.63999938964844,29.183338165283203
03-09-2015,40.470001220703125,40.97999954223633,2427000,41.060001373291016,40.619998931884766,29.16897201538086
04-09-2015,39.45000076293945,39.720001220703125,2255000,39.86000061035156,39.689998626708984,28.501148223876953
08-09-2015,40.08000183105469,40.959999084472656,5639400,41.06999969482422,40.56999969482422,29.13306427001953
09-09-2015,39.75,40.70000076293945,3565700,40.77000045776367,39.849998474121094,28.616037368774414
10-09-2015,39.939998626708984,40.0,3261500,40.4900016784668,40.2400016784668,28.896089553833008
11-09-2015,39.9900016784668,40.06999969482422,2144800,40.279998779296875,40.2599983215332,28.910457611083984
14-09-2015,39.58000183105469,39.77000045776367,2336800,39.95000076293945,39.779998779296875,28.565771102905273
15-09-2015,39.52000045776367,39.630001068115234,4482300,40.08000183105469,40.040000915527344,28.752479553222656
16-09-2015,39.9900016784668,40.040000915527344,2802800,40.65999984741211,40.52000045776367,29.097164154052734
17-09-2015,40.029998779296875,40.099998474121094,3042600,40.810001373291016,40.40999984741211,29.018173217773438
18-09-2015,39.77000045776367,39.900001525878906,3096600,40.310001373291016,39.970001220703125,28.702213287353516
21-09-2015,39.650001525878906,40.290000915527344,4097800,40.400001525878906,39.810001373291016,28.587312698364258
22-09-2015,38.40999984741211,38.7400016784668,6773800,38.93000030517578,38.689998626708984,27.783050537109375
23-09-2015,38.75,39.150001525878906,2690700,39.20000076293945,38.83000183105469,27.883590698242188
24-09-2015,38.33000183105469,38.709999084472656,2924400,38.91999816894531,38.790000915527344,27.854862213134766
25-09-2015,38.220001220703125,39.400001525878906,3718100,39.45000076293945,38.47999954223633,27.632251739501953
28-09-2015,37.439998626708984,38.5099983215332,4797400,38.5099983215332,37.58000183105469,26.9859676361084
29-09-2015,37.2400016784668,37.40999984741211,4686100,37.869998931884766,37.560001373291016,26.97161102294922
30-09-2015,38.09000015258789,38.15999984741211,2997900,38.4900016784668,38.45000076293945,27.610708236694336
01-10-2015,38.279998779296875,39.02000045776367,3293500,39.130001068115234,38.7400016784668,27.8189640045166
02-10-2015,38.380001068115234,38.61000061035156,3400700,39.5,39.5,28.364715576171875
05-10-2015,39.630001068115234,39.63999938964844,2712700,39.97999954223633,39.959999084472656,28.695032119750977
06-10-2015,39.52000045776367,39.97999954223633,2659900,40.04999923706055,39.77000045776367,28.5585994720459
07-10-2015,39.310001373291016,39.689998626708984,3684200,39.86000061035156,39.720001220703125,28.522687911987305
08-10-2015,39.4900016784668,39.529998779296875,2780400,40.15999984741211,40.15999984741211,28.83864974975586
09-10-2015,39.86000061035156,40.09000015258789,5245200,40.33000183105469,40.220001220703125,28.88174057006836
12-10-2015,39.900001525878906,40.0,3985200,40.59000015258789,40.380001068115234,28.996623992919922
13-10-2015,40.040000915527344,40.310001373291016,12908300,40.70000076293945,40.11000061035156,28.802753448486328
14-10-2015,40.400001525878906,40.439998626708984,3182400,40.77000045776367,40.619998931884766,29.16897201538086
15-10-2015,40.849998474121094,41.0,3338500,41.540000915527344,41.540000915527344,29.829622268676758
16-10-2015,41.349998474121094,41.349998474121094,3069000,41.970001220703125,41.959999084472656,30.13121223449707
19-10-2015,41.459999084472656,41.720001220703125,3868900,41.97999954223633,41.7400016784668,29.973237991333008
20-10-2015,41.040000915527344,41.939998626708984,3495300,41.95000076293945,41.15999984741211,29.556745529174805
21-10-2015,40.52000045776367,41.06999969482422,4412500,41.130001068115234,40.86000061035156,29.341320037841797
22-10-2015,41.060001373291016,41.36000061035156,3173800,41.560001373291016,41.439998626708984,29.757797241210938
23-10-2015,41.849998474121094,41.88999938964844,3208700,42.279998779296875,42.11000061035156,30.238935470581055
26-10-2015,41.959999084472656,42.16999816894531,2760000,42.40999984741211,42.06999969482422,30.210208892822266
27-10-2015,41.650001525878906,41.900001525878906,3712900,42.18000030517578,41.75,29.980409622192383
28-10-2015,43.040000915527344,43.279998779296875,7926800,43.68000030517578,43.529998779296875,31.258625030517578
29-10-2015,42.630001068115234,42.869998931884766,8541900,43.0,42.790000915527344,30.72723388671875
30-10-2015,42.959999084472656,43.189998626708984,5633600,43.47999954223633,43.060001373291016,30.921133041381836
02-11-2015,42.970001220703125,43.060001373291016,3027900,43.279998779296875,43.11000061035156,30.957019805908203
03-11-2015,42.310001373291016,42.56999969482422,6825500,42.790000915527344,42.5,30.51898765563965
04-11-2015,42.43000030517578,43.06999969482422,4463400,43.150001525878906,42.599998474121094,30.590801239013672
05-11-2015,42.04999923706055,42.529998779296875,2574800,42.529998779296875,42.279998779296875,30.361003875732422
06-11-2015,41.540000915527344,41.959999084472656,5331100,42.029998779296875,41.91999816894531,30.102502822875977
09-11-2015,41.279998779296875,41.599998474121094,3592100,41.66999816894531,41.540000915527344,29.829622268676758
10-11-2015,40.59000015258789,40.84000015258789,3107200,41.04999923706055,40.959999084472656,29.831069946289062
11-11-2015,40.970001220703125,41.25,2291000,41.34000015258789,40.970001220703125,29.838359832763672
12-11-2015,40.04999923706055,40.630001068115234,3281800,40.720001220703125,40.04999923706055,29.1683292388916
13-11-2015,39.619998931884766,39.66999816894531,2902500,40.0,39.869998931884766,29.037233352661133
16-11-2015,39.779998779296875,39.849998474121094,2938500,40.2599983215332,40.22999954223633,29.299421310424805
17-11-2015,40.540000915527344,40.630001068115234,3016200,40.959999084472656,40.630001068115234,29.590742111206055
18-11-2015,40.689998626708984,40.79999923706055,3316800,41.029998779296875,41.0,29.860206604003906
19-11-2015,41.08000183105469,41.38999938964844,2940200,41.41999816894531,41.189998626708984,29.99858283996582
20-11-2015,41.11000061035156,41.47999954223633,2654400,41.599998474121094,41.119998931884766,29.947599411010742
23-11-2015,40.34000015258789,40.79999923706055,2953900,41.0,40.40999984741211,29.430509567260742
24-11-2015,40.0099983215332,40.040000915527344,3899600,40.439998626708984,40.38999938964844,29.415945053100586
25-11-2015,40.619998931884766,40.84000015258789,2932100,40.880001068115234,40.70000076293945,29.641725540161133
27-11-2015,40.939998626708984,41.029998779296875,1559900,41.15999984741211,40.959999084472656,29.831069946289062
30-11-2015,40.4900016784668,40.880001068115234,2955700,40.959999084472656,40.5099983215332,29.50334358215332
01-12-2015,40.5099983215332,40.709999084472656,3234600,40.939998626708984,40.91999816894531,29.80194854736328
02-12-2015,40.810001373291016,41.290000915527344,2722600,41.459999084472656,40.91999816894531,29.80194854736328
03-12-2015,39.84000015258789,40.810001373291016,3042400,40.849998474121094,40.0,29.131908416748047
04-12-2015,39.79999923706055,40.09000015258789,3162200,40.310001373291016,40.27000045776367,29.32854461669922
07-12-2015,39.77000045776367,40.209999084472656,2521300,40.22999954223633,40.0,29.131908416748047
08-12-2015,39.27000045776367,39.380001068115234,3079700,39.70000076293945,39.5,28.767763137817383
09-12-2015,39.470001220703125,40.029998779296875,3069200,40.2599983215332,39.61000061035156,28.847869873046875
10-12-2015,39.790000915527344,40.040000915527344,2938700,40.119998931884766,39.91999816894531,29.073646545410156
11-12-2015,39.2599983215332,39.77000045776367,2878200,39.79999923706055,39.310001373291016,28.6293888092041
14-12-2015,38.650001525878906,39.25,3859400,39.279998779296875,39.099998474121094,28.4764404296875
15-12-2015,39.27000045776367,39.279998779296875,3215100,39.59000015258789,39.34000015258789,28.651247024536133
16-12-2015,39.58000183105469,39.959999084472656,3226500,40.279998779296875,40.2400016784668,29.306697845458984
17-12-2015,39.79999923706055,40.459999084472656,3435000,40.470001220703125,39.83000183105469,29.00810432434082
18-12-2015,39.43000030517578,39.77000045776367,3021700,39.849998474121094,39.43000030517578,28.716787338256836
21-12-2015,39.560001373291016,40.29999923706055,2843900,40.31999969482422,39.81999969482422,29.000812530517578
22-12-2015,39.599998474121094,39.7400016784668,4009000,39.959999084472656,39.900001525878906,29.059083938598633
23-12-2015,40.400001525878906,40.400001525878906,3626700,41.060001373291016,40.959999084472656,29.831069946289062
24-12-2015,40.900001525878906,40.90999984741211,916600,41.099998474121094,40.93000030517578,29.809228897094727
28-12-2015,40.75,40.7599983215332,2106700,41.04999923706055,40.91999816894531,29.80194854736328
29-12-2015,41.0,41.029998779296875,2165900,41.33000183105469,41.189998626708984,29.99858283996582
30-12-2015,40.91999816894531,40.970001220703125,2087000,41.27000045776367,41.040000915527344,29.88934326171875
31-12-2015,40.34000015258789,40.79999923706055,2047500,40.88999938964844,40.349998474121094,29.38681411743164
04-01-2016,39.849998474121094,40.25,4051600,40.470001220703125,40.45000076293945,29.459653854370117
05-01-2016,40.2400016784668,40.2599983215332,3138800,40.7599983215332,40.68000030517578,29.62715721130371
06-01-2016,40.029998779296875,40.20000076293945,2708200,40.470001220703125,40.2400016784668,29.306697845458984
07-01-2016,38.93000030517578,39.25,4635400,39.560001373291016,39.0099983215332,28.410890579223633
08-01-2016,39.380001068115234,40.11000061035156,5258300,40.27000045776367,39.41999816894531,28.709497451782227
11-01-2016,38.869998931884766,39.72999954223633,4618600,39.83000183105469,39.290000915527344,28.614822387695312
12-01-2016,38.939998626708984,39.45000076293945,3554700,39.560001373291016,39.45000076293945,28.731353759765625
13-01-2016,39.119998931884766,40.06999969482422,3522600,40.220001220703125,39.15999984741211,28.520151138305664
14-01-2016,39.400001525878906,39.599998474121094,3924200,40.41999816894531,40.279998779296875,29.335834503173828
15-01-2016,38.599998474121094,38.880001068115234,5671300,39.33000183105469,38.900001525878906,28.33078384399414
19-01-2016,38.91999816894531,39.86000061035156,4574300,39.880001068115234,39.279998779296875,28.6075382232666
20-01-2016,37.970001220703125,38.91999816894531,4855400,39.209999084472656,38.95000076293945,28.367197036743164
21-01-2016,38.400001525878906,38.790000915527344,3971400,39.31999969482422,39.040000915527344,28.43274688720703
22-01-2016,39.72999954223633,39.779998779296875,3099500,40.099998474121094,40.029998779296875,29.153762817382812
25-01-2016,39.63999938964844,40.13999938964844,2878100,40.2400016784668,39.68000030517578,28.89885711669922
26-01-2016,40.09000015258789,40.47999954223633,4602500,40.86000061035156,40.83000183105469,29.736404418945312
27-01-2016,40.349998474121094,41.04999923706055,3607600,41.13999938964844,40.599998474121094,29.568891525268555
28-01-2016,39.939998626708984,40.529998779296875,5344800,40.88999938964844,40.63999938964844,29.598024368286133
29-01-2016,40.40999984741211,40.529998779296875,4139300,41.310001373291016,41.290000915527344,30.07141876220703
01-02-2016,40.650001525878906,40.7400016784668,2985900,41.54999923706055,41.380001068115234,30.1369571685791
02-02-2016,40.68000030517578,41.130001068115234,3345200,41.18000030517578,40.900001525878906,29.78738021850586
03-02-2016,41.54999923706055,42.279998779296875,6393800,42.29999923706055,42.04999923706055,30.62491226196289
04-02-2016,40.61000061035156,41.349998474121094,6326600,41.63999938964844,40.97999954223633,29.84563446044922
05-02-2016,40.459999084472656,40.93000030517578,3431400,40.95000076293945,40.7599983215332,29.685420989990234
08-02-2016,38.90999984741211,39.93000030517578,7857500,39.9900016784668,39.470001220703125,28.74591064453125
09-02-2016,39.04999923706055,39.09000015258789,6811900,39.630001068115234,39.34000015258789,28.651247024536133
10-02-2016,39.04999923706055,39.310001373291016,5805400,39.650001525878906,39.130001068115234,28.498294830322266
11-02-2016,38.79999923706055,39.38999938964844,5879700,39.529998779296875,39.150001525878906,28.512855529785156
12-02-2016,38.90999984741211,38.95000076293945,3815600,39.77000045776367,39.7599983215332,28.95711898803711
16-02-2016,40.04999923706055,40.31999969482422,4126300,40.63999938964844,40.459999084472656,29.466930389404297
17-02-2016,39.209999084472656,39.2599983215332,5423600,39.52000045776367,39.400001525878906,29.611228942871094
18-02-2016,39.2400016784668,39.34000015258789,5243700,39.7400016784668,39.369998931884766,29.588682174682617
19-02-2016,39.150001525878906,39.349998474121094,4054700,39.83000183105469,39.7599983215332,29.881784439086914
22-02-2016,39.27000045776367,39.36000061035156,2856000,39.61000061035156,39.36000061035156,29.58116340637207
23-02-2016,38.59000015258789,38.939998626708984,3184900,39.119998931884766,38.63999938964844,29.0400447845459
24-02-2016,37.81999969482422,37.959999084472656,3720900,38.61000061035156,38.540000915527344,28.964889526367188
25-02-2016,38.95000076293945,39.06999969482422,3598100,39.5099983215332,39.5,29.68638801574707
26-02-2016,39.06999969482422,39.31999969482422,2999300,39.41999816894531,39.13999938964844,29.415828704833984
29-02-2016,38.59000015258789,38.93000030517578,2901700,39.099998474121094,38.66999816894531,29.06259536743164
01-03-2016,39.15999984741211,39.349998474121094,3415200,39.66999816894531,39.65999984741211,29.806623458862305
02-03-2016,38.959999084472656,39.060001373291016,2819600,39.43000030517578,39.400001525878906,29.611228942871094
03-03-2016,38.630001068115234,38.63999938964844,4181600,39.2400016784668,39.18000030517578,29.445892333984375
04-03-2016,38.83000183105469,38.86000061035156,4579900,39.349998474121094,39.13999938964844,29.415828704833984
07-03-2016,38.650001525878906,38.720001220703125,4482200,39.54999923706055,39.31999969482422,29.55109977722168
08-03-2016,39.310001373291016,39.40999984741211,3980600,39.880001068115234,39.709999084472656,29.844213485717773
09-03-2016,39.83000183105469,39.900001525878906,2860500,40.09000015258789,39.97999954223633,30.0471248626709
10-03-2016,39.5,40.06999969482422,3383400,40.29999923706055,39.70000076293945,29.836698532104492
11-03-2016,39.939998626708984,40.0,2648300,40.41999816894531,40.349998474121094,30.3252010345459
14-03-2016,40.22999954223633,40.400001525878906,2378400,40.54999923706055,40.41999816894531,30.377811431884766
15-03-2016,39.880001068115234,40.25,2895200,40.2599983215332,40.0099983215332,30.06967544555664
16-03-2016,39.58000183105469,39.630001068115234,2566700,40.18000030517578,40.04999923706055,30.0997371673584
17-03-2016,40.0,40.209999084472656,3708400,40.84000015258789,40.7400016784668,30.61831283569336
18-03-2016,39.959999084472656,40.06999969482422,4713200,40.29999923706055,40.08000183105469,30.122297286987305
21-03-2016,39.83000183105469,39.86000061035156,2949100,40.150001525878906,39.970001220703125,30.03961753845215
22-03-2016,39.279998779296875,39.29999923706055,3775500,39.900001525878906,39.79999923706055,29.91185188293457
23-03-2016,39.29999923706055,39.650001525878906,4748900,39.709999084472656,39.369998931884766,29.588682174682617
24-03-2016,39.25,39.31999969482422,2662700,39.599998474121094,39.560001373291016,29.731473922729492
28-03-2016,39.47999954223633,39.63999938964844,1321100,39.7599983215332,39.54999923706055,29.723955154418945
29-03-2016,39.41999816894531,39.630001068115234,2276200,40.279998779296875,40.2400016784668,30.242528915405273
30-03-2016,40.58000183105469,40.59000015258789,2546100,40.88999938964844,40.70000076293945,30.5882511138916
31-03-2016,40.459999084472656,40.5,2865100,40.880001068115234,40.54999923706055,30.475509643554688
01-04-2016,39.7599983215332,39.790000915527344,4958100,40.40999984741211,40.34000015258789,30.317689895629883
04-04-2016,40.68000030517578,40.790000915527344,3826300,41.040000915527344,40.970001220703125,30.791173934936523
05-04-2016,40.220001220703125,40.47999954223633,4053700,40.61000061035156,40.36000061035156,30.332731246948242
06-04-2016,40.709999084472656,40.709999084472656,4690500,41.720001220703125,41.68000030517578,31.324771881103516
07-04-2016,41.27000045776367,41.290000915527344,4033600,41.83000183105469,41.529998779296875,31.212032318115234
08-04-2016,41.36000061035156,41.599998474121094,3062200,41.68000030517578,41.54999923706055,31.227066040039062
11-04-2016,41.619998931884766,41.959999084472656,2964500,41.9900016784668,41.63999938964844,31.29470443725586
12-04-2016,41.65999984741211,41.97999954223633,3983200,42.34000015258789,42.279998779296875,31.77570343017578
13-04-2016,42.150001525878906,42.349998474121094,4875200,42.56999969482422,42.52000045776367,31.95608139038086
14-04-2016,42.36000061035156,42.560001373291016,4377900,42.779998779296875,42.63999938964844,32.0462646484375
15-04-2016,42.709999084472656,42.88999938964844,4050700,43.02000045776367,42.880001068115234,32.22664260864258
18-04-2016,42.77000045776367,42.77000045776367,2531100,43.2400016784668,43.15999984741211,32.43705749511719
19-04-2016,43.119998931884766,43.20000076293945,2842800,43.38999938964844,43.290000915527344,32.534767150878906
20-04-2016,42.7599983215332,42.790000915527344,2866900,43.279998779296875,43.02000045776367,32.33185577392578
21-04-2016,42.91999816894531,42.939998626708984,3177900,43.310001373291016,43.150001525878906,32.4295539855957
22-04-2016,42.720001220703125,43.0,2450700,43.130001068115234,43.06999969482422,32.36942672729492
25-04-2016,42.86000061035156,43.0,1709100,43.09000015258789,42.970001220703125,32.294273376464844
26-04-2016,42.540000915527344,42.65999984741211,3032100,42.79999923706055,42.709999084472656,32.098876953125
27-04-2016,43.22999954223633,43.630001068115234,4385700,43.709999084472656,43.470001220703125,32.67005157470703
28-04-2016,43.18000030517578,43.45000076293945,3403100,43.65999984741211,43.36000061035156,32.58737564086914
29-04-2016,42.68000030517578,43.209999084472656,3023600,43.33000183105469,42.90999984741211,32.249183654785156
02-05-2016,43.0,43.08000183105469,2558600,43.31999969482422,43.290000915527344,32.534767150878906
03-05-2016,43.0,43.290000915527344,4350500,43.459999084472656,43.13999938964844,32.42203903198242
04-05-2016,42.16999816894531,42.2599983215332,3360800,42.45000076293945,42.349998474121094,31.828310012817383
05-05-2016,42.13999938964844,42.209999084472656,3387600,42.540000915527344,42.41999816894531,31.88092041015625
06-05-2016,41.810001373291016,42.11000061035156,2646900,42.2400016784668,42.130001068115234,31.662973403930664
09-05-2016,42.2599983215332,42.279998779296875,2904100,42.68000030517578,42.54999923706055,31.97861671447754
10-05-2016,42.540000915527344,42.70000076293945,5544900,43.040000915527344,43.02000045776367,32.33185577392578
11-05-2016,42.20000076293945,42.22999954223633,3492600,42.59000015258789,42.2400016784668,32.159786224365234
12-05-2016,41.970001220703125,42.77000045776367,2905500,42.790000915527344,42.06999969482422,32.03034973144531
13-05-2016,41.790000915527344,41.810001373291016,2048800,42.15999984741211,41.90999984741211,31.908531188964844
16-05-2016,41.70000076293945,41.720001220703125,3118200,42.400001525878906,42.349998474121094,32.2435302734375
17-05-2016,41.97999954223633,42.400001525878906,2025600,42.459999084472656,42.08000183105469,32.037967681884766
18-05-2016,42.150001525878906,42.400001525878906,2190800,42.650001525878906,42.43000030517578,32.304443359375
19-05-2016,41.43000030517578,42.099998474121094,2859300,42.119998931884766,41.81999969482422,31.84002113342285
20-05-2016,41.91999816894531,41.95000076293945,2538200,42.18000030517578,42.0099983215332,31.98466682434082
23-05-2016,41.91999816894531,42.06999969482422,1633200,42.20000076293945,42.0099983215332,31.98466682434082
24-05-2016,42.540000915527344,42.58000183105469,2622300,42.790000915527344,42.709999084472656,32.517635345458984
25-05-2016,42.880001068115234,43.11000061035156,2647500,43.22999954223633,43.119998931884766,32.82978057861328
26-05-2016,42.959999084472656,43.0,1853700,43.189998626708984,43.09000015258789,32.80693435668945
27-05-2016,42.68000030517578,42.720001220703125,2043900,42.95000076293945,42.75,32.548072814941406
31-05-2016,42.25,42.68000030517578,2664900,42.7400016784668,42.369998931884766,32.258766174316406
01-06-2016,42.0099983215332,42.369998931884766,2837300,42.369998931884766,42.15999984741211,32.098876953125
02-06-2016,41.95000076293945,42.0,2792600,42.43000030517578,42.40999984741211,32.289215087890625
03-06-2016,42.369998931884766,42.81999969482422,3052000,42.95000076293945,42.88999938964844,32.654666900634766
06-06-2016,42.709999084472656,42.91999816894531,2649000,43.13999938964844,42.849998474121094,32.62422180175781
07-06-2016,42.689998626708984,42.79999923706055,2534900,42.93000030517578,42.70000076293945,32.510013580322266
08-06-2016,42.369998931884766,42.540000915527344,2559000,42.650001525878906,42.5099983215332,32.3653564453125
09-06-2016,41.84000015258789,41.86000061035156,2967900,42.22999954223633,42.060001373291016,32.02273941040039
10-06-2016,40.77000045776367,41.029998779296875,6676100,41.18000030517578,40.93000030517578,31.16240882873535
13-06-2016,40.790000915527344,40.79999923706055,4271700,41.220001220703125,40.83000183105469,31.086278915405273
14-06-2016,39.7599983215332,40.22999954223633,5240000,40.400001525878906,40.04999923706055,30.49241065979004
15-06-2016,40.0,40.5099983215332,4505500,40.66999816894531,40.040000915527344,30.48479461669922
16-06-2016,39.630001068115234,39.72999954223633,5160800,40.619998931884766,40.56999969482422,30.888315200805664
17-06-2016,40.060001373291016,40.58000183105469,4012200,40.59000015258789,40.33000183105469,30.70558738708496
20-06-2016,41.43000030517578,42.27000045776367,5765900,42.279998779296875,41.4900016784668,31.588775634765625
21-06-2016,41.540000915527344,41.779998779296875,4041600,41.97999954223633,41.650001525878906,31.71058464050293
22-06-2016,41.70000076293945,41.70000076293945,3348600,42.29999923706055,41.7599983215332,31.79433250427246
23-06-2016,41.97999954223633,42.56999969482422,3259000,42.59000015258789,42.560001373291016,32.40341567993164
24-06-2016,40.47999954223633,40.5099983215332,9547100,41.77000045776367,40.79999923706055,31.06342315673828
27-06-2016,39.65999984741211,40.220001220703125,6798600,40.470001220703125,40.13999938964844,30.560932159423828
28-06-2016,40.779998779296875,40.88999938964844,4148500,41.41999816894531,41.33000183105469,31.46695899963379
29-06-2016,42.02000045776367,42.400001525878906,5007400,42.65999984741211,42.459999084472656,32.327293395996094
30-06-2016,42.45000076293945,42.52000045776367,4657700,43.34000015258789,43.34000015258789,32.997283935546875
01-07-2016,42.709999084472656,42.790000915527344,3181800,43.220001220703125,43.16999816894531,32.867855072021484
05-07-2016,43.349998474121094,43.380001068115234,4216900,43.720001220703125,43.5,33.119102478027344
06-07-2016,42.9900016784668,43.08000183105469,3213900,43.70000076293945,43.650001525878906,33.233299255371094
07-07-2016,43.209999084472656,43.779998779296875,3463200,43.79999923706055,43.34000015258789,32.997283935546875
08-07-2016,43.08000183105469,43.150001525878906,2173000,43.599998474121094,43.380001068115234,33.027740478515625
11-07-2016,43.400001525878906,43.560001373291016,2970300,43.779998779296875,43.52000045776367,33.13432693481445
12-07-2016,43.5,43.70000076293945,4978200,43.869998931884766,43.720001220703125,33.28659439086914
13-07-2016,43.61000061035156,43.95000076293945,3541700,44.15999984741211,43.75,33.30944061279297
14-07-2016,43.66999816894531,44.130001068115234,4031700,44.13999938964844,43.869998931884766,33.40079879760742
15-07-2016,43.810001373291016,44.08000183105469,2941700,44.189998626708984,43.91999816894531,33.43886947631836
18-07-2016,43.959999084472656,43.97999954223633,3352800,44.310001373291016,44.22999954223633,33.67489242553711
19-07-2016,43.650001525878906,43.880001068115234,2479300,44.02000045776367,43.709999084472656,33.27898025512695
20-07-2016,44.029998779296875,44.15999984741211,2215700,44.29999923706055,44.099998474121094,33.575904846191406
21-07-2016,43.56999969482422,43.849998474121094,3064700,43.97999954223633,43.599998474121094,33.19523620605469
22-07-2016,43.77000045776367,43.869998931884766,2285300,43.97999954223633,43.880001068115234,33.408424377441406
25-07-2016,43.650001525878906,43.93000030517578,2057600,44.060001373291016,44.040000915527344,33.53023147583008
26-07-2016,43.90999984741211,44.31999969482422,3352500,44.40999984741211,44.15999984741211,33.62158966064453
27-07-2016,44.75,44.88999938964844,6005100,45.2400016784668,45.119998931884766,34.352500915527344
28-07-2016,44.91999816894531,45.45000076293945,3732300,45.45000076293945,45.18000030517578,34.39817810058594
29-07-2016,44.849998474121094,45.189998626708984,2978300,45.380001068115234,45.06999969482422,34.314430236816406
01-08-2016,44.88999938964844,45.08000183105469,2972700,45.43000030517578,45.25,34.45146942138672
02-08-2016,45.209999084472656,45.4900016784668,2356400,45.58000183105469,45.4900016784668,34.634193420410156
03-08-2016,44.70000076293945,44.709999084472656,2761600,45.130001068115234,45.029998779296875,34.28397750854492
04-08-2016,44.83000183105469,44.869998931884766,1754200,45.209999084472656,45.08000183105469,34.32204055786133
05-08-2016,44.4900016784668,44.4900016784668,2735800,44.93000030517578,44.88999938964844,34.17738342285156
08-08-2016,44.13999938964844,44.18000030517578,4597800,44.45000076293945,44.40999984741211,33.81193161010742
09-08-2016,44.04999923706055,44.060001373291016,2429900,44.5099983215332,44.400001525878906,33.804317474365234
10-08-2016,43.97999954223633,44.369998931884766,2331100,44.369998931884766,44.130001068115234,33.98065185546875
11-08-2016,44.150001525878906,44.25,1940600,44.40999984741211,44.38999938964844,34.180850982666016
12-08-2016,44.029998779296875,44.45000076293945,2369000,44.4900016784668,44.16999816894531,34.01144790649414
15-08-2016,44.33000183105469,44.38999938964844,2042300,44.59000015258789,44.400001525878906,34.18855667114258
16-08-2016,44.31999969482422,44.41999816894531,2197300,44.59000015258789,44.31999969482422,34.126953125
17-08-2016,44.06999969482422,44.5,1751700,44.5099983215332,44.38999938964844,34.180850982666016
18-08-2016,44.36000061035156,44.52000045776367,1526900,44.58000183105469,44.4900016784668,34.25785827636719
19-08-2016,43.900001525878906,44.02000045776367,2321500,44.16999816894531,44.15999984741211,34.003746032714844
22-08-2016,43.880001068115234,43.88999938964844,1874300,44.290000915527344,44.119998931884766,33.972957611083984
23-08-2016,44.20000076293945,44.470001220703125,2490900,44.5,44.40999984741211,34.19625473022461
24-08-2016,43.81999969482422,44.45000076293945,2605900,44.540000915527344,43.900001525878906,33.80355453491211
25-08-2016,43.650001525878906,44.0,2259900,44.099998474121094,43.7400016784668,33.68035125732422
26-08-2016,43.43000030517578,43.790000915527344,3571000,44.189998626708984,43.54999923706055,33.53404998779297
29-08-2016,43.38999938964844,43.540000915527344,2134000,43.70000076293945,43.61000061035156,33.58024978637695
30-08-2016,43.349998474121094,43.439998626708984,1914100,43.59000015258789,43.36000061035156,33.38773727416992
31-08-2016,43.25,43.380001068115234,2370400,43.5099983215332,43.459999084472656,33.46474075317383
01-09-2016,42.880001068115234,43.06999969482422,3220800,43.189998626708984,42.97999954223633,33.09514236450195
02-09-2016,43.7599983215332,43.88999938964844,3915200,44.459999084472656,44.2599983215332,34.080753326416016
06-09-2016,43.880001068115234,44.08000183105469,2944200,44.20000076293945,43.9900016784668,33.87284851074219
07-09-2016,43.72999954223633,43.72999954223633,3081000,44.02000045776367,43.81999969482422,33.74195098876953
08-09-2016,43.560001373291016,43.65999984741211,2393700,43.810001373291016,43.650001525878906,33.611045837402344
09-09-2016,42.5,42.90999984741211,3425600,43.0,42.5,32.725528717041016
12-09-2016,42.47999954223633,42.5,3214500,43.349998474121094,43.29999923706055,33.3415412902832
13-09-2016,42.43000030517578,43.029998779296875,3655100,43.06999969482422,42.5099983215332,32.73323440551758
14-09-2016,42.810001373291016,43.0099983215332,2719600,43.22999954223633,43.150001525878906,33.226043701171875
15-09-2016,42.95000076293945,43.130001068115234,1907300,43.619998931884766,43.540000915527344,33.5263557434082
16-09-2016,42.70000076293945,43.08000183105469,3206100,43.220001220703125,42.880001068115234,33.01814651489258
19-09-2016,43.220001220703125,43.459999084472656,2192500,43.5099983215332,43.29999923706055,33.3415412902832
20-09-2016,43.02000045776367,43.31999969482422,2581800,43.40999984741211,43.060001373291016,33.15674591064453
21-09-2016,42.63999938964844,42.9900016784668,3228000,43.2599983215332,43.209999084472656,33.27223205566406
22-09-2016,43.529998779296875,43.619998931884766,1899100,43.869998931884766,43.58000183105469,33.55714797973633
23-09-2016,43.18000030517578,43.20000076293945,2128100,43.529998779296875,43.41999816894531,33.433937072753906
26-09-2016,42.869998931884766,43.09000015258789,2057000,43.099998474121094,42.959999084472656,33.07973861694336
27-09-2016,42.720001220703125,42.83000183105469,2084800,43.34000015258789,43.31999969482422,33.3569450378418
28-09-2016,43.29999923706055,43.720001220703125,1969000,43.779998779296875,43.66999816894531,33.62644958496094
29-09-2016,42.7599983215332,43.63999938964844,3449100,43.66999816894531,42.900001525878906,33.03353500366211
30-09-2016,42.81999969482422,42.900001525878906,2598400,43.27000045776367,43.130001068115234,33.21063995361328
03-10-2016,42.97999954223633,43.220001220703125,2368200,43.279998779296875,43.220001220703125,33.27994155883789
04-10-2016,43.22999954223633,43.88999938964844,3260600,43.91999816894531,43.439998626708984,33.449344635009766
05-10-2016,43.20000076293945,43.33000183105469,2088500,43.439998626708984,43.33000183105469,33.36465072631836
06-10-2016,42.77000045776367,42.88999938964844,1711200,43.0,42.900001525878906,33.03353500366211
07-10-2016,42.68000030517578,42.779998779296875,2177700,43.0099983215332,42.959999084472656,33.07973861694336
10-10-2016,42.939998626708984,42.95000076293945,1581100,43.15999984741211,43.040000915527344,33.14134216308594
11-10-2016,42.04999923706055,42.849998474121094,3022700,42.869998931884766,42.13999938964844,32.44832992553711
12-10-2016,41.849998474121094,42.130001068115234,2347900,42.189998626708984,42.08000183105469,32.402130126953125
13-10-2016,41.599998474121094,41.63999938964844,3863000,42.58000183105469,42.38999938964844,32.640830993652344
14-10-2016,41.68000030517578,41.93000030517578,3538600,42.029998779296875,41.68000030517578,32.0941276550293
17-10-2016,41.189998626708984,41.310001373291016,3856000,41.5,41.189998626708984,31.716815948486328
18-10-2016,41.540000915527344,41.61000061035156,2485500,41.79999923706055,41.7599983215332,32.15571975708008
19-10-2016,41.439998626708984,41.529998779296875,2309000,41.709999084472656,41.4900016784668,31.94782829284668
20-10-2016,41.09000015258789,41.11000061035156,3432200,41.599998474121094,41.43000030517578,31.90161895751953
21-10-2016,40.959999084472656,41.0099983215332,2301700,41.25,41.130001068115234,31.670608520507812
24-10-2016,40.650001525878906,40.900001525878906,3094100,41.02000045776367,40.68000030517578,31.324121475219727
25-10-2016,40.189998626708984,40.45000076293945,6494700,40.5099983215332,40.31999969482422,31.04690170288086
26-10-2016,39.560001373291016,39.7400016784668,5428900,40.47999954223633,40.34000015258789,31.062307357788086
27-10-2016,40.099998474121094,40.560001373291016,4985200,40.709999084472656,40.41999816894531,31.12390899658203
28-10-2016,40.0099983215332,40.38999938964844,4250600,40.439998626708984,40.13999938964844,30.908302307128906
31-10-2016,39.61000061035156,39.79999923706055,3762200,40.150001525878906,40.0099983215332,30.808195114135742
01-11-2016,39.63999938964844,39.869998931884766,4376300,40.11000061035156,39.849998474121094,30.684999465942383
02-11-2016,39.43000030517578,39.869998931884766,4918400,39.90999984741211,39.4900016784668,30.766023635864258
03-11-2016,38.720001220703125,39.630001068115234,4225600,39.66999816894531,38.7400016784668,30.181713104248047
04-11-2016,38.560001373291016,38.779998779296875,4027100,38.880001068115234,38.630001068115234,30.096006393432617
07-11-2016,38.7599983215332,38.88999938964844,3327400,39.0,38.84000015258789,30.259624481201172
08-11-2016,38.93000030517578,38.9900016784668,3381700,39.400001525878906,39.13999938964844,30.493349075317383
09-11-2016,39.599998474121094,40.18000030517578,7359600,40.599998474121094,40.400001525878906,31.474985122680664
10-11-2016,39.41999816894531,39.66999816894531,5776900,40.15999984741211,39.900001525878906,31.085451126098633
11-11-2016,39.06999969482422,39.369998931884766,5681500,39.619998931884766,39.189998626708984,30.53230094909668
14-11-2016,38.810001373291016,39.029998779296875,3105200,39.08000183105469,38.97999954223633,30.368690490722656
15-11-2016,38.599998474121094,38.72999954223633,3964100,38.9900016784668,38.93000030517578,30.329740524291992
16-11-2016,38.099998474121094,38.560001373291016,8761900,38.880001068115234,38.18000030517578,29.745418548583984
17-11-2016,38.209999084472656,38.279998779296875,6254600,38.52000045776367,38.45000076293945,29.955774307250977
18-11-2016,38.04999923706055,38.290000915527344,3429700,38.34000015258789,38.11000061035156,29.69088363647461
21-11-2016,38.22999954223633,38.36000061035156,3060500,38.459999084472656,38.43000030517578,29.940195083618164
22-11-2016,37.849998474121094,38.52000045776367,3673700,38.59000015258789,38.040000915527344,29.636356353759766
23-11-2016,37.650001525878906,37.7400016784668,4048300,38.13999938964844,38.099998474121094,29.683095932006836
25-11-2016,38.75,38.9900016784668,3027500,38.9900016784668,38.86000061035156,30.27520179748535
28-11-2016,38.279998779296875,38.4900016784668,3321900,38.56999969482422,38.290000915527344,29.831127166748047
29-11-2016,38.16999816894531,38.310001373291016,4381600,38.369998931884766,38.27000045776367,29.81553840637207
30-11-2016,37.77000045776367,38.150001525878906,5655900,38.209999084472656,37.790000915527344,29.44158172607422
01-12-2016,37.36000061035156,37.58000183105469,4802700,37.68000030517578,37.43000030517578,29.16111183166504
02-12-2016,37.459999084472656,37.540000915527344,3910800,37.849998474121094,37.70000076293945,29.3714599609375
05-12-2016,37.560001373291016,37.81999969482422,3828900,37.849998474121094,37.66999816894531,29.348093032836914
06-12-2016,37.47999954223633,37.5,3639600,37.79999923706055,37.689998626708984,29.36367416381836
07-12-2016,37.20000076293945,37.470001220703125,4975200,37.630001068115234,37.54999923706055,29.25459861755371
08-12-2016,37.20000076293945,37.40999984741211,5410000,37.5099983215332,37.38999938964844,29.12994384765625
09-12-2016,37.59000015258789,37.68000030517578,6515500,37.869998931884766,37.790000915527344,29.44158172607422
12-12-2016,37.709999084472656,37.75,3855100,37.959999084472656,37.81999969482422,29.46495246887207
13-12-2016,38.22999954223633,38.279998779296875,4567200,38.70000076293945,38.45000076293945,29.955774307250977
14-12-2016,37.939998626708984,38.310001373291016,3834900,38.470001220703125,37.959999084472656,29.574026107788086
15-12-2016,38.029998779296875,38.34000015258789,4052800,38.34000015258789,38.119998931884766,29.698680877685547
16-12-2016,38.279998779296875,38.43000030517578,5025100,38.619998931884766,38.540000915527344,30.025890350341797
19-12-2016,38.2599983215332,38.349998474121094,3332200,38.56999969482422,38.310001373291016,29.846704483032227
20-12-2016,38.18000030517578,38.38999938964844,3490600,38.43000030517578,38.29999923706055,29.838918685913086
21-12-2016,38.119998931884766,38.25,3084600,38.369998931884766,38.130001068115234,29.706470489501953
22-12-2016,38.09000015258789,38.310001373291016,3425900,38.45000076293945,38.279998779296875,29.823328018188477
23-12-2016,38.20000076293945,38.20000076293945,1969800,38.41999816894531,38.349998474121094,29.877870559692383
27-12-2016,38.25,38.349998474121094,2349300,38.470001220703125,38.279998779296875,29.823328018188477
28-12-2016,38.13999938964844,38.36000061035156,2909000,38.45000076293945,38.15999984741211,29.72984504699707
29-12-2016,38.34000015258789,38.459999084472656,3330000,38.599998474121094,38.439998626708984,29.947978973388672
30-12-2016,38.40999984741211,38.650001525878906,2902300,38.7400016784668,38.5099983215332,30.002519607543945
03-01-2017,38.45000076293945,38.54999923706055,3869700,38.869998931884766,38.84000015258789,30.259624481201172
04-01-2017,38.83000183105469,38.900001525878906,2987700,39.16999816894531,39.09000015258789,30.45439338684082
05-01-2017,39.18000030517578,39.20000076293945,3020400,39.790000915527344,39.72999954223633,30.9530086517334
06-01-2017,39.34000015258789,39.36000061035156,2891200,39.5,39.380001068115234,30.68032455444336
09-01-2017,39.20000076293945,39.22999954223633,3840900,39.599998474121094,39.43000030517578,30.719284057617188
10-01-2017,39.29999923706055,39.38999938964844,3084500,39.470001220703125,39.34000015258789,30.6491641998291
11-01-2017,38.7599983215332,39.27000045776367,5387000,39.36000061035156,39.04999923706055,30.4232234954834
12-01-2017,38.79999923706055,38.939998626708984,4240500,39.150001525878906,39.0099983215332,30.39205551147461
13-01-2017,38.849998474121094,38.959999084472656,3228100,39.33000183105469,39.220001220703125,30.555667877197266
17-01-2017,38.939998626708984,39.2400016784668,3998800,39.369998931884766,39.29999923706055,30.61799430847168
18-01-2017,38.810001373291016,38.939998626708984,3011600,39.06999969482422,38.88999938964844,30.29857635498047
19-01-2017,38.66999816894531,39.0,3872500,39.08000183105469,38.75,30.189504623413086
20-01-2017,38.54999923706055,38.66999816894531,2250000,38.75,38.720001220703125,30.166126251220703
23-01-2017,38.560001373291016,38.77000045776367,3496600,38.97999954223633,38.91999816894531,30.321941375732422
24-01-2017,38.5099983215332,38.72999954223633,2961800,38.790000915527344,38.72999954223633,30.173917770385742
25-01-2017,38.779998779296875,39.099998474121094,4886000,39.099998474121094,38.880001068115234,30.29077911376953
26-01-2017,38.75,38.939998626708984,3251100,38.959999084472656,38.81999969482422,30.24403953552246
27-01-2017,38.619998931884766,38.77000045776367,2746500,38.869998931884766,38.72999954223633,30.173917770385742
30-01-2017,38.68000030517578,38.77000045776367,3700400,39.0099983215332,39.0,30.384275436401367
31-01-2017,38.77000045776367,38.779998779296875,3490700,39.349998474121094,39.310001373291016,30.625782012939453
01-02-2017,39.150001525878906,39.59000015258789,3575300,39.59000015258789,39.459999084472656,30.74264907836914
02-02-2017,39.130001068115234,39.2599983215332,2763200,39.41999816894531,39.29999923706055,30.61799430847168
03-02-2017,39.2400016784668,39.290000915527344,2717500,39.40999984741211,39.31999969482422,30.633586883544922
06-02-2017,39.20000076293945,39.22999954223633,2549400,39.59000015258789,39.560001373291016,30.82056427001953
07-02-2017,39.38999938964844,39.40999984741211,4079100,39.650001525878906,39.459999084472656,30.74264907836914
08-02-2017,39.25,39.29999923706055,3883400,39.86000061035156,39.75,30.968585968017578
09-02-2017,39.75,39.75,3930600,40.31999969482422,40.02000045776367,31.178943634033203
10-02-2017,39.900001525878906,39.97999954223633,3685500,40.459999084472656,40.279998779296875,31.381498336791992
13-02-2017,39.91999816894531,40.20000076293945,6614200,40.29999923706055,39.9900016784668,31.155559539794922
14-02-2017,39.790000915527344,39.880001068115234,4524800,40.119998931884766,40.11000061035156,31.249059677124023
15-02-2017,39.93000030517578,39.97999954223633,4084600,40.58000183105469,40.56999969482422,31.607439041137695
16-02-2017,40.86000061035156,41.099998474121094,4413300,41.18000030517578,40.91999816894531,31.88011360168457
17-02-2017,40.880001068115234,41.02000045776367,4272900,41.34000015258789,41.34000015258789,32.207332611083984
21-02-2017,41.310001373291016,41.41999816894531,5968800,41.75,41.630001068115234,32.43326187133789
22-02-2017,40.939998626708984,40.970001220703125,3784600,41.2400016784668,41.029998779296875,32.41429901123047
23-02-2017,41.15999984741211,41.2599983215332,2855500,41.61000061035156,41.4900016784668,32.7777099609375
24-02-2017,41.18000030517578,41.25,3197300,41.560001373291016,41.560001373291016,32.833011627197266
27-02-2017,41.209999084472656,41.22999954223633,2760200,41.66999816894531,41.56999969482422,32.840911865234375
28-02-2017,41.41999816894531,41.470001220703125,2751200,41.709999084472656,41.47999954223633,32.769798278808594
01-03-2017,41.209999084472656,41.40999984741211,2913100,41.63999938964844,41.380001068115234,32.6908073425293
02-03-2017,41.380001068115234,41.470001220703125,2481300,41.83000183105469,41.65999984741211,32.91200637817383
03-03-2017,41.720001220703125,41.75,2931500,42.029998779296875,41.9900016784668,33.1727180480957
06-03-2017,41.75,41.77000045776367,2410200,41.959999084472656,41.81999969482422,33.038421630859375
07-03-2017,41.119998931884766,41.150001525878906,3102500,41.56999969482422,41.439998626708984,32.73821258544922
08-03-2017,41.06999969482422,41.09000015258789,3351200,41.36000061035156,41.130001068115234,32.493309020996094
09-03-2017,41.13999938964844,41.13999938964844,2271900,41.4900016784668,41.45000076293945,32.746116638183594
10-03-2017,41.279998779296875,41.349998474121094,2623700,41.459999084472656,41.369998931884766,32.682899475097656
13-03-2017,41.4900016784668,41.540000915527344,2172700,41.720001220703125,41.650001525878906,32.90410614013672
14-03-2017,41.5099983215332,41.5099983215332,2440600,41.790000915527344,41.72999954223633,32.96731185913086
15-03-2017,41.619998931884766,41.63999938964844,3125900,42.029998779296875,42.0,33.18061065673828
16-03-2017,42.119998931884766,42.33000183105469,2771600,42.38999938964844,42.2599983215332,33.38602066040039
17-03-2017,42.220001220703125,42.33000183105469,2386500,42.43000030517578,42.27000045776367,33.39392852783203
20-03-2017,42.22999954223633,42.22999954223633,3399900,42.45000076293945,42.31999969482422,33.43342208862305
21-03-2017,42.279998779296875,42.439998626708984,2851700,42.560001373291016,42.31999969482422,33.43342208862305
22-03-2017,42.150001525878906,42.2599983215332,2071500,42.41999816894531,42.279998779296875,33.40182113647461
23-03-2017,42.18000030517578,42.220001220703125,1778200,42.58000183105469,42.310001373291016,33.4255256652832
24-03-2017,42.20000076293945,42.2400016784668,2009600,42.38999938964844,42.310001373291016,33.4255256652832
27-03-2017,42.470001220703125,42.5099983215332,2057700,42.81999969482422,42.689998626708984,33.72572326660156
28-03-2017,42.369998931884766,42.61000061035156,1911800,42.66999816894531,42.40999984741211,33.504520416259766
29-03-2017,42.150001525878906,42.16999816894531,4902400,42.77000045776367,42.72999954223633,33.757328033447266
30-03-2017,42.369998931884766,42.7400016784668,2619600,42.7599983215332,42.47999954223633,33.55982208251953
31-03-2017,42.15999984741211,42.2599983215332,3943000,42.439998626708984,42.15999984741211,33.30702590942383
03-04-2017,41.779998779296875,41.970001220703125,3651700,42.220001220703125,42.029998779296875,33.20431900024414
04-04-2017,41.77000045776367,41.79999923706055,2832800,42.08000183105469,42.040000915527344,33.212223052978516
05-04-2017,41.91999816894531,42.040000915527344,3328300,42.36000061035156,41.93000030517578,33.12531661987305
06-04-2017,41.349998474121094,41.4900016784668,3352300,41.59000015258789,41.41999816894531,32.72240447998047
07-04-2017,41.22999954223633,41.41999816894531,3670000,41.58000183105469,41.470001220703125,32.76191329956055
10-04-2017,41.27000045776367,41.47999954223633,2345300,41.58000183105469,41.29999923706055,32.62760925292969
11-04-2017,41.45000076293945,41.56999969482422,3215100,41.810001373291016,41.779998779296875,33.00680923461914
12-04-2017,41.720001220703125,41.810001373291016,1508400,41.939998626708984,41.86000061035156,33.07001876831055
13-04-2017,41.70000076293945,41.75,2684700,41.93000030517578,41.810001373291016,33.030513763427734
17-04-2017,41.7400016784668,41.779998779296875,1588200,41.959999084472656,41.84000015258789,33.05421829223633
18-04-2017,41.02000045776367,41.459999084472656,2477300,41.5,41.279998779296875,32.61180877685547
19-04-2017,40.81999969482422,41.099998474121094,3496100,41.119998931884766,40.84000015258789,32.26420211791992
20-04-2017,40.709999084472656,40.88999938964844,3459700,40.90999984741211,40.709999084472656,32.1614990234375
21-04-2017,40.599998474121094,40.65999984741211,3235400,40.79999923706055,40.779998779296875,32.216800689697266
24-04-2017,41.029998779296875,41.13999938964844,3125500,41.25,41.119998931884766,32.485408782958984
25-04-2017,41.29999923706055,41.439998626708984,3489000,41.75,41.47999954223633,32.769798278808594
26-04-2017,40.65999984741211,41.119998931884766,4181600,41.349998474121094,40.68000030517578,32.13780212402344
27-04-2017,40.45000076293945,40.52000045776367,3439500,40.91999816894531,40.779998779296875,32.216800689697266
28-04-2017,40.63999938964844,40.66999816894531,2311900,40.93000030517578,40.900001525878906,32.31161117553711
01-05-2017,40.81999969482422,40.97999954223633,1548900,41.02000045776367,40.83000183105469,32.25630569458008
02-05-2017,41.0099983215332,41.130001068115234,3022800,41.43000030517578,41.41999816894531,32.72240447998047
03-05-2017,41.040000915527344,41.119998931884766,2197100,41.2400016784668,41.15999984741211,32.51700210571289
04-05-2017,41.38999938964844,41.40999984741211,2702300,41.7599983215332,41.75,32.983116149902344
05-05-2017,41.66999816894531,41.77000045776367,2263300,41.79999923706055,41.779998779296875,33.00680923461914
08-05-2017,41.63999938964844,42.11000061035156,2801500,42.11000061035156,41.70000076293945,32.94361114501953
09-05-2017,41.7599983215332,41.97999954223633,3220900,42.0,41.93000030517578,33.12531661987305
10-05-2017,41.84000015258789,42.0,3889400,42.29999923706055,42.279998779296875,33.79513931274414
11-05-2017,42.22999954223633,42.2400016784668,4245600,42.779998779296875,42.61000061035156,34.05891799926758
12-05-2017,42.970001220703125,43.0,4536300,43.43000030517578,43.2599983215332,34.57847213745117
15-05-2017,43.06999969482422,43.099998474121094,2671900,43.38999938964844,43.38999938964844,34.6823844909668
16-05-2017,43.33000183105469,43.459999084472656,3227600,43.68000030517578,43.41999816894531,34.70636749267578
17-05-2017,43.220001220703125,43.65999984741211,2981700,43.810001373291016,43.22999954223633,34.55449295043945
18-05-2017,42.880001068115234,43.0,3763300,43.31999969482422,43.2400016784668,34.562496185302734
19-05-2017,43.27000045776367,43.279998779296875,2744200,43.63999938964844,43.599998474121094,34.85024642944336
22-05-2017,43.22999954223633,43.45000076293945,3394300,43.599998474121094,43.29999923706055,34.610443115234375
23-05-2017,42.900001525878906,43.11000061035156,3319900,43.33000183105469,42.959999084472656,34.33867263793945
24-05-2017,42.869998931884766,42.900001525878906,1858700,43.060001373291016,42.95000076293945,34.33068084716797
25-05-2017,42.380001068115234,42.56999969482422,4635900,42.720001220703125,42.56999969482422,34.02694320678711
26-05-2017,42.58000183105469,42.84000015258789,4963600,42.90999984741211,42.66999816894531,34.106876373291016
30-05-2017,43.16999816894531,43.220001220703125,4189300,43.689998626708984,43.40999984741211,34.69837951660156
31-05-2017,44.0,44.04999923706055,5760400,44.540000915527344,44.22999954223633,35.35380554199219
01-06-2017,44.13999938964844,44.18000030517578,2987200,44.459999084472656,44.290000915527344,35.401771545410156
02-06-2017,44.18000030517578,44.33000183105469,1891600,44.439998626708984,44.369998931884766,35.46570587158203
05-06-2017,43.970001220703125,44.189998626708984,1643200,44.290000915527344,44.16999816894531,35.305843353271484
06-06-2017,43.959999084472656,44.20000076293945,2676500,44.27000045776367,44.02000045776367,35.18596267700195
07-06-2017,43.72999954223633,44.04999923706055,2512200,44.11000061035156,43.97999954223633,35.15398025512695
08-06-2017,43.66999816894531,43.939998626708984,2582600,44.08000183105469,43.790000915527344,35.00210952758789
09-06-2017,43.36000061035156,43.400001525878906,3174600,43.72999954223633,43.5099983215332,34.778297424316406
12-06-2017,43.20000076293945,43.5099983215332,2568900,43.5099983215332,43.369998931884766,34.66639709472656
13-06-2017,43.2599983215332,43.36000061035156,2144500,43.47999954223633,43.29999923706055,34.610443115234375
14-06-2017,43.529998779296875,43.54999923706055,3252000,43.83000183105469,43.619998931884766,34.86623001098633
15-06-2017,43.150001525878906,43.25,2122900,43.560001373291016,43.43000030517578,34.714359283447266
16-06-2017,43.5099983215332,43.68000030517578,1920500,43.900001525878906,43.81999969482422,35.02608871459961
19-06-2017,43.720001220703125,43.75,2436100,43.93000030517578,43.779998779296875,34.994117736816406
20-06-2017,43.290000915527344,43.70000076293945,3500200,43.7400016784668,43.380001068115234,34.67439270019531
21-06-2017,43.220001220703125,43.27000045776367,3146000,43.619998931884766,43.619998931884766,34.86623001098633
22-06-2017,43.880001068115234,43.900001525878906,2781600,44.45000076293945,44.15999984741211,35.29785919189453
23-06-2017,44.099998474121094,44.22999954223633,1981100,44.380001068115234,44.290000915527344,35.401771545410156
26-06-2017,44.04999923706055,44.2400016784668,2184600,44.439998626708984,44.06999969482422,35.225921630859375
27-06-2017,43.869998931884766,44.040000915527344,1992200,44.099998474121094,43.90999984741211,35.098026275634766
28-06-2017,43.599998474121094,43.959999084472656,2074800,44.02000045776367,43.70000076293945,34.930171966552734
29-06-2017,43.02000045776367,43.54999923706055,3051800,43.54999923706055,43.2599983215332,34.57847213745117
30-06-2017,42.939998626708984,43.15999984741211,1663300,43.310001373291016,43.119998931884766,34.46657180786133
03-07-2017,42.619998931884766,42.66999816894531,1420100,42.83000183105469,42.77000045776367,34.186805725097656
05-07-2017,42.279998779296875,42.349998474121094,3243900,42.68000030517578,42.65999984741211,34.09888458251953
06-07-2017,41.939998626708984,42.16999816894531,2781400,42.33000183105469,42.2599983215332,33.77915573120117
07-07-2017,42.099998474121094,42.2400016784668,1483900,42.33000183105469,42.2599983215332,33.77915573120117
10-07-2017,42.11000061035156,42.150001525878906,1684200,42.34000015258789,42.209999084472656,33.73919677734375
11-07-2017,41.79999923706055,42.0,1847900,42.150001525878906,42.0099983215332,33.5793342590332
12-07-2017,42.5099983215332,42.58000183105469,1856100,42.7599983215332,42.52000045776367,33.98698425292969
13-07-2017,42.279998779296875,42.54999923706055,2109900,42.66999816894531,42.5,33.97098922729492
14-07-2017,42.599998474121094,42.689998626708984,2011300,42.880001068115234,42.75,34.17082595825195
17-07-2017,42.11000061035156,42.66999816894531,2323900,42.72999954223633,42.2599983215332,33.77915573120117
18-07-2017,42.15999984741211,42.279998779296875,1880300,42.439998626708984,42.43000030517578,33.9150390625
19-07-2017,42.400001525878906,42.599998474121094,1771200,42.810001373291016,42.41999816894531,33.907047271728516
20-07-2017,42.66999816894531,42.68000030517578,2959300,42.95000076293945,42.77000045776367,34.186805725097656
21-07-2017,42.369998931884766,42.790000915527344,2280100,42.83000183105469,42.65999984741211,34.09888458251953
24-07-2017,42.029998779296875,42.06999969482422,2990100,42.310001373291016,42.2400016784668,33.7631721496582
25-07-2017,41.810001373291016,42.150001525878906,3378400,42.20000076293945,41.959999084472656,33.53936004638672
26-07-2017,40.790000915527344,41.40999984741211,4652400,41.47999954223633,40.849998474121094,32.65211486816406
27-07-2017,40.5,40.709999084472656,3672900,40.790000915527344,40.75,32.57218933105469
28-07-2017,40.279998779296875,40.290000915527344,6233200,40.970001220703125,40.93000030517578,32.716064453125
31-07-2017,40.459999084472656,40.790000915527344,5326900,40.86000061035156,40.52000045776367,32.38834762573242
01-08-2017,40.59000015258789,40.83000183105469,2444800,40.900001525878906,40.61000061035156,32.46028518676758
02-08-2017,40.560001373291016,40.70000076293945,1815500,40.83000183105469,40.75,32.57218933105469
03-08-2017,40.560001373291016,40.90999984741211,2898600,40.91999816894531,40.689998626708984,32.52423095703125
04-08-2017,40.45000076293945,40.599998474121094,2476300,40.70000076293945,40.529998779296875,32.39632797241211
07-08-2017,40.220001220703125,40.400001525878906,2706400,40.459999084472656,40.29999923706055,32.21249771118164
08-08-2017,40.119998931884766,40.25,2272300,40.33000183105469,40.150001525878906,32.09259796142578
09-08-2017,39.27000045776367,39.529998779296875,3262200,39.59000015258789,39.529998779296875,31.992238998413086
10-08-2017,38.880001068115234,39.349998474121094,3208800,39.38999938964844,38.900001525878906,31.48237419128418
11-08-2017,38.619998931884766,38.79999923706055,2329200,39.060001373291016,38.790000915527344,31.393348693847656
14-08-2017,38.91999816894531,38.970001220703125,1734700,39.08000183105469,39.0099983215332,31.571399688720703
15-08-2017,38.88999938964844,39.04999923706055,2217900,39.150001525878906,38.95000076293945,31.522838592529297
16-08-2017,39.15999984741211,39.310001373291016,2011400,39.369998931884766,39.2400016784668,31.757543563842773
17-08-2017,39.029998779296875,39.43000030517578,2808600,39.52000045776367,39.04999923706055,31.603761672973633
18-08-2017,38.709999084472656,38.959999084472656,2459700,38.97999954223633,38.75,31.360979080200195
21-08-2017,38.599998474121094,38.75,2051700,38.81999969482422,38.68000030517578,31.3043212890625
22-08-2017,38.84000015258789,38.86000061035156,1940100,39.16999816894531,39.130001068115234,31.668519973754883
23-08-2017,39.16999816894531,39.36000061035156,2572100,39.40999984741211,39.31999969482422,31.82227897644043
24-08-2017,39.38999938964844,39.630001068115234,3247000,39.709999084472656,39.459999084472656,31.935583114624023
25-08-2017,39.459999084472656,39.560001373291016,1643900,39.68000030517578,39.470001220703125,31.943681716918945
28-08-2017,39.27000045776367,39.709999084472656,2381100,39.7400016784668,39.459999084472656,31.935583114624023
29-08-2017,39.06999969482422,39.15999984741211,2460600,39.38999938964844,39.31999969482422,31.82227897644043
30-08-2017,39.61000061035156,39.79999923706055,2972000,39.849998474121094,39.7400016784668,32.16220474243164
31-08-2017,39.81999969482422,39.83000183105469,2956900,40.25,40.22999954223633,32.55875778198242
01-09-2017,40.13999938964844,40.2599983215332,2973900,40.349998474121094,40.20000076293945,32.534481048583984
05-09-2017,39.709999084472656,39.81999969482422,3921900,39.97999954223633,39.88999938964844,32.28359603881836
06-09-2017,39.779998779296875,39.779998779296875,2571300,40.130001068115234,40.0,32.372615814208984
07-09-2017,40.0,40.06999969482422,3007900,40.2400016784668,40.150001525878906,32.4940185546875
08-09-2017,39.83000183105469,39.970001220703125,2015200,40.099998474121094,40.04999923706055,32.413082122802734
11-09-2017,39.90999984741211,39.959999084472656,3879500,40.279998779296875,40.27000045776367,32.59113311767578
12-09-2017,40.279998779296875,40.29999923706055,4349900,40.47999954223633,40.369998931884766,32.672061920166016
13-09-2017,40.0,40.20000076293945,2715900,40.279998779296875,40.099998474121094,32.45354461669922
14-09-2017,40.0,40.06999969482422,2650400,40.380001068115234,40.349998474121094,32.655879974365234
15-09-2017,40.08000183105469,40.29999923706055,3006700,40.34000015258789,40.2400016784668,32.56686019897461
18-09-2017,39.90999984741211,40.08000183105469,3539400,40.099998474121094,40.04999923706055,32.413082122802734
19-09-2017,39.70000076293945,39.849998474121094,3798400,39.91999816894531,39.91999816894531,32.30786895751953
20-09-2017,39.86000061035156,39.939998626708984,4007700,40.189998626708984,40.18000030517578,32.51829528808594
21-09-2017,40.16999816894531,40.189998626708984,5038600,40.4900016784668,40.33000183105469,32.63969039916992
22-09-2017,40.380001068115234,40.630001068115234,2769000,40.7400016784668,40.58000183105469,32.84202575683594
25-09-2017,40.400001525878906,40.45000076293945,4429400,40.689998626708984,40.650001525878906,32.898677825927734
26-09-2017,40.27000045776367,40.54999923706055,3287600,40.63999938964844,40.40999984741211,32.704437255859375
27-09-2017,40.33000183105469,40.400001525878906,3599300,40.59000015258789,40.38999938964844,32.68825149536133
28-09-2017,40.380001068115234,40.599998474121094,3788400,40.63999938964844,40.380001068115234,32.68015670776367
29-09-2017,40.400001525878906,40.529998779296875,3118500,40.61000061035156,40.599998474121094,32.85820388793945
02-10-2017,40.599998474121094,40.599998474121094,2237800,41.08000183105469,40.90999984741211,33.10909652709961
03-10-2017,40.849998474121094,41.0,4059000,41.04999923706055,40.939998626708984,33.13337326049805
04-10-2017,40.650001525878906,40.880001068115234,5537400,40.900001525878906,40.79999923706055,33.02007293701172
05-10-2017,40.5099983215332,40.540000915527344,2766900,40.720001220703125,40.65999984741211,32.90676498413086
06-10-2017,40.470001220703125,40.529998779296875,2771800,40.619998931884766,40.61000061035156,32.866302490234375
09-10-2017,40.529998779296875,40.68000030517578,3559700,40.709999084472656,40.599998474121094,32.85820388793945
10-10-2017,40.529998779296875,40.54999923706055,3733800,40.84000015258789,40.779998779296875,33.00388717651367
11-10-2017,40.59000015258789,40.720001220703125,4049700,40.90999984741211,40.86000061035156,33.06863021850586
12-10-2017,40.790000915527344,40.81999969482422,4153000,41.11000061035156,41.02000045776367,33.1981201171875
13-10-2017,40.91999816894531,41.04999923706055,4354600,41.11000061035156,41.0099983215332,33.190025329589844
16-10-2017,40.63999938964844,40.939998626708984,4132400,41.0,40.86000061035156,33.06863021850586
17-10-2017,40.59000015258789,40.77000045776367,4775200,40.900001525878906,40.83000183105469,33.044349670410156
18-10-2017,40.90999984741211,40.939998626708984,3416000,41.099998474121094,41.0099983215332,33.190025329589844
19-10-2017,40.97999954223633,40.9900016784668,3248800,41.2400016784668,41.099998474121094,33.26286697387695
20-10-2017,40.66999816894531,40.720001220703125,8971900,40.93000030517578,40.84000015258789,33.05244827270508
23-10-2017,40.58000183105469,40.65999984741211,6872900,40.849998474121094,40.619998931884766,32.8744010925293
24-10-2017,40.130001068115234,40.439998626708984,4375300,40.4900016784668,40.47999954223633,32.761085510253906
25-10-2017,37.79999923706055,39.58000183105469,21606300,39.59000015258789,38.189998626708984,30.907758712768555
26-10-2017,36.5099983215332,37.290000915527344,13477000,37.400001525878906,36.599998474121094,29.62095069885254
27-10-2017,36.15999984741211,36.36000061035156,6897500,36.529998779296875,36.22999954223633,29.321504592895508
30-10-2017,36.56999969482422,36.68000030517578,7094000,36.93000030517578,36.689998626708984,29.69377899169922
31-10-2017,36.189998626708984,36.72999954223633,7578900,36.77000045776367,36.43000030517578,29.48336410522461
01-11-2017,36.189998626708984,36.54999923706055,4577600,36.68000030517578,36.20000076293945,29.297222137451172
02-11-2017,35.86000061035156,35.970001220703125,8412000,36.34000015258789,35.95000076293945,29.09489631652832
03-11-2017,36.029998779296875,36.130001068115234,4174100,36.29999923706055,36.150001525878906,29.256750106811523
06-11-2017,36.060001373291016,36.2400016784668,3561700,36.27000045776367,36.13999938964844,29.248659133911133
07-11-2017,35.70000076293945,35.81999969482422,4916300,35.959999084472656,35.81999969482422,28.989681243896484
08-11-2017,36.09000015258789,36.099998474121094,5529000,36.58000183105469,36.47999954223633,29.523826599121094
09-11-2017,35.56999969482422,35.939998626708984,7691000,35.9900016784668,35.77000045776367,29.354774475097656
10-11-2017,35.08000183105469,35.54999923706055,5959900,35.54999923706055,35.29999923706055,28.96906852722168
13-11-2017,34.970001220703125,35.02000045776367,5182300,35.41999816894531,35.09000015258789,28.796730041503906
14-11-2017,34.86000061035156,35.0,4431100,35.13999938964844,34.97999954223633,28.706457138061523
15-11-2017,34.720001220703125,34.959999084472656,4245700,35.060001373291016,34.880001068115234,28.6243896484375
16-11-2017,35.029998779296875,35.04999923706055,4088300,35.290000915527344,35.189998626708984,28.878795623779297
17-11-2017,34.880001068115234,35.060001373291016,2585200,35.150001525878906,35.060001373291016,28.772111892700195
20-11-2017,35.099998474121094,35.209999084472656,4281700,35.31999969482422,35.119998931884766,28.82135009765625
21-11-2017,34.810001373291016,34.93000030517578,5125000,35.11000061035156,34.810001373291016,28.566946029663086
22-11-2017,34.970001220703125,35.20000076293945,4224000,35.220001220703125,35.060001373291016,28.772111892700195
24-11-2017,34.970001220703125,35.02000045776367,1743500,35.189998626708984,35.040000915527344,28.755695343017578
27-11-2017,35.4900016784668,35.849998474121094,5474000,35.91999816894531,35.54999923706055,29.174230575561523
28-11-2017,35.77000045776367,35.900001525878906,5200800,35.9900016784668,35.91999816894531,29.477872848510742
29-11-2017,35.380001068115234,35.61000061035156,4579900,35.83000183105469,35.470001220703125,29.10858154296875
30-11-2017,34.959999084472656,35.27000045776367,5241200,35.45000076293945,35.060001373291016,28.772111892700195
01-12-2017,35.150001525878906,35.4900016784668,5393200,35.619998931884766,35.31999969482422,28.985485076904297
04-12-2017,35.0,35.400001525878906,4234800,35.560001373291016,35.0,28.722871780395508
05-12-2017,34.81999969482422,34.88999938964844,5995400,35.16999816894531,34.86000061035156,28.60797691345215
06-12-2017,34.52000045776367,34.7599983215332,5772000,35.029998779296875,34.65999984741211,28.443849563598633
07-12-2017,34.66999816894531,34.779998779296875,6522700,34.88999938964844,34.84000015258789,28.591562271118164
08-12-2017,34.880001068115234,34.939998626708984,4530300,35.18000030517578,35.16999816894531,28.86237907409668
11-12-2017,35.25,35.349998474121094,3844600,35.470001220703125,35.310001373291016,28.97727394104004
12-12-2017,35.459999084472656,35.5099983215332,4654800,35.59000015258789,35.52000045776367,29.14960479736328
13-12-2017,35.459999084472656,35.77000045776367,6856900,35.849998474121094,35.58000183105469,29.1988582611084
14-12-2017,35.150001525878906,35.470001220703125,7247100,35.4900016784668,35.2400016784668,28.91982650756836
15-12-2017,34.83000183105469,35.040000915527344,6998200,35.119998931884766,34.9900016784668,28.71466827392578
18-12-2017,35.279998779296875,35.4900016784668,6595900,35.5,35.29999923706055,28.96906852722168
19-12-2017,35.310001373291016,35.459999084472656,5315600,35.529998779296875,35.36000061035156,29.018314361572266
20-12-2017,35.31999969482422,35.70000076293945,4777700,35.709999084472656,35.349998474121094,29.010101318359375
21-12-2017,35.45000076293945,35.470001220703125,4333700,35.7400016784668,35.54999923706055,29.174230575561523
22-12-2017,35.11000061035156,35.38999938964844,3372600,35.400001525878906,35.130001068115234,28.829559326171875
26-12-2017,35.06999969482422,35.099998474121094,3351900,35.529998779296875,35.369998931884766,29.026512145996094
27-12-2017,35.439998626708984,35.59000015258789,3970200,35.709999084472656,35.560001373291016,29.18243980407715
28-12-2017,35.43000030517578,35.65999984741211,4805900,35.709999084472656,35.5,29.133195877075195
29-12-2017,35.470001220703125,35.61000061035156,3671100,35.79999923706055,35.470001220703125,29.10858154296875
02-01-2018,36.04999923706055,36.130001068115234,9465500,36.9900016784668,36.93000030517578,30.30673599243164
03-01-2018,36.709999084472656,36.97999954223633,6600800,37.04999923706055,36.790000915527344,30.191844940185547
04-01-2018,36.720001220703125,36.939998626708984,5206400,36.97999954223633,36.86000061035156,30.24928855895996
05-01-2018,37.119998931884766,37.29999923706055,7250700,37.5099983215332,37.5099983215332,30.782712936401367
08-01-2018,37.119998931884766,37.5099983215332,5909100,37.59000015258789,37.400001525878906,30.69243812561035
09-01-2018,36.689998626708984,36.97999954223633,5285600,37.099998474121094,36.95000076293945,30.323144912719727
10-01-2018,36.31999969482422,36.439998626708984,5303100,36.61000061035156,36.400001525878906,29.871789932250977
11-01-2018,36.4900016784668,36.61000061035156,4567400,36.849998474121094,36.84000015258789,30.23287582397461
12-01-2018,37.2400016784668,37.2599983215332,4999700,37.599998474121094,37.5,30.774505615234375
16-01-2018,37.689998626708984,37.7599983215332,7438900,38.119998931884766,37.91999816894531,31.119178771972656
17-01-2018,38.040000915527344,38.189998626708984,6390300,38.2599983215332,38.150001525878906,31.307931900024414
18-01-2018,37.97999954223633,37.97999954223633,4316200,38.18000030517578,38.16999816894531,31.324344635009766
19-01-2018,37.97999954223633,38.13999938964844,3478100,38.31999969482422,38.20000076293945,31.34895896911621
22-01-2018,38.27000045776367,38.369998931884766,4231900,38.560001373291016,38.560001373291016,31.644397735595703
23-01-2018,38.54999923706055,38.77000045776367,3553000,38.97999954223633,38.689998626708984,31.751083374023438
24-01-2018,38.5099983215332,38.630001068115234,5018100,38.90999984741211,38.650001525878906,31.718252182006836
25-01-2018,38.209999084472656,38.91999816894531,4696700,39.27000045776367,38.36000061035156,31.480266571044922
26-01-2018,38.779998779296875,38.939998626708984,4289600,39.04999923706055,39.040000915527344,32.038307189941406
29-01-2018,38.310001373291016,38.58000183105469,3943000,38.59000015258789,38.470001220703125,31.57054328918457
30-01-2018,38.029998779296875,38.36000061035156,3753700,38.47999954223633,38.11000061035156,31.27510643005371
31-01-2018,37.439998626708984,38.150001525878906,4677700,38.189998626708984,37.5099983215332,30.782712936401367
01-02-2018,37.56999969482422,37.689998626708984,3251300,37.84000015258789,37.59000015258789,30.848360061645508
02-02-2018,37.09000015258789,37.5,3343800,37.56999969482422,37.099998474121094,30.44624137878418
05-02-2018,35.470001220703125,36.43000030517578,6254400,36.4900016784668,35.4900016784668,29.12499237060547
06-02-2018,34.88999938964844,35.0,9096700,36.310001373291016,35.9900016784668,29.535316467285156
07-02-2018,35.31999969482422,35.36000061035156,6675700,36.540000915527344,36.029998779296875,29.568143844604492
08-02-2018,36.15999984741211,37.47999954223633,7331500,37.5099983215332,36.16999816894531,29.68303680419922
09-02-2018,35.56999969482422,36.220001220703125,5872300,36.709999084472656,36.4900016784668,29.945648193359375
12-02-2018,36.18000030517578,36.290000915527344,5910500,36.47999954223633,36.27000045776367,29.765104293823242
13-02-2018,36.18000030517578,36.25,3964100,36.540000915527344,36.459999084472656,29.921018600463867
14-02-2018,36.150001525878906,36.209999084472656,3443100,36.90999984741211,36.81999969482422,30.21645736694336
15-02-2018,36.9900016784668,37.209999084472656,3306500,37.41999816894531,37.310001373291016,30.61858367919922
16-02-2018,37.22999954223633,37.25,4690000,37.970001220703125,37.70000076293945,30.938631057739258
20-02-2018,37.25,37.709999084472656,4077500,37.79999923706055,37.33000183105469,30.634992599487305
21-02-2018,37.189998626708984,37.349998474121094,3459200,37.65999984741211,37.20000076293945,30.528308868408203
22-02-2018,36.5,36.65999984741211,2938100,36.900001525878906,36.56999969482422,30.53498649597168
23-02-2018,36.61000061035156,36.709999084472656,2781800,36.900001525878906,36.84000015258789,30.76043701171875
26-02-2018,36.79999923706055,36.79999923706055,2472200,37.0099983215332,37.0,30.894018173217773
27-02-2018,36.5099983215332,36.91999816894531,1825500,36.939998626708984,36.5099983215332,30.484891891479492
28-02-2018,36.310001373291016,36.869998931884766,2463100,36.95000076293945,36.310001373291016,30.317893981933594
01-03-2018,35.779998779296875,36.45000076293945,2802300,36.540000915527344,35.970001220703125,30.03400230407715
02-03-2018,35.959999084472656,36.02000045776367,1814100,36.2400016784668,36.220001220703125,30.242748260498047
05-03-2018,36.34000015258789,36.380001068115234,2401200,36.880001068115234,36.779998779296875,30.710330963134766
06-03-2018,36.779998779296875,37.06999969482422,2442100,37.16999816894531,36.93000030517578,30.83557891845703
07-03-2018,36.93000030517578,37.06999969482422,2623700,37.290000915527344,37.2599983215332,31.11111831665039
08-03-2018,37.369998931884766,37.529998779296875,3649200,37.77000045776367,37.52000045776367,31.328216552734375
09-03-2018,37.2400016784668,37.459999084472656,2386200,37.4900016784668,37.36000061035156,31.19462013244629
12-03-2018,37.459999084472656,37.56999969482422,2111900,37.72999954223633,37.650001525878906,31.43675994873047
13-03-2018,37.029998779296875,37.36000061035156,2022200,37.54999923706055,37.130001068115234,31.002574920654297
14-03-2018,36.900001525878906,37.349998474121094,2041900,37.400001525878906,37.11000061035156,30.985876083374023
15-03-2018,36.84000015258789,36.97999954223633,1648000,37.36000061035156,36.91999816894531,30.827226638793945
16-03-2018,37.08000183105469,37.099998474121094,1668700,37.369998931884766,37.279998779296875,31.127819061279297
19-03-2018,36.66999816894531,37.279998779296875,2141000,37.310001373291016,36.88999938964844,30.802183151245117
20-03-2018,36.65999984741211,36.83000183105469,1946700,36.939998626708984,36.7599983215332,30.693622589111328
21-03-2018,36.599998474121094,36.849998474121094,1982500,36.970001220703125,36.7599983215332,30.693622589111328
22-03-2018,36.130001068115234,36.5,2915800,36.54999923706055,36.150001525878906,30.184301376342773
23-03-2018,37.369998931884766,37.900001525878906,7868300,38.029998779296875,37.41999816894531,31.244718551635742
26-03-2018,36.849998474121094,37.63999938964844,2937800,37.70000076293945,37.43000030517578,31.25306510925293
27-03-2018,38.25,38.900001525878906,6769100,38.91999816894531,38.38999938964844,32.05464172363281
28-03-2018,39.150001525878906,39.15999984741211,6227600,39.81999969482422,39.380001068115234,32.88126754760742
29-03-2018,39.060001373291016,39.5,3641900,39.709999084472656,39.06999969482422,32.62242889404297
02-04-2018,38.56999969482422,39.0,2771900,39.16999816894531,38.849998474121094,32.438724517822266
03-04-2018,38.689998626708984,39.040000915527344,2910200,39.310001373291016,39.279998779296875,32.797760009765625
04-04-2018,39.15999984741211,39.15999984741211,3905300,40.0,39.91999816894531,33.332149505615234
05-04-2018,39.58000183105469,39.72999954223633,3119200,40.0099983215332,39.86000061035156,33.28205108642578
06-04-2018,39.720001220703125,40.15999984741211,4071100,40.31999969482422,39.93000030517578,33.34049606323242
09-04-2018,40.11000061035156,40.29999923706055,3248200,40.630001068115234,40.290000915527344,33.64109420776367
10-04-2018,40.7400016784668,40.77000045776367,3654600,41.08000183105469,40.97999954223633,34.217227935791016
11-04-2018,40.529998779296875,40.75,2984600,40.93000030517578,40.56999969482422,33.8748779296875
12-04-2018,40.61000061035156,40.900001525878906,2695800,40.959999084472656,40.619998931884766,33.91663360595703
13-04-2018,40.470001220703125,40.529998779296875,1690500,40.7400016784668,40.58000183105469,33.88323211669922
16-04-2018,40.2400016784668,40.63999938964844,1751800,40.650001525878906,40.470001220703125,33.791385650634766
17-04-2018,40.459999084472656,40.540000915527344,2382800,40.599998474121094,40.5099983215332,33.82478713989258
18-04-2018,40.290000915527344,40.619998931884766,3419600,40.650001525878906,40.439998626708984,33.76633834838867
19-04-2018,39.72999954223633,40.290000915527344,3212100,40.36000061035156,39.880001068115234,33.29875564575195
20-04-2018,39.880001068115234,39.95000076293945,2924200,40.130001068115234,40.0,33.398948669433594
23-04-2018,40.13999938964844,40.16999816894531,3387800,40.349998474121094,40.33000183105469,33.67448806762695
24-04-2018,40.36000061035156,40.65999984741211,4041500,40.93000030517578,40.63999938964844,33.9333381652832
25-04-2018,38.90999984741211,39.59000015258789,5918500,39.619998931884766,39.119998931884766,32.66416549682617
26-04-2018,39.66999816894531,39.880001068115234,3967200,40.310001373291016,40.20000076293945,33.565940856933594
27-04-2018,40.02000045776367,40.150001525878906,4842500,40.70000076293945,40.560001373291016,33.86653518676758
30-04-2018,40.040000915527344,40.150001525878906,2382000,40.439998626708984,40.11000061035156,33.49079895019531
01-05-2018,39.79999923706055,40.04999923706055,2332100,40.119998931884766,40.040000915527344,33.432350158691406
02-05-2018,39.47999954223633,39.86000061035156,2581600,39.91999816894531,39.5099983215332,32.989810943603516
03-05-2018,39.36000061035156,39.54999923706055,2074900,39.709999084472656,39.599998474121094,33.06495666503906
04-05-2018,39.459999084472656,39.5,1732900,39.90999984741211,39.81999969482422,33.248653411865234
07-05-2018,39.77000045776367,39.83000183105469,2009100,40.119998931884766,39.849998474121094,33.27370071411133
08-05-2018,39.380001068115234,39.5,2394100,39.790000915527344,39.61000061035156,33.07331466674805
09-05-2018,39.599998474121094,39.68000030517578,2590700,40.29999923706055,40.220001220703125,33.582645416259766
10-05-2018,39.650001525878906,39.709999084472656,1828900,40.0,39.91999816894531,33.777252197265625
11-05-2018,39.66999816894531,39.68000030517578,2416500,40.130001068115234,40.029998779296875,33.870323181152344
14-05-2018,40.0,40.279998779296875,1889700,40.34000015258789,40.040000915527344,33.87879180908203
15-05-2018,39.52000045776367,39.720001220703125,1751600,39.83000183105469,39.72999954223633,33.61648178100586
16-05-2018,39.720001220703125,39.83000183105469,2168300,40.13999938964844,39.880001068115234,33.743404388427734
17-05-2018,39.91999816894531,40.08000183105469,1835100,40.2599983215332,40.099998474121094,33.92955017089844
18-05-2018,39.900001525878906,40.15999984741211,3125900,40.290000915527344,40.029998779296875,33.870323181152344
21-05-2018,39.97999954223633,40.09000015258789,1648600,40.2400016784668,40.04999923706055,33.88724899291992
22-05-2018,40.310001373291016,40.54999923706055,3240700,40.68000030517578,40.33000183105469,34.12416458129883
23-05-2018,40.060001373291016,40.2599983215332,2776300,40.36000061035156,40.18000030517578,33.99723815917969
24-05-2018,39.880001068115234,40.310001373291016,2142300,40.380001068115234,40.029998779296875,33.870323181152344
25-05-2018,39.77000045776367,39.79999923706055,1878700,39.97999954223633,39.849998474121094,33.718017578125
29-05-2018,39.560001373291016,39.7599983215332,2137500,39.91999816894531,39.790000915527344,33.66725540161133
30-05-2018,40.119998931884766,40.150001525878906,2448900,40.709999084472656,40.66999816894531,34.411834716796875
31-05-2018,40.25,40.54999923706055,3069700,40.72999954223633,40.52000045776367,34.2849235534668
01-06-2018,40.529998779296875,40.599998474121094,1437600,40.7599983215332,40.75,34.47953414916992
04-06-2018,40.529998779296875,40.88999938964844,1640300,40.939998626708984,40.70000076293945,34.43722915649414
05-06-2018,40.349998474121094,40.43000030517578,1943800,40.59000015258789,40.470001220703125,34.24261474609375
06-06-2018,40.310001373291016,40.560001373291016,1902000,40.75,40.65999984741211,34.40338134765625
07-06-2018,40.58000183105469,40.77000045776367,1454800,40.95000076293945,40.72999954223633,34.462608337402344
08-06-2018,40.84000015258789,41.0,1783200,41.08000183105469,41.02000045776367,34.70798873901367
11-06-2018,40.88999938964844,40.970001220703125,1597900,41.2400016784668,41.189998626708984,34.85182189941406
12-06-2018,41.16999816894531,41.27000045776367,2054400,41.5099983215332,41.20000076293945,34.860286712646484
13-06-2018,41.0099983215332,41.18000030517578,1834500,41.40999984741211,41.13999938964844,34.80951690673828
14-06-2018,41.77000045776367,42.02000045776367,3505000,42.36000061035156,41.939998626708984,35.486419677734375
15-06-2018,41.22999954223633,41.709999084472656,2436600,41.72999954223633,41.439998626708984,35.063358306884766
18-06-2018,40.880001068115234,41.040000915527344,1574000,41.290000915527344,41.27000045776367,34.91952133178711
19-06-2018,40.65999984741211,40.720001220703125,1663600,41.060001373291016,41.040000915527344,34.724910736083984
20-06-2018,40.790000915527344,41.290000915527344,2339500,41.290000915527344,41.029998779296875,34.7164421081543
21-06-2018,40.65999984741211,40.83000183105469,1747800,40.93000030517578,40.810001373291016,34.53030014038086
22-06-2018,40.790000915527344,40.84000015258789,1592100,41.11000061035156,40.88999938964844,34.597984313964844
25-06-2018,39.83000183105469,40.2400016784668,2738500,40.2599983215332,39.91999816894531,33.777252197265625
26-06-2018,39.869998931884766,40.08000183105469,2175400,40.130001068115234,40.04999923706055,33.88724899291992
27-06-2018,39.59000015258789,39.880001068115234,2031700,40.099998474121094,39.59000015258789,33.49803161621094
28-06-2018,39.439998626708984,39.58000183105469,2619100,39.70000076293945,39.56999969482422,33.48110580444336
29-06-2018,40.2599983215332,40.470001220703125,2361500,40.630001068115234,40.310001373291016,34.10723876953125
02-07-2018,39.65999984741211,40.040000915527344,2552100,40.150001525878906,40.119998931884766,33.94647216796875
03-07-2018,40.56999969482422,40.90999984741211,1615200,40.97999954223633,40.650001525878906,34.39492416381836
05-07-2018,40.47999954223633,40.540000915527344,1369100,40.86000061035156,40.72999954223633,34.462608337402344
06-07-2018,40.689998626708984,40.79999923706055,1865700,41.150001525878906,41.02000045776367,34.70798873901367
09-07-2018,40.849998474121094,41.18000030517578,2133400,41.189998626708984,41.0,34.691062927246094
10-07-2018,41.36000061035156,41.41999816894531,2142900,41.529998779296875,41.43000030517578,35.05489730834961
11-07-2018,41.0,41.220001220703125,1444100,41.31999969482422,41.099998474121094,34.775672912597656
12-07-2018,41.52000045776367,41.54999923706055,2374400,41.790000915527344,41.75,35.32565689086914
13-07-2018,41.61000061035156,41.630001068115234,1439100,41.790000915527344,41.7400016784668,35.31719207763672
16-07-2018,41.150001525878906,41.220001220703125,1254700,41.34000015258789,41.20000076293945,34.860286712646484
17-07-2018,40.97999954223633,41.0,2254300,41.290000915527344,41.13999938964844,34.80951690673828
18-07-2018,40.849998474121094,41.16999816894531,2087400,41.16999816894531,40.970001220703125,34.665679931640625
19-07-2018,40.439998626708984,40.56999969482422,2159100,40.79999923706055,40.689998626708984,34.42876052856445
20-07-2018,40.459999084472656,40.5,10914800,42.31999969482422,41.869998931884766,35.42719268798828
23-07-2018,40.900001525878906,41.08000183105469,3438400,41.220001220703125,40.939998626708984,34.64030075073242
24-07-2018,40.72999954223633,40.810001373291016,3575200,41.27000045776367,41.209999084472656,34.8687629699707
25-07-2018,40.25,41.560001373291016,5071700,41.58000183105469,40.52000045776367,34.2849235534668
26-07-2018,39.91999816894531,39.95000076293945,3528200,40.54999923706055,40.36000061035156,34.14954376220703
27-07-2018,40.54999923706055,40.810001373291016,2303500,40.84000015258789,40.7599983215332,34.487998962402344
30-07-2018,40.86000061035156,40.939998626708984,1756900,41.18000030517578,41.08000183105469,34.75875473022461
31-07-2018,41.40999984741211,41.40999984741211,3080500,41.630001068115234,41.59000015258789,35.19028091430664
01-08-2018,41.08000183105469,41.38999938964844,3324500,41.45000076293945,41.09000015258789,34.767215728759766
02-08-2018,40.02000045776367,40.2599983215332,4340500,40.630001068115234,40.59000015258789,34.344154357910156
03-08-2018,40.08000183105469,40.08000183105469,3208600,40.93000030517578,40.81999969482422,34.53876495361328
06-08-2018,40.779998779296875,40.869998931884766,1726900,41.040000915527344,40.900001525878906,34.606449127197266
07-08-2018,41.41999816894531,41.52000045776367,2648300,41.72999954223633,41.439998626708984,35.063358306884766
08-08-2018,41.33000183105469,41.45000076293945,2059600,41.70000076293945,41.61000061035156,35.20720291137695
09-08-2018,40.81999969482422,40.93000030517578,1930600,41.06999969482422,40.86000061035156,34.993953704833984
10-08-2018,40.040000915527344,40.2400016784668,2204300,40.36000061035156,40.150001525878906,34.38588333129883
13-08-2018,39.650001525878906,39.849998474121094,3290800,39.939998626708984,39.77000045776367,34.06043243408203
14-08-2018,39.7599983215332,40.11000061035156,1710700,40.13999938964844,39.79999923706055,34.086124420166016
15-08-2018,40.119998931884766,40.29999923706055,3478400,40.56999969482422,40.459999084472656,34.651371002197266
16-08-2018,40.63999938964844,40.689998626708984,2604000,41.0,40.83000183105469,34.968257904052734
17-08-2018,40.880001068115234,40.90999984741211,1872900,41.290000915527344,41.25,35.32796096801758
20-08-2018,41.20000076293945,41.209999084472656,2051600,41.47999954223633,41.33000183105469,35.39647674560547
21-08-2018,41.45000076293945,41.77000045776367,2218100,41.779998779296875,41.5,35.54206085205078
22-08-2018,41.4900016784668,41.70000076293945,1588400,41.779998779296875,41.540000915527344,35.576324462890625
23-08-2018,41.0099983215332,41.38999938964844,2623500,41.38999938964844,41.15999984741211,35.25088119506836
24-08-2018,41.06999969482422,41.220001220703125,1320700,41.290000915527344,41.279998779296875,35.35365295410156
27-08-2018,41.310001373291016,41.41999816894531,1690400,41.5,41.4900016784668,35.533504486083984
28-08-2018,41.2599983215332,41.31999969482422,1815900,41.400001525878906,41.369998931884766,35.43073272705078
29-08-2018,41.29999923706055,41.29999923706055,1779300,41.619998931884766,41.59000015258789,35.619144439697266
30-08-2018,41.130001068115234,41.20000076293945,1408300,41.43000030517578,41.2400016784668,35.319393157958984
31-08-2018,40.349998474121094,40.83000183105469,2155800,40.959999084472656,40.5,34.685630798339844
04-09-2018,40.119998931884766,40.349998474121094,2011400,40.380001068115234,40.34000015258789,34.548606872558594
05-09-2018,40.060001373291016,40.20000076293945,1486900,40.31999969482422,40.130001068115234,34.36874008178711
06-09-2018,39.400001525878906,39.900001525878906,2543300,39.900001525878906,39.779998779296875,34.068992614746094
07-09-2018,39.27000045776367,39.29999923706055,2015300,39.68000030517578,39.599998474121094,33.91483688354492
10-09-2018,39.25,39.400001525878906,1934000,39.68000030517578,39.29999923706055,33.65790939331055
11-09-2018,38.709999084472656,39.02000045776367,2405700,39.060001373291016,38.9900016784668,33.39241409301758
12-09-2018,39.04999923706055,39.04999923706055,2469800,39.40999984741211,39.36000061035156,33.70928955078125
13-09-2018,39.209999084472656,39.31999969482422,1677800,39.47999954223633,39.33000183105469,33.6836051940918
14-09-2018,38.790000915527344,39.029998779296875,2307300,39.060001373291016,39.0099983215332,33.40953826904297
17-09-2018,39.02000045776367,39.040000915527344,1885700,39.36000061035156,39.209999084472656,33.58082962036133
18-09-2018,39.130001068115234,39.130001068115234,2769000,40.099998474121094,39.630001068115234,33.94053649902344
19-09-2018,39.47999954223633,39.540000915527344,2612000,39.77000045776367,39.54999923706055,33.87202072143555
20-09-2018,39.470001220703125,39.61000061035156,1985100,39.939998626708984,39.869998931884766,34.14607620239258
21-09-2018,39.90999984741211,39.9900016784668,2225100,40.38999938964844,40.29999923706055,34.514339447021484
24-09-2018,40.11000061035156,40.27000045776367,1497200,40.34000015258789,40.20000076293945,34.42869567871094
25-09-2018,40.349998474121094,40.529998779296875,1979400,40.61000061035156,40.36000061035156,34.56572723388672
26-09-2018,40.5,40.52000045776367,1795100,40.790000915527344,40.529998779296875,34.7113151550293
27-09-2018,40.459999084472656,40.56999969482422,1654600,40.689998626708984,40.5099983215332,34.69419860839844
28-09-2018,40.15999984741211,40.400001525878906,1337600,40.41999816894531,40.16999816894531,34.40300750732422
01-10-2018,39.93000030517578,40.02000045776367,1829500,40.2400016784668,40.04999923706055,34.30023193359375
02-10-2018,39.880001068115234,39.90999984741211,1539900,40.2599983215332,40.16999816894531,34.40300750732422
03-10-2018,40.470001220703125,40.540000915527344,1475700,40.7599983215332,40.4900016784668,34.677066802978516
04-10-2018,39.95000076293945,40.08000183105469,2172800,40.220001220703125,40.15999984741211,34.394439697265625
05-10-2018,39.68000030517578,39.880001068115234,1644600,39.939998626708984,39.810001373291016,34.09469223022461
08-10-2018,39.09000015258789,39.11000061035156,2081400,39.36000061035156,39.29999923706055,33.65790939331055
09-10-2018,38.779998779296875,38.88999938964844,2704400,39.529998779296875,39.470001220703125,33.80350112915039
10-10-2018,39.22999954223633,39.79999923706055,2316500,39.83000183105469,39.22999954223633,33.59795379638672
11-10-2018,38.27000045776367,39.5,3486600,39.529998779296875,38.470001220703125,32.94707107543945
12-10-2018,37.880001068115234,38.5,4188200,38.560001373291016,38.310001373291016,32.81003952026367
15-10-2018,38.529998779296875,38.54999923706055,3278600,39.150001525878906,38.880001068115234,33.29819869995117
16-10-2018,39.41999816894531,39.540000915527344,2740600,39.84000015258789,39.79999923706055,34.086124420166016
17-10-2018,39.529998779296875,39.68000030517578,1510600,39.869998931884766,39.7400016784668,34.03474426269531
18-10-2018,39.45000076293945,40.2599983215332,2174300,40.27000045776367,39.61000061035156,33.92340087890625
19-10-2018,40.36000061035156,40.41999816894531,4203700,40.900001525878906,40.869998931884766,35.00251007080078
22-10-2018,40.22999954223633,40.66999816894531,2875300,40.70000076293945,40.5,34.685630798339844
23-10-2018,40.119998931884766,40.13999938964844,3330400,40.709999084472656,40.630001068115234,34.79697036743164
24-10-2018,39.33000183105469,40.459999084472656,4025700,40.619998931884766,39.369998931884766,33.71786117553711
25-10-2018,38.77000045776367,39.08000183105469,3984000,39.81999969482422,39.529998779296875,33.854888916015625
26-10-2018,38.7599983215332,39.09000015258789,3140400,39.54999923706055,39.31999969482422,33.67503356933594
29-10-2018,39.02000045776367,39.65999984741211,2396100,39.84000015258789,39.31999969482422,33.67503356933594
30-10-2018,39.029998779296875,39.06999969482422,3373000,39.650001525878906,39.61000061035156,33.92340087890625
31-10-2018,38.58000183105469,40.119998931884766,6854000,40.2400016784668,39.060001373291016,33.452362060546875
01-11-2018,39.41999816894531,39.47999954223633,5068000,39.90999984741211,39.689998626708984,33.991912841796875
02-11-2018,38.720001220703125,39.349998474121094,2977700,39.40999984741211,38.84000015258789,33.26395034790039
05-11-2018,39.58000183105469,39.66999816894531,2860900,40.20000076293945,40.04999923706055,34.30023193359375
06-11-2018,39.66999816894531,39.79999923706055,2001200,39.91999816894531,39.79999923706055,34.086124420166016
07-11-2018,40.369998931884766,40.459999084472656,3118600,40.869998931884766,40.810001373291016,34.95112609863281
08-11-2018,41.06999969482422,41.119998931884766,2447700,41.45000076293945,41.2400016784668,35.319393157958984
09-11-2018,41.040000915527344,41.25,1768300,41.439998626708984,41.29999923706055,35.37076950073242
12-11-2018,40.869998931884766,41.0099983215332,1940900,41.220001220703125,41.029998779296875,35.13954162597656
13-11-2018,41.18000030517578,41.380001068115234,2400700,41.70000076293945,41.400001525878906,35.456424713134766
14-11-2018,40.72999954223633,40.88999938964844,2414700,41.209999084472656,40.88999938964844,35.01963806152344
15-11-2018,39.95000076293945,40.33000183105469,4973200,40.529998779296875,40.40999984741211,35.029170989990234
16-11-2018,40.06999969482422,40.099998474121094,3574700,40.529998779296875,40.34000015258789,34.968505859375
19-11-2018,40.529998779296875,40.77000045776367,3114900,40.939998626708984,40.83000183105469,35.393253326416016
20-11-2018,40.540000915527344,40.709999084472656,2443600,40.959999084472656,40.630001068115234,35.21988296508789
21-11-2018,40.47999954223633,40.689998626708984,2462000,40.779998779296875,40.5099983215332,35.11586380004883
23-11-2018,40.5,40.58000183105469,808600,40.869998931884766,40.65999984741211,35.245887756347656
26-11-2018,40.5099983215332,40.560001373291016,2472700,40.7599983215332,40.560001373291016,35.159210205078125
27-11-2018,39.88999938964844,40.06999969482422,1886900,40.439998626708984,40.40999984741211,35.029170989990234
28-11-2018,40.5,40.540000915527344,4211000,41.27000045776367,41.189998626708984,35.7053108215332
29-11-2018,41.040000915527344,41.099998474121094,1867100,41.45000076293945,41.290000915527344,35.791996002197266
30-11-2018,41.209999084472656,41.2400016784668,3472000,41.90999984741211,41.869998931884766,36.294761657714844
03-12-2018,38.220001220703125,38.7400016784668,12595800,39.0,38.61000061035156,33.46885681152344
04-12-2018,38.16999816894531,38.90999984741211,6611100,39.04999923706055,38.34000015258789,33.23480224609375
06-12-2018,36.40999984741211,37.0,6247600,37.439998626708984,37.41999816894531,32.43730926513672
07-12-2018,37.08000183105469,37.2400016784668,6197500,37.650001525878906,37.29999923706055,32.333290100097656
10-12-2018,37.15999984741211,37.40999984741211,4645200,37.79999923706055,37.68000030517578,32.66269302368164
11-12-2018,37.2400016784668,38.060001373291016,3625400,38.11000061035156,37.36000061035156,32.38530349731445
12-12-2018,37.65999984741211,37.7599983215332,2437000,38.15999984741211,37.68000030517578,32.66269302368164
13-12-2018,37.66999816894531,38.029998779296875,2266800,38.099998474121094,37.939998626708984,32.88806915283203
14-12-2018,37.400001525878906,37.58000183105469,4222600,37.66999816894531,37.61000061035156,32.60201644897461
17-12-2018,36.939998626708984,37.45000076293945,4058500,37.52000045776367,37.06999969482422,32.13391876220703
18-12-2018,36.869998931884766,37.369998931884766,4396200,37.400001525878906,37.09000015258789,32.15125274658203
19-12-2018,37.29999923706055,39.2599983215332,15393400,39.27000045776367,37.400001525878906,32.41997146606445
20-12-2018,37.68000030517578,38.29999923706055,6731700,38.31999969482422,37.900001525878906,32.85340118408203
21-12-2018,37.56999969482422,37.83000183105469,4567800,38.36000061035156,37.58000183105469,32.57600402832031
24-12-2018,37.060001373291016,37.5,2187600,37.630001068115234,37.2400016784668,32.281280517578125
26-12-2018,36.959999084472656,37.13999938964844,2996200,38.0099983215332,38.0,32.94007873535156
27-12-2018,37.09000015258789,37.45000076293945,3731600,38.0099983215332,38.0,32.94007873535156
28-12-2018,38.02000045776367,38.060001373291016,2869900,38.41999816894531,38.150001525878906,33.07011032104492
31-12-2018,37.970001220703125,38.25,1922100,38.310001373291016,38.209999084472656,33.12211608886719
02-01-2019,37.599998474121094,37.77000045776367,2381700,38.11000061035156,37.880001068115234,32.83606719970703
03-01-2019,37.83000183105469,38.11000061035156,2756700,38.290000915527344,37.83000183105469,32.79271697998047
04-01-2019,38.11000061035156,38.11000061035156,2960400,38.709999084472656,38.619998931884766,33.47752380371094
07-01-2019,38.369998931884766,38.59000015258789,3403400,38.9900016784668,38.810001373291016,33.64223098754883
08-01-2019,38.349998474121094,38.349998474121094,3114600,39.09000015258789,39.060001373291016,33.85893630981445
09-01-2019,39.119998931884766,39.40999984741211,2241800,39.43000030517578,39.20000076293945,33.98029327392578
10-01-2019,38.900001525878906,38.9900016784668,2972500,39.43000030517578,39.36000061035156,34.11898422241211
11-01-2019,39.099998474121094,39.16999816894531,3552700,39.56999969482422,39.380001068115234,34.136329650878906
14-01-2019,38.380001068115234,38.72999954223633,5207100,38.77000045776367,38.61000061035156,33.46885681152344
15-01-2019,38.4900016784668,38.52000045776367,3528700,39.099998474121094,39.04999923706055,33.85026931762695
16-01-2019,38.31999969482422,38.41999816894531,3627300,38.65999984741211,38.40999984741211,33.29549026489258
17-01-2019,38.5,38.54999923706055,3817900,39.060001373291016,38.97999954223633,33.78958511352539
18-01-2019,38.91999816894531,39.04999923706055,5922500,39.220001220703125,39.060001373291016,33.85893630981445
22-01-2019,38.66999816894531,38.70000076293945,2807700,39.060001373291016,38.970001220703125,33.780921936035156
23-01-2019,38.84000015258789,39.369998931884766,2735400,39.5,39.06999969482422,33.86759567260742
24-01-2019,38.25,38.58000183105469,4394600,38.61000061035156,38.369998931884766,33.26081466674805
25-01-2019,38.2599983215332,38.36000061035156,2850000,38.560001373291016,38.41999816894531,33.30415344238281
28-01-2019,38.15999984741211,38.25,2520900,38.4900016784668,38.439998626708984,33.321495056152344
29-01-2019,38.630001068115234,38.72999954223633,2263800,38.93000030517578,38.720001220703125,33.564205169677734
30-01-2019,38.45000076293945,39.130001068115234,5768300,39.18000030517578,38.709999084472656,33.55553436279297
31-01-2019,38.619998931884766,38.7400016784668,4001700,39.25,39.20000076293945,33.98029327392578
01-02-2019,39.02000045776367,39.08000183105469,2313900,39.36000061035156,39.20000076293945,33.98029327392578
04-02-2019,38.939998626708984,39.150001525878906,2166300,39.18000030517578,39.13999938964844,33.928279876708984
05-02-2019,39.41999816894531,39.47999954223633,3197300,39.779998779296875,39.45000076293945,34.19700241088867
06-02-2019,39.849998474121094,39.91999816894531,5727700,40.7599983215332,40.68000030517578,35.26322555541992
07-02-2019,40.4900016784668,41.08000183105469,3674200,41.18000030517578,40.56999969482422,35.16787338256836
08-02-2019,40.720001220703125,40.79999923706055,3130100,41.209999084472656,41.09000015258789,35.61863327026367
11-02-2019,40.119998931884766,40.33000183105469,5360900,40.43000030517578,40.22999954223633,34.873138427734375
12-02-2019,40.22999954223633,40.2599983215332,3235400,40.61000061035156,40.529998779296875,35.13319396972656
13-02-2019,40.06999969482422,40.099998474121094,3065400,40.529998779296875,40.369998931884766,34.994503021240234
14-02-2019,40.529998779296875,40.59000015258789,2940800,40.970001220703125,40.86000061035156,35.41925811767578
15-02-2019,41.040000915527344,41.209999084472656,3213900,41.310001373291016,41.2400016784668,35.7486572265625
19-02-2019,41.220001220703125,41.220001220703125,2676300,41.43000030517578,41.290000915527344,35.791996002197266
20-02-2019,41.150001525878906,41.18000030517578,2600400,41.61000061035156,41.36000061035156,35.8526725769043
21-02-2019,40.43000030517578,40.529998779296875,2457800,40.709999084472656,40.540000915527344,35.65653610229492
22-02-2019,40.150001525878906,40.20000076293945,2279800,40.65999984741211,40.54999923706055,35.66533279418945
25-02-2019,40.43000030517578,40.630001068115234,2203200,40.720001220703125,40.4900016784668,35.61256790161133
26-02-2019,40.33000183105469,40.43000030517578,1766100,40.70000076293945,40.5,35.62135696411133
27-02-2019,40.34000015258789,40.36000061035156,3308600,40.68000030517578,40.459999084472656,35.586177825927734
28-02-2019,40.2599983215332,40.29999923706055,3600700,40.66999816894531,40.36000061035156,35.498226165771484
01-03-2019,40.33000183105469,40.40999984741211,2323800,40.58000183105469,40.38999938964844,35.52460861206055
04-03-2019,40.11000061035156,40.4900016784668,2081900,40.4900016784668,40.279998779296875,35.4278564453125
05-03-2019,40.119998931884766,40.20000076293945,1990600,40.540000915527344,40.36000061035156,35.498226165771484
06-03-2019,40.04999923706055,40.529998779296875,1517300,40.529998779296875,40.189998626708984,35.34869384765625
07-03-2019,39.90999984741211,40.16999816894531,3026600,40.279998779296875,40.119998931884766,35.287132263183594
08-03-2019,39.81999969482422,40.150001525878906,1678100,40.16999816894531,40.119998931884766,35.287132263183594
11-03-2019,39.90999984741211,40.130001068115234,1759600,40.25,40.08000183105469,35.251953125
12-03-2019,39.81999969482422,39.81999969482422,1298100,40.18000030517578,40.04999923706055,35.22556686401367
13-03-2019,40.13999938964844,40.25,1164900,40.380001068115234,40.349998474121094,35.48942947387695
14-03-2019,40.349998474121094,40.470001220703125,1574700,40.58000183105469,40.43000030517578,35.55978775024414
15-03-2019,40.34000015258789,40.5099983215332,2115800,40.63999938964844,40.630001068115234,35.73569869995117
18-03-2019,40.29999923706055,40.630001068115234,1365000,40.66999816894531,40.4900016784668,35.61256790161133
19-03-2019,40.38999938964844,40.58000183105469,2210600,40.72999954223633,40.45000076293945,35.5773811340332
20-03-2019,40.560001373291016,40.7599983215332,2035000,40.97999954223633,40.810001373291016,35.89401626586914
21-03-2019,41.13999938964844,41.20000076293945,2568600,41.470001220703125,41.2400016784668,36.272216796875
22-03-2019,41.25,41.45000076293945,2510400,41.619998931884766,41.25,36.28101348876953
25-03-2019,41.130001068115234,41.2599983215332,2105900,41.400001525878906,41.209999084472656,36.24583053588867
26-03-2019,41.5099983215332,41.849998474121094,2450200,41.869998931884766,41.599998474121094,36.58885192871094
27-03-2019,41.529998779296875,41.83000183105469,3156700,41.95000076293945,41.72999954223633,36.70319747924805
28-03-2019,41.81999969482422,42.0,3448600,42.150001525878906,41.869998931884766,36.82632827758789
29-03-2019,41.63999938964844,41.93000030517578,2364300,41.97999954223633,41.790000915527344,36.75596237182617
01-04-2019,41.70000076293945,42.06999969482422,2336200,42.06999969482422,41.810001373291016,36.773555755615234
02-04-2019,41.86000061035156,42.08000183105469,3132900,42.20000076293945,41.880001068115234,36.83512496948242
03-04-2019,41.630001068115234,41.75,2817700,41.9900016784668,41.7599983215332,36.729576110839844
04-04-2019,41.529998779296875,41.83000183105469,2198600,41.86000061035156,41.689998626708984,36.66801452636719
05-04-2019,41.540000915527344,41.81999969482422,1954300,41.880001068115234,41.599998474121094,36.58885192871094
08-04-2019,41.560001373291016,41.849998474121094,2044900,41.849998474121094,41.66999816894531,36.650421142578125
09-04-2019,41.41999816894531,41.59000015258789,1810200,41.650001525878906,41.4900016784668,36.49211120605469
10-04-2019,41.2400016784668,41.470001220703125,1916000,41.560001373291016,41.27000045776367,36.29860305786133
11-04-2019,40.849998474121094,41.290000915527344,2750800,41.310001373291016,40.939998626708984,36.00835418701172
12-04-2019,40.5099983215332,40.65999984741211,2756700,40.900001525878906,40.599998474121094,35.70930862426758
15-04-2019,40.75,40.869998931884766,2170500,41.02000045776367,40.77000045776367,35.85883331298828
16-04-2019,40.27000045776367,41.099998474121094,2585500,41.099998474121094,40.27000045776367,35.4190673828125
17-04-2019,39.91999816894531,40.58000183105469,3807300,40.599998474121094,39.97999954223633,35.163997650146484
18-04-2019,39.70000076293945,39.939998626708984,2670100,40.02000045776367,39.849998474121094,35.049652099609375
22-04-2019,39.619998931884766,39.790000915527344,1650100,39.90999984741211,39.68000030517578,34.90013885498047
23-04-2019,40.11000061035156,40.150001525878906,3824800,40.38999938964844,40.220001220703125,35.375091552734375
24-04-2019,39.810001373291016,40.13999938964844,2864200,40.189998626708984,39.93000030517578,35.120018005371094
25-04-2019,39.88999938964844,40.029998779296875,2036300,40.2400016784668,40.220001220703125,35.375091552734375
26-04-2019,40.119998931884766,40.33000183105469,1931100,40.40999984741211,40.400001525878906,35.53340148925781
29-04-2019,40.34000015258789,40.59000015258789,2065700,40.630001068115234,40.45000076293945,35.5773811340332
30-04-2019,40.599998474121094,40.79999923706055,5134100,41.15999984741211,41.130001068115234,36.17546844482422
01-05-2019,40.029998779296875,40.849998474121094,4365500,40.939998626708984,40.40999984741211,35.542198181152344
02-05-2019,40.279998779296875,40.439998626708984,2390000,40.540000915527344,40.459999084472656,35.586177825927734
03-05-2019,40.59000015258789,40.88999938964844,2170100,40.900001525878906,40.75,35.841243743896484
06-05-2019,40.2599983215332,40.279998779296875,2023000,40.61000061035156,40.529998779296875,35.64773941040039
07-05-2019,39.43000030517578,40.13999938964844,3161800,40.22999954223633,39.59000015258789,34.82097625732422
08-05-2019,39.599998474121094,39.66999816894531,2034000,39.849998474121094,39.7400016784668,34.95291519165039
09-05-2019,39.36000061035156,39.400001525878906,1680000,39.7400016784668,39.65999984741211,34.88253402709961
10-05-2019,39.130001068115234,39.41999816894531,2573500,39.56999969482422,39.529998779296875,34.76820373535156
13-05-2019,39.06999969482422,39.130001068115234,2329000,39.45000076293945,39.34000015258789,34.601097106933594
14-05-2019,39.15999984741211,39.38999938964844,2328900,39.560001373291016,39.209999084472656,34.48675537109375
15-05-2019,39.34000015258789,39.45000076293945,2248400,39.65999984741211,39.58000183105469,34.81218338012695
16-05-2019,39.29999923706055,39.40999984741211,2584400,39.63999938964844,39.34000015258789,35.039306640625
17-05-2019,39.27000045776367,39.27000045776367,1924400,39.68000030517578,39.459999084472656,35.14618682861328
20-05-2019,39.2599983215332,39.279998779296875,1713400,39.529998779296875,39.38999938964844,35.08383560180664
21-05-2019,39.310001373291016,39.349998474121094,2231500,39.52000045776367,39.38999938964844,35.08383560180664
22-05-2019,39.279998779296875,39.29999923706055,2783400,40.209999084472656,40.20000076293945,35.80528259277344
23-05-2019,39.81999969482422,39.93000030517578,1858700,40.029998779296875,39.9900016784668,35.618247985839844
24-05-2019,40.08000183105469,40.150001525878906,1701900,40.31999969482422,40.18000030517578,35.787471771240234
28-05-2019,39.15999984741211,39.709999084472656,2790300,39.95000076293945,39.18000030517578,34.89678955078125
29-05-2019,38.7599983215332,38.880001068115234,2092300,39.02000045776367,38.880001068115234,34.62959289550781
30-05-2019,38.61000061035156,38.95000076293945,2171700,38.97999954223633,38.7400016784668,34.50489807128906
31-05-2019,38.43000030517578,38.58000183105469,2025300,38.7599983215332,38.63999938964844,34.415828704833984
03-06-2019,38.900001525878906,39.130001068115234,2122300,39.27000045776367,39.040000915527344,34.7720947265625
04-06-2019,38.70000076293945,39.0,2009400,39.02000045776367,38.88999938964844,34.63849639892578
05-06-2019,38.63999938964844,38.95000076293945,2087100,39.02000045776367,38.66999816894531,34.44254684448242
06-06-2019,38.959999084472656,39.09000015258789,2805900,39.31999969482422,38.97999954223633,34.718658447265625
07-06-2019,39.79999923706055,39.91999816894531,3377300,40.13999938964844,39.79999923706055,35.44901657104492
10-06-2019,39.880001068115234,40.06999969482422,2370600,40.13999938964844,40.119998931884766,35.734031677246094
11-06-2019,39.86000061035156,40.189998626708984,1529600,40.2400016784668,39.91999816894531,35.55589294433594
12-06-2019,40.2400016784668,40.279998779296875,2997900,40.43000030517578,40.29999923706055,35.894351959228516
13-06-2019,40.04999923706055,40.209999084472656,1705600,40.279998779296875,40.130001068115234,35.74293899536133
14-06-2019,39.91999816894531,39.95000076293945,1836600,40.150001525878906,40.119998931884766,35.734031677246094
17-06-2019,39.84000015258789,39.849998474121094,1367000,40.02000045776367,39.93000030517578,35.56480026245117
18-06-2019,40.04999923706055,40.36000061035156,1764500,40.36000061035156,40.220001220703125,35.82310485839844
19-06-2019,40.38999938964844,40.41999816894531,2525400,41.0099983215332,41.0,36.51782989501953
20-06-2019,40.40999984741211,41.0,3952700,41.09000015258789,40.40999984741211,35.99232864379883
21-06-2019,39.77000045776367,39.970001220703125,3336000,40.33000183105469,40.27000045776367,35.867637634277344
24-06-2019,40.36000061035156,40.380001068115234,1981800,40.689998626708984,40.59000015258789,36.152652740478516
25-06-2019,40.599998474121094,40.88999938964844,1406800,40.970001220703125,40.630001068115234,36.18828201293945
26-06-2019,40.130001068115234,40.40999984741211,1452200,40.439998626708984,40.130001068115234,35.74293899536133
27-06-2019,39.86000061035156,39.880001068115234,1600500,40.130001068115234,39.959999084472656,35.591522216796875
28-06-2019,39.97999954223633,40.09000015258789,1970300,40.189998626708984,40.02000045776367,35.644962310791016
01-07-2019,40.150001525878906,40.45000076293945,2331100,40.4900016784668,40.43000030517578,36.0101432800293
02-07-2019,40.43000030517578,40.45000076293945,1859700,40.93000030517578,40.91999816894531,36.44657516479492
03-07-2019,41.20000076293945,41.279998779296875,1500300,41.38999938964844,41.33000183105469,36.81175994873047
05-07-2019,40.70000076293945,41.02000045776367,2112700,41.029998779296875,40.849998474121094,36.38422775268555
08-07-2019,40.52000045776367,40.689998626708984,2503700,40.7599983215332,40.52000045776367,36.09030532836914
09-07-2019,40.66999816894531,40.709999084472656,3444500,40.95000076293945,40.75,36.295162200927734
10-07-2019,40.9900016784668,41.0099983215332,1458000,41.150001525878906,41.11000061035156,36.61580276489258
11-07-2019,40.63999938964844,41.400001525878906,4163100,41.43000030517578,40.93000030517578,36.45548629760742
12-07-2019,40.22999954223633,40.810001373291016,4314000,40.83000183105469,40.41999816894531,36.00123596191406
15-07-2019,40.77000045776367,41.0099983215332,2753800,41.16999816894531,40.900001525878906,36.42876052856445
16-07-2019,41.09000015258789,41.4900016784668,2887500,41.4900016784668,41.18000030517578,36.678157806396484
17-07-2019,41.08000183105469,41.2599983215332,1759000,41.310001373291016,41.13999938964844,36.64252471923828
18-07-2019,41.0,41.119998931884766,1734100,41.41999816894531,41.40999984741211,36.88300704956055
19-07-2019,40.939998626708984,41.09000015258789,1733000,41.13999938964844,40.959999084472656,36.48220443725586
22-07-2019,41.130001068115234,41.31999969482422,1909300,41.31999969482422,41.130001068115234,36.63361740112305
23-07-2019,41.2599983215332,41.41999816894531,2493900,41.4900016784668,41.31999969482422,36.80284881591797
24-07-2019,41.279998779296875,41.560001373291016,2794600,41.63999938964844,41.43000030517578,36.900821685791016
25-07-2019,41.52000045776367,41.79999923706055,3152600,41.83000183105469,41.540000915527344,36.99879455566406
26-07-2019,41.58000183105469,41.66999816894531,2748500,41.91999816894531,41.90999984741211,37.32834243774414
29-07-2019,42.15999984741211,42.400001525878906,2940400,42.470001220703125,42.18000030517578,37.56883239746094
30-07-2019,41.7599983215332,42.0099983215332,2378500,42.13999938964844,41.81999969482422,37.24818801879883
31-07-2019,41.060001373291016,41.189998626708984,2647700,41.689998626708984,41.279998779296875,36.7672233581543
01-08-2019,41.04999923706055,41.04999923706055,2282700,41.58000183105469,41.47999954223633,36.94535446166992
02-08-2019,40.880001068115234,41.34000015258789,2320000,41.45000076293945,41.04999923706055,36.5623664855957
05-08-2019,40.099998474121094,40.59000015258789,2421200,40.709999084472656,40.36000061035156,35.94779968261719
06-08-2019,40.09000015258789,40.290000915527344,2514400,40.58000183105469,40.310001373291016,35.903263092041016
07-08-2019,40.02000045776367,40.290000915527344,3136500,40.619998931884766,40.5099983215332,36.081398010253906
08-08-2019,40.099998474121094,40.20000076293945,1681600,40.650001525878906,40.5,36.490455627441406
09-08-2019,40.290000915527344,40.65999984741211,1539700,40.689998626708984,40.470001220703125,36.46342086791992
12-08-2019,40.11000061035156,40.38999938964844,1350200,40.5,40.2400016784668,36.256195068359375
13-08-2019,40.43000030517578,40.59000015258789,5184300,40.849998474121094,40.650001525878906,36.62560272216797
14-08-2019,39.68000030517578,40.060001373291016,2540500,40.209999084472656,39.68000030517578,35.75163650512695
15-08-2019,39.7400016784668,39.880001068115234,1987100,40.060001373291016,39.959999084472656,36.003910064697266
16-08-2019,40.150001525878906,40.209999084472656,1367100,40.38999938964844,40.189998626708984,36.21113967895508
19-08-2019,40.220001220703125,40.31999969482422,1718800,40.470001220703125,40.369998931884766,36.37331771850586
20-08-2019,40.25,40.459999084472656,1528600,40.540000915527344,40.2599983215332,36.274208068847656
21-08-2019,40.58000183105469,40.66999816894531,1932600,40.880001068115234,40.689998626708984,36.66164016723633
22-08-2019,40.79999923706055,40.81999969482422,2200000,41.09000015258789,40.97999954223633,36.92293930053711
23-08-2019,41.06999969482422,41.41999816894531,3375500,41.72999954223633,41.189998626708984,37.11214065551758
26-08-2019,41.040000915527344,41.25,1802600,41.36000061035156,41.290000915527344,37.20224380493164
27-08-2019,41.25,41.45000076293945,1583700,41.5,41.2599983215332,37.17520523071289
28-08-2019,41.150001525878906,41.2599983215332,1754100,41.439998626708984,41.310001373291016,37.22025680541992
29-08-2019,41.58000183105469,41.7400016784668,2629600,41.7599983215332,41.720001220703125,37.58967208862305
30-08-2019,41.41999816894531,41.810001373291016,2086900,41.88999938964844,41.58000183105469,37.46352767944336
03-09-2019,41.7599983215332,41.810001373291016,3468700,42.439998626708984,42.41999816894531,38.220367431640625
04-09-2019,42.27000045776367,42.41999816894531,1994400,42.4900016784668,42.380001068115234,38.184329986572266
05-09-2019,41.90999984741211,42.209999084472656,2200900,42.27000045776367,42.099998474121094,37.93205261230469
06-09-2019,42.040000915527344,42.06999969482422,1319000,42.20000076293945,42.09000015258789,37.923038482666016
09-09-2019,41.18000030517578,41.61000061035156,2189100,41.63999938964844,41.47999954223633,37.37342834472656
10-09-2019,40.209999084472656,40.27000045776367,2949100,40.90999984741211,40.88999938964844,36.84184265136719
11-09-2019,40.31999969482422,40.349998474121094,2793100,40.84000015258789,40.81999969482422,36.778770446777344
12-09-2019,40.77000045776367,40.790000915527344,1709300,41.18000030517578,41.029998779296875,36.967979431152344
13-09-2019,40.779998779296875,40.86000061035156,1899400,41.099998474121094,40.88999938964844,36.84184265136719
16-09-2019,40.439998626708984,40.709999084472656,1680500,40.79999923706055,40.599998474121094,36.58055114746094
17-09-2019,40.869998931884766,40.939998626708984,1322600,41.20000076293945,41.099998474121094,37.03105163574219
18-09-2019,40.90999984741211,41.02000045776367,1189400,41.220001220703125,41.060001373291016,36.99501419067383
19-09-2019,41.189998626708984,41.290000915527344,2023600,41.54999923706055,41.31999969482422,37.229270935058594
20-09-2019,41.380001068115234,41.72999954223633,2911800,41.849998474121094,41.630001068115234,37.50858688354492
23-09-2019,41.849998474121094,42.0,3346300,42.040000915527344,41.91999816894531,37.769866943359375
24-09-2019,42.0,42.130001068115234,2541800,42.439998626708984,42.06999969482422,37.905025482177734
25-09-2019,41.40999984741211,41.599998474121094,2071900,41.66999816894531,41.40999984741211,37.31036376953125
26-09-2019,42.029998779296875,42.22999954223633,2956800,42.63999938964844,42.040000915527344,37.87799072265625
27-09-2019,42.150001525878906,42.38999938964844,2372000,42.52000045776367,42.34000015258789,38.148292541503906
30-09-2019,42.66999816894531,42.959999084472656,3684400,43.220001220703125,42.68000030517578,38.454627990722656
01-10-2019,42.13999938964844,42.5,1818200,42.529998779296875,42.310001373291016,38.12125778198242
02-10-2019,40.83000183105469,41.380001068115234,2956200,41.560001373291016,41.189998626708984,37.11214065551758
03-10-2019,40.970001220703125,41.150001525878906,2015200,41.4900016784668,41.45000076293945,37.346405029296875
04-10-2019,41.58000183105469,41.65999984741211,1621600,42.040000915527344,41.9900016784668,37.83294677734375
07-10-2019,42.040000915527344,42.09000015258789,1447400,42.380001068115234,42.20000076293945,38.022151947021484
08-10-2019,41.79999923706055,42.060001373291016,1933200,42.13999938964844,41.880001068115234,37.73383331298828
09-10-2019,41.90999984741211,42.0099983215332,1581700,42.18000030517578,42.08000183105469,37.91402816772461
10-10-2019,42.04999923706055,42.099998474121094,2648400,42.34000015258789,42.25,38.06719970703125
11-10-2019,42.099998474121094,42.150001525878906,2981100,42.529998779296875,42.18000030517578,38.00413131713867
14-10-2019,42.15999984741211,42.400001525878906,1419500,42.58000183105469,42.16999816894531,37.9951171875
15-10-2019,41.779998779296875,41.83000183105469,2319400,42.31999969482422,42.27000045776367,38.08522033691406
16-10-2019,41.869998931884766,42.45000076293945,2667600,42.5099983215332,42.279998779296875,38.094234466552734
17-10-2019,42.43000030517578,42.630001068115234,1624600,42.689998626708984,42.470001220703125,38.26542282104492
18-10-2019,42.369998931884766,42.52000045776367,1428100,42.63999938964844,42.529998779296875,38.31948471069336
21-10-2019,42.45000076293945,42.599998474121094,1931000,42.689998626708984,42.599998474121094,38.38254928588867
22-10-2019,42.5,42.849998474121094,2813600,43.09000015258789,42.52000045776367,38.31047058105469
23-10-2019,42.959999084472656,43.099998474121094,3328200,43.310001373291016,43.27000045776367,38.98622131347656
24-10-2019,43.810001373291016,43.84000015258789,3583900,44.099998474121094,44.02000045776367,39.66196823120117
25-10-2019,43.5099983215332,43.7599983215332,2956800,43.959999084472656,43.81999969482422,39.48176956176758
28-10-2019,44.34000015258789,44.349998474121094,3858200,44.709999084472656,44.400001525878906,40.00434494018555
29-10-2019,44.150001525878906,44.31999969482422,3174200,44.79999923706055,44.59000015258789,40.17554473876953
30-10-2019,44.900001525878906,45.27000045776367,6107700,45.84000015258789,45.63999938964844,41.121585845947266
31-10-2019,45.66999816894531,45.81999969482422,4147900,46.0099983215332,45.79999923706055,41.265743255615234
01-11-2019,45.25,45.630001068115234,2777200,45.65999984741211,45.27000045776367,40.78821563720703
04-11-2019,44.95000076293945,45.380001068115234,2794300,45.41999816894531,45.029998779296875,40.57197570800781
05-11-2019,44.20000076293945,44.61000061035156,3902900,44.709999084472656,44.27000045776367,39.88721466064453
06-11-2019,44.119998931884766,44.150001525878906,2311100,44.43000030517578,44.36000061035156,39.96831130981445
07-11-2019,44.11000061035156,44.349998474121094,1630900,44.36000061035156,44.209999084472656,39.83315658569336
08-11-2019,44.13999938964844,44.13999938964844,2020400,44.45000076293945,44.41999816894531,40.02237319946289
11-11-2019,43.9900016784668,44.029998779296875,1974200,44.279998779296875,44.2599983215332,39.87820816040039
12-11-2019,44.29999923706055,44.349998474121094,2159900,44.63999938964844,44.52000045776367,40.11246871948242
13-11-2019,44.470001220703125,44.650001525878906,1328300,44.70000076293945,44.65999984741211,40.23861312866211
14-11-2019,43.560001373291016,43.79999923706055,1808500,43.900001525878906,43.849998474121094,39.94618225097656
15-11-2019,43.40999984741211,43.43000030517578,2305400,44.119998931884766,44.09000015258789,40.16481399536133
18-11-2019,44.27000045776367,44.43000030517578,3209800,44.56999969482422,44.33000183105469,40.383453369140625
19-11-2019,44.290000915527344,44.630001068115234,2168800,44.70000076293945,44.5,40.5383186340332
20-11-2019,43.77000045776367,44.04999923706055,2537100,44.22999954223633,43.91999816894531,40.009944915771484
21-11-2019,43.7400016784668,43.9900016784668,2511500,44.099998474121094,44.029998779296875,40.11016082763672
22-11-2019,43.95000076293945,44.130001068115234,2151500,44.20000076293945,44.0099983215332,40.09193801879883
25-11-2019,44.369998931884766,44.4900016784668,2998800,44.59000015258789,44.47999954223633,40.52009582519531
26-11-2019,44.29999923706055,44.310001373291016,5265200,44.86000061035156,44.810001373291016,40.82072448730469
27-11-2019,45.20000076293945,45.220001220703125,6226500,45.529998779296875,45.45000076293945,41.403743743896484
29-11-2019,45.290000915527344,45.33000183105469,3491500,45.56999969482422,45.47999954223633,41.43107223510742
02-12-2019,44.7599983215332,45.2599983215332,2874700,45.34000015258789,44.93000030517578,40.93003463745117
03-12-2019,44.16999816894531,44.220001220703125,2641900,44.66999816894531,44.650001525878906,40.674964904785156
04-12-2019,44.5,44.5099983215332,3053900,45.11000061035156,45.06999969482422,41.05757141113281
05-12-2019,44.849998474121094,45.099998474121094,4666700,45.22999954223633,45.209999084472656,41.18510437011719
06-12-2019,45.27000045776367,45.400001525878906,2550100,45.56999969482422,45.5099983215332,41.45840072631836
09-12-2019,45.4900016784668,45.599998474121094,3592000,45.66999816894531,45.630001068115234,41.56771469116211
10-12-2019,45.83000183105469,46.0,2260900,46.18000030517578,46.150001525878906,42.04142761230469
11-12-2019,46.130001068115234,46.25,2106100,46.43000030517578,46.290000915527344,42.16896057128906
12-12-2019,45.779998779296875,45.900001525878906,2451300,46.22999954223633,45.93000030517578,41.84101104736328
13-12-2019,45.939998626708984,46.16999816894531,2397900,46.38999938964844,45.97999954223633,41.88655471801758
16-12-2019,46.779998779296875,47.13999938964844,3868300,47.2599983215332,46.880001068115234,42.7064323425293
17-12-2019,46.369998931884766,46.439998626708984,2132500,46.7400016784668,46.63999938964844,42.48780059814453
18-12-2019,46.560001373291016,46.560001373291016,2368200,46.91999816894531,46.880001068115234,42.7064323425293
19-12-2019,46.7599983215332,47.02000045776367,1827000,47.11000061035156,47.0099983215332,42.824859619140625
20-12-2019,47.220001220703125,47.36000061035156,2710300,47.459999084472656,47.31999969482422,43.107261657714844
23-12-2019,46.72999954223633,46.900001525878906,2131200,47.029998779296875,46.849998474121094,42.67910385131836
24-12-2019,46.77000045776367,46.88999938964844,655400,46.93000030517578,46.900001525878906,42.72465896606445
26-12-2019,46.83000183105469,46.959999084472656,1157800,46.9900016784668,46.90999984741211,42.733760833740234
27-12-2019,47.2599983215332,47.540000915527344,2086400,47.56999969482422,47.290000915527344,43.07992935180664
30-12-2019,46.939998626708984,47.45000076293945,1594700,47.459999084472656,47.08000183105469,42.88862228393555
31-12-2019,46.77000045776367,46.77000045776367,2059400,47.04999923706055,46.9900016784668,42.806636810302734
02-01-2020,46.66999816894531,46.810001373291016,2462400,46.9900016784668,46.91999816894531,42.74286651611328
03-01-2020,46.279998779296875,46.310001373291016,2149100,46.779998779296875,46.47999954223633,42.342044830322266
06-01-2020,46.41999816894531,46.41999816894531,2034500,46.58000183105469,46.5,42.360267639160156
07-01-2020,46.040000915527344,46.16999816894531,1718900,46.31999969482422,46.209999084472656,42.0960807800293
08-01-2020,46.16999816894531,46.20000076293945,1766700,46.54999923706055,46.40999984741211,42.27827072143555
09-01-2020,46.5,46.650001525878906,2169400,46.72999954223633,46.650001525878906,42.49690628051758
10-01-2020,46.779998779296875,46.93000030517578,1933300,47.119998931884766,46.790000915527344,42.624446868896484
13-01-2020,46.709999084472656,46.83000183105469,1858000,47.029998779296875,46.95000076293945,42.77020263671875
14-01-2020,46.70000076293945,46.779998779296875,1767700,47.09000015258789,47.040000915527344,42.85219192504883
15-01-2020,47.459999084472656,47.47999954223633,2196700,47.790000915527344,47.61000061035156,43.37144470214844
16-01-2020,46.93000030517578,47.060001373291016,3086300,47.349998474121094,47.15999984741211,42.96150588989258
17-01-2020,47.79999923706055,48.150001525878906,3286700,48.220001220703125,47.88999938964844,43.62651824951172
21-01-2020,47.470001220703125,47.65999984741211,3622400,47.91999816894531,47.5,43.27123260498047
22-01-2020,47.599998474121094,47.83000183105469,2608500,47.84000015258789,47.790000915527344,43.535423278808594
23-01-2020,47.54999923706055,47.93000030517578,3319800,47.95000076293945,47.81999969482422,43.562747955322266
24-01-2020,47.22999954223633,48.22999954223633,6967900,48.25,47.22999954223633,43.025272369384766
27-01-2020,46.36000061035156,46.459999084472656,3583200,46.75,46.47999954223633,42.342044830322266
28-01-2020,46.38999938964844,46.41999816894531,2989600,46.81999969482422,46.79999923706055,42.63356018066406
29-01-2020,46.970001220703125,47.08000183105469,2207800,47.22999954223633,47.189998626708984,42.98883056640625
30-01-2020,46.83000183105469,46.939998626708984,2180900,47.04999923706055,46.97999954223633,42.79753112792969
31-01-2020,46.68000030517578,47.20000076293945,3258300,47.22999954223633,46.79999923706055,42.63356018066406
03-02-2020,46.709999084472656,46.88999938964844,2517700,47.11000061035156,46.72999954223633,42.569786071777344
04-02-2020,47.099998474121094,47.119998931884766,2584800,47.36000061035156,47.119998931884766,42.925071716308594
05-02-2020,44.959999084472656,46.0099983215332,9638500,46.36000061035156,45.06999969482422,41.05757141113281
06-02-2020,43.540000915527344,44.06999969482422,6782500,44.220001220703125,44.13999938964844,40.210365295410156
07-02-2020,43.900001525878906,43.9900016784668,4307800,44.119998931884766,43.95000076293945,40.03728103637695
10-02-2020,44.20000076293945,44.25,2296000,44.650001525878906,44.61000061035156,40.63852310180664
11-02-2020,44.209999084472656,44.43000030517578,3783800,44.470001220703125,44.41999816894531,40.465431213378906
12-02-2020,43.95000076293945,44.189998626708984,3180200,44.22999954223633,44.22999954223633,40.292354583740234
13-02-2020,43.47999954223633,43.599998474121094,2885100,44.029998779296875,43.779998779296875,39.882415771484375
14-02-2020,43.45000076293945,43.529998779296875,3229300,43.81999969482422,43.7400016784668,39.845977783203125
18-02-2020,43.310001373291016,43.31999969482422,5464100,43.689998626708984,43.54999923706055,39.67288589477539
19-02-2020,43.47999954223633,43.54999923706055,3540400,43.790000915527344,43.4900016784668,39.61823272705078
20-02-2020,42.5099983215332,42.689998626708984,4878600,42.959999084472656,42.7599983215332,39.49722671508789
21-02-2020,42.7599983215332,42.81999969482422,3832900,43.20000076293945,43.08000183105469,39.79281234741211
24-02-2020,41.880001068115234,42.20000076293945,4794100,42.560001373291016,41.91999816894531,38.7213249206543
25-02-2020,41.400001525878906,42.08000183105469,4105100,42.08000183105469,41.47999954223633,38.31489944458008
26-02-2020,41.72999954223633,41.790000915527344,3025400,42.380001068115234,41.900001525878906,38.702850341796875
27-02-2020,41.529998779296875,41.88999938964844,5460800,42.380001068115234,41.59000015258789,38.41650390625
28-02-2020,39.38999938964844,40.09000015258789,11107700,40.54999923706055,40.529998779296875,37.4373893737793
02-03-2020,41.0,41.08000183105469,10632600,42.560001373291016,42.54999923706055,39.303253173828125
03-03-2020,41.040000915527344,42.310001373291016,8499400,42.52000045776367,41.29999923706055,38.14863204956055
04-03-2020,42.08000183105469,42.27000045776367,5179800,43.38999938964844,43.349998474121094,40.04220962524414
05-03-2020,42.15999984741211,42.16999816894531,5202800,42.869998931884766,42.59000015258789,39.34020233154297
06-03-2020,41.4900016784668,41.63999938964844,5125500,42.470001220703125,42.380001068115234,39.14622116088867
09-03-2020,40.58000183105469,41.0,7119200,41.869998931884766,40.720001220703125,37.612892150878906
10-03-2020,39.599998474121094,40.95000076293945,8875700,41.33000183105469,41.02000045776367,37.88999938964844
11-03-2020,39.58000183105469,40.15999984741211,8864100,40.470001220703125,39.869998931884766,36.8277473449707
12-03-2020,35.619998931884766,36.779998779296875,10242900,37.20000076293945,36.5099983215332,33.724124908447266
13-03-2020,34.880001068115234,36.81999969482422,8672200,37.849998474121094,37.849998474121094,34.96187973022461
16-03-2020,33.31999969482422,33.650001525878906,9431100,35.41999816894531,33.66999816894531,31.100831985473633
17-03-2020,34.36000061035156,34.61000061035156,6324800,37.0,36.849998474121094,34.03819274902344
18-03-2020,33.33000183105469,33.709999084472656,7556000,35.380001068115234,34.279998779296875,31.664289474487305
19-03-2020,32.81999969482422,33.290000915527344,9060300,34.97999954223633,33.65999984741211,31.091598510742188
20-03-2020,33.25,34.310001373291016,7013400,34.790000915527344,33.34000015258789,30.796016693115234
23-03-2020,31.43000030517578,32.72999954223633,7672900,33.119998931884766,31.850000381469727,29.419710159301758
24-03-2020,32.880001068115234,33.54999923706055,7154600,34.06999969482422,34.0,31.405649185180664
25-03-2020,34.09000015258789,34.41999816894531,7050900,35.86000061035156,35.41999816894531,32.71730422973633
26-03-2020,35.41999816894531,35.41999816894531,5785900,37.38999938964844,37.25,34.40766525268555
27-03-2020,35.380001068115234,35.65999984741211,6089700,37.15999984741211,36.439998626708984,33.65946960449219
30-03-2020,36.72999954223633,36.83000183105469,5506600,37.63999938964844,37.599998474121094,34.73095703125
31-03-2020,37.34000015258789,37.45000076293945,5203200,38.41999816894531,37.88999938964844,34.99882888793945
01-04-2020,37.040000915527344,37.060001373291016,3653900,37.7599983215332,37.220001220703125,34.37995910644531
02-04-2020,36.66999816894531,37.029998779296875,3544800,37.810001373291016,37.70000076293945,34.823333740234375
03-04-2020,36.72999954223633,37.0,4358400,37.380001068115234,37.13999938964844,34.306060791015625
06-04-2020,37.369998931884766,37.40999984741211,4134800,38.04999923706055,37.90999984741211,35.017303466796875
07-04-2020,37.529998779296875,38.400001525878906,4121400,38.400001525878906,37.529998779296875,34.666297912597656
08-04-2020,37.459999084472656,37.779998779296875,2754100,38.33000183105469,38.08000183105469,35.17433547973633
09-04-2020,38.630001068115234,39.16999816894531,7976700,39.2400016784668,38.880001068115234,35.91328811645508
13-04-2020,38.689998626708984,38.900001525878906,2411600,39.189998626708984,38.939998626708984,35.96870803833008
14-04-2020,39.36000061035156,39.4900016784668,5908400,40.43000030517578,40.380001068115234,37.29883575439453
15-04-2020,39.459999084472656,39.70000076293945,3286400,40.290000915527344,39.81999969482422,36.78156280517578
16-04-2020,40.81999969482422,40.93000030517578,5748100,41.900001525878906,41.79999923706055,38.61048126220703
17-04-2020,41.689998626708984,42.29999923706055,4832000,42.38999938964844,42.06999969482422,38.85988235473633
20-04-2020,41.720001220703125,41.81999969482422,3304300,42.38999938964844,41.720001220703125,38.536590576171875
21-04-2020,40.970001220703125,41.45000076293945,3569100,41.70000076293945,41.20000076293945,38.05626678466797
22-04-2020,41.380001068115234,41.709999084472656,3700400,42.040000915527344,41.90999984741211,38.71208572387695
23-04-2020,42.099998474121094,42.099998474121094,3639400,42.66999816894531,42.209999084472656,38.989192962646484
24-04-2020,42.08000183105469,42.439998626708984,3694500,42.59000015258789,42.5,39.2570686340332
27-04-2020,42.540000915527344,42.58000183105469,2624800,42.970001220703125,42.630001068115234,39.37715148925781
28-04-2020,42.0099983215332,42.959999084472656,3401300,42.970001220703125,42.09000015258789,38.87835693359375
29-04-2020,41.83000183105469,42.40999984741211,4403900,42.47999954223633,41.849998474121094,38.65665817260742
30-04-2020,41.88999938964844,42.900001525878906,3477900,42.939998626708984,42.06999969482422,38.85988235473633
01-05-2020,40.630001068115234,41.150001525878906,3253200,41.2400016784668,41.209999084472656,38.065494537353516
04-05-2020,41.630001068115234,41.83000183105469,3823100,42.15999984741211,42.150001525878906,38.933773040771484
05-05-2020,41.91999816894531,42.380001068115234,3935000,42.470001220703125,41.9900016784668,38.78599166870117
06-05-2020,42.150001525878906,42.290000915527344,3808300,42.709999084472656,42.38999938964844,39.15546417236328
07-05-2020,41.34000015258789,41.849998474121094,3053300,41.91999816894531,41.70000076293945,38.51811218261719
08-05-2020,41.689998626708984,41.75,1629300,42.099998474121094,41.90999984741211,38.71208572387695
11-05-2020,41.38999938964844,41.439998626708984,2903500,42.2400016784668,42.06999969482422,38.85988235473633
12-05-2020,41.97999954223633,42.2599983215332,3861700,42.66999816894531,42.209999084472656,38.989192962646484
13-05-2020,42.540000915527344,42.65999984741211,5029500,43.18000030517578,42.7400016784668,39.478755950927734
14-05-2020,40.5,40.93000030517578,4829100,41.2400016784668,40.86000061035156,38.16366958618164
15-05-2020,40.459999084472656,40.599998474121094,2550700,40.9900016784668,40.90999984741211,38.21036911010742
18-05-2020,41.279998779296875,41.43000030517578,5614100,41.75,41.279998779296875,38.55595016479492
19-05-2020,40.900001525878906,41.2599983215332,3496000,41.61000061035156,40.93000030517578,38.22904586791992
20-05-2020,41.189998626708984,41.869998931884766,3304300,41.88999938964844,41.310001373291016,38.58397674560547
21-05-2020,40.810001373291016,41.27000045776367,2282900,41.369998931884766,41.029998779296875,38.322452545166016
22-05-2020,40.4900016784668,40.59000015258789,1619400,41.09000015258789,40.88999938964844,38.191688537597656
26-05-2020,40.650001525878906,40.90999984741211,2031900,41.16999816894531,40.75,38.06093215942383
27-05-2020,40.290000915527344,40.689998626708984,2614500,40.97999954223633,40.939998626708984,38.23838424682617
28-05-2020,41.34000015258789,41.65999984741211,2925500,42.029998779296875,41.540000915527344,38.79879379272461
29-05-2020,41.08000183105469,41.790000915527344,3696000,41.959999084472656,41.91999816894531,39.15372085571289
01-06-2020,41.540000915527344,41.630001068115234,2187100,41.88999938964844,41.849998474121094,39.08833694458008
02-06-2020,41.54999923706055,41.689998626708984,1993700,42.060001373291016,42.029998779296875,39.25646209716797
03-06-2020,42.06999969482422,42.189998626708984,2638800,42.31999969482422,42.119998931884766,39.34052276611328
04-06-2020,41.599998474121094,41.7400016784668,2802300,42.130001068115234,41.650001525878906,38.90153503417969
05-06-2020,41.619998931884766,41.72999954223633,2779000,42.06999969482422,41.70000076293945,38.948238372802734
08-06-2020,41.77000045776367,42.0,5348700,42.369998931884766,42.369998931884766,39.57402420043945
09-06-2020,41.869998931884766,42.18000030517578,2937300,42.279998779296875,41.880001068115234,39.116363525390625
10-06-2020,42.25,42.65999984741211,3428300,42.77000045776367,42.40999984741211,39.61138153076172
11-06-2020,40.209999084472656,41.83000183105469,3837600,41.86000061035156,40.209999084472656,37.55656433105469
12-06-2020,39.86000061035156,40.939998626708984,4365600,41.060001373291016,40.41999816894531,37.75270080566406
15-06-2020,39.810001373291016,40.22999954223633,4211600,40.91999816894531,40.720001220703125,38.03290939331055
16-06-2020,40.869998931884766,41.540000915527344,4449100,41.58000183105469,41.31999969482422,38.59331512451172
17-06-2020,41.77000045776367,41.91999816894531,2895100,42.029998779296875,41.83000183105469,39.06966781616211
18-06-2020,40.84000015258789,41.16999816894531,1918000,41.31999969482422,40.95000076293945,38.24773406982422
19-06-2020,40.7599983215332,41.310001373291016,2284300,41.43000030517578,41.099998474121094,38.38783264160156
22-06-2020,41.0,41.43000030517578,2218100,41.47999954223633,41.220001220703125,38.49991226196289
23-06-2020,41.470001220703125,41.599998474121094,2381700,42.150001525878906,41.59000015258789,38.845497131347656
24-06-2020,40.560001373291016,41.040000915527344,2305300,41.34000015258789,40.66999816894531,37.9862060546875
25-06-2020,40.540000915527344,40.810001373291016,1886900,41.150001525878906,41.119998931884766,38.40650939941406
26-06-2020,40.470001220703125,41.380001068115234,2567800,41.47999954223633,40.54999923706055,37.87412643432617
29-06-2020,40.630001068115234,41.02000045776367,2373300,41.06999969482422,40.75,38.06093215942383
30-06-2020,40.189998626708984,40.29999923706055,2322700,40.91999816894531,40.790000915527344,38.098289489746094
01-07-2020,40.529998779296875,40.709999084472656,2473700,41.119998931884766,40.86000061035156,38.16366958618164
02-07-2020,40.95000076293945,41.150001525878906,2713900,41.279998779296875,41.220001220703125,38.49991226196289
06-07-2020,40.83000183105469,40.849998474121094,2162800,41.31999969482422,41.0099983215332,38.303768157958984
07-07-2020,40.2599983215332,40.290000915527344,2064900,40.83000183105469,40.380001068115234,37.7153434753418
08-07-2020,40.380001068115234,40.56999969482422,2253800,40.790000915527344,40.72999954223633,38.04224395751953
09-07-2020,40.119998931884766,40.790000915527344,2770600,41.0,40.369998931884766,37.70600509643555
10-07-2020,39.349998474121094,40.06999969482422,3433700,40.16999816894531,39.90999984741211,37.27635955810547
13-07-2020,39.970001220703125,40.150001525878906,3284400,40.66999816894531,40.06999969482422,37.42579650878906
14-07-2020,40.04999923706055,40.16999816894531,3781100,40.7599983215332,40.70000076293945,38.01422882080078
15-07-2020,41.439998626708984,41.61000061035156,4900700,42.099998474121094,41.95000076293945,39.181739807128906
16-07-2020,41.22999954223633,41.66999816894531,2747000,41.7400016784668,41.4900016784668,38.752098083496094
17-07-2020,41.470001220703125,41.529998779296875,2624600,41.95000076293945,41.81999969482422,39.06032180786133
20-07-2020,41.40999984741211,42.18000030517578,2945300,42.400001525878906,41.58000183105469,38.83615493774414
21-07-2020,41.41999816894531,41.849998474121094,2905000,41.869998931884766,41.56999969482422,38.82681655883789
22-07-2020,41.0,41.36000061035156,2072600,41.54999923706055,41.16999816894531,38.453208923339844
23-07-2020,40.290000915527344,41.27000045776367,4425100,41.290000915527344,40.29999923706055,37.640621185302734
24-07-2020,40.150001525878906,40.369998931884766,3716000,40.5099983215332,40.290000915527344,37.63128662109375
27-07-2020,40.58000183105469,40.68000030517578,3000500,40.9900016784668,40.880001068115234,38.182350158691406
28-07-2020,41.25,41.29999923706055,4145000,41.65999984741211,41.29999923706055,38.57463455200195
29-07-2020,40.16999816894531,41.040000915527344,5061100,41.06999969482422,40.59000015258789,37.9114875793457
30-07-2020,39.619998931884766,39.79999923706055,3566900,40.31999969482422,40.25,37.59392547607422
31-07-2020,40.06999969482422,41.0,5236500,41.04999923706055,40.31999969482422,37.659305572509766
03-08-2020,40.959999084472656,41.06999969482422,2940200,41.54999923706055,41.290000915527344,38.56529235839844
04-08-2020,40.91999816894531,40.970001220703125,2188100,41.31999969482422,41.2400016784668,38.51859664916992
05-08-2020,41.11000061035156,41.59000015258789,2362200,41.65999984741211,41.209999084472656,38.490570068359375
06-08-2020,40.650001525878906,40.939998626708984,2896600,41.08000183105469,40.970001220703125,38.26641082763672
07-08-2020,40.56999969482422,40.61000061035156,2948300,40.849998474121094,40.790000915527344,38.098289489746094
10-08-2020,40.709999084472656,41.0,2171400,41.02000045776367,40.939998626708984,38.23838424682617
11-08-2020,41.209999084472656,41.5,2881500,41.529998779296875,41.290000915527344,38.56529235839844
12-08-2020,41.869998931884766,41.939998626708984,3314000,42.400001525878906,42.15999984741211,39.37788391113281
13-08-2020,41.11000061035156,41.52000045776367,2853300,41.560001373291016,41.189998626708984,38.92521667480469
14-08-2020,40.439998626708984,40.540000915527344,3258800,40.779998779296875,40.54999923706055,38.32040786743164
17-08-2020,40.709999084472656,40.709999084472656,2691100,41.25,41.130001068115234,38.8685188293457
18-08-2020,40.91999816894531,41.220001220703125,1989500,41.25,41.09000015258789,38.830718994140625
19-08-2020,40.720001220703125,41.31999969482422,1635100,41.31999969482422,40.7400016784668,38.49996566772461
20-08-2020,40.40999984741211,40.619998931884766,1867200,40.689998626708984,40.59000015258789,38.358211517333984
21-08-2020,39.86000061035156,40.0,2218100,40.2400016784668,40.209999084472656,37.99910354614258
24-08-2020,40.02000045776367,40.560001373291016,3578500,40.61000061035156,40.2400016784668,38.02745819091797
25-08-2020,40.029998779296875,40.380001068115234,1910100,40.45000076293945,40.13999938964844,37.932952880859375
26-08-2020,39.91999816894531,40.02000045776367,1691200,40.209999084472656,40.209999084472656,37.99910354614258
27-08-2020,39.619998931884766,40.22999954223633,2501300,40.25,39.75,37.564395904541016
28-08-2020,39.349998474121094,39.72999954223633,2110300,39.7400016784668,39.599998474121094,37.42264175415039
31-08-2020,39.4900016784668,39.59000015258789,2154600,39.93000030517578,39.599998474121094,37.42264175415039
01-09-2020,38.709999084472656,39.29999923706055,3711700,39.349998474121094,38.959999084472656,36.81783676147461
02-09-2020,39.400001525878906,39.5,2842700,39.939998626708984,39.900001525878906,37.70615005493164
03-09-2020,38.810001373291016,39.869998931884766,2763800,39.959999084472656,39.0099983215332,36.86508560180664
04-09-2020,37.97999954223633,38.91999816894531,3770800,39.02000045776367,38.470001220703125,36.354774475097656
08-09-2020,38.81999969482422,39.13999938964844,3045900,39.349998474121094,38.970001220703125,36.82728576660156
09-09-2020,39.75,39.93000030517578,3274000,40.130001068115234,39.75,37.564395904541016
10-09-2020,38.70000076293945,39.470001220703125,2627000,39.599998474121094,38.77000045776367,36.63827896118164
11-09-2020,38.849998474121094,39.099998474121094,2135400,39.209999084472656,39.11000061035156,36.95958709716797
14-09-2020,39.02000045776367,39.150001525878906,1527200,39.25,39.08000183105469,36.931236267089844
15-09-2020,39.22999954223633,39.439998626708984,1755800,39.619998931884766,39.27000045776367,37.11078643798828
16-09-2020,39.38999938964844,39.45000076293945,2089300,39.709999084472656,39.41999816894531,37.252540588378906
17-09-2020,39.25,39.43000030517578,2611900,39.7400016784668,39.470001220703125,37.2997932434082
18-09-2020,39.18000030517578,39.779998779296875,3683900,39.779998779296875,39.2599983215332,37.10133361816406
21-09-2020,37.70000076293945,38.529998779296875,4420800,38.54999923706055,38.209999084472656,36.10906982421875
22-09-2020,37.70000076293945,37.95000076293945,3299300,38.130001068115234,38.0,35.910614013671875
23-09-2020,37.75,38.61000061035156,3331700,38.630001068115234,37.790000915527344,35.712162017822266
24-09-2020,37.09000015258789,37.58000183105469,3502900,37.650001525878906,37.380001068115234,35.324710845947266
25-09-2020,37.290000915527344,37.310001373291016,3275200,37.810001373291016,37.79999923706055,35.721614837646484
28-09-2020,37.779998779296875,37.84000015258789,3012800,38.15999984741211,37.86000061035156,35.778316497802734
29-09-2020,37.27000045776367,37.599998474121094,2868200,37.86000061035156,37.43000030517578,35.37195587158203
30-09-2020,37.5,38.11000061035156,3739700,38.119998931884766,37.63999938964844,35.570411682128906
01-10-2020,36.97999954223633,37.61000061035156,3882900,37.70000076293945,37.13999938964844,35.097904205322266
02-10-2020,37.09000015258789,37.15999984741211,3344600,37.47999954223633,37.2400016784668,35.19240951538086
05-10-2020,37.369998931884766,37.380001068115234,2393000,37.79999923706055,37.689998626708984,35.6176643371582
06-10-2020,36.720001220703125,37.470001220703125,4072500,37.52000045776367,36.810001373291016,34.786048889160156
07-10-2020,36.5,36.63999938964844,3748300,36.7599983215332,36.59000015258789,34.57814407348633
08-10-2020,36.869998931884766,36.91999816894531,3299000,37.25,37.15999984741211,35.11680221557617
09-10-2020,37.47999954223633,37.58000183105469,3865200,37.88999938964844,37.56999969482422,35.5042610168457
12-10-2020,37.380001068115234,37.70000076293945,3551600,37.70000076293945,37.560001373291016,35.49481201171875
13-10-2020,37.06999969482422,37.4900016784668,5022300,37.66999816894531,37.189998626708984,35.14514923095703
14-10-2020,37.0099983215332,37.459999084472656,2933800,37.4900016784668,37.209999084472656,35.16405487060547
15-10-2020,35.709999084472656,35.9900016784668,6908000,36.119998931884766,35.97999954223633,34.00168991088867
16-10-2020,36.400001525878906,36.459999084472656,3950300,36.72999954223633,36.56999969482422,34.55924606323242
19-10-2020,36.08000183105469,36.619998931884766,3486800,36.77000045776367,36.18000030517578,34.19069290161133
20-10-2020,35.779998779296875,36.16999816894531,5306000,36.2400016784668,36.040000915527344,34.058387756347656
21-10-2020,35.310001373291016,35.68000030517578,7760100,35.900001525878906,35.349998474121094,33.40632629394531
22-10-2020,34.88999938964844,35.220001220703125,6901800,35.2599983215332,35.09000015258789,33.16061782836914
23-10-2020,34.97999954223633,35.40999984741211,5153600,35.5099983215332,35.290000915527344,33.34962463378906
26-10-2020,34.9900016784668,35.43000030517578,3600000,35.459999084472656,35.220001220703125,33.28347396850586
27-10-2020,35.310001373291016,35.459999084472656,6664700,35.779998779296875,35.349998474121094,33.40632629394531
28-10-2020,33.869998931884766,34.65999984741211,7482800,34.70000076293945,33.95000076293945,32.08330535888672
29-10-2020,33.47999954223633,33.939998626708984,6562100,34.130001068115234,33.959999084472656,32.092750549316406
30-10-2020,33.2599983215332,33.47999954223633,5682500,33.72999954223633,33.41999816894531,31.582439422607422
02-11-2020,34.02000045776367,34.20000076293945,4582000,34.43000030517578,34.400001525878906,32.50856018066406
03-11-2020,35.040000915527344,35.09000015258789,6187300,35.47999954223633,35.2599983215332,33.32127380371094
04-11-2020,36.310001373291016,36.34000015258789,10922000,37.119998931884766,36.56999969482422,34.55924606323242
05-11-2020,36.689998626708984,37.38999938964844,6602400,37.43000030517578,36.79999923706055,34.77659606933594
06-11-2020,36.75,37.08000183105469,4755200,37.150001525878906,36.84000015258789,34.81439971923828
09-11-2020,37.459999084472656,37.9900016784668,6280400,38.02000045776367,37.4900016784668,35.42866134643555
10-11-2020,38.540000915527344,39.06999969482422,6190900,39.13999938964844,38.83000183105469,36.69498062133789
11-11-2020,38.68000030517578,38.90999984741211,7565200,39.27000045776367,39.16999816894531,37.01628494262695
12-11-2020,37.66999816894531,37.9900016784668,4168000,38.16999816894531,37.75,36.131893157958984
13-11-2020,37.779998779296875,37.779998779296875,3449000,38.29999923706055,38.29999923706055,36.65831756591797
16-11-2020,37.900001525878906,38.40999984741211,5164700,38.540000915527344,38.060001373291016,36.42860794067383
17-11-2020,37.029998779296875,37.279998779296875,9395700,37.5,37.150001525878906,35.557613372802734
18-11-2020,36.52000045776367,37.33000183105469,10821500,37.349998474121094,36.56999969482422,35.002471923828125
19-11-2020,36.849998474121094,37.16999816894531,5340500,37.220001220703125,37.13999938964844,35.548038482666016
20-11-2020,36.880001068115234,37.13999938964844,4273900,37.20000076293945,37.029998779296875,35.442752838134766
23-11-2020,36.47999954223633,36.90999984741211,5734400,36.91999816894531,36.7400016784668,35.16518783569336
24-11-2020,36.720001220703125,36.77000045776367,4958600,37.209999084472656,37.09000015258789,35.50018310546875
25-11-2020,36.79999923706055,36.91999816894531,3636700,37.25,37.22999954223633,35.634185791015625
27-11-2020,36.849998474121094,36.91999816894531,2804400,37.209999084472656,37.06999969482422,35.481040954589844
30-11-2020,36.72999954223633,37.31999969482422,7418700,37.349998474121094,36.790000915527344,35.213043212890625
01-12-2020,37.09000015258789,37.119998931884766,5832600,37.58000183105469,37.52000045776367,35.9117546081543
02-12-2020,37.279998779296875,37.279998779296875,4170300,37.63999938964844,37.400001525878906,35.796897888183594
03-12-2020,37.08000183105469,37.31999969482422,5785600,37.41999816894531,37.27000045776367,35.67246627807617
04-12-2020,37.47999954223633,37.650001525878906,4021500,37.86000061035156,37.5,35.892608642578125
07-12-2020,37.31999969482422,37.599998474121094,3842000,37.70000076293945,37.560001373291016,35.95003890991211
08-12-2020,37.20000076293945,37.220001220703125,3467200,37.83000183105469,37.63999938964844,36.026611328125
09-12-2020,37.52000045776367,37.849998474121094,5054000,37.880001068115234,37.84000015258789,36.21803665161133
10-12-2020,37.81999969482422,37.869998931884766,3419700,38.15999984741211,37.970001220703125,36.342464447021484
11-12-2020,37.459999084472656,37.77000045776367,4246600,37.849998474121094,37.59000015258789,35.97875213623047
14-12-2020,36.83000183105469,37.65999984741211,6061800,37.66999816894531,36.83000183105469,35.2513313293457
15-12-2020,36.56999969482422,36.90999984741211,5356000,36.93000030517578,36.81999969482422,35.24176025390625
16-12-2020,36.869998931884766,37.09000015258789,3476300,37.18000030517578,36.880001068115234,35.29918670654297
17-12-2020,37.130001068115234,37.40999984741211,3565300,37.470001220703125,37.34000015258789,35.73946762084961
18-12-2020,36.77000045776367,37.189998626708984,5842400,37.22999954223633,37.0099983215332,35.42361068725586
21-12-2020,35.79999923706055,36.04999923706055,4164300,36.290000915527344,36.220001220703125,34.667476654052734
22-12-2020,35.97999954223633,36.119998931884766,3837700,36.279998779296875,36.09000015258789,34.54304504394531
23-12-2020,36.18000030517578,36.400001525878906,2683500,36.47999954223633,36.22999954223633,34.67704391479492
24-12-2020,36.02000045776367,36.36000061035156,1293300,36.36000061035156,36.13999938964844,34.590904235839844
28-12-2020,36.16999816894531,36.790000915527344,2876300,36.790000915527344,36.290000915527344,34.734474182128906
29-12-2020,36.86000061035156,37.209999084472656,4666300,37.380001068115234,36.97999954223633,35.394893646240234
30-12-2020,36.900001525878906,37.16999816894531,3076800,37.2400016784668,37.040000915527344,35.45232391357422
31-12-2020,36.470001220703125,36.810001373291016,2783200,36.86000061035156,36.79999923706055,35.22261047363281
04-01-2021,37.31999969482422,37.720001220703125,4826800,37.79999923706055,37.7400016784668,36.12232208251953
05-01-2021,37.33000183105469,37.630001068115234,3449000,37.7400016784668,37.68000030517578,36.06489181518555
06-01-2021,38.11000061035156,38.119998931884766,4372600,38.66999816894531,38.31999969482422,36.67746353149414
07-01-2021,37.849998474121094,37.93000030517578,3703500,38.220001220703125,38.06999969482422,36.438175201416016
08-01-2021,38.0099983215332,38.130001068115234,3361600,38.47999954223633,38.34000015258789,36.69660186767578
11-01-2021,37.810001373291016,37.81999969482422,4104800,38.099998474121094,37.93000030517578,36.304176330566406
12-01-2021,37.27000045776367,37.81999969482422,6253400,37.900001525878906,37.459999084472656,35.85432434082031
13-01-2021,37.560001373291016,37.619998931884766,3934000,37.84000015258789,37.68000030517578,36.06489181518555
14-01-2021,37.77000045776367,37.95000076293945,3326500,38.38999938964844,38.15999984741211,36.52431869506836
15-01-2021,38.209999084472656,38.40999984741211,3100900,38.65999984741211,38.470001220703125,36.8210334777832
19-01-2021,38.369998931884766,38.619998931884766,4135500,38.65999984741211,38.540000915527344,36.888031005859375
20-01-2021,37.75,37.959999084472656,7736700,38.150001525878906,38.02000045776367,36.39031982421875
21-01-2021,37.560001373291016,37.95000076293945,4304400,37.970001220703125,37.779998779296875,36.160606384277344
22-01-2021,37.47999954223633,37.63999938964844,5397800,38.52000045776367,38.36000061035156,36.71574783325195
25-01-2021,38.36000061035156,38.40999984741211,3915500,38.970001220703125,38.91999816894531,37.251739501953125
26-01-2021,38.959999084472656,39.029998779296875,3825500,39.310001373291016,39.2400016784668,37.55802917480469
27-01-2021,38.13999938964844,38.79999923706055,4903800,38.84000015258789,38.18000030517578,36.54346466064453
28-01-2021,38.02000045776367,38.20000076293945,3692500,38.4900016784668,38.029998779296875,36.3998908996582
29-01-2021,37.040000915527344,37.560001373291016,5113900,37.83000183105469,37.25,35.653324127197266
01-02-2021,37.2599983215332,37.56999969482422,3010800,37.599998474121094,37.34000015258789,35.73946762084961
02-02-2021,37.41999816894531,37.63999938964844,3827300,37.70000076293945,37.59000015258789,35.97875213623047
03-02-2021,35.310001373291016,36.11000061035156,26058900,36.66999816894531,35.41999816894531,33.901763916015625
04-02-2021,35.18000030517578,35.7400016784668,12525800,35.849998474121094,35.380001068115234,33.86347961425781
05-02-2021,34.779998779296875,35.0,10640400,35.2599983215332,35.2599983215332,33.74862289428711
08-02-2021,35.13999938964844,35.369998931884766,9004100,35.470001220703125,35.459999084472656,33.9400520324707
09-02-2021,35.43000030517578,35.470001220703125,8183700,35.869998931884766,35.75,34.217620849609375
10-02-2021,35.41999816894531,35.79999923706055,5264800,35.84000015258789,35.540000915527344,34.016624450683594
11-02-2021,35.0099983215332,35.310001373291016,7514400,35.38999938964844,35.31999969482422,33.80604934692383
12-02-2021,35.349998474121094,35.439998626708984,5970500,35.81999969482422,35.77000045776367,34.23676300048828
16-02-2021,35.58000183105469,35.849998474121094,8513200,35.900001525878906,35.650001525878906,34.121910095214844
17-02-2021,35.52000045776367,35.599998474121094,7901100,35.97999954223633,35.91999816894531,34.380332946777344
18-02-2021,34.66999816894531,34.900001525878906,7567500,35.0099983215332,34.70000076293945,33.803627014160156
19-02-2021,34.38999938964844,34.65999984741211,7347600,34.65999984741211,34.43000030517578,33.54060363769531
22-02-2021,34.2400016784668,34.540000915527344,6862200,34.58000183105469,34.439998626708984,33.55034255981445
23-02-2021,34.279998779296875,34.650001525878906,7992500,34.70000076293945,34.380001068115234,33.49189376831055
24-02-2021,34.41999816894531,34.5099983215332,6391900,34.75,34.68000030517578,33.78414535522461
25-02-2021,34.2400016784668,34.68000030517578,6108500,34.779998779296875,34.380001068115234,33.49189376831055
26-02-2021,33.529998779296875,34.2400016784668,7642600,34.2400016784668,33.61000061035156,32.74178695678711
01-03-2021,33.68000030517578,33.880001068115234,5473500,33.900001525878906,33.72999954223633,32.85868453979492
02-03-2021,34.060001373291016,34.18000030517578,5657900,34.36000061035156,34.09000015258789,33.209381103515625
03-03-2021,33.849998474121094,34.0,6310400,34.31999969482422,34.2400016784668,33.35551071166992
04-03-2021,33.880001068115234,34.619998931884766,7767700,34.880001068115234,34.279998779296875,33.394474029541016
05-03-2021,34.33000183105469,34.36000061035156,6448400,34.970001220703125,34.90999984741211,34.008201599121094
08-03-2021,34.63999938964844,34.790000915527344,6887100,35.27000045776367,34.970001220703125,34.066654205322266
09-03-2021,35.09000015258789,35.68000030517578,5805000,35.68000030517578,35.099998474121094,34.19329071044922
10-03-2021,35.31999969482422,35.61000061035156,4750000,35.75,35.599998474121094,34.68037414550781
11-03-2021,35.34000015258789,35.36000061035156,4871800,35.70000076293945,35.54999923706055,34.63166809082031
12-03-2021,35.34000015258789,35.439998626708984,5867700,35.54999923706055,35.540000915527344,34.62192916870117
15-03-2021,35.31999969482422,35.61000061035156,6019800,35.88999938964844,35.880001068115234,34.95314407348633
16-03-2021,35.86000061035156,35.90999984741211,5084200,36.41999816894531,36.349998474121094,35.41100311279297
17-03-2021,36.09000015258789,36.43000030517578,6140400,36.439998626708984,36.349998474121094,35.41100311279297
18-03-2021,36.36000061035156,36.40999984741211,4757500,36.7400016784668,36.47999954223633,35.53764343261719
19-03-2021,36.27000045776367,36.400001525878906,3715100,36.65999984741211,36.630001068115234,35.683773040771484
22-03-2021,36.33000183105469,36.34000015258789,3197700,36.7400016784668,36.66999816894531,35.72273635864258
23-03-2021,35.95000076293945,36.25,5362200,36.349998474121094,35.9900016784668,35.060306549072266
24-03-2021,35.5,35.68000030517578,5863500,36.040000915527344,35.869998931884766,34.94340133666992
25-03-2021,35.689998626708984,35.79999923706055,4759000,36.09000015258789,36.06999969482422,35.13823699951172
26-03-2021,35.95000076293945,35.970001220703125,3552800,36.689998626708984,36.66999816894531,35.72273635864258
29-03-2021,36.349998474121094,36.369998931884766,3082400,36.79999923706055,36.689998626708984,35.742218017578125
30-03-2021,36.27000045776367,36.349998474121094,3589200,36.4900016784668,36.369998931884766,35.430484771728516
31-03-2021,35.68000030517578,36.2599983215332,6166100,36.27000045776367,35.689998626708984,34.76805114746094
01-04-2021,35.63999938964844,35.75,7871500,35.91999816894531,35.81999969482422,34.89469528198242
05-04-2021,35.84000015258789,35.86000061035156,6518600,36.22999954223633,36.08000183105469,35.147979736328125
06-04-2021,35.939998626708984,36.11000061035156,8276300,36.209999084472656,36.02000045776367,35.08953094482422
07-04-2021,35.959999084472656,36.22999954223633,3764300,36.33000183105469,36.060001373291016,35.12849807739258
08-04-2021,36.43000030517578,36.52000045776367,4260600,36.66999816894531,36.459999084472656,35.51816177368164
09-04-2021,36.310001373291016,36.349998474121094,3803500,36.66999816894531,36.650001525878906,35.70325469970703
12-04-2021,36.0099983215332,36.040000915527344,7287300,36.20000076293945,36.060001373291016,35.12849807739258
13-04-2021,35.849998474121094,35.9900016784668,3300200,36.20000076293945,36.040000915527344,35.109012603759766
14-04-2021,35.97999954223633,36.279998779296875,4279900,36.31999969482422,36.130001068115234,35.196685791015625
15-04-2021,37.59000015258789,37.65999984741211,20171400,38.2599983215332,37.689998626708984,36.71638870239258
16-04-2021,37.619998931884766,37.810001373291016,7972500,37.900001525878906,37.75,36.774837493896484
19-04-2021,37.66999816894531,37.790000915527344,5082700,38.04999923706055,37.97999954223633,36.998897552490234
20-04-2021,37.45000076293945,37.5,5501300,37.810001373291016,37.70000076293945,36.726131439208984
21-04-2021,37.939998626708984,37.970001220703125,4294200,38.33000183105469,38.25,37.26192092895508
22-04-2021,37.59000015258789,37.810001373291016,5149200,37.95000076293945,37.68000030517578,36.70664596557617
23-04-2021,37.56999969482422,37.619998931884766,4946000,37.779998779296875,37.7400016784668,36.765098571777344
26-04-2021,37.599998474121094,37.779998779296875,3581100,37.869998931884766,37.779998779296875,36.80406188964844
27-04-2021,37.619998931884766,37.77000045776367,3471000,37.869998931884766,37.72999954223633,36.75535583496094
28-04-2021,37.56999969482422,37.630001068115234,2926800,37.81999969482422,37.70000076293945,36.726131439208984
29-04-2021,37.41999816894531,37.79999923706055,3016800,37.84000015258789,37.5,36.53129577636719
30-04-2021,37.310001373291016,37.72999954223633,3389700,37.880001068115234,37.34000015258789,36.375431060791016
03-05-2021,37.369998931884766,37.380001068115234,4074700,37.72999954223633,37.66999816894531,36.696903228759766
04-05-2021,37.43000030517578,37.599998474121094,7518600,37.709999084472656,37.5,36.53129577636719
05-05-2021,37.54999923706055,37.54999923706055,2361200,37.810001373291016,37.779998779296875,36.80406188964844
06-05-2021,37.599998474121094,37.650001525878906,3108400,37.93000030517578,37.90999984741211,36.93070602416992
07-05-2021,38.060001373291016,38.099998474121094,3004000,38.41999816894531,38.349998474121094,37.359336853027344
10-05-2021,38.47999954223633,38.63999938964844,3411100,38.7400016784668,38.529998779296875,37.53468704223633
11-05-2021,37.900001525878906,37.970001220703125,4459100,38.290000915527344,38.189998626708984,37.20347213745117
12-05-2021,38.2400016784668,38.369998931884766,3692600,38.630001068115234,38.34000015258789,37.3495979309082
13-05-2021,38.20000076293945,38.220001220703125,4444000,38.709999084472656,38.65999984741211,37.66133117675781
14-05-2021,38.9900016784668,39.02000045776367,3641800,39.22999954223633,39.08000183105469,38.07048416137695
17-05-2021,39.25,39.25,4702600,39.70000076293945,39.59000015258789,38.56730651855469
18-05-2021,39.54999923706055,39.72999954223633,4470000,39.790000915527344,39.560001373291016,38.5380859375
19-05-2021,39.130001068115234,39.29999923706055,4337100,39.439998626708984,39.25,38.23609161376953
20-05-2021,38.689998626708984,38.720001220703125,2543700,39.130001068115234,39.029998779296875,38.53923034667969
21-05-2021,38.77000045776367,38.93000030517578,3048500,39.029998779296875,38.849998474121094,38.36149215698242
24-05-2021,38.63999938964844,38.869998931884766,4602700,38.970001220703125,38.66999816894531,38.18375778198242
25-05-2021,38.59000015258789,38.849998474121094,2936800,38.86000061035156,38.65999984741211,38.173885345458984
26-05-2021,38.5,38.70000076293945,2832200,38.79999923706055,38.709999084472656,38.2232551574707
27-05-2021,38.189998626708984,38.400001525878906,6302000,38.66999816894531,38.4900016784668,38.00602340698242
28-05-2021,38.5099983215332,38.52000045776367,3873600,38.810001373291016,38.77000045776367,38.282501220703125
01-06-2021,38.27000045776367,38.81999969482422,2952700,38.849998474121094,38.349998474121094,37.86777877807617
02-06-2021,38.349998474121094,38.400001525878906,2931200,38.56999969482422,38.38999938964844,37.90727996826172
03-06-2021,38.33000183105469,38.40999984741211,4298600,38.720001220703125,38.709999084472656,38.2232551574707
04-06-2021,38.75,38.84000015258789,6033800,38.959999084472656,38.900001525878906,38.410865783691406
07-06-2021,38.72999954223633,38.97999954223633,4290300,38.9900016784668,38.75,38.262752532958984
08-06-2021,38.65999984741211,39.09000015258789,2909600,39.11000061035156,38.81999969482422,38.331871032714844
09-06-2021,39.25,39.29999923706055,3345900,39.54999923706055,39.54999923706055,39.05269241333008
10-06-2021,39.84000015258789,39.849998474121094,6527300,40.2400016784668,40.22999954223633,39.72414016723633
11-06-2021,39.97999954223633,40.25,2873800,40.29999923706055,40.150001525878906,39.64514923095703
14-06-2021,40.16999816894531,40.27000045776367,3046400,40.4900016784668,40.4900016784668,39.980873107910156
15-06-2021,40.380001068115234,40.43000030517578,2427700,40.58000183105469,40.56999969482422,40.05986785888672
16-06-2021,40.61000061035156,40.939998626708984,5022200,41.439998626708984,40.65999984741211,40.14873504638672
17-06-2021,40.25,40.470001220703125,2768700,40.650001525878906,40.56999969482422,40.05986785888672
18-06-2021,39.779998779296875,39.970001220703125,9967600,40.130001068115234,39.84000015258789,39.339046478271484
21-06-2021,39.630001068115234,39.779998779296875,3908200,39.90999984741211,39.779998779296875,39.27980041503906
22-06-2021,39.029998779296875,39.5,3606200,39.52000045776367,39.08000183105469,38.58860397338867
23-06-2021,39.7599983215332,40.47999954223633,14933200,40.58000183105469,39.849998474121094,39.34891891479492
24-06-2021,39.529998779296875,39.58000183105469,14114000,39.97999954223633,39.70000076293945,39.2008056640625
25-06-2021,39.599998474121094,39.70000076293945,6246500,39.86000061035156,39.779998779296875,39.27980041503906
28-06-2021,39.849998474121094,39.970001220703125,2418200,40.060001373291016,39.880001068115234,39.378543853759766
29-06-2021,39.86000061035156,39.970001220703125,1837500,40.099998474121094,39.95000076293945,39.447662353515625
30-06-2021,39.650001525878906,39.83000183105469,4975200,39.959999084472656,39.81999969482422,39.319297790527344
01-07-2021,39.900001525878906,39.959999084472656,3907000,40.43000030517578,40.16999816894531,39.664894104003906
02-07-2021,39.9900016784668,40.099998474121094,1923600,40.439998626708984,40.40999984741211,39.901878356933594
06-07-2021,39.90999984741211,40.33000183105469,1941600,40.369998931884766,40.060001373291016,39.55628204345703
07-07-2021,39.959999084472656,40.060001373291016,3025300,40.31999969482422,40.2400016784668,39.7340202331543
08-07-2021,39.619998931884766,39.880001068115234,3057300,40.02000045776367,39.970001220703125,39.46741485595703
09-07-2021,40.0,40.0,3042900,40.27000045776367,40.15999984741211,39.65502166748047
12-07-2021,40.22999954223633,40.25,2857200,40.630001068115234,40.369998931884766,39.86238098144531
13-07-2021,40.290000915527344,40.31999969482422,2840400,40.59000015258789,40.529998779296875,40.02037048339844
14-07-2021,40.22999954223633,40.34000015258789,3251300,40.56999969482422,40.45000076293945,39.941375732421875
15-07-2021,39.56999969482422,39.970001220703125,4034600,40.0099983215332,39.619998931884766,39.12181091308594
16-07-2021,39.540000915527344,39.70000076293945,4073800,39.959999084472656,39.849998474121094,39.34891891479492
19-07-2021,38.9900016784668,39.13999938964844,4834700,39.33000183105469,39.29999923706055,38.80583572387695
20-07-2021,38.869998931884766,38.95000076293945,6313200,39.33000183105469,39.09000015258789,38.59847640991211
21-07-2021,39.099998474121094,39.380001068115234,5783300,39.400001525878906,39.31999969482422,38.825584411621094
22-07-2021,39.20000076293945,39.369998931884766,5949000,39.459999084472656,39.22999954223633,38.736717224121094
23-07-2021,39.380001068115234,39.5,3755800,39.599998474121094,39.5099983215332,39.0131950378418
26-07-2021,38.9900016784668,39.18000030517578,3033300,39.2400016784668,39.02000045776367,38.52935791015625
27-07-2021,39.0,39.18000030517578,4152600,39.56999969482422,39.52000045776367,39.0230712890625
28-07-2021,38.93000030517578,39.099998474121094,4476700,39.61000061035156,39.5,39.00332260131836
29-07-2021,39.849998474121094,40.099998474121094,5388500,40.400001525878906,40.099998474121094,39.59577560424805
30-07-2021,39.939998626708984,40.060001373291016,3635800,40.16999816894531,40.13999938964844,39.63527297973633
02-08-2021,39.70000076293945,39.91999816894531,4951300,40.310001373291016,40.2400016784668,39.7340202331543
03-08-2021,40.2599983215332,40.290000915527344,3549900,40.650001525878906,40.63999938964844,40.12898635864258
04-08-2021,40.349998474121094,40.65999984741211,3853000,40.81999969482422,40.5,39.99074935913086
05-08-2021,40.630001068115234,40.779998779296875,4443600,40.93000030517578,40.91999816894531,40.40546417236328
06-08-2021,40.34000015258789,40.529998779296875,3556600,40.630001068115234,40.40999984741211,39.901878356933594
09-08-2021,40.45000076293945,40.689998626708984,2357000,40.77000045776367,40.58000183105469,40.06974411010742
10-08-2021,40.529998779296875,40.59000015258789,4963600,40.7400016784668,40.650001525878906,40.13886260986328
11-08-2021,41.0,41.20000076293945,3491300,41.20000076293945,41.11000061035156,40.59307861328125
12-08-2021,41.08000183105469,41.18000030517578,2010400,41.33000183105469,41.2599983215332,40.741188049316406
13-08-2021,41.540000915527344,41.58000183105469,2131400,41.97999954223633,41.970001220703125,41.442264556884766
16-08-2021,41.810001373291016,41.810001373291016,2393100,42.18000030517578,42.08000183105469,41.550880432128906
17-08-2021,41.9900016784668,42.0,2843800,42.36000061035156,42.33000183105469,41.79773712158203
18-08-2021,42.119998931884766,42.400001525878906,4081700,42.68000030517578,42.150001525878906,41.62000274658203
19-08-2021,41.630001068115234,41.709999084472656,2874900,42.04999923706055,41.810001373291016,41.810001373291016
20-08-2021,41.65999984741211,41.7400016784668,1928500,42.02000045776367,41.849998474121094,41.849998474121094
23-08-2021,41.45000076293945,41.75,4642400,41.83000183105469,41.4900016784668,41.4900016784668
24-08-2021,40.849998474121094,41.099998474121094,2774700,41.220001220703125,41.029998779296875,41.029998779296875
25-08-2021,40.970001220703125,41.130001068115234,2573500,41.18000030517578,41.11000061035156,41.11000061035156
26-08-2021,40.869998931884766,41.029998779296875,1939800,41.11000061035156,40.95000076293945,40.95000076293945
27-08-2021,40.81999969482422,41.02000045776367,4575200,41.18000030517578,40.81999969482422,40.81999969482422
30-08-2021,40.7599983215332,40.83000183105469,1199600,40.97999954223633,40.90999984741211,40.90999984741211
31-08-2021,40.56999969482422,40.65999984741211,2368900,40.869998931884766,40.7400016784668,40.7400016784668
01-09-2021,40.880001068115234,41.02000045776367,3187200,41.209999084472656,41.11000061035156,41.11000061035156
02-09-2021,41.11000061035156,41.13999938964844,2272800,41.47999954223633,41.43000030517578,41.43000030517578
03-09-2021,41.209999084472656,41.41999816894531,3020600,41.720001220703125,41.61000061035156,41.61000061035156
07-09-2021,40.869998931884766,41.2599983215332,2866100,41.29999923706055,40.939998626708984,40.939998626708984
08-09-2021,40.310001373291016,40.459999084472656,3611600,40.63999938964844,40.52000045776367,40.52000045776367
09-09-2021,39.77000045776367,40.41999816894531,3270400,40.41999816894531,39.779998779296875,39.779998779296875
10-09-2021,39.65999984741211,40.0099983215332,3031900,40.04999923706055,39.75,39.75
13-09-2021,39.619998931884766,40.029998779296875,9308900,40.029998779296875,39.7599983215332,39.7599983215332
14-09-2021,39.33000183105469,39.720001220703125,3026700,39.849998474121094,39.369998931884766,39.369998931884766
15-09-2021,39.060001373291016,39.2599983215332,2833900,39.34000015258789,39.220001220703125,39.220001220703125
16-09-2021,38.790000915527344,39.099998474121094,1888400,39.16999816894531,39.11000061035156,39.11000061035156
17-09-2021,38.56999969482422,38.959999084472656,3460700,39.08000183105469,38.93000030517578,38.93000030517578
20-09-2021,38.310001373291016,38.38999938964844,5066300,39.060001373291016,38.849998474121094,38.849998474121094
21-09-2021,38.959999084472656,39.0,4447600,39.279998779296875,39.08000183105469,39.08000183105469
22-09-2021,39.119998931884766,39.25,4694300,39.650001525878906,39.279998779296875,39.279998779296875
23-09-2021,39.33000183105469,39.439998626708984,4075700,39.61000061035156,39.34000015258789,39.34000015258789
24-09-2021,38.369998931884766,38.540000915527344,4363200,38.70000076293945,38.38999938964844,38.38999938964844
27-09-2021,38.349998474121094,38.5099983215332,2829000,38.66999816894531,38.5,38.5
28-09-2021,37.900001525878906,38.220001220703125,3421300,38.27000045776367,38.04999923706055,38.04999923706055
29-09-2021,38.08000183105469,38.11000061035156,3766200,38.41999816894531,38.33000183105469,38.33000183105469
30-09-2021,38.189998626708984,38.47999954223633,2666800,38.59000015258789,38.209999084472656,38.209999084472656
01-10-2021,37.959999084472656,38.2400016784668,5687300,38.36000061035156,38.130001068115234,38.130001068115234
04-10-2021,38.209999084472656,38.27000045776367,4400200,38.65999984741211,38.40999984741211,38.40999984741211
05-10-2021,38.209999084472656,38.36000061035156,2370700,38.52000045776367,38.220001220703125,38.220001220703125
06-10-2021,37.79999923706055,38.0,4460400,38.20000076293945,38.130001068115234,38.130001068115234
07-10-2021,38.2400016784668,38.290000915527344,2864200,38.83000183105469,38.65999984741211,38.65999984741211
08-10-2021,38.63999938964844,38.79999923706055,5354300,38.9900016784668,38.709999084472656,38.709999084472656
11-10-2021,38.2400016784668,38.540000915527344,3534400,38.630001068115234,38.2400016784668,38.2400016784668
12-10-2021,38.58000183105469,39.20000076293945,7497900,39.2599983215332,38.63999938964844,38.63999938964844
13-10-2021,38.41999816894531,38.41999816894531,5158500,39.040000915527344,38.79999923706055,38.79999923706055
14-10-2021,38.68000030517578,38.90999984741211,4477800,38.939998626708984,38.720001220703125,38.720001220703125
15-10-2021,38.709999084472656,38.77000045776367,3266200,39.029998779296875,39.0099983215332,39.0099983215332
18-10-2021,38.59000015258789,38.81999969482422,2742800,38.849998474121094,38.650001525878906,38.650001525878906
19-10-2021,38.849998474121094,38.880001068115234,3382000,39.349998474121094,39.16999816894531,39.16999816894531
20-10-2021,39.15999984741211,39.25,3452000,39.54999923706055,39.459999084472656,39.459999084472656
21-10-2021,39.279998779296875,39.369998931884766,5206500,39.560001373291016,39.54999923706055,39.54999923706055
22-10-2021,39.59000015258789,39.630001068115234,4841100,39.810001373291016,39.77000045776367,39.77000045776367
25-10-2021,39.65999984741211,39.810001373291016,4330100,39.869998931884766,39.810001373291016,39.810001373291016
26-10-2021,39.86000061035156,39.91999816894531,4943881,40.209999084472656,40.18000030517578,40.18000030517578
