Date,Low,Open,Volume,High,Close,Adjusted Close
21-05-1993,5.111111164093018,5.22226619720459,1863450.0,5.3333330154418945,5.22226619720459,5.22226619720459
24-05-1993,5.111111164093018,5.111111164093018,172575.0,5.22226619720459,5.111111164093018,5.111111164093018
25-05-1993,5.111111164093018,5.111111164093018,80100.0,5.22226619720459,5.111111164093018,5.111111164093018
26-05-1993,5.111111164093018,5.111111164093018,90900.0,5.22226619720459,5.111111164093018,5.111111164093018
27-05-1993,5.111111164093018,5.22226619720459,26325.0,5.22226619720459,5.22226619720459,5.22226619720459
28-05-1993,5.111111164093018,5.111111164093018,76050.0,5.22226619720459,5.111111164093018,5.111111164093018
01-06-1993,5.111111164093018,5.22226619720459,53550.0,5.22226619720459,5.22226619720459,5.22226619720459
02-06-1993,5.111111164093018,5.111111164093018,125775.0,5.22226619720459,5.111111164093018,5.111111164093018
03-06-1993,5.111111164093018,5.111111164093018,168075.0,5.22226619720459,5.111111164093018,5.111111164093018
04-06-1993,4.777822017669678,4.888887882232666,161775.0,5.22226619720459,4.888887882232666,4.888887882232666
07-06-1993,4.777822017669678,4.777822017669678,32625.0,5.0,4.777822017669678,4.777822017669678
08-06-1993,4.666666030883789,4.888887882232666,50850.0,5.0,4.888887882232666,4.888887882232666
09-06-1993,4.666666030883789,4.888887882232666,34425.0,4.888887882232666,4.888887882232666,4.888887882232666
10-06-1993,4.222221851348877,4.444444179534912,118800.0,4.888887882232666,4.444444179534912,4.444444179534912
11-06-1993,4.333376884460449,4.333376884460449,43200.0,4.5555548667907715,4.333376884460449,4.333376884460449
14-06-1993,4.333376884460449,4.333376884460449,30825.0,4.5555548667907715,4.333376884460449,4.333376884460449
15-06-1993,4.333376884460449,4.333376884460449,62550.0,4.5555548667907715,4.333376884460449,4.333376884460449
16-06-1993,4.333376884460449,4.444444179534912,151650.0,4.5555548667907715,4.444444179534912,4.444444179534912
17-06-1993,4.444444179534912,4.444444179534912,98325.0,4.5555548667907715,4.444444179534912,4.444444179534912
18-06-1993,4.444444179534912,4.5555548667907715,76500.0,4.5555548667907715,4.5555548667907715,4.5555548667907715
21-06-1993,4.444444179534912,4.444444179534912,40500.0,4.5555548667907715,4.444444179534912,4.444444179534912
22-06-1993,4.444444179534912,4.444444179534912,35775.0,4.5555548667907715,4.444444179534912,4.444444179534912
23-06-1993,4.5555548667907715,4.777822017669678,201600.0,4.777822017669678,4.777822017669678,4.777822017669678
24-06-1993,4.5555548667907715,4.5555548667907715,20700.0,4.777822017669678,4.5555548667907715,4.5555548667907715
25-06-1993,4.5555548667907715,4.5555548667907715,31275.0,4.777822017669678,4.5555548667907715,4.5555548667907715
28-06-1993,4.5555548667907715,4.5555548667907715,25425.0,4.777822017669678,4.5555548667907715,4.5555548667907715
29-06-1993,4.5555548667907715,4.5555548667907715,59400.0,4.777822017669678,4.5555548667907715,4.5555548667907715
30-06-1993,4.5555548667907715,4.5555548667907715,6750.0,4.5555548667907715,4.5555548667907715,4.5555548667907715
01-07-1993,4.5555548667907715,4.5555548667907715,21600.0,4.833376884460449,4.5555548667907715,4.5555548667907715
02-07-1993,4.5555548667907715,4.5555548667907715,10575.0,4.833376884460449,4.5555548667907715,4.5555548667907715
06-07-1993,4.5555548667907715,4.72226619720459,20925.0,4.833376884460449,4.72226619720459,4.72226619720459
07-07-1993,4.388887882232666,4.666666030883789,135675.0,4.888887882232666,4.666666030883789,4.666666030883789
08-07-1993,4.666666030883789,4.666666030883789,59850.0,4.888887882232666,4.666666030883789,4.666666030883789
09-07-1993,4.777822017669678,4.888887882232666,146925.0,4.888887882232666,4.888887882232666,4.888887882232666
12-07-1993,4.777822017669678,4.777822017669678,24525.0,4.888887882232666,4.777822017669678,4.777822017669678
13-07-1993,4.777822017669678,4.777822017669678,28125.0,4.944444179534912,4.777822017669678,4.777822017669678
14-07-1993,4.777822017669678,4.944444179534912,21825.0,4.944444179534912,4.944444179534912,4.944444179534912
15-07-1993,4.777822017669678,4.777822017669678,15750.0,4.944444179534912,4.777822017669678,4.777822017669678
16-07-1993,4.777822017669678,5.111111164093018,40725.0,5.111111164093018,5.111111164093018,5.111111164093018
19-07-1993,4.777822017669678,4.777822017669678,18225.0,5.111111164093018,4.777822017669678,4.777822017669678
20-07-1993,4.777822017669678,4.777822017669678,30600.0,4.944444179534912,4.777822017669678,4.777822017669678
21-07-1993,4.777822017669678,4.777822017669678,22500.0,4.944444179534912,4.777822017669678,4.777822017669678
22-07-1993,4.777822017669678,4.777822017669678,36450.0,5.111111164093018,4.777822017669678,4.777822017669678
23-07-1993,4.777822017669678,5.111111164093018,117000.0,5.111111164093018,5.111111164093018,5.111111164093018
26-07-1993,4.777822017669678,4.777822017669678,6075.0,5.0,4.777822017669678,4.777822017669678
27-07-1993,4.666666030883789,4.666666030883789,25425.0,4.666666030883789,4.666666030883789,4.666666030883789
28-07-1993,4.666666030883789,4.72226619720459,32850.0,4.944444179534912,4.72226619720459,4.72226619720459
29-07-1993,4.444444179534912,4.444444179534912,42525.0,5.0,4.444444179534912,4.444444179534912
30-07-1993,4.444444179534912,4.5555548667907715,9900.0,4.666666030883789,4.5555548667907715,4.5555548667907715
02-08-1993,4.333376884460449,4.444444179534912,41400.0,4.666666030883789,4.444444179534912,4.444444179534912
03-08-1993,4.444444179534912,4.444444179534912,24525.0,4.666666030883789,4.444444179534912,4.444444179534912
04-08-1993,4.444444179534912,4.666666030883789,77625.0,4.666666030883789,4.666666030883789,4.666666030883789
05-08-1993,4.333376884460449,4.333376884460449,27450.0,4.666666030883789,4.333376884460449,4.333376884460449
06-08-1993,4.333376884460449,4.333376884460449,4950.0,4.611065864562988,4.333376884460449,4.333376884460449
09-08-1993,4.333376884460449,4.333376884460449,46125.0,4.333376884460449,4.333376884460449,4.333376884460449
10-08-1993,4.333376884460449,4.5555548667907715,88875.0,4.5555548667907715,4.5555548667907715,4.5555548667907715
11-08-1993,4.222221851348877,4.222221851348877,18675.0,4.5555548667907715,4.222221851348877,4.222221851348877
12-08-1993,4.222221851348877,4.222221851348877,61875.0,4.5555548667907715,4.222221851348877,4.222221851348877
13-08-1993,4.222221851348877,4.333376884460449,37575.0,4.444444179534912,4.333376884460449,4.333376884460449
16-08-1993,4.333376884460449,4.388887882232666,48600.0,4.5555548667907715,4.388887882232666,4.388887882232666
17-08-1993,4.333376884460449,4.388887882232666,18225.0,4.5555548667907715,4.388887882232666,4.388887882232666
18-08-1993,4.333376884460449,4.5555548667907715,31725.0,4.5555548667907715,4.5555548667907715,4.5555548667907715
19-08-1993,4.5555548667907715,4.777822017669678,286875.0,4.777822017669678,4.777822017669678,4.777822017669678
20-08-1993,4.5555548667907715,4.777822017669678,103950.0,4.777822017669678,4.777822017669678,4.777822017669678
23-08-1993,4.5555548667907715,4.5555548667907715,33075.0,4.777822017669678,4.5555548667907715,4.5555548667907715
24-08-1993,4.5555548667907715,4.5555548667907715,28125.0,4.777822017669678,4.5555548667907715,4.5555548667907715
25-08-1993,4.444444179534912,4.444444179534912,10575.0,4.5555548667907715,4.444444179534912,4.444444179534912
26-08-1993,4.444444179534912,4.777822017669678,45000.0,4.777822017669678,4.777822017669678,4.777822017669678
27-08-1993,4.5555548667907715,4.666666030883789,58725.0,4.777822017669678,4.666666030883789,4.666666030883789
30-08-1993,4.444444179534912,4.444444179534912,15975.0,4.777822017669678,4.444444179534912,4.444444179534912
31-08-1993,4.444444179534912,4.777822017669678,24075.0,4.777822017669678,4.777822017669678,4.777822017669678
01-09-1993,4.444444179534912,4.444444179534912,24300.0,4.777822017669678,4.444444179534912,4.444444179534912
02-09-1993,4.444444179534912,4.5555548667907715,15750.0,4.777822017669678,4.5555548667907715,4.5555548667907715
03-09-1993,4.444444179534912,4.444444179534912,6075.0,4.444444179534912,4.444444179534912,4.444444179534912
07-09-1993,4.444444179534912,4.444444179534912,10350.0,4.444444179534912,4.444444179534912,4.444444179534912
08-09-1993,4.222221851348877,4.222221851348877,50625.0,4.777822017669678,4.222221851348877,4.222221851348877
09-09-1993,4.222221851348877,4.222221851348877,6300.0,4.444444179534912,4.222221851348877,4.222221851348877
10-09-1993,4.222221851348877,4.222221851348877,9450.0,4.444444179534912,4.222221851348877,4.222221851348877
13-09-1993,4.222221851348877,4.222221851348877,16875.0,4.444444179534912,4.222221851348877,4.222221851348877
14-09-1993,4.222221851348877,4.222221851348877,38925.0,4.444444179534912,4.222221851348877,4.222221851348877
15-09-1993,4.222221851348877,4.444444179534912,20025.0,4.444444179534912,4.444444179534912,4.444444179534912
16-09-1993,4.0,4.166622161865234,70875.0,4.444444179534912,4.166622161865234,4.166622161865234
17-09-1993,4.0,4.333376884460449,36900.0,4.333376884460449,4.333376884460449,4.333376884460449
20-09-1993,4.0,4.0,11475.0,4.333376884460449,4.0,4.0
21-09-1993,4.0,4.0,21375.0,4.333376884460449,4.0,4.0
22-09-1993,4.0,4.0,14175.0,4.0555548667907715,4.0,4.0
23-09-1993,4.0,4.222221851348877,24750.0,4.222221851348877,4.222221851348877,4.222221851348877
24-09-1993,4.0,4.333376884460449,52650.0,4.333376884460449,4.333376884460449,4.333376884460449
27-09-1993,4.0,4.0,25875.0,4.333376884460449,4.0,4.0
28-09-1993,4.0,4.277822017669678,38925.0,4.333376884460449,4.277822017669678,4.277822017669678
29-09-1993,4.111199855804443,4.111199855804443,88425.0,4.444444179534912,4.111199855804443,4.111199855804443
30-09-1993,4.111199855804443,4.444444179534912,36450.0,4.444444179534912,4.444444179534912,4.444444179534912
01-10-1993,4.333376884460449,4.333376884460449,64800.0,4.444444179534912,4.333376884460449,4.333376884460449
04-10-1993,4.222221851348877,4.444444179534912,26775.0,4.444444179534912,4.444444179534912,4.444444179534912
05-10-1993,4.222221851348877,4.5555548667907715,29025.0,4.5555548667907715,4.5555548667907715,4.5555548667907715
06-10-1993,4.333376884460449,4.333376884460449,33075.0,4.5555548667907715,4.333376884460449,4.333376884460449
07-10-1993,4.333376884460449,4.5,31500.0,4.666666030883789,4.5,4.5
08-10-1993,4.333376884460449,4.5555548667907715,67275.0,4.666666030883789,4.5555548667907715,4.5555548667907715
11-10-1993,4.5555548667907715,5.0,124425.0,5.22226619720459,5.0,5.0
12-10-1993,5.0,5.0,125100.0,5.3333330154418945,5.0,5.0
13-10-1993,4.444444179534912,4.777822017669678,80100.0,5.3333330154418945,4.777822017669678,4.777822017669678
14-10-1993,4.5555548667907715,4.777822017669678,33075.0,4.888887882232666,4.777822017669678,4.777822017669678
15-10-1993,4.777822017669678,5.0,29700.0,5.0,5.0,5.0
18-10-1993,4.777822017669678,5.0,6975.0,5.0,5.0,5.0
19-10-1993,4.777822017669678,4.777822017669678,16200.0,5.0,4.777822017669678,4.777822017669678
20-10-1993,4.5555548667907715,4.5555548667907715,13500.0,5.0,4.5555548667907715,4.5555548667907715
21-10-1993,4.5555548667907715,4.5555548667907715,2250.0,4.5555548667907715,4.5555548667907715,4.5555548667907715
22-10-1993,4.5555548667907715,4.5555548667907715,8775.0,4.5555548667907715,4.5555548667907715,4.5555548667907715
25-10-1993,4.5555548667907715,4.5555548667907715,3600.0,5.0,4.5555548667907715,4.5555548667907715
26-10-1993,4.5555548667907715,4.666666030883789,66375.0,4.777822017669678,4.666666030883789,4.666666030883789
27-10-1993,4.5555548667907715,4.5555548667907715,9000.0,4.72226619720459,4.5555548667907715,4.5555548667907715
28-10-1993,4.5555548667907715,4.5555548667907715,4950.0,5.0,4.5555548667907715,4.5555548667907715
29-10-1993,4.5555548667907715,4.888887882232666,27225.0,4.944444179534912,4.888887882232666,4.888887882232666
01-11-1993,4.5555548667907715,5.0,22500.0,5.0,5.0,5.0
02-11-1993,4.5555548667907715,5.0,2700.0,5.0,5.0,5.0
03-11-1993,4.666666030883789,4.666666030883789,32625.0,4.833376884460449,4.666666030883789,4.666666030883789
04-11-1993,4.666666030883789,4.72226619720459,38475.0,5.0,4.72226619720459,4.72226619720459
05-11-1993,4.5555548667907715,4.5555548667907715,86850.0,4.666666030883789,4.5555548667907715,4.5555548667907715
08-11-1993,4.5555548667907715,4.5555548667907715,26325.0,4.611065864562988,4.5555548667907715,4.5555548667907715
09-11-1993,4.5555548667907715,4.5555548667907715,11250.0,4.5555548667907715,4.5555548667907715,4.5555548667907715
10-11-1993,4.5555548667907715,4.5555548667907715,86175.0,4.888887882232666,4.5555548667907715,4.5555548667907715
11-11-1993,4.5555548667907715,4.5555548667907715,31725.0,4.888887882232666,4.5555548667907715,4.5555548667907715
12-11-1993,4.5555548667907715,4.5555548667907715,19350.0,4.888887882232666,4.5555548667907715,4.5555548667907715
15-11-1993,4.5555548667907715,4.888887882232666,67500.0,4.888887882232666,4.888887882232666,4.888887882232666
16-11-1993,4.5555548667907715,4.777822017669678,31275.0,4.888887882232666,4.777822017669678,4.777822017669678
17-11-1993,4.5555548667907715,4.666666030883789,10350.0,4.888887882232666,4.666666030883789,4.666666030883789
18-11-1993,4.666666030883789,4.888887882232666,49275.0,4.888887882232666,4.888887882232666,4.888887882232666
19-11-1993,4.666666030883789,4.666666030883789,24075.0,5.0,4.666666030883789,4.666666030883789
22-11-1993,4.666666030883789,4.666666030883789,18225.0,5.0,4.666666030883789,4.666666030883789
23-11-1993,4.666666030883789,5.0,36000.0,5.0,5.0,5.0
24-11-1993,5.0,5.0,3600.0,5.0,5.0,5.0
26-11-1993,4.666666030883789,4.666666030883789,1800.0,4.666666030883789,4.666666030883789,4.666666030883789
29-11-1993,4.666666030883789,4.666666030883789,7650.0,5.0,4.666666030883789,4.666666030883789
30-11-1993,4.5555548667907715,5.0,30825.0,5.0,5.0,5.0
01-12-1993,4.5555548667907715,5.0,8100.0,5.0,5.0,5.0
02-12-1993,4.5555548667907715,4.5555548667907715,48150.0,4.888887882232666,4.5555548667907715,4.5555548667907715
03-12-1993,4.5555548667907715,4.888887882232666,28125.0,4.888887882232666,4.888887882232666,4.888887882232666
06-12-1993,4.5555548667907715,4.72226619720459,117000.0,4.888887882232666,4.72226619720459,4.72226619720459
07-12-1993,4.5555548667907715,4.611065864562988,10575.0,4.611065864562988,4.611065864562988,4.611065864562988
08-12-1993,4.5555548667907715,4.777822017669678,8100.0,4.777822017669678,4.777822017669678,4.777822017669678
09-12-1993,4.5555548667907715,4.5555548667907715,102150.0,4.888887882232666,4.5555548667907715,4.5555548667907715
10-12-1993,4.5555548667907715,4.777822017669678,59400.0,4.888887882232666,4.777822017669678,4.777822017669678
13-12-1993,4.5555548667907715,4.666666030883789,9450.0,4.888887882232666,4.666666030883789,4.666666030883789
14-12-1993,4.5555548667907715,4.5555548667907715,97875.0,4.888887882232666,4.5555548667907715,4.5555548667907715
15-12-1993,4.444444179534912,4.444444179534912,49050.0,4.888887882232666,4.444444179534912,4.444444179534912
16-12-1993,3.888887882232666,4.111199855804443,79650.0,4.5555548667907715,4.111199855804443,4.111199855804443
17-12-1993,3.7778220176696777,4.0,45450.0,4.0,4.0,4.0
20-12-1993,3.888887882232666,4.0,37575.0,4.0,4.0,4.0
21-12-1993,3.888887882232666,3.888887882232666,29475.0,4.0,3.888887882232666,3.888887882232666
22-12-1993,3.888887882232666,3.888887882232666,11475.0,4.0,3.888887882232666,3.888887882232666
23-12-1993,3.888887882232666,4.0,18225.0,4.111199855804443,4.0,4.0
27-12-1993,3.888887882232666,4.0555548667907715,7875.0,4.0555548667907715,4.0555548667907715,4.0555548667907715
28-12-1993,4.0,4.0,13500.0,4.111199855804443,4.0,4.0
29-12-1993,3.888887882232666,3.888887882232666,20250.0,4.222221851348877,3.888887882232666,3.888887882232666
30-12-1993,3.888887882232666,4.0555548667907715,23625.0,4.222221851348877,4.0555548667907715,4.0555548667907715
31-12-1993,3.888887882232666,4.222221851348877,24525.0,4.222221851348877,4.222221851348877,4.222221851348877
03-01-1994,4.166622161865234,4.222221851348877,9675.0,4.222221851348877,4.222221851348877,4.222221851348877
04-01-1994,4.222221851348877,4.222221851348877,9450.0,4.222221851348877,4.222221851348877,4.222221851348877
05-01-1994,4.0,4.444444179534912,15975.0,4.444444179534912,4.444444179534912,4.444444179534912
06-01-1994,4.0,4.111199855804443,21600.0,4.444444179534912,4.111199855804443,4.111199855804443
07-01-1994,4.111199855804443,4.111199855804443,10575.0,4.333376884460449,4.111199855804443,4.111199855804443
10-01-1994,4.111199855804443,4.111199855804443,14850.0,4.444444179534912,4.111199855804443,4.111199855804443
11-01-1994,4.111199855804443,4.444444179534912,5850.0,4.444444179534912,4.444444179534912,4.444444179534912
12-01-1994,4.111199855804443,4.111199855804443,13950.0,4.444444179534912,4.111199855804443,4.111199855804443
13-01-1994,4.111199855804443,4.444444179534912,22050.0,4.444444179534912,4.444444179534912,4.444444179534912
14-01-1994,4.222221851348877,4.222221851348877,20700.0,4.444444179534912,4.222221851348877,4.222221851348877
17-01-1994,4.222221851348877,4.333376884460449,11250.0,4.5555548667907715,4.333376884460449,4.333376884460449
18-01-1994,4.333376884460449,4.333376884460449,21375.0,4.5555548667907715,4.333376884460449,4.333376884460449
19-01-1994,4.222221851348877,4.5555548667907715,8100.0,4.5555548667907715,4.5555548667907715,4.5555548667907715
20-01-1994,4.222221851348877,4.777822017669678,565650.0,5.3333330154418945,4.777822017669678,4.777822017669678
21-01-1994,4.777822017669678,5.0555548667907715,265050.0,5.22226619720459,5.0555548667907715,5.0555548667907715
24-01-1994,4.888887882232666,5.22226619720459,95850.0,5.22226619720459,5.22226619720459,5.22226619720459
25-01-1994,4.888887882232666,4.888887882232666,85950.0,5.22226619720459,4.888887882232666,4.888887882232666
26-01-1994,4.777822017669678,4.777822017669678,45450.0,5.111111164093018,4.777822017669678,4.777822017669678
27-01-1994,4.666666030883789,4.666666030883789,46575.0,5.0,4.666666030883789,4.666666030883789
28-01-1994,4.666666030883789,4.72226619720459,27675.0,5.0,4.72226619720459,4.72226619720459
31-01-1994,4.666666030883789,4.666666030883789,32400.0,5.0,4.666666030883789,4.666666030883789
01-02-1994,4.666666030883789,5.0,5175.0,5.0,5.0,5.0
02-02-1994,4.666666030883789,5.0,4275.0,5.0,5.0,5.0
03-02-1994,4.666666030883789,5.0,15975.0,5.0,5.0,5.0
04-02-1994,4.666666030883789,4.666666030883789,55575.0,5.0,4.666666030883789,4.666666030883789
07-02-1994,4.666666030883789,4.72226619720459,35325.0,4.888887882232666,4.72226619720459,4.72226619720459
08-02-1994,4.666666030883789,4.666666030883789,11250.0,4.888887882232666,4.666666030883789,4.666666030883789
09-02-1994,4.666666030883789,4.666666030883789,5850.0,4.888887882232666,4.666666030883789,4.666666030883789
10-02-1994,4.666666030883789,4.666666030883789,6075.0,4.888887882232666,4.666666030883789,4.666666030883789
11-02-1994,4.666666030883789,4.666666030883789,43425.0,4.888887882232666,4.666666030883789,4.666666030883789
14-02-1994,4.666666030883789,4.666666030883789,27900.0,4.888887882232666,4.666666030883789,4.666666030883789
15-02-1994,4.666666030883789,4.666666030883789,12375.0,4.888887882232666,4.666666030883789,4.666666030883789
16-02-1994,4.666666030883789,4.777822017669678,56925.0,5.111111164093018,4.777822017669678,4.777822017669678
17-02-1994,4.777822017669678,4.888887882232666,28575.0,5.111111164093018,4.888887882232666,4.888887882232666
18-02-1994,4.777822017669678,4.777822017669678,39375.0,4.888887882232666,4.777822017669678,4.777822017669678
22-02-1994,4.777822017669678,4.777822017669678,6750.0,5.0,4.777822017669678,4.777822017669678
23-02-1994,4.777822017669678,5.0,31500.0,5.0,5.0,5.0
24-02-1994,4.777822017669678,5.0,32625.0,5.0,5.0,5.0
25-02-1994,4.777822017669678,4.777822017669678,14175.0,4.777822017669678,4.777822017669678,4.777822017669678
28-02-1994,4.777822017669678,5.0,4500.0,5.0,5.0,5.0
01-03-1994,4.777822017669678,4.833376884460449,12375.0,4.833376884460449,4.833376884460449,4.833376884460449
02-03-1994,4.777822017669678,4.777822017669678,3600.0,4.777822017669678,4.777822017669678,4.777822017669678
03-03-1994,4.777822017669678,4.777822017669678,27225.0,5.0,4.777822017669678,4.777822017669678
04-03-1994,4.833376884460449,4.833376884460449,22725.0,5.111111164093018,4.833376884460449,4.833376884460449
07-03-1994,4.777822017669678,4.888887882232666,19800.0,5.0555548667907715,4.888887882232666,4.888887882232666
08-03-1994,4.777822017669678,4.777822017669678,15525.0,4.888887882232666,4.777822017669678,4.777822017669678
09-03-1994,4.777822017669678,4.777822017669678,9450.0,4.777822017669678,4.777822017669678,4.777822017669678
10-03-1994,4.777822017669678,4.777822017669678,15975.0,4.777822017669678,4.777822017669678,4.777822017669678
11-03-1994,4.777822017669678,4.777822017669678,22500.0,5.0,4.777822017669678,4.777822017669678
14-03-1994,4.777822017669678,4.888887882232666,8100.0,4.888887882232666,4.888887882232666,4.888887882232666
15-03-1994,4.444444179534912,4.888887882232666,33075.0,4.888887882232666,4.888887882232666,4.888887882232666
16-03-1994,4.5555548667907715,4.5555548667907715,21600.0,4.888887882232666,4.5555548667907715,4.5555548667907715
17-03-1994,4.5555548667907715,4.611065864562988,24075.0,4.666666030883789,4.611065864562988,4.611065864562988
18-03-1994,4.5555548667907715,4.72226619720459,19125.0,4.72226619720459,4.72226619720459,4.72226619720459
21-03-1994,4.72226619720459,4.72226619720459,0.0,4.72226619720459,4.72226619720459,4.72226619720459
22-03-1994,4.5555548667907715,4.5555548667907715,1350.0,4.5555548667907715,4.5555548667907715,4.5555548667907715
23-03-1994,4.5555548667907715,4.888887882232666,12600.0,4.888887882232666,4.888887882232666,4.888887882232666
24-03-1994,4.5555548667907715,4.5555548667907715,15750.0,4.5555548667907715,4.5555548667907715,4.5555548667907715
25-03-1994,4.5555548667907715,4.72226619720459,17325.0,4.888887882232666,4.72226619720459,4.72226619720459
28-03-1994,4.444444179534912,4.666666030883789,28350.0,4.888887882232666,4.666666030883789,4.666666030883789
29-03-1994,4.444444179534912,4.444444179534912,8100.0,4.444444179534912,4.444444179534912,4.444444179534912
30-03-1994,4.444444179534912,4.444444179534912,40725.0,4.777822017669678,4.444444179534912,4.444444179534912
31-03-1994,4.0,4.333376884460449,109125.0,4.666666030883789,4.333376884460449,4.333376884460449
04-04-1994,3.888887882232666,4.111199855804443,33750.0,4.333376884460449,4.111199855804443,4.111199855804443
05-04-1994,3.7778220176696777,3.7778220176696777,75375.0,4.111199855804443,3.7778220176696777,3.7778220176696777
06-04-1994,3.7778220176696777,3.833376884460449,12150.0,4.0,3.833376884460449,3.833376884460449
07-04-1994,3.7778220176696777,3.7778220176696777,2700.0,4.0,3.7778220176696777,3.7778220176696777
08-04-1994,3.7778220176696777,3.888887882232666,79200.0,4.0,3.888887882232666,3.888887882232666
11-04-1994,3.7778220176696777,3.888887882232666,22725.0,3.888887882232666,3.888887882232666,3.888887882232666
12-04-1994,3.7778220176696777,3.888887882232666,7875.0,3.888887882232666,3.888887882232666,3.888887882232666
13-04-1994,3.7778220176696777,4.0,3375.0,4.0,4.0,4.0
14-04-1994,3.7778220176696777,3.7778220176696777,4500.0,4.0,3.7778220176696777,3.7778220176696777
15-04-1994,3.7778220176696777,4.333376884460449,131625.0,4.333376884460449,4.333376884460449,4.333376884460449
18-04-1994,4.0,4.0,8100.0,4.333376884460449,4.0,4.0
19-04-1994,4.0,4.222221851348877,10800.0,4.222221851348877,4.222221851348877,4.222221851348877
20-04-1994,4.0,4.111199855804443,14850.0,4.111199855804443,4.111199855804443,4.111199855804443
21-04-1994,4.0,4.222221851348877,4050.0,4.222221851348877,4.222221851348877,4.222221851348877
22-04-1994,3.888887882232666,4.0,28575.0,4.222221851348877,4.0,4.0
25-04-1994,4.0,4.0,0.0,4.0,4.0,4.0
26-04-1994,4.0,4.0,1800.0,4.0,4.0,4.0
28-04-1994,4.0,4.333376884460449,58275.0,4.333376884460449,4.333376884460449,4.333376884460449
29-04-1994,4.0,4.222221851348877,32850.0,4.333376884460449,4.222221851348877,4.222221851348877
02-05-1994,4.5555548667907715,4.5555548667907715,1350.0,4.5555548667907715,4.5555548667907715,4.5555548667907715
03-05-1994,4.222221851348877,4.777822017669678,8100.0,4.777822017669678,4.777822017669678,4.777822017669678
04-05-1994,4.444444179534912,4.777822017669678,10575.0,4.777822017669678,4.777822017669678,4.777822017669678
05-05-1994,4.777822017669678,5.111111164093018,170775.0,5.3333330154418945,5.111111164093018,5.111111164093018
06-05-1994,4.888887882232666,5.111111164093018,72225.0,5.111111164093018,5.111111164093018,5.111111164093018
09-05-1994,5.0,5.0,45225.0,5.3333330154418945,5.0,5.0
10-05-1994,5.0,5.0,8775.0,5.3333330154418945,5.0,5.0
11-05-1994,5.0,5.3333330154418945,12600.0,5.3333330154418945,5.3333330154418945,5.3333330154418945
12-05-1994,5.0,5.0,13500.0,5.444444179534912,5.0,5.0
13-05-1994,5.0,5.111111164093018,27675.0,5.3333330154418945,5.111111164093018,5.111111164093018
16-05-1994,5.0,5.0,13950.0,5.3333330154418945,5.0,5.0
17-05-1994,5.0,5.0,7875.0,5.277732849121094,5.0,5.0
18-05-1994,5.0,5.111111164093018,35550.0,5.22226619720459,5.111111164093018,5.111111164093018
19-05-1994,4.888887882232666,4.888887882232666,26775.0,5.111111164093018,4.888887882232666,4.888887882232666
20-05-1994,4.888887882232666,4.888887882232666,27225.0,5.111111164093018,4.888887882232666,4.888887882232666
23-05-1994,4.888887882232666,5.111111164093018,3375.0,5.111111164093018,5.111111164093018,5.111111164093018
24-05-1994,4.888887882232666,5.111111164093018,6975.0,5.111111164093018,5.111111164093018,5.111111164093018
25-05-1994,4.888887882232666,4.888887882232666,900.0,5.111111164093018,4.888887882232666,4.888887882232666
26-05-1994,4.888887882232666,4.888887882232666,2475.0,4.888887882232666,4.888887882232666,4.888887882232666
27-05-1994,4.888887882232666,5.111111164093018,900.0,5.111111164093018,5.111111164093018,5.111111164093018
31-05-1994,4.888887882232666,4.888887882232666,5400.0,5.111111164093018,4.888887882232666,4.888887882232666
01-06-1994,4.944444179534912,5.111111164093018,30150.0,5.111111164093018,5.111111164093018,5.111111164093018
02-06-1994,4.888887882232666,4.888887882232666,450.0,5.111111164093018,4.888887882232666,4.888887882232666
03-06-1994,4.888887882232666,4.888887882232666,2475.0,4.888887882232666,4.888887882232666,4.888887882232666
06-06-1994,4.888887882232666,4.888887882232666,21600.0,5.0,4.888887882232666,4.888887882232666
07-06-1994,4.666666030883789,4.666666030883789,13725.0,5.111111164093018,4.666666030883789,4.666666030883789
08-06-1994,4.666666030883789,5.0,3150.0,5.0,5.0,5.0
09-06-1994,4.666666030883789,4.666666030883789,6975.0,4.888887882232666,4.666666030883789,4.666666030883789
10-06-1994,4.666666030883789,4.72226619720459,37575.0,5.0,4.72226619720459,4.72226619720459
13-06-1994,4.666666030883789,4.666666030883789,11475.0,5.0,4.666666030883789,4.666666030883789
14-06-1994,4.666666030883789,4.666666030883789,7200.0,5.0,4.666666030883789,4.666666030883789
15-06-1994,4.666666030883789,4.666666030883789,4950.0,4.666666030883789,4.666666030883789,4.666666030883789
16-06-1994,4.666666030883789,5.0,4500.0,5.0,5.0,5.0
17-06-1994,5.0,5.0,16200.0,5.111111164093018,5.0,5.0
20-06-1994,4.666666030883789,4.666666030883789,9900.0,4.777822017669678,4.666666030883789,4.666666030883789
21-06-1994,4.666666030883789,4.666666030883789,900.0,4.666666030883789,4.666666030883789,4.666666030883789
22-06-1994,4.666666030883789,4.666666030883789,9900.0,5.0,4.666666030883789,4.666666030883789
23-06-1994,4.5555548667907715,4.666666030883789,55350.0,5.0,4.666666030883789,4.666666030883789
24-06-1994,4.333376884460449,4.333376884460449,8550.0,4.444444179534912,4.333376884460449,4.333376884460449
27-06-1994,4.333376884460449,4.333376884460449,19125.0,4.333376884460449,4.333376884460449,4.333376884460449
28-06-1994,4.333376884460449,4.333376884460449,18675.0,4.333376884460449,4.333376884460449,4.333376884460449
29-06-1994,4.111199855804443,4.111199855804443,6075.0,4.222221851348877,4.111199855804443,4.111199855804443
30-06-1994,4.111199855804443,4.111199855804443,9000.0,4.222221851348877,4.111199855804443,4.111199855804443
01-07-1994,4.111199855804443,4.111199855804443,0.0,4.111199855804443,4.111199855804443,4.111199855804443
05-07-1994,4.111199855804443,4.111199855804443,3375.0,4.111199855804443,4.111199855804443,4.111199855804443
06-07-1994,4.111199855804443,4.111199855804443,0.0,4.111199855804443,4.111199855804443,4.111199855804443
07-07-1994,4.111199855804443,4.111199855804443,2700.0,4.388887882232666,4.111199855804443,4.111199855804443
08-07-1994,4.111199855804443,4.222221851348877,5400.0,4.222221851348877,4.222221851348877,4.222221851348877
11-07-1994,4.111199855804443,4.111199855804443,4050.0,4.111199855804443,4.111199855804443,4.111199855804443
12-07-1994,4.111199855804443,4.111199855804443,900.0,4.111199855804443,4.111199855804443,4.111199855804443
13-07-1994,4.222221851348877,4.222221851348877,16200.0,4.444444179534912,4.222221851348877,4.222221851348877
14-07-1994,4.222221851348877,4.416666030883789,46575.0,4.444444179534912,4.416666030883789,4.416666030883789
15-07-1994,4.222221851348877,4.222221851348877,900.0,4.222221851348877,4.222221851348877,4.222221851348877
18-07-1994,4.222221851348877,4.222221851348877,900.0,4.222221851348877,4.222221851348877,4.222221851348877
19-07-1994,4.361021995544434,4.444444179534912,9900.0,4.444444179534912,4.444444179534912,4.444444179534912
20-07-1994,4.444444179534912,4.444444179534912,0.0,4.444444179534912,4.444444179534912,4.444444179534912
21-07-1994,4.222221851348877,4.444444179534912,2700.0,4.444444179534912,4.444444179534912,4.444444179534912
22-07-1994,4.222221851348877,4.444444179534912,900.0,4.444444179534912,4.444444179534912,4.444444179534912
25-07-1994,4.111199855804443,4.111199855804443,4500.0,4.444444179534912,4.111199855804443,4.111199855804443
26-07-1994,4.111199855804443,4.333376884460449,1350.0,4.333376884460449,4.333376884460449,4.333376884460449
27-07-1994,4.0,4.111199855804443,7650.0,4.222221851348877,4.111199855804443,4.111199855804443
28-07-1994,4.0833330154418945,4.222221851348877,13950.0,4.333376884460449,4.222221851348877,4.222221851348877
29-07-1994,4.222221851348877,4.222221851348877,0.0,4.222221851348877,4.222221851348877,4.222221851348877
01-08-1994,4.333376884460449,4.333376884460449,23850.0,4.333376884460449,4.333376884460449,4.333376884460449
02-08-1994,4.222221851348877,4.222221851348877,1575.0,4.222221851348877,4.222221851348877,4.222221851348877
03-08-1994,4.222221851348877,4.388887882232666,4500.0,4.388887882232666,4.388887882232666,4.388887882232666
04-08-1994,4.222221851348877,4.222221851348877,1350.0,4.222221851348877,4.222221851348877,4.222221851348877
05-08-1994,4.222221851348877,4.222221851348877,0.0,4.222221851348877,4.222221851348877,4.222221851348877
08-08-1994,4.222221851348877,4.222221851348877,2475.0,4.222221851348877,4.222221851348877,4.222221851348877
09-08-1994,4.222221851348877,4.222221851348877,0.0,4.222221851348877,4.222221851348877,4.222221851348877
10-08-1994,4.222221851348877,4.222221851348877,6075.0,4.222221851348877,4.222221851348877,4.222221851348877
11-08-1994,4.388887882232666,4.388887882232666,9900.0,4.444444179534912,4.388887882232666,4.388887882232666
12-08-1994,4.222221851348877,4.444444179534912,19575.0,4.444444179534912,4.444444179534912,4.444444179534912
15-08-1994,4.222221851348877,4.444444179534912,21600.0,4.444444179534912,4.444444179534912,4.444444179534912
16-08-1994,4.111199855804443,4.388887882232666,16200.0,4.388887882232666,4.388887882232666,4.388887882232666
17-08-1994,4.111199855804443,4.111199855804443,2700.0,4.111199855804443,4.111199855804443,4.111199855804443
18-08-1994,4.611065864562988,4.833376884460449,145350.0,4.888887882232666,4.833376884460449,4.833376884460449
19-08-1994,4.72226619720459,5.0555548667907715,177300.0,5.111111164093018,5.0555548667907715,5.0555548667907715
22-08-1994,4.777822017669678,5.0,119475.0,5.111111164093018,5.0,5.0
23-08-1994,4.777822017669678,4.777822017669678,32625.0,5.0,4.777822017669678,4.777822017669678
24-08-1994,4.777822017669678,5.0,23400.0,5.0,5.0,5.0
25-08-1994,4.777822017669678,5.0,46125.0,5.0,5.0,5.0
26-08-1994,4.5555548667907715,4.888887882232666,24525.0,5.0,4.888887882232666,4.888887882232666
29-08-1994,4.5555548667907715,4.888887882232666,27225.0,4.888887882232666,4.888887882232666,4.888887882232666
30-08-1994,4.5555548667907715,4.888887882232666,48150.0,4.888887882232666,4.888887882232666,4.888887882232666
31-08-1994,4.777822017669678,4.888887882232666,22950.0,5.111111164093018,4.888887882232666,4.888887882232666
01-09-1994,4.888887882232666,4.888887882232666,6300.0,5.111111164093018,4.888887882232666,4.888887882232666
02-09-1994,4.777822017669678,5.111111164093018,4950.0,5.111111164093018,5.111111164093018,5.111111164093018
06-09-1994,4.666666030883789,4.833376884460449,83250.0,5.111111164093018,4.833376884460449,4.833376884460449
07-09-1994,4.777822017669678,4.861155033111572,53100.0,4.888887882232666,4.861155033111572,4.861155033111572
08-09-1994,4.833376884460449,5.0555548667907715,34200.0,5.111111164093018,5.0555548667907715,5.0555548667907715
09-09-1994,4.833376884460449,5.0555548667907715,11475.0,5.0555548667907715,5.0555548667907715,5.0555548667907715
12-09-1994,4.833376884460449,4.944444179534912,17775.0,5.0555548667907715,4.944444179534912,4.944444179534912
13-09-1994,4.888887882232666,5.0,107550.0,5.22226619720459,5.0,5.0
14-09-1994,5.16671085357666,5.16671085357666,28125.0,5.16671085357666,5.16671085357666,5.16671085357666
15-09-1994,5.0,5.0,20475.0,5.277732849121094,5.0,5.0
16-09-1994,5.0,5.3333330154418945,62775.0,5.388887882232666,5.3333330154418945,5.3333330154418945
19-09-1994,5.22226619720459,5.3333330154418945,70875.0,5.388887882232666,5.3333330154418945,5.3333330154418945
20-09-1994,5.22226619720459,5.3333330154418945,11700.0,5.388887882232666,5.3333330154418945,5.3333330154418945
21-09-1994,5.0,5.111111164093018,25425.0,5.3333330154418945,5.111111164093018,5.111111164093018
22-09-1994,5.111111164093018,5.16671085357666,26325.0,5.3333330154418945,5.16671085357666,5.16671085357666
23-09-1994,5.22226619720459,5.3333330154418945,127800.0,5.5555548667907715,5.3333330154418945,5.3333330154418945
26-09-1994,5.3333330154418945,5.5,37575.0,5.66671085357666,5.5,5.5
27-09-1994,5.3333330154418945,5.5,17100.0,5.777777194976807,5.5,5.5
28-09-1994,5.3333330154418945,5.5555548667907715,10575.0,5.5555548667907715,5.5555548667907715,5.5555548667907715
29-09-1994,5.3333330154418945,5.777777194976807,15300.0,5.777777194976807,5.777777194976807,5.777777194976807
30-09-1994,5.3333330154418945,5.444444179534912,31725.0,5.777777194976807,5.444444179534912,5.444444179534912
03-10-1994,5.3333330154418945,5.3333330154418945,8775.0,5.777777194976807,5.3333330154418945,5.3333330154418945
04-10-1994,5.3333330154418945,5.388887882232666,9675.0,5.777777194976807,5.388887882232666,5.388887882232666
05-10-1994,5.3333330154418945,5.444444179534912,63450.0,5.5555548667907715,5.444444179534912,5.444444179534912
06-10-1994,5.3333330154418945,5.388887882232666,7875.0,5.5555548667907715,5.388887882232666,5.388887882232666
07-10-1994,5.3333330154418945,5.388887882232666,26550.0,5.5555548667907715,5.388887882232666,5.388887882232666
10-10-1994,5.3333330154418945,5.5555548667907715,3375.0,5.5555548667907715,5.5555548667907715,5.5555548667907715
11-10-1994,5.3333330154418945,5.388887882232666,11250.0,5.5555548667907715,5.388887882232666,5.388887882232666
12-10-1994,5.3333330154418945,5.388887882232666,12600.0,5.5555548667907715,5.388887882232666,5.388887882232666
13-10-1994,5.3333330154418945,5.3333330154418945,23175.0,5.5555548667907715,5.3333330154418945,5.3333330154418945
14-10-1994,5.111111164093018,5.111111164093018,7200.0,5.5,5.111111164093018,5.111111164093018
17-10-1994,,,,,,
18-10-1994,5.111111164093018,5.111111164093018,4050.0,5.111111164093018,5.111111164093018,5.111111164093018
19-10-1994,5.111111164093018,5.444444179534912,5850.0,5.444444179534912,5.444444179534912,5.444444179534912
20-10-1994,5.111111164093018,5.111111164093018,4050.0,5.444444179534912,5.111111164093018,5.111111164093018
21-10-1994,5.111111164093018,5.444444179534912,4275.0,5.444444179534912,5.444444179534912,5.444444179534912
24-10-1994,5.444444179534912,5.444444179534912,900.0,5.444444179534912,5.444444179534912,5.444444179534912
25-10-1994,5.111111164093018,5.111111164093018,4500.0,5.444444179534912,5.111111164093018,5.111111164093018
26-10-1994,5.0,5.0,12375.0,5.444444179534912,5.0,5.0
27-10-1994,5.0,5.0,8550.0,5.3333330154418945,5.0,5.0
28-10-1994,5.3333330154418945,5.3333330154418945,450.0,5.3333330154418945,5.3333330154418945,5.3333330154418945
31-10-1994,4.888666152954102,5.3333330154418945,8325.0,5.3333330154418945,4.888666152954102,4.888666152954102
01-11-1994,4.7779998779296875,4.8933329582214355,13950.0,5.0,4.888666152954102,4.888666152954102
02-11-1994,4.666666030883789,4.7779998779296875,7650.0,4.7779998779296875,4.666666030883789,4.666666030883789
03-11-1994,5.0,5.0,900.0,5.0,5.0,5.0
04-11-1994,4.666666030883789,5.0,6750.0,5.0,4.666666030883789,4.666666030883789
07-11-1994,5.0,5.0,675.0,5.0,5.0,5.0
08-11-1994,4.666666030883789,4.666666030883789,1125.0,4.666666030883789,4.666666030883789,4.666666030883789
09-11-1994,4.666666030883789,4.666666030883789,2250.0,4.666666030883789,4.666666030883789,4.666666030883789
10-11-1994,4.666666030883789,4.666666030883789,1125.0,4.666666030883789,4.666666030883789,4.666666030883789
11-11-1994,4.666666030883789,4.666666030883789,450.0,4.888666152954102,4.888666152954102,4.888666152954102
14-11-1994,4.666666030883789,4.666666030883789,4050.0,4.7779998779296875,4.666666030883789,4.666666030883789
15-11-1994,4.666666030883789,4.666666030883789,6525.0,4.666666030883789,4.666666030883789,4.666666030883789
16-11-1994,4.666666030883789,4.666666030883789,8100.0,5.0,5.0,5.0
17-11-1994,4.666666030883789,4.666666030883789,675.0,4.666666030883789,4.666666030883789,4.666666030883789
18-11-1994,4.888666152954102,4.888666152954102,675.0,4.888666152954102,4.888666152954102,4.888666152954102
21-11-1994,4.666666030883789,4.666666030883789,450.0,4.666666030883789,4.666666030883789,4.666666030883789
22-11-1994,4.666666030883789,4.666666030883789,4500.0,4.7779998779296875,4.7779998779296875,4.7779998779296875
23-11-1994,4.555333137512207,4.666666030883789,4725.0,4.888666152954102,4.555333137512207,4.555333137512207
25-11-1994,4.7220001220703125,4.888666152954102,4725.0,4.888666152954102,4.7779998779296875,4.7779998779296875
28-11-1994,4.666666030883789,4.888666152954102,7875.0,4.888666152954102,4.666666030883789,4.666666030883789
29-11-1994,4.666666030883789,5.0,10800.0,5.0,4.666666030883789,4.666666030883789
30-11-1994,4.666666030883789,4.666666030883789,5400.0,4.666666030883789,4.666666030883789,4.666666030883789
01-12-1994,4.666666030883789,4.666666030883789,6750.0,4.666666030883789,4.666666030883789,4.666666030883789
02-12-1994,4.666666030883789,4.666666030883789,2025.0,4.666666030883789,4.666666030883789,4.666666030883789
05-12-1994,4.666666030883789,4.666666030883789,2250.0,4.666666030883789,4.666666030883789,4.666666030883789
06-12-1994,4.666666030883789,4.666666030883789,5400.0,4.666666030883789,4.666666030883789,4.666666030883789
07-12-1994,4.666666030883789,4.666666030883789,4275.0,4.666666030883789,4.666666030883789,4.666666030883789
08-12-1994,4.555333137512207,4.555333137512207,12375.0,4.555333137512207,4.555333137512207,4.555333137512207
09-12-1994,4.444665908813477,4.666666030883789,64125.0,4.7779998779296875,4.444665908813477,4.444665908813477
12-12-1994,4.3333330154418945,4.3333330154418945,1350.0,4.3333330154418945,4.3333330154418945,4.3333330154418945
13-12-1994,4.3333330154418945,4.3333330154418945,12600.0,4.3333330154418945,4.3333330154418945,4.3333330154418945
14-12-1994,4.3333330154418945,4.3333330154418945,5850.0,4.444665908813477,4.444665908813477,4.444665908813477
15-12-1994,4.3333330154418945,4.3333330154418945,4275.0,4.3333330154418945,4.3333330154418945,4.3333330154418945
16-12-1994,4.3333330154418945,4.3333330154418945,10350.0,4.3333330154418945,4.3333330154418945,4.3333330154418945
19-12-1994,4.3333330154418945,4.3333330154418945,450.0,4.3333330154418945,4.3333330154418945,4.3333330154418945
20-12-1994,4.3333330154418945,4.3333330154418945,1575.0,4.3333330154418945,4.3333330154418945,4.3333330154418945
21-12-1994,4.3333330154418945,4.3333330154418945,1350.0,4.3333330154418945,4.3333330154418945,4.3333330154418945
22-12-1994,4.3333330154418945,4.3333330154418945,6075.0,4.3333330154418945,4.3333330154418945,4.3333330154418945
23-12-1994,4.3333330154418945,4.3333330154418945,11250.0,4.444665908813477,4.388666152954102,4.388666152954102
27-12-1994,4.5,4.666666030883789,2700.0,4.666666030883789,4.5,4.5
28-12-1994,4.3333330154418945,4.3333330154418945,8775.0,4.666666030883789,4.361332893371582,4.361332893371582
29-12-1994,4.3333330154418945,4.3333330154418945,6525.0,4.388666152954102,4.3333330154418945,4.3333330154418945
30-12-1994,4.3333330154418945,4.3333330154418945,5625.0,4.388666152954102,4.3333330154418945,4.3333330154418945
03-01-1995,4.3333330154418945,4.666666030883789,10800.0,4.666666030883789,4.444665908813477,4.444665908813477
04-01-1995,4.3333330154418945,4.3333330154418945,450.0,4.3333330154418945,4.3333330154418945,4.3333330154418945
05-01-1995,4.3333330154418945,4.3333330154418945,4725.0,4.888666152954102,4.3333330154418945,4.3333330154418945
06-01-1995,4.388666152954102,4.3933329582214355,4500.0,4.444665908813477,4.444665908813477,4.444665908813477
09-01-1995,4.444665908813477,4.444665908813477,0.0,4.444665908813477,4.444665908813477,4.444665908813477
10-01-1995,4.3333330154418945,4.3333330154418945,5625.0,4.3333330154418945,4.3333330154418945,4.3333330154418945
11-01-1995,4.3333330154418945,4.666666030883789,14175.0,4.666666030883789,4.444665908813477,4.444665908813477
12-01-1995,4.3333330154418945,4.666666030883789,5850.0,4.666666030883789,4.444665908813477,4.444665908813477
13-01-1995,4.2220001220703125,4.666666030883789,15525.0,4.666666030883789,4.2220001220703125,4.2220001220703125
16-01-1995,4.2220001220703125,4.22666597366333,9000.0,4.3333330154418945,4.3333330154418945,4.3333330154418945
17-01-1995,4.2220001220703125,4.22666597366333,5850.0,4.555333137512207,4.555333137512207,4.555333137512207
18-01-1995,4.2220001220703125,4.22666597366333,13725.0,4.444665908813477,4.444665908813477,4.444665908813477
19-01-1995,4.2220001220703125,4.22666597366333,11475.0,4.2779998779296875,4.2220001220703125,4.2220001220703125
20-01-1995,4.2220001220703125,4.2220001220703125,4050.0,4.2220001220703125,4.2220001220703125,4.2220001220703125
23-01-1995,4.444665908813477,4.444665908813477,450.0,4.444665908813477,4.444665908813477,4.444665908813477
24-01-1995,4.2220001220703125,4.22666597366333,36000.0,4.444665908813477,4.2220001220703125,4.2220001220703125
25-01-1995,4.2220001220703125,4.2220001220703125,0.0,4.2220001220703125,4.2220001220703125,4.2220001220703125
26-01-1995,4.2220001220703125,4.2220001220703125,2475.0,4.2220001220703125,4.2220001220703125,4.2220001220703125
27-01-1995,4.2220001220703125,4.2220001220703125,4050.0,4.2220001220703125,4.2220001220703125,4.2220001220703125
30-01-1995,4.3333330154418945,4.3333330154418945,2025.0,4.3333330154418945,4.3333330154418945,4.3333330154418945
31-01-1995,4.2220001220703125,4.444665908813477,9225.0,4.444665908813477,4.388666152954102,4.388666152954102
01-02-1995,4.2220001220703125,4.22666597366333,10575.0,4.555333137512207,4.2220001220703125,4.2220001220703125
02-02-1995,4.2220001220703125,4.3333330154418945,11700.0,4.444665908813477,4.388666152954102,4.388666152954102
03-02-1995,4.3333330154418945,4.4466657638549805,14400.0,4.555333137512207,4.444665908813477,4.444665908813477
06-02-1995,4.3333330154418945,4.3333330154418945,2250.0,4.3333330154418945,4.3333330154418945,4.3333330154418945
07-02-1995,4.3333330154418945,4.555333137512207,675.0,4.555333137512207,4.3333330154418945,4.3333330154418945
08-02-1995,4.3333330154418945,4.3333330154418945,2250.0,4.3333330154418945,4.3333330154418945,4.3333330154418945
09-02-1995,4.3333330154418945,4.3333330154418945,3600.0,4.555333137512207,4.444665908813477,4.444665908813477
10-02-1995,4.3333330154418945,4.559999942779541,29925.0,4.666666030883789,4.611332893371582,4.611332893371582
13-02-1995,4.555333137512207,4.666666030883789,14400.0,4.666666030883789,4.666666030883789,4.666666030883789
14-02-1995,4.666666030883789,4.8933329582214355,3375.0,5.111332893371582,5.111332893371582,5.111332893371582
15-02-1995,4.888666152954102,5.113333225250244,30600.0,5.444665908813477,5.444665908813477,5.444665908813477
16-02-1995,5.111332893371582,5.113333225250244,87300.0,5.7779998779296875,5.444665908813477,5.444665908813477
17-02-1995,5.555333137512207,5.559999942779541,147825.0,5.888666152954102,5.666666030883789,5.666666030883789
21-02-1995,5.666666030883789,5.8933329582214355,84375.0,6.0,5.888666152954102,5.888666152954102
22-02-1995,5.7779998779296875,5.78000020980835,147375.0,6.111332893371582,6.055333137512207,6.055333137512207
23-02-1995,5.555333137512207,6.111332893371582,35550.0,6.111332893371582,5.555333137512207,5.555333137512207
24-02-1995,5.3333330154418945,5.559999942779541,17550.0,5.666666030883789,5.666666030883789,5.666666030883789
27-02-1995,5.3333330154418945,5.555333137512207,18675.0,5.555333137512207,5.3333330154418945,5.3333330154418945
28-02-1995,5.3333330154418945,5.3333330154418945,24300.0,5.666666030883789,5.666666030883789,5.666666030883789
01-03-1995,5.444665908813477,5.4466657638549805,36675.0,5.666666030883789,5.444665908813477,5.444665908813477
02-03-1995,5.444665908813477,5.4466657638549805,3825.0,5.666666030883789,5.444665908813477,5.444665908813477
03-03-1995,5.444665908813477,5.4466657638549805,34425.0,5.555333137512207,5.555333137512207,5.555333137512207
06-03-1995,5.444665908813477,5.444665908813477,2250.0,5.444665908813477,5.444665908813477,5.444665908813477
07-03-1995,5.444665908813477,5.4466657638549805,3600.0,5.666666030883789,5.666666030883789,5.666666030883789
08-03-1995,5.444665908813477,5.4466657638549805,1800.0,5.666666030883789,5.666666030883789,5.666666030883789
09-03-1995,5.388666152954102,5.666666030883789,16425.0,5.666666030883789,5.388666152954102,5.388666152954102
10-03-1995,5.3333330154418945,5.3333330154418945,2250.0,5.3333330154418945,5.3333330154418945,5.3333330154418945
13-03-1995,5.2220001220703125,5.3333330154418945,5175.0,5.3333330154418945,5.2220001220703125,5.2220001220703125
14-03-1995,5.2220001220703125,5.22666597366333,25200.0,5.444665908813477,5.3333330154418945,5.3333330154418945
15-03-1995,5.2220001220703125,5.444665908813477,18900.0,5.444665908813477,5.2220001220703125,5.2220001220703125
16-03-1995,5.2220001220703125,5.22666597366333,38925.0,5.555333137512207,5.555333137512207,5.555333137512207
17-03-1995,5.3333330154418945,5.3333330154418945,2700.0,5.3333330154418945,5.3333330154418945,5.3333330154418945
20-03-1995,5.3333330154418945,5.3333330154418945,41175.0,5.416666030883789,5.388666152954102,5.388666152954102
21-03-1995,5.2220001220703125,5.555333137512207,8550.0,5.555333137512207,5.2220001220703125,5.2220001220703125
22-03-1995,5.2220001220703125,5.22666597366333,7650.0,5.444665908813477,5.444665908813477,5.444665908813477
23-03-1995,5.2220001220703125,5.555333137512207,2700.0,5.555333137512207,5.3333330154418945,5.3333330154418945
24-03-1995,5.2220001220703125,5.555333137512207,3375.0,5.555333137512207,5.2220001220703125,5.2220001220703125
27-03-1995,5.2220001220703125,5.2220001220703125,675.0,5.2220001220703125,5.2220001220703125,5.2220001220703125
28-03-1995,5.2220001220703125,5.555333137512207,9675.0,5.555333137512207,5.555333137512207,5.555333137512207
29-03-1995,5.2220001220703125,5.2220001220703125,6300.0,5.2220001220703125,5.2220001220703125,5.2220001220703125
30-03-1995,5.2779998779296875,5.28000020980835,10800.0,5.555333137512207,5.388666152954102,5.388666152954102
31-03-1995,5.388666152954102,5.388666152954102,0.0,5.388666152954102,5.388666152954102,5.388666152954102
03-04-1995,5.111332893371582,5.2220001220703125,9450.0,5.2220001220703125,5.166666030883789,5.166666030883789
04-04-1995,4.888666152954102,5.113333225250244,21375.0,5.3333330154418945,5.0,5.0
05-04-1995,4.888666152954102,4.8933329582214355,71100.0,5.555333137512207,5.3333330154418945,5.3333330154418945
06-04-1995,5.2220001220703125,5.22666597366333,47250.0,5.555333137512207,5.2779998779296875,5.2779998779296875
07-04-1995,5.2220001220703125,5.555333137512207,7425.0,5.555333137512207,5.555333137512207,5.555333137512207
10-04-1995,5.555333137512207,5.555333137512207,1125.0,5.555333137512207,5.555333137512207,5.555333137512207
11-04-1995,5.2220001220703125,5.388666152954102,12150.0,5.388666152954102,5.2779998779296875,5.2779998779296875
12-04-1995,5.2220001220703125,5.22666597366333,13950.0,5.555333137512207,5.2220001220703125,5.2220001220703125
13-04-1995,5.111332893371582,5.555333137512207,74475.0,5.555333137512207,5.166666030883789,5.166666030883789
17-04-1995,5.111332893371582,5.111332893371582,2250.0,5.111332893371582,5.111332893371582,5.111332893371582
18-04-1995,5.111332893371582,5.111332893371582,4950.0,5.111332893371582,5.111332893371582,5.111332893371582
19-04-1995,5.111332893371582,5.113333225250244,13725.0,5.1393327713012695,5.111332893371582,5.111332893371582
20-04-1995,5.111332893371582,5.111332893371582,17550.0,5.111332893371582,5.111332893371582,5.111332893371582
21-04-1995,5.111332893371582,5.113333225250244,44325.0,5.444665908813477,5.2220001220703125,5.2220001220703125
24-04-1995,5.2779998779296875,5.444665908813477,63675.0,5.444665908813477,5.3333330154418945,5.3333330154418945
25-04-1995,5.3333330154418945,5.3333330154418945,18000.0,5.444665908813477,5.444665908813477,5.444665908813477
26-04-1995,5.2220001220703125,5.22666597366333,59850.0,5.7779998779296875,5.555333137512207,5.555333137512207
27-04-1995,5.555333137512207,5.72666597366333,52650.0,5.888666152954102,5.7779998779296875,5.7779998779296875
28-04-1995,5.7779998779296875,5.78000020980835,53325.0,6.111332893371582,5.888666152954102,5.888666152954102
01-05-1995,5.888666152954102,5.8933329582214355,36675.0,6.0,6.0,6.0
02-05-1995,5.888666152954102,5.8933329582214355,11025.0,6.111332893371582,5.888666152954102,5.888666152954102
03-05-1995,5.888666152954102,5.8933329582214355,67050.0,6.055333137512207,5.944665908813477,5.944665908813477
04-05-1995,5.888666152954102,5.9466657638549805,12150.0,6.0833330154418945,5.888666152954102,5.888666152954102
05-05-1995,5.555333137512207,5.888666152954102,44775.0,5.888666152954102,5.666666030883789,5.666666030883789
08-05-1995,5.555333137512207,5.559999942779541,5175.0,5.888666152954102,5.555333137512207,5.555333137512207
09-05-1995,5.555333137512207,5.559999942779541,11700.0,5.888666152954102,5.555333137512207,5.555333137512207
10-05-1995,5.666666030883789,5.666666030883789,5625.0,5.666666030883789,5.666666030883789,5.666666030883789
11-05-1995,5.666666030883789,5.666666030883789,5850.0,5.7779998779296875,5.7779998779296875,5.7779998779296875
12-05-1995,5.666666030883789,5.666666030883789,9000.0,5.666666030883789,5.666666030883789,5.666666030883789
15-05-1995,5.666666030883789,5.7779998779296875,14625.0,5.7779998779296875,5.666666030883789,5.666666030883789
16-05-1995,5.666666030883789,5.666666030883789,46125.0,5.888666152954102,5.666666030883789,5.666666030883789
17-05-1995,5.444665908813477,5.4466657638549805,4950.0,5.7779998779296875,5.7779998779296875,5.7779998779296875
18-05-1995,5.666666030883789,5.666666030883789,3375.0,5.666666030883789,5.666666030883789,5.666666030883789
19-05-1995,5.2220001220703125,5.559999942779541,26775.0,5.611332893371582,5.3333330154418945,5.3333330154418945
22-05-1995,5.2220001220703125,5.22666597366333,9675.0,5.2779998779296875,5.2220001220703125,5.2220001220703125
23-05-1995,5.2220001220703125,5.28000020980835,6525.0,5.444665908813477,5.2779998779296875,5.2779998779296875
24-05-1995,5.2220001220703125,5.22666597366333,30825.0,5.555333137512207,5.555333137512207,5.555333137512207
25-05-1995,5.3333330154418945,5.555333137512207,675.0,5.555333137512207,5.3333330154418945,5.3333330154418945
26-05-1995,5.555333137512207,5.555333137512207,450.0,5.555333137512207,5.555333137512207,5.555333137512207
30-05-1995,5.555333137512207,5.555333137512207,675.0,5.555333137512207,5.555333137512207,5.555333137512207
31-05-1995,5.2220001220703125,5.555333137512207,1125.0,5.555333137512207,5.2220001220703125,5.2220001220703125
01-06-1995,5.3333330154418945,5.555333137512207,11475.0,5.555333137512207,5.3333330154418945,5.3333330154418945
02-06-1995,5.2220001220703125,5.22666597366333,16200.0,5.3333330154418945,5.2220001220703125,5.2220001220703125
05-06-1995,5.2220001220703125,5.22666597366333,165825.0,6.111332893371582,5.7779998779296875,5.7779998779296875
06-06-1995,5.7779998779296875,6.113333225250244,262350.0,6.7779998779296875,6.7779998779296875,6.7779998779296875
07-06-1995,6.3333330154418945,6.7779998779296875,66600.0,6.7779998779296875,6.7779998779296875,6.7779998779296875
08-06-1995,6.444665908813477,6.4466657638549805,106200.0,6.7779998779296875,6.6393327713012695,6.6393327713012695
09-06-1995,6.444665908813477,6.673333168029785,111825.0,7.0,6.666666030883789,6.666666030883789
12-06-1995,6.666666030883789,6.673333168029785,82800.0,7.2220001220703125,7.2220001220703125,7.2220001220703125
13-06-1995,7.0,7.22666597366333,145575.0,7.555333137512207,7.5,7.5
14-06-1995,7.2220001220703125,7.559999942779541,51975.0,7.666666030883789,7.666666030883789,7.666666030883789
15-06-1995,7.3333330154418945,7.666666030883789,81225.0,7.666666030883789,7.666666030883789,7.666666030883789
16-06-1995,7.3333330154418945,7.666666030883789,23625.0,7.666666030883789,7.666666030883789,7.666666030883789
19-06-1995,7.444665908813477,7.4466657638549805,13500.0,7.666666030883789,7.666666030883789,7.666666030883789
20-06-1995,7.444665908813477,7.666666030883789,86850.0,7.666666030883789,7.444665908813477,7.444665908813477
21-06-1995,7.444665908813477,7.666666030883789,10125.0,7.666666030883789,7.666666030883789,7.666666030883789
22-06-1995,7.444665908813477,7.4466657638549805,16425.0,7.666666030883789,7.444665908813477,7.444665908813477
23-06-1995,7.3333330154418945,7.4466657638549805,48150.0,7.555333137512207,7.3333330154418945,7.3333330154418945
26-06-1995,7.3333330154418945,7.340000152587891,2925.0,7.388666152954102,7.388666152954102,7.388666152954102
27-06-1995,7.3333330154418945,7.340000152587891,15750.0,7.555333137512207,7.3333330154418945,7.3333330154418945
28-06-1995,7.3333330154418945,7.555333137512207,13275.0,7.555333137512207,7.3333330154418945,7.3333330154418945
29-06-1995,7.3333330154418945,7.555333137512207,4050.0,7.555333137512207,7.3333330154418945,7.3333330154418945
30-06-1995,7.3333330154418945,7.340000152587891,5625.0,7.555333137512207,7.555333137512207,7.555333137512207
03-07-1995,7.555333137512207,7.555333137512207,13275.0,7.555333137512207,7.555333137512207,7.555333137512207
05-07-1995,7.3333330154418945,7.50666618347168,123300.0,7.7779998779296875,7.75,7.75
06-07-1995,7.666666030883789,7.78000020980835,150300.0,8.222000122070312,8.0,8.0
07-07-1995,7.7779998779296875,7.78000020980835,87525.0,8.166666030883789,8.111332893371582,8.111332893371582
10-07-1995,7.888666152954102,8.173333168029785,54900.0,8.333333015441895,8.333333015441895,8.333333015441895
11-07-1995,8.111332893371582,8.44666576385498,110250.0,8.666666030883789,8.611332893371582,8.611332893371582
12-07-1995,8.333333015441895,8.666666030883789,55350.0,8.666666030883789,8.333333015441895,8.333333015441895
13-07-1995,8.333333015441895,8.5600004196167,87075.0,8.666666030883789,8.666666030883789,8.666666030883789
14-07-1995,8.333333015441895,8.673333168029785,12825.0,8.777999877929688,8.777999877929688,8.777999877929688
17-07-1995,8.333333015441895,8.779999732971191,90900.0,9.0,8.777999877929688,8.777999877929688
18-07-1995,8.555333137512207,8.777999877929688,22725.0,8.777999877929688,8.555333137512207,8.555333137512207
19-07-1995,7.888666152954102,8.34000015258789,121500.0,8.666666030883789,7.888666152954102,7.888666152954102
20-07-1995,7.888666152954102,7.8933329582214355,73800.0,8.444665908813477,8.388666152954102,8.388666152954102
21-07-1995,8.111332893371582,8.113332748413086,28350.0,8.444665908813477,8.222000122070312,8.222000122070312
24-07-1995,8.111332893371582,8.113332748413086,33525.0,8.444665908813477,8.444665908813477,8.444665908813477
25-07-1995,8.111332893371582,8.113332748413086,6300.0,8.444665908813477,8.222000122070312,8.222000122070312
26-07-1995,8.111332893371582,8.444665908813477,7425.0,8.444665908813477,8.111332893371582,8.111332893371582
27-07-1995,8.111332893371582,8.444665908813477,4275.0,8.444665908813477,8.277999877929688,8.277999877929688
28-07-1995,8.111332893371582,8.444665908813477,2250.0,8.444665908813477,8.111332893371582,8.111332893371582
31-07-1995,8.222000122070312,8.226666450500488,121050.0,8.777999877929688,8.555333137512207,8.555333137512207
01-08-1995,8.5,8.673333168029785,41850.0,8.888666152954102,8.666666030883789,8.666666030883789
02-08-1995,8.888666152954102,8.893333435058594,109350.0,9.333333015441895,9.0,9.0
03-08-1995,8.888666152954102,9.166666030883789,55800.0,9.166666030883789,9.111332893371582,9.111332893371582
04-08-1995,8.888666152954102,8.893333435058594,24075.0,9.111332893371582,9.111332893371582,9.111332893371582
07-08-1995,8.888666152954102,9.111332893371582,51750.0,9.111332893371582,9.0,9.0
08-08-1995,8.888666152954102,9.111332893371582,24075.0,9.111332893371582,9.055333137512207,9.055333137512207
09-08-1995,8.888666152954102,8.893333435058594,50400.0,9.111332893371582,8.944665908813477,8.944665908813477
10-08-1995,8.888666152954102,9.111332893371582,6300.0,9.111332893371582,9.111332893371582,9.111332893371582
11-08-1995,8.888666152954102,8.893333435058594,15975.0,9.111332893371582,9.111332893371582,9.111332893371582
14-08-1995,8.888666152954102,9.111332893371582,74925.0,9.111332893371582,9.0,9.0
15-08-1995,8.888666152954102,8.893333435058594,20250.0,9.111332893371582,9.111332893371582,9.111332893371582
16-08-1995,8.888666152954102,8.893333435058594,7875.0,9.111332893371582,9.111332893371582,9.111332893371582
17-08-1995,8.944665908813477,9.113332748413086,309825.0,9.777999877929688,9.472665786743164,9.472665786743164
18-08-1995,9.444665908813477,9.5600004196167,114300.0,9.777999877929688,9.555333137512207,9.555333137512207
21-08-1995,9.555333137512207,9.777999877929688,4950.0,9.777999877929688,9.555333137512207,9.555333137512207
22-08-1995,9.555333137512207,9.777999877929688,32175.0,9.777999877929688,9.777999877929688,9.777999877929688
23-08-1995,9.555333137512207,9.777999877929688,9900.0,9.777999877929688,9.777999877929688,9.777999877929688
24-08-1995,9.555333137512207,9.777999877929688,8100.0,9.777999877929688,9.777999877929688,9.777999877929688
25-08-1995,9.333333015441895,9.777999877929688,32175.0,9.777999877929688,9.333333015441895,9.333333015441895
28-08-1995,8.333333015441895,9.34000015258789,188100.0,9.666666030883789,8.333333015441895,8.333333015441895
29-08-1995,8.333333015441895,8.34000015258789,84150.0,8.555333137512207,8.444665908813477,8.444665908813477
30-08-1995,7.8333330154418945,8.393333435058594,178200.0,8.444665908813477,8.055333137512207,8.055333137512207
31-08-1995,8.111332893371582,8.113332748413086,31050.0,8.444665908813477,8.333333015441895,8.333333015441895
01-09-1995,8.222000122070312,8.226666450500488,15075.0,8.444665908813477,8.333333015441895,8.333333015441895
05-09-1995,8.0,8.226666450500488,56700.0,8.444665908813477,8.0,8.0
06-09-1995,8.111332893371582,8.113332748413086,201375.0,8.888666152954102,8.888666152954102,8.888666152954102
07-09-1995,8.722000122070312,8.893333435058594,62100.0,9.222000122070312,9.166666030883789,9.166666030883789
08-09-1995,9.0,9.173333168029785,55575.0,9.333333015441895,9.111332893371582,9.111332893371582
11-09-1995,9.111332893371582,9.113332748413086,200250.0,9.666666030883789,9.666666030883789,9.666666030883789
12-09-1995,9.666666030883789,9.779999732971191,55125.0,10.0,10.0,10.0
13-09-1995,9.722000122070312,10.0,13050.0,10.0,9.722000122070312,9.722000122070312
14-09-1995,9.388666152954102,10.0,95400.0,10.0,9.444665908813477,9.444665908813477
15-09-1995,9.333333015441895,9.44666576385498,81900.0,9.666666030883789,9.555333137512207,9.555333137512207
18-09-1995,9.388666152954102,9.619999885559082,40725.0,9.666666030883789,9.444665908813477,9.444665908813477
19-09-1995,9.333333015441895,9.393333435058594,10125.0,9.555333137512207,9.333333015441895,9.333333015441895
20-09-1995,9.333333015441895,9.34000015258789,12825.0,9.555333137512207,9.333333015441895,9.333333015441895
21-09-1995,9.166666030883789,9.34000015258789,15750.0,9.388666152954102,9.388666152954102,9.388666152954102
22-09-1995,9.111332893371582,9.226666450500488,7875.0,9.388666152954102,9.111332893371582,9.111332893371582
25-09-1995,9.0,9.113332748413086,15300.0,9.333333015441895,9.0,9.0
26-09-1995,8.666666030883789,8.953332901000977,44550.0,9.0,8.722000122070312,8.722000122070312
27-09-1995,8.444665908813477,8.5600004196167,134100.0,8.888666152954102,8.888666152954102,8.888666152954102
28-09-1995,8.888666152954102,9.00666618347168,142875.0,9.722000122070312,9.0,9.0
29-09-1995,8.444665908813477,8.555333137512207,2538900.0,8.555333137512207,8.444665908813477,8.444665908813477
02-10-1995,7.888666152954102,8.44666576385498,352575.0,8.555333137512207,8.222000122070312,8.222000122070312
03-10-1995,8.0,8.226666450500488,201825.0,8.388666152954102,8.222000122070312,8.222000122070312
04-10-1995,7.930665969848633,8.222000122070312,95400.0,8.222000122070312,8.111332893371582,8.111332893371582
05-10-1995,7.7779998779296875,8.111332893371582,136125.0,8.111332893371582,7.8333330154418945,7.8333330154418945
06-10-1995,7.8333330154418945,8.111332893371582,34200.0,8.111332893371582,7.888666152954102,7.888666152954102
09-10-1995,7.8333330154418945,8.055333137512207,53775.0,8.055333137512207,7.888666152954102,7.888666152954102
10-10-1995,7.2779998779296875,8.055333137512207,189450.0,8.055333137512207,7.5279998779296875,7.5279998779296875
11-10-1995,7.3333330154418945,7.4466657638549805,49725.0,7.7779998779296875,7.7779998779296875,7.7779998779296875
12-10-1995,7.555333137512207,7.673333168029785,95850.0,7.944665908813477,7.888666152954102,7.888666152954102
13-10-1995,7.888666152954102,8.00666618347168,108000.0,8.13933277130127,8.13933277130127,8.13933277130127
16-10-1995,7.7779998779296875,8.111332893371582,78975.0,8.111332893371582,7.944665908813477,7.944665908813477
17-10-1995,7.555333137512207,8.0,60525.0,8.0,7.666666030883789,7.666666030883789
18-10-1995,7.666666030883789,7.888666152954102,158850.0,7.888666152954102,7.666666030883789,7.666666030883789
19-10-1995,7.666666030883789,7.888666152954102,20250.0,7.888666152954102,7.666666030883789,7.666666030883789
20-10-1995,7.555333137512207,7.673333168029785,102375.0,7.888666152954102,7.555333137512207,7.555333137512207
23-10-1995,7.555333137512207,7.559999942779541,42975.0,7.7779998779296875,7.555333137512207,7.555333137512207
24-10-1995,7.0,7.4466657638549805,248400.0,7.555333137512207,7.3333330154418945,7.3333330154418945
25-10-1995,7.2220001220703125,7.555333137512207,83925.0,7.555333137512207,7.2220001220703125,7.2220001220703125
26-10-1995,7.111332893371582,7.22666597366333,45450.0,7.555333137512207,7.2220001220703125,7.2220001220703125
27-10-1995,7.0,7.113333225250244,81225.0,7.444665908813477,7.166666030883789,7.166666030883789
30-10-1995,6.888666152954102,7.00666618347168,30600.0,7.2220001220703125,7.111332893371582,7.111332893371582
31-10-1995,6.888666152954102,6.8933329582214355,75375.0,7.3333330154418945,7.111332893371582,7.111332893371582
01-11-1995,6.944665908813477,7.111332893371582,13725.0,7.111332893371582,7.111332893371582,7.111332893371582
02-11-1995,6.944665908813477,7.00666618347168,50400.0,7.111332893371582,6.944665908813477,6.944665908813477
03-11-1995,6.944665908813477,6.980000019073486,39150.0,7.2220001220703125,7.2220001220703125,7.2220001220703125
06-11-1995,7.0,7.00666618347168,7875.0,7.3333330154418945,7.0,7.0
07-11-1995,7.0,7.00666618347168,32850.0,7.3333330154418945,7.3333330154418945,7.3333330154418945
08-11-1995,7.111332893371582,7.113333225250244,83925.0,7.666666030883789,7.666666030883789,7.666666030883789
09-11-1995,7.444665908813477,7.673333168029785,23625.0,7.7779998779296875,7.5833330154418945,7.5833330154418945
10-11-1995,7.444665908813477,7.4466657638549805,3150.0,7.7220001220703125,7.7220001220703125,7.7220001220703125
13-11-1995,7.555333137512207,7.78000020980835,58275.0,8.0,7.7779998779296875,7.7779998779296875
14-11-1995,7.7779998779296875,7.8933329582214355,159075.0,8.111332893371582,7.888666152954102,7.888666152954102
15-11-1995,7.444665908813477,8.111332893371582,122850.0,8.111332893371582,7.5,7.5
16-11-1995,7.444665908813477,7.4466657638549805,43200.0,7.555333137512207,7.444665908813477,7.444665908813477
17-11-1995,7.444665908813477,7.666666030883789,8550.0,7.666666030883789,7.444665908813477,7.444665908813477
20-11-1995,7.111332893371582,7.4466657638549805,113850.0,7.5,7.111332893371582,7.111332893371582
21-11-1995,7.111332893371582,7.113333225250244,245700.0,7.555333137512207,7.388666152954102,7.388666152954102
22-11-1995,7.25,7.340000152587891,98550.0,7.666666030883789,7.25,7.25
24-11-1995,7.2220001220703125,7.22666597366333,24975.0,7.388666152954102,7.3333330154418945,7.3333330154418945
27-11-1995,7.3333330154418945,7.340000152587891,15975.0,7.388666152954102,7.3333330154418945,7.3333330154418945
28-11-1995,7.2220001220703125,7.22666597366333,19125.0,7.555333137512207,7.25,7.25
29-11-1995,7.2220001220703125,7.22666597366333,9450.0,7.444665908813477,7.444665908813477,7.444665908813477
30-11-1995,6.888666152954102,7.139999866485596,217125.0,7.3333330154418945,7.3333330154418945,7.3333330154418945
01-12-1995,7.2220001220703125,7.340000152587891,29475.0,7.444665908813477,7.2220001220703125,7.2220001220703125
04-12-1995,7.2220001220703125,7.340000152587891,12150.0,7.340665817260742,7.3333330154418945,7.3333330154418945
05-12-1995,7.2220001220703125,7.22666597366333,16425.0,7.444665908813477,7.444665908813477,7.444665908813477
06-12-1995,7.2220001220703125,7.22666597366333,60975.0,7.444665908813477,7.2779998779296875,7.2779998779296875
07-12-1995,7.2220001220703125,7.2220001220703125,1125.0,7.2220001220703125,7.2220001220703125,7.2220001220703125
08-12-1995,7.2220001220703125,7.340000152587891,38025.0,7.444665908813477,7.2220001220703125,7.2220001220703125
11-12-1995,7.2220001220703125,7.22666597366333,8775.0,7.444665908813477,7.2220001220703125,7.2220001220703125
12-12-1995,7.2779998779296875,7.4466657638549805,206775.0,7.888666152954102,7.666666030883789,7.666666030883789
13-12-1995,7.444665908813477,7.7779998779296875,64575.0,7.7779998779296875,7.555333137512207,7.555333137512207
14-12-1995,7.444665908813477,7.4466657638549805,4725.0,7.555333137512207,7.555333137512207,7.555333137512207
15-12-1995,7.2220001220703125,7.4466657638549805,73350.0,7.5,7.2220001220703125,7.2220001220703125
18-12-1995,6.8333330154418945,7.2220001220703125,69300.0,7.2220001220703125,6.8333330154418945,6.8333330154418945
19-12-1995,6.7779998779296875,6.78000020980835,42750.0,7.111332893371582,7.0833330154418945,7.0833330154418945
20-12-1995,7.0,7.2220001220703125,21150.0,7.2220001220703125,7.0,7.0
21-12-1995,7.0,7.113333225250244,30150.0,7.2220001220703125,7.0,7.0
22-12-1995,6.888666152954102,7.00666618347168,27900.0,7.111332893371582,6.888666152954102,6.888666152954102
26-12-1995,6.888666152954102,6.8933329582214355,16875.0,7.111332893371582,6.888666152954102,6.888666152954102
27-12-1995,6.7779998779296875,6.8933329582214355,42975.0,7.0,6.7779998779296875,6.7779998779296875
28-12-1995,6.555333137512207,6.78000020980835,102375.0,6.888666152954102,6.666666030883789,6.666666030883789
29-12-1995,6.666666030883789,6.8933329582214355,79875.0,7.111332893371582,7.111332893371582,7.111332893371582
02-01-1996,6.7779998779296875,6.78000020980835,16875.0,7.0,7.0,7.0
03-01-1996,6.7779998779296875,6.7779998779296875,30600.0,6.7779998779296875,6.7779998779296875,6.7779998779296875
04-01-1996,6.555333137512207,6.78000020980835,79875.0,6.888666152954102,6.555333137512207,6.555333137512207
05-01-1996,6.555333137512207,6.555333137512207,4500.0,6.555333137512207,6.555333137512207,6.555333137512207
08-01-1996,6.555333137512207,6.559999942779541,2250.0,6.666666030883789,6.555333137512207,6.555333137512207
09-01-1996,6.472665786743164,6.559999942779541,36000.0,6.7779998779296875,6.472665786743164,6.472665786743164
10-01-1996,6.3333330154418945,6.4466657638549805,41400.0,6.666666030883789,6.444665908813477,6.444665908813477
11-01-1996,6.3333330154418945,6.3333330154418945,33975.0,6.444665908813477,6.3333330154418945,6.3333330154418945
12-01-1996,5.3333330154418945,6.3333330154418945,1280700.0,6.444665908813477,5.888666152954102,5.888666152954102
15-01-1996,5.555333137512207,5.888666152954102,58950.0,5.888666152954102,5.555333137512207,5.555333137512207
16-01-1996,5.3333330154418945,5.3333330154418945,75825.0,5.7779998779296875,5.555333137512207,5.555333137512207
17-01-1996,5.444665908813477,5.666666030883789,72225.0,5.7220001220703125,5.444665908813477,5.444665908813477
18-01-1996,5.444665908813477,5.4466657638549805,95400.0,5.666666030883789,5.666666030883789,5.666666030883789
19-01-1996,5.555333137512207,5.559999942779541,45900.0,5.666666030883789,5.611332893371582,5.611332893371582
22-01-1996,5.555333137512207,5.666666030883789,62100.0,5.666666030883789,5.555333137512207,5.555333137512207
23-01-1996,5.444665908813477,5.4466657638549805,28125.0,5.611332893371582,5.5,5.5
24-01-1996,5.3333330154418945,5.4466657638549805,46350.0,5.611332893371582,5.3333330154418945,5.3333330154418945
25-01-1996,5.3333330154418945,5.3333330154418945,31950.0,5.444665908813477,5.3333330154418945,5.3333330154418945
26-01-1996,5.3333330154418945,5.444665908813477,16875.0,5.444665908813477,5.444665908813477,5.444665908813477
29-01-1996,5.111332893371582,5.3333330154418945,87075.0,5.3333330154418945,5.3333330154418945,5.3333330154418945
30-01-1996,5.111332893371582,5.113333225250244,47025.0,5.444665908813477,5.2779998779296875,5.2779998779296875
31-01-1996,5.111332893371582,5.444665908813477,57600.0,5.444665908813477,5.3333330154418945,5.3333330154418945
01-02-1996,5.111332893371582,5.3333330154418945,24525.0,5.444665908813477,5.444665908813477,5.444665908813477
02-02-1996,4.3333330154418945,5.113333225250244,549000.0,5.444665908813477,4.666666030883789,4.666666030883789
05-02-1996,4.444665908813477,4.559999942779541,423675.0,5.111332893371582,4.888666152954102,4.888666152954102
06-02-1996,4.666666030883789,5.0,120825.0,5.0,4.7779998779296875,4.7779998779296875
07-02-1996,4.666666030883789,4.666666030883789,61875.0,4.888666152954102,4.666666030883789,4.666666030883789
08-02-1996,4.555333137512207,4.666666030883789,135900.0,4.666666030883789,4.666666030883789,4.666666030883789
09-02-1996,4.555333137512207,4.666666030883789,144900.0,4.7779998779296875,4.666666030883789,4.666666030883789
12-02-1996,4.555333137512207,4.559999942779541,450.0,4.666666030883789,4.666666030883789,4.666666030883789
13-02-1996,4.444665908813477,4.666666030883789,33525.0,4.666666030883789,4.555333137512207,4.555333137512207
14-02-1996,4.3333330154418945,4.555333137512207,106875.0,4.555333137512207,4.555333137512207,4.555333137512207
15-02-1996,4.444665908813477,4.4466657638549805,440775.0,4.666666030883789,4.666666030883789,4.666666030883789
16-02-1996,4.666666030883789,4.666666030883789,1575.0,4.666666030883789,4.666666030883789,4.666666030883789
20-02-1996,,,,,,
21-02-1996,4.555333137512207,4.559999942779541,35550.0,5.111332893371582,5.111332893371582,5.111332893371582
22-02-1996,4.888666152954102,5.113333225250244,84600.0,5.2220001220703125,5.111332893371582,5.111332893371582
23-02-1996,5.0,5.2220001220703125,74025.0,5.2220001220703125,5.2220001220703125,5.2220001220703125
26-02-1996,5.0,5.3333330154418945,13275.0,5.3333330154418945,5.3333330154418945,5.3333330154418945
27-02-1996,5.111332893371582,5.3333330154418945,9000.0,5.3333330154418945,5.3333330154418945,5.3333330154418945
28-02-1996,5.111332893371582,5.3333330154418945,52650.0,5.444665908813477,5.444665908813477,5.444665908813477
29-02-1996,5.2779998779296875,5.444665908813477,7650.0,5.444665908813477,5.444665908813477,5.444665908813477
01-03-1996,5.2220001220703125,5.2220001220703125,25875.0,5.2220001220703125,5.2220001220703125,5.2220001220703125
04-03-1996,,,,,,
05-03-1996,5.3333330154418945,5.3333330154418945,675.0,5.666666030883789,5.666666030883789,5.666666030883789
06-03-1996,5.3333330154418945,5.666666030883789,7200.0,5.666666030883789,5.666666030883789,5.666666030883789
07-03-1996,5.3333330154418945,5.3333330154418945,15975.0,5.666666030883789,5.555333137512207,5.555333137512207
08-03-1996,5.2220001220703125,5.22666597366333,29925.0,5.3333330154418945,5.2220001220703125,5.2220001220703125
11-03-1996,5.2220001220703125,5.666666030883789,45000.0,5.666666030883789,5.2220001220703125,5.2220001220703125
12-03-1996,5.3333330154418945,5.559999942779541,51975.0,5.666666030883789,5.444665908813477,5.444665908813477
13-03-1996,5.444665908813477,5.4466657638549805,49725.0,5.888666152954102,5.7779998779296875,5.7779998779296875
14-03-1996,5.666666030883789,5.888666152954102,26100.0,5.888666152954102,5.666666030883789,5.666666030883789
15-03-1996,5.7779998779296875,6.0,61875.0,6.0,5.944665908813477,5.944665908813477
18-03-1996,5.7779998779296875,5.78000020980835,48825.0,6.3333330154418945,6.2220001220703125,6.2220001220703125
19-03-1996,6.111332893371582,6.444665908813477,18225.0,6.444665908813477,6.2220001220703125,6.2220001220703125
20-03-1996,6.2220001220703125,6.2220001220703125,0.0,6.2220001220703125,6.2220001220703125,6.2220001220703125
21-03-1996,6.0,6.3333330154418945,22950.0,6.3333330154418945,6.0,6.0
22-03-1996,5.888666152954102,5.8933329582214355,2025.0,6.007332801818848,6.007332801818848,6.007332801818848
25-03-1996,5.888666152954102,6.2220001220703125,53325.0,6.2220001220703125,5.888666152954102,5.888666152954102
26-03-1996,5.666666030883789,5.8933329582214355,27450.0,6.111332893371582,5.666666030883789,5.666666030883789
27-03-1996,5.7779998779296875,5.7779998779296875,900.0,5.7779998779296875,5.7779998779296875,5.7779998779296875
28-03-1996,5.666666030883789,6.0,5850.0,6.0,5.7779998779296875,5.7779998779296875
29-03-1996,5.7779998779296875,5.7779998779296875,0.0,5.7779998779296875,5.7779998779296875,5.7779998779296875
01-04-1996,5.666666030883789,5.666666030883789,8325.0,6.0,5.7779998779296875,5.7779998779296875
02-04-1996,5.666666030883789,5.888666152954102,3600.0,5.888666152954102,5.666666030883789,5.666666030883789
03-04-1996,5.666666030883789,5.666666030883789,1575.0,6.0,6.0,6.0
04-04-1996,6.0,6.0,0.0,6.0,6.0,6.0
08-04-1996,5.555333137512207,5.78000020980835,20700.0,5.888666152954102,5.888666152954102,5.888666152954102
09-04-1996,5.666666030883789,5.888666152954102,22725.0,5.888666152954102,5.666666030883789,5.666666030883789
10-04-1996,5.666666030883789,5.666666030883789,2475.0,5.888666152954102,5.666666030883789,5.666666030883789
11-04-1996,5.555333137512207,5.559999942779541,13275.0,5.7220001220703125,5.555333137512207,5.555333137512207
12-04-1996,5.444665908813477,5.559999942779541,77400.0,5.7220001220703125,5.666666030883789,5.666666030883789
15-04-1996,5.444665908813477,5.666666030883789,29250.0,5.666666030883789,5.5,5.5
16-04-1996,5.444665908813477,5.4466657638549805,21825.0,5.666666030883789,5.666666030883789,5.666666030883789
17-04-1996,5.444665908813477,5.4466657638549805,147375.0,5.666666030883789,5.444665908813477,5.444665908813477
18-04-1996,5.2220001220703125,5.666666030883789,35775.0,5.666666030883789,5.2220001220703125,5.2220001220703125
19-04-1996,5.111332893371582,5.3333330154418945,15075.0,5.444665908813477,5.2220001220703125,5.2220001220703125
22-04-1996,5.111332893371582,5.444665908813477,17550.0,5.444665908813477,5.111332893371582,5.111332893371582
23-04-1996,5.111332893371582,5.113333225250244,56475.0,5.2220001220703125,5.111332893371582,5.111332893371582
24-04-1996,5.111332893371582,5.113333225250244,32850.0,5.444665908813477,5.444665908813477,5.444665908813477
25-04-1996,5.3333330154418945,5.4466657638549805,35775.0,5.555333137512207,5.555333137512207,5.555333137512207
26-04-1996,5.2220001220703125,5.555333137512207,24750.0,5.555333137512207,5.444665908813477,5.444665908813477
29-04-1996,5.2220001220703125,5.555333137512207,15300.0,5.555333137512207,5.555333137512207,5.555333137512207
30-04-1996,5.2220001220703125,5.555333137512207,41175.0,5.555333137512207,5.444665908813477,5.444665908813477
01-05-1996,5.555333137512207,5.666666030883789,70425.0,5.888666152954102,5.7779998779296875,5.7779998779296875
02-05-1996,5.5,5.7779998779296875,38475.0,5.7779998779296875,5.555333137512207,5.555333137512207
03-05-1996,5.444665908813477,5.4466657638549805,4275.0,5.555333137512207,5.555333137512207,5.555333137512207
06-05-1996,5.444665908813477,5.555333137512207,8325.0,5.555333137512207,5.555333137512207,5.555333137512207
07-05-1996,5.444665908813477,5.4466657638549805,28125.0,5.666666030883789,5.666666030883789,5.666666030883789
08-05-1996,5.444665908813477,5.4466657638549805,2475.0,5.555333137512207,5.555333137512207,5.555333137512207
09-05-1996,5.5,5.666666030883789,4050.0,5.666666030883789,5.666666030883789,5.666666030883789
10-05-1996,5.5,5.666666030883789,18900.0,5.666666030883789,5.5,5.5
13-05-1996,5.444665908813477,5.4466657638549805,12150.0,5.555333137512207,5.444665908813477,5.444665908813477
14-05-1996,5.555333137512207,5.559999942779541,16200.0,5.666666030883789,5.666666030883789,5.666666030883789
15-05-1996,5.5,5.50666618347168,35325.0,5.666666030883789,5.666666030883789,5.666666030883789
16-05-1996,5.444665908813477,5.4466657638549805,6300.0,5.666666030883789,5.666666030883789,5.666666030883789
17-05-1996,5.444665908813477,5.666666030883789,57600.0,6.111332893371582,6.0,6.0
20-05-1996,5.888666152954102,6.113333225250244,64350.0,6.2220001220703125,6.2220001220703125,6.2220001220703125
21-05-1996,6.0,6.0,25875.0,6.3333330154418945,6.2220001220703125,6.2220001220703125
22-05-1996,6.111332893371582,6.444665908813477,20925.0,6.444665908813477,6.111332893371582,6.111332893371582
23-05-1996,6.111332893371582,6.4466657638549805,419625.0,7.444665908813477,7.388666152954102,7.388666152954102
24-05-1996,7.3333330154418945,7.666666030883789,38700.0,7.666666030883789,7.3333330154418945,7.3333330154418945
28-05-1996,7.111332893371582,7.5,98550.0,7.5,7.111332893371582,7.111332893371582
29-05-1996,7.111332893371582,7.3333330154418945,103950.0,7.3333330154418945,7.2220001220703125,7.2220001220703125
30-05-1996,7.0,7.113333225250244,207000.0,7.361332893371582,7.361332893371582,7.361332893371582
31-05-1996,7.2220001220703125,7.22666597366333,17550.0,7.444665908813477,7.444665908813477,7.444665908813477
03-06-1996,7.2220001220703125,7.444665908813477,27225.0,7.444665908813477,7.388666152954102,7.388666152954102
04-06-1996,7.2220001220703125,7.22666597366333,12825.0,7.444665908813477,7.444665908813477,7.444665908813477
05-06-1996,7.3333330154418945,7.340000152587891,37350.0,7.666666030883789,7.3333330154418945,7.3333330154418945
06-06-1996,7.3333330154418945,7.340000152587891,29025.0,7.666666030883789,7.3333330154418945,7.3333330154418945
07-06-1996,7.3333330154418945,7.340000152587891,18450.0,7.555333137512207,7.3333330154418945,7.3333330154418945
10-06-1996,7.2220001220703125,7.2779998779296875,11250.0,7.2779998779296875,7.25,7.25
11-06-1996,7.166666030883789,7.22666597366333,33750.0,7.444665908813477,7.166666030883789,7.166666030883789
12-06-1996,7.111332893371582,7.113333225250244,49950.0,7.3333330154418945,7.111332893371582,7.111332893371582
13-06-1996,7.111332893371582,7.111332893371582,7650.0,7.111332893371582,7.111332893371582,7.111332893371582
14-06-1996,7.111332893371582,7.113333225250244,14175.0,7.444665908813477,7.166666030883789,7.166666030883789
17-06-1996,7.0,7.059999942779541,33750.0,7.111332893371582,7.055333137512207,7.055333137512207
18-06-1996,7.0,7.00666618347168,69525.0,7.444665908813477,7.2220001220703125,7.2220001220703125
19-06-1996,7.388666152954102,7.50666618347168,272475.0,7.666666030883789,7.555333137512207,7.555333137512207
20-06-1996,7.444665908813477,7.7779998779296875,77850.0,7.7779998779296875,7.472665786743164,7.472665786743164
21-06-1996,7.5,7.666666030883789,118575.0,7.666666030883789,7.555333137512207,7.555333137512207
24-06-1996,7.555333137512207,7.7779998779296875,5625.0,7.7779998779296875,7.555333137512207,7.555333137512207
25-06-1996,7.555333137512207,7.559999942779541,99225.0,7.7779998779296875,7.555333137512207,7.555333137512207
26-06-1996,7.555333137512207,7.555333137512207,3150.0,7.555333137512207,7.555333137512207,7.555333137512207
27-06-1996,7.555333137512207,7.559999942779541,82575.0,8.0,7.666666030883789,7.666666030883789
28-06-1996,7.666666030883789,7.888666152954102,3375.0,7.888666152954102,7.666666030883789,7.666666030883789
01-07-1996,7.555333137512207,7.673333168029785,35550.0,7.7779998779296875,7.7220001220703125,7.7220001220703125
02-07-1996,7.555333137512207,7.559999942779541,8775.0,7.888666152954102,7.555333137512207,7.555333137512207
03-07-1996,7.666666030883789,7.72666597366333,130500.0,8.0,7.944665908813477,7.944665908813477
05-07-1996,7.7779998779296875,8.0,6525.0,8.0,7.7779998779296875,7.7779998779296875
08-07-1996,7.444665908813477,7.7779998779296875,163125.0,7.7779998779296875,7.444665908813477,7.444665908813477
09-07-1996,7.444665908813477,7.4466657638549805,73575.0,7.555333137512207,7.444665908813477,7.444665908813477
10-07-1996,7.2779998779296875,7.340000152587891,149850.0,7.888666152954102,7.888666152954102,7.888666152954102
11-07-1996,7.2220001220703125,7.559999942779541,90000.0,7.666666030883789,7.3333330154418945,7.3333330154418945
12-07-1996,7.111332893371582,7.340000152587891,48150.0,7.444665908813477,7.2779998779296875,7.2779998779296875
15-07-1996,7.111332893371582,7.22666597366333,22275.0,7.444665908813477,7.111332893371582,7.111332893371582
16-07-1996,7.0,7.113333225250244,201150.0,7.2220001220703125,7.0,7.0
17-07-1996,7.0,7.2220001220703125,36450.0,7.2220001220703125,7.0,7.0
18-07-1996,7.0,7.00666618347168,56925.0,7.2220001220703125,7.2220001220703125,7.2220001220703125
19-07-1996,6.888666152954102,7.0,42300.0,7.0,6.888666152954102,6.888666152954102
22-07-1996,6.7779998779296875,6.8933329582214355,40950.0,6.944665908813477,6.7779998779296875,6.7779998779296875
23-07-1996,,,,,,
24-07-1996,6.666666030883789,6.78000020980835,13275.0,6.888666152954102,6.888666152954102,6.888666152954102
25-07-1996,6.555333137512207,6.555333137512207,2700.0,6.555333137512207,6.555333137512207,6.555333137512207
26-07-1996,6.611332893371582,6.613333225250244,9000.0,6.7779998779296875,6.7779998779296875,6.7779998779296875
29-07-1996,6.444665908813477,6.555333137512207,36450.0,6.555333137512207,6.444665908813477,6.444665908813477
30-07-1996,6.666666030883789,6.7779998779296875,16200.0,6.7779998779296875,6.7779998779296875,6.7779998779296875
31-07-1996,6.666666030883789,6.78000020980835,42300.0,7.0,6.8333330154418945,6.8333330154418945
01-08-1996,6.666666030883789,6.666666030883789,2475.0,6.666666030883789,6.666666030883789,6.666666030883789
02-08-1996,6.666666030883789,6.673333168029785,7425.0,6.8333330154418945,6.666666030883789,6.666666030883789
05-08-1996,6.555333137512207,6.666666030883789,95625.0,6.666666030883789,6.666666030883789,6.666666030883789
06-08-1996,6.444665908813477,6.4466657638549805,11250.0,6.7779998779296875,6.7779998779296875,6.7779998779296875
07-08-1996,6.444665908813477,6.613333225250244,10800.0,6.7779998779296875,6.444665908813477,6.444665908813477
08-08-1996,6.444665908813477,6.444665908813477,5625.0,6.444665908813477,6.444665908813477,6.444665908813477
09-08-1996,6.2220001220703125,6.666666030883789,45000.0,6.666666030883789,6.2220001220703125,6.2220001220703125
12-08-1996,6.2220001220703125,6.22666597366333,7875.0,6.3333330154418945,6.2779998779296875,6.2779998779296875
13-08-1996,5.888666152954102,6.111332893371582,8100.0,6.111332893371582,5.888666152954102,5.888666152954102
14-08-1996,5.888666152954102,6.2220001220703125,3825.0,6.2220001220703125,6.2220001220703125,6.2220001220703125
15-08-1996,5.888666152954102,5.8933329582214355,4500.0,6.2220001220703125,5.888666152954102,5.888666152954102
16-08-1996,5.888666152954102,5.8933329582214355,9675.0,6.111332893371582,6.111332893371582,6.111332893371582
19-08-1996,6.111332893371582,6.111332893371582,225.0,6.111332893371582,6.111332893371582,6.111332893371582
20-08-1996,5.888666152954102,5.8933329582214355,3825.0,5.944665908813477,5.944665908813477,5.944665908813477
21-08-1996,6.111332893371582,6.111332893371582,2475.0,6.111332893371582,6.111332893371582,6.111332893371582
22-08-1996,5.888666152954102,5.888666152954102,225.0,5.888666152954102,5.888666152954102,5.888666152954102
23-08-1996,5.888666152954102,5.888666152954102,6525.0,5.888666152954102,5.888666152954102,5.888666152954102
26-08-1996,5.888666152954102,5.888666152954102,0.0,5.888666152954102,5.888666152954102,5.888666152954102
27-08-1996,6.0,6.0,1125.0,6.0,6.0,6.0
28-08-1996,6.111332893371582,6.22666597366333,313200.0,6.555333137512207,6.444665908813477,6.444665908813477
29-08-1996,6.3333330154418945,6.555333137512207,141750.0,6.555333137512207,6.555333137512207,6.555333137512207
30-08-1996,6.444665908813477,6.4466657638549805,11250.0,6.472665786743164,6.444665908813477,6.444665908813477
03-09-1996,6.444665908813477,6.444665908813477,0.0,6.444665908813477,6.444665908813477,6.444665908813477
04-09-1996,6.555333137512207,6.559999942779541,118350.0,7.0,6.666666030883789,6.666666030883789
05-09-1996,6.666666030883789,6.673333168029785,100800.0,7.0,6.666666030883789,6.666666030883789
06-09-1996,6.666666030883789,6.8933329582214355,61200.0,6.944665908813477,6.944665908813477,6.944665908813477
09-09-1996,6.888666152954102,7.059999942779541,313425.0,7.166666030883789,7.166666030883789,7.166666030883789
10-09-1996,7.111332893371582,7.22666597366333,198450.0,7.555333137512207,7.555333137512207,7.555333137512207
11-09-1996,7.444665908813477,7.559999942779541,192825.0,7.666666030883789,7.555333137512207,7.555333137512207
12-09-1996,7.444665908813477,7.4466657638549805,92700.0,7.666666030883789,7.555333137512207,7.555333137512207
13-09-1996,7.444665908813477,7.619999885559082,42750.0,7.7779998779296875,7.555333137512207,7.555333137512207
16-09-1996,7.444665908813477,7.7779998779296875,73800.0,7.7779998779296875,7.555333137512207,7.555333137512207
17-09-1996,7.555333137512207,7.555333137512207,11250.0,7.555333137512207,7.555333137512207,7.555333137512207
18-09-1996,7.555333137512207,7.555333137512207,45000.0,7.555333137512207,7.555333137512207,7.555333137512207
19-09-1996,7.444665908813477,7.555333137512207,14850.0,7.555333137512207,7.444665908813477,7.444665908813477
20-09-1996,7.444665908813477,7.444665908813477,7425.0,7.444665908813477,7.444665908813477,7.444665908813477
23-09-1996,7.444665908813477,7.444665908813477,0.0,7.444665908813477,7.444665908813477,7.444665908813477
24-09-1996,7.111332893371582,7.2220001220703125,55575.0,7.2220001220703125,7.166666030883789,7.166666030883789
25-09-1996,7.111332893371582,7.22666597366333,60300.0,7.2779998779296875,7.111332893371582,7.111332893371582
26-09-1996,7.2220001220703125,7.22666597366333,180675.0,7.444665908813477,7.388666152954102,7.388666152954102
27-09-1996,7.3333330154418945,7.4466657638549805,6075.0,7.555333137512207,7.555333137512207,7.555333137512207
30-09-1996,7.3333330154418945,7.340000152587891,7200.0,7.555333137512207,7.388666152954102,7.388666152954102
01-10-1996,7.416666030883789,7.472665786743164,84375.0,7.472665786743164,7.416666030883789,7.416666030883789
02-10-1996,7.388666152954102,7.4466657638549805,29250.0,7.555333137512207,7.555333137512207,7.555333137512207
03-10-1996,7.444665908813477,7.555333137512207,135900.0,7.555333137512207,7.444665908813477,7.444665908813477
04-10-1996,7.444665908813477,7.50666618347168,132975.0,7.555333137512207,7.444665908813477,7.444665908813477
07-10-1996,7.3333330154418945,7.388666152954102,7200.0,7.388666152954102,7.3333330154418945,7.3333330154418945
08-10-1996,7.2220001220703125,7.3333330154418945,5175.0,7.3333330154418945,7.2220001220703125,7.2220001220703125
09-10-1996,7.2220001220703125,7.3333330154418945,16425.0,7.3333330154418945,7.2220001220703125,7.2220001220703125
10-10-1996,7.2779998779296875,7.2779998779296875,2250.0,7.2779998779296875,7.2779998779296875,7.2779998779296875
11-10-1996,6.888666152954102,7.111332893371582,23850.0,7.111332893371582,6.944665908813477,6.944665908813477
14-10-1996,6.888666152954102,6.888666152954102,5175.0,6.888666152954102,6.888666152954102,6.888666152954102
15-10-1996,6.888666152954102,7.111332893371582,4275.0,7.111332893371582,6.888666152954102,6.888666152954102
16-10-1996,6.888666152954102,7.111332893371582,4500.0,7.111332893371582,6.888666152954102,6.888666152954102
17-10-1996,6.888666152954102,6.888666152954102,2475.0,6.888666152954102,6.888666152954102,6.888666152954102
18-10-1996,6.888666152954102,6.8933329582214355,19575.0,6.916666030883789,6.916666030883789,6.916666030883789
21-10-1996,6.888666152954102,6.953332901000977,133650.0,7.0,7.0,7.0
22-10-1996,6.888666152954102,7.111332893371582,12825.0,7.111332893371582,7.111332893371582,7.111332893371582
23-10-1996,6.888666152954102,6.8933329582214355,37350.0,7.055333137512207,7.0,7.0
24-10-1996,7.0,7.0,0.0,7.0,7.0,7.0
25-10-1996,6.944665908813477,7.055333137512207,2475.0,7.055333137512207,6.944665908813477,6.944665908813477
28-10-1996,6.888666152954102,6.8933329582214355,17100.0,7.111332893371582,7.111332893371582,7.111332893371582
29-10-1996,7.111332893371582,7.111332893371582,0.0,7.111332893371582,7.111332893371582,7.111332893371582
30-10-1996,6.888666152954102,7.3333330154418945,29700.0,7.3333330154418945,7.111332893371582,7.111332893371582
31-10-1996,7.111332893371582,7.340000152587891,56925.0,7.555333137512207,7.555333137512207,7.555333137512207
01-11-1996,7.2220001220703125,7.340000152587891,79875.0,7.555333137512207,7.2220001220703125,7.2220001220703125
04-11-1996,7.2220001220703125,7.4466657638549805,90225.0,7.7779998779296875,7.555333137512207,7.555333137512207
05-11-1996,7.611332893371582,7.619999885559082,197325.0,8.0,7.8333330154418945,7.8333330154418945
06-11-1996,7.7779998779296875,7.8333330154418945,30150.0,7.8333330154418945,7.7779998779296875,7.7779998779296875
07-11-1996,7.8333330154418945,8.0,58950.0,8.0,7.888666152954102,7.888666152954102
08-11-1996,7.888666152954102,7.888666152954102,10350.0,7.888666152954102,7.888666152954102,7.888666152954102
11-11-1996,7.944665908813477,7.953332901000977,127575.0,8.0,8.0,8.0
12-11-1996,7.944665908813477,7.953332901000977,14175.0,8.0,7.944665908813477,7.944665908813477
13-11-1996,7.944665908813477,7.953332901000977,23850.0,8.0,8.0,8.0
14-11-1996,7.7220001220703125,7.953332901000977,130725.0,8.0,7.7220001220703125,7.7220001220703125
15-11-1996,7.7220001220703125,8.0,7650.0,8.0,7.7220001220703125,7.7220001220703125
18-11-1996,7.444665908813477,8.0,44550.0,8.0,7.444665908813477,7.444665908813477
19-11-1996,7.2220001220703125,7.4466657638549805,113850.0,7.555333137512207,7.2220001220703125,7.2220001220703125
20-11-1996,7.111332893371582,7.22666597366333,56475.0,7.2779998779296875,7.2220001220703125,7.2220001220703125
21-11-1996,7.2220001220703125,7.2220001220703125,0.0,7.2220001220703125,7.2220001220703125,7.2220001220703125
22-11-1996,7.166666030883789,7.22666597366333,98550.0,7.3333330154418945,7.3333330154418945,7.3333330154418945
25-11-1996,7.111332893371582,7.113333225250244,8325.0,7.3333330154418945,7.166666030883789,7.166666030883789
26-11-1996,7.3333330154418945,7.3333330154418945,4500.0,7.3333330154418945,7.3333330154418945,7.3333330154418945
27-11-1996,7.111332893371582,7.111332893371582,2925.0,7.111332893371582,7.111332893371582,7.111332893371582
29-11-1996,6.888666152954102,7.113333225250244,79200.0,7.3333330154418945,7.2220001220703125,7.2220001220703125
02-12-1996,6.7220001220703125,7.173333168029785,465750.0,7.2220001220703125,6.7220001220703125,6.7220001220703125
03-12-1996,6.7779998779296875,7.0,58725.0,7.0,6.7779998779296875,6.7779998779296875
04-12-1996,6.666666030883789,6.673333168029785,31275.0,6.888666152954102,6.7220001220703125,6.7220001220703125
05-12-1996,6.666666030883789,6.673333168029785,22725.0,6.861332893371582,6.8333330154418945,6.8333330154418945
06-12-1996,6.3333330154418945,6.4466657638549805,15750.0,6.666666030883789,6.388666152954102,6.388666152954102
09-12-1996,6.3333330154418945,6.666666030883789,29475.0,6.666666030883789,6.3333330154418945,6.3333330154418945
10-12-1996,6.3333330154418945,6.3333330154418945,26550.0,6.7779998779296875,6.7779998779296875,6.7779998779296875
11-12-1996,6.555333137512207,6.559999942779541,24075.0,6.7779998779296875,6.666666030883789,6.666666030883789
12-12-1996,6.666666030883789,6.666666030883789,0.0,6.666666030883789,6.666666030883789,6.666666030883789
13-12-1996,6.444665908813477,6.559999942779541,105525.0,6.666666030883789,6.555333137512207,6.555333137512207
16-12-1996,6.3333330154418945,6.3333330154418945,88875.0,6.7779998779296875,6.388666152954102,6.388666152954102
17-12-1996,6.2220001220703125,6.444665908813477,50400.0,6.444665908813477,6.2779998779296875,6.2779998779296875
18-12-1996,6.111332893371582,6.113333225250244,8775.0,6.3333330154418945,6.2220001220703125,6.2220001220703125
19-12-1996,6.111332893371582,6.111332893371582,1800.0,6.111332893371582,6.111332893371582,6.111332893371582
20-12-1996,6.111332893371582,6.111332893371582,0.0,6.111332893371582,6.111332893371582,6.111332893371582
23-12-1996,6.111332893371582,6.113333225250244,7650.0,6.2220001220703125,6.166666030883789,6.166666030883789
24-12-1996,6.111332893371582,6.2220001220703125,25650.0,6.2220001220703125,6.2220001220703125,6.2220001220703125
26-12-1996,6.111332893371582,6.113333225250244,26775.0,6.166666030883789,6.166666030883789,6.166666030883789
27-12-1996,6.111332893371582,6.111332893371582,9900.0,6.111332893371582,6.111332893371582,6.111332893371582
30-12-1996,6.3333330154418945,6.3333330154418945,33975.0,6.444665908813477,6.3333330154418945,6.3333330154418945
31-12-1996,6.2220001220703125,6.3333330154418945,33075.0,6.555333137512207,6.444665908813477,6.444665908813477
02-01-1997,6.444665908813477,6.4466657638549805,3600.0,6.555333137512207,6.444665908813477,6.444665908813477
03-01-1997,6.444665908813477,6.666666030883789,16200.0,6.666666030883789,6.5,6.5
06-01-1997,6.5,6.5,0.0,6.5,6.5,6.5
07-01-1997,6.5,6.5,0.0,6.5,6.5,6.5
08-01-1997,6.388666152954102,6.555333137512207,36225.0,6.555333137512207,6.555333137512207,6.555333137512207
09-01-1997,6.3333330154418945,6.3333330154418945,2025.0,6.555333137512207,6.555333137512207,6.555333137512207
10-01-1997,6.3333330154418945,6.3333330154418945,45900.0,6.5,6.444665908813477,6.444665908813477
13-01-1997,6.3333330154418945,6.3333330154418945,170325.0,6.5,6.3333330154418945,6.3333330154418945
14-01-1997,6.3333330154418945,6.3333330154418945,2025.0,6.3333330154418945,6.3333330154418945,6.3333330154418945
15-01-1997,6.3333330154418945,6.3333330154418945,675.0,6.3333330154418945,6.3333330154418945,6.3333330154418945
16-01-1997,6.3333330154418945,6.3333330154418945,20700.0,6.444665908813477,6.444665908813477,6.444665908813477
17-01-1997,6.111332893371582,6.113333225250244,6750.0,6.2220001220703125,6.2220001220703125,6.2220001220703125
20-01-1997,6.111332893371582,6.111332893371582,675.0,6.111332893371582,6.111332893371582,6.111332893371582
21-01-1997,6.111332893371582,6.113333225250244,23850.0,6.3333330154418945,6.2220001220703125,6.2220001220703125
22-01-1997,6.2220001220703125,6.2220001220703125,4950.0,6.2220001220703125,6.2220001220703125,6.2220001220703125
23-01-1997,6.111332893371582,6.113333225250244,4275.0,6.166666030883789,6.111332893371582,6.111332893371582
24-01-1997,6.166666030883789,6.444665908813477,50175.0,6.444665908813477,6.444665908813477,6.444665908813477
27-01-1997,6.111332893371582,6.113333225250244,5175.0,6.354000091552734,6.354000091552734,6.354000091552734
28-01-1997,6.2779998779296875,6.388666152954102,137250.0,6.388666152954102,6.2779998779296875,6.2779998779296875
29-01-1997,6.2779998779296875,6.2779998779296875,137250.0,6.2779998779296875,6.2779998779296875,6.2779998779296875
30-01-1997,6.2779998779296875,6.2779998779296875,137250.0,6.2779998779296875,6.2779998779296875,6.2779998779296875
31-01-1997,6.2220001220703125,6.444665908813477,2025.0,6.444665908813477,6.3333330154418945,6.3333330154418945
03-02-1997,6.2220001220703125,6.22666597366333,3600.0,6.3333330154418945,6.3333330154418945,6.3333330154418945
04-02-1997,6.2220001220703125,6.22666597366333,450.0,6.388666152954102,6.388666152954102,6.388666152954102
05-02-1997,6.2220001220703125,6.22666597366333,2250.0,6.2779998779296875,6.2779998779296875,6.2779998779296875
06-02-1997,6.444665908813477,6.444665908813477,5175.0,6.444665908813477,6.444665908813477,6.444665908813477
07-02-1997,6.388666152954102,6.3933329582214355,13725.0,6.416666030883789,6.388666152954102,6.388666152954102
10-02-1997,6.388666152954102,6.3933329582214355,3375.0,6.444665908813477,6.444665908813477,6.444665908813477
11-02-1997,6.3333330154418945,6.5,60300.0,6.5,6.3333330154418945,6.3333330154418945
12-02-1997,6.3333330154418945,6.3333330154418945,1350.0,6.3333330154418945,6.3333330154418945,6.3333330154418945
13-02-1997,6.2220001220703125,6.3333330154418945,103050.0,6.388666152954102,6.2220001220703125,6.2220001220703125
14-02-1997,6.111332893371582,6.113333225250244,12375.0,6.444665908813477,6.444665908813477,6.444665908813477
18-02-1997,5.888666152954102,6.444665908813477,67050.0,6.444665908813477,6.055333137512207,6.055333137512207
19-02-1997,5.944665908813477,5.944665908813477,1125.0,5.944665908813477,5.944665908813477,5.944665908813477
20-02-1997,5.944665908813477,5.944665908813477,225.0,5.944665908813477,5.944665908813477,5.944665908813477
21-02-1997,5.944665908813477,6.086666107177734,18000.0,6.2220001220703125,6.2220001220703125,6.2220001220703125
24-02-1997,,,,,,
25-02-1997,,,,,,
26-02-1997,6.055333137512207,6.2220001220703125,37125.0,6.2220001220703125,6.055333137512207,6.055333137512207
27-02-1997,6.0,6.0,45225.0,6.2220001220703125,6.0279998779296875,6.0279998779296875
28-02-1997,6.055333137512207,6.111332893371582,2250.0,6.111332893371582,6.055333137512207,6.055333137512207
03-03-1997,6.055333137512207,6.113333225250244,154575.0,6.2220001220703125,6.111332893371582,6.111332893371582
04-03-1997,6.111332893371582,6.113333225250244,10125.0,6.2220001220703125,6.111332893371582,6.111332893371582
05-03-1997,6.111332893371582,6.2220001220703125,14400.0,6.2220001220703125,6.111332893371582,6.111332893371582
06-03-1997,6.111332893371582,6.113333225250244,18000.0,6.2220001220703125,6.111332893371582,6.111332893371582
07-03-1997,6.111332893371582,6.2220001220703125,36900.0,6.2220001220703125,6.111332893371582,6.111332893371582
10-03-1997,6.055333137512207,6.2220001220703125,72675.0,6.2220001220703125,6.111332893371582,6.111332893371582
11-03-1997,6.111332893371582,6.22666597366333,517725.0,7.2220001220703125,7.111332893371582,7.111332893371582
12-03-1997,6.8333330154418945,7.173333168029785,95850.0,7.3333330154418945,7.111332893371582,7.111332893371582
13-03-1997,6.8333330154418945,7.111332893371582,13950.0,7.111332893371582,6.972665786743164,6.972665786743164
14-03-1997,6.666666030883789,7.111332893371582,17775.0,7.111332893371582,6.8333330154418945,6.8333330154418945
17-03-1997,6.666666030883789,6.673333168029785,5625.0,6.7779998779296875,6.7779998779296875,6.7779998779296875
18-03-1997,6.555333137512207,6.7779998779296875,81675.0,6.7779998779296875,6.611332893371582,6.611332893371582
19-03-1997,6.3333330154418945,6.7779998779296875,38250.0,6.7779998779296875,6.3333330154418945,6.3333330154418945
20-03-1997,6.3333330154418945,6.3333330154418945,3150.0,6.666666030883789,6.666666030883789,6.666666030883789
21-03-1997,6.666666030883789,6.7779998779296875,67725.0,6.7779998779296875,6.7779998779296875,6.7779998779296875
24-03-1997,6.555333137512207,6.559999942779541,1800.0,6.7779998779296875,6.7779998779296875,6.7779998779296875
25-03-1997,6.555333137512207,6.559999942779541,40725.0,6.7779998779296875,6.7779998779296875,6.7779998779296875
26-03-1997,6.555333137512207,6.559999942779541,5850.0,6.888666152954102,6.666666030883789,6.666666030883789
27-03-1997,6.888666152954102,6.888666152954102,1125.0,6.888666152954102,6.888666152954102,6.888666152954102
31-03-1997,6.555333137512207,6.888666152954102,11925.0,6.888666152954102,6.7779998779296875,6.7779998779296875
01-04-1997,6.555333137512207,6.559999942779541,16200.0,6.888666152954102,6.555333137512207,6.555333137512207
02-04-1997,6.5,6.559999942779541,6750.0,6.666666030883789,6.5,6.5
03-04-1997,6.5,6.7779998779296875,4725.0,6.7779998779296875,6.5,6.5
04-04-1997,,,,,,
07-04-1997,6.444665908813477,6.4466657638549805,7425.0,6.611332893371582,6.444665908813477,6.444665908813477
08-04-1997,6.666666030883789,6.7779998779296875,2250.0,6.7779998779296875,6.7779998779296875,6.7779998779296875
09-04-1997,6.7779998779296875,6.7779998779296875,0.0,6.7779998779296875,6.7779998779296875,6.7779998779296875
10-04-1997,,,,,,
11-04-1997,6.444665908813477,6.4466657638549805,7875.0,6.666666030883789,6.444665908813477,6.444665908813477
14-04-1997,6.444665908813477,6.4466657638549805,13275.0,6.7779998779296875,6.7779998779296875,6.7779998779296875
15-04-1997,6.444665908813477,6.7779998779296875,2025.0,6.7779998779296875,6.444665908813477,6.444665908813477
16-04-1997,6.444665908813477,6.4466657638549805,31275.0,6.7779998779296875,6.444665908813477,6.444665908813477
17-04-1997,6.444665908813477,6.4466657638549805,3375.0,6.555333137512207,6.555333137512207,6.555333137512207
18-04-1997,,,,,,
21-04-1997,6.555333137512207,6.559999942779541,2700.0,6.7779998779296875,6.7779998779296875,6.7779998779296875
22-04-1997,6.555333137512207,6.7779998779296875,4725.0,6.7779998779296875,6.555333137512207,6.555333137512207
23-04-1997,6.555333137512207,6.559999942779541,9675.0,6.7779998779296875,6.555333137512207,6.555333137512207
24-04-1997,6.555333137512207,6.666666030883789,7425.0,6.666666030883789,6.666666030883789,6.666666030883789
25-04-1997,6.555333137512207,6.559999942779541,8550.0,6.7779998779296875,6.7779998779296875,6.7779998779296875
28-04-1997,6.7779998779296875,6.7779998779296875,7200.0,6.7779998779296875,6.7779998779296875,6.7779998779296875
29-04-1997,6.7779998779296875,6.7779998779296875,7200.0,6.7779998779296875,6.7779998779296875,6.7779998779296875
30-04-1997,6.555333137512207,6.559999942779541,12150.0,6.888666152954102,6.7779998779296875,6.7779998779296875
01-05-1997,,,,,,
02-05-1997,6.888666152954102,6.8933329582214355,18450.0,7.111332893371582,7.111332893371582,7.111332893371582
05-05-1997,7.111332893371582,7.111332893371582,0.0,7.111332893371582,7.111332893371582,7.111332893371582
06-05-1997,6.888666152954102,6.8933329582214355,8325.0,7.3333330154418945,6.888666152954102,6.888666152954102
07-05-1997,6.888666152954102,6.8933329582214355,3600.0,7.2220001220703125,6.888666152954102,6.888666152954102
08-05-1997,6.888666152954102,7.2220001220703125,6075.0,7.2220001220703125,6.888666152954102,6.888666152954102
09-05-1997,6.888666152954102,6.8933329582214355,2250.0,7.2220001220703125,7.2220001220703125,7.2220001220703125
12-05-1997,7.055333137512207,7.166666030883789,1800.0,7.166666030883789,7.055333137512207,7.055333137512207
13-05-1997,6.888666152954102,7.2220001220703125,15300.0,7.2220001220703125,7.055333137512207,7.055333137512207
14-05-1997,6.888666152954102,7.059999942779541,5850.0,7.2220001220703125,7.2220001220703125,7.2220001220703125
15-05-1997,7.0,7.3333330154418945,11925.0,7.3333330154418945,7.0,7.0
16-05-1997,7.0,7.3333330154418945,4050.0,7.3333330154418945,7.0,7.0
19-05-1997,7.111332893371582,7.286665916442871,31500.0,7.555333137512207,7.555333137512207,7.555333137512207
20-05-1997,7.2779998779296875,7.4466657638549805,51750.0,7.555333137512207,7.3333330154418945,7.3333330154418945
21-05-1997,7.2220001220703125,7.555333137512207,48825.0,7.555333137512207,7.444665908813477,7.444665908813477
22-05-1997,6.7779998779296875,7.340000152587891,58950.0,7.444665908813477,6.7779998779296875,6.7779998779296875
23-05-1997,6.7779998779296875,7.111332893371582,7650.0,7.111332893371582,7.055333137512207,7.055333137512207
27-05-1997,7.0,7.111332893371582,9000.0,7.111332893371582,7.111332893371582,7.111332893371582
28-05-1997,7.111332893371582,7.2220001220703125,3375.0,7.2220001220703125,7.2220001220703125,7.2220001220703125
29-05-1997,7.2220001220703125,7.2220001220703125,450.0,7.2220001220703125,7.2220001220703125,7.2220001220703125
30-05-1997,6.888666152954102,6.8933329582214355,6075.0,7.2220001220703125,7.2220001220703125,7.2220001220703125
02-06-1997,7.0,7.00666618347168,3375.0,7.3333330154418945,7.3333330154418945,7.3333330154418945
03-06-1997,7.2220001220703125,7.22666597366333,11025.0,7.3333330154418945,7.2220001220703125,7.2220001220703125
04-06-1997,7.2220001220703125,7.3333330154418945,3375.0,7.3333330154418945,7.2220001220703125,7.2220001220703125
05-06-1997,7.111332893371582,7.22666597366333,44550.0,7.555333137512207,7.3333330154418945,7.3333330154418945
06-06-1997,,,,,,
09-06-1997,7.2220001220703125,7.2220001220703125,0.0,7.2220001220703125,7.2220001220703125,7.2220001220703125
10-06-1997,7.0,7.00666618347168,1125.0,7.111332893371582,7.111332893371582,7.111332893371582
11-06-1997,7.0,7.111332893371582,48600.0,7.111332893371582,7.0279998779296875,7.0279998779296875
12-06-1997,6.888666152954102,7.00666618347168,12375.0,7.111332893371582,6.888666152954102,6.888666152954102
13-06-1997,7.0,7.00666618347168,1800.0,7.111332893371582,7.111332893371582,7.111332893371582
16-06-1997,7.0,7.111332893371582,2250.0,7.111332893371582,7.0,7.0
17-06-1997,6.951333045959473,6.951333045959473,225.0,6.951333045959473,6.951333045959473,6.951333045959473
18-06-1997,6.888666152954102,7.111332893371582,27675.0,7.111332893371582,7.0,7.0
19-06-1997,6.944665908813477,7.111332893371582,7200.0,7.111332893371582,6.944665908813477,6.944665908813477
20-06-1997,6.888666152954102,6.8933329582214355,18000.0,7.111332893371582,6.944665908813477,6.944665908813477
23-06-1997,6.944665908813477,6.944665908813477,0.0,6.944665908813477,6.944665908813477,6.944665908813477
24-06-1997,6.888666152954102,6.888666152954102,225.0,6.888666152954102,6.888666152954102,6.888666152954102
25-06-1997,6.888666152954102,6.8933329582214355,7875.0,7.2220001220703125,7.2220001220703125,7.2220001220703125
26-06-1997,7.2220001220703125,7.2220001220703125,900.0,7.2220001220703125,7.2220001220703125,7.2220001220703125
27-06-1997,6.888666152954102,6.8933329582214355,9450.0,7.111332893371582,6.888666152954102,6.888666152954102
30-06-1997,6.888666152954102,7.111332893371582,24975.0,7.111332893371582,7.111332893371582,7.111332893371582
01-07-1997,,,,,,
02-07-1997,6.8333330154418945,6.840000152587891,8550.0,7.0,7.0,7.0
03-07-1997,6.888666152954102,6.8933329582214355,6075.0,7.055333137512207,7.055333137512207,7.055333137512207
07-07-1997,6.888666152954102,7.111332893371582,7425.0,7.111332893371582,7.0,7.0
08-07-1997,6.888666152954102,6.8933329582214355,16875.0,6.944665908813477,6.888666152954102,6.888666152954102
09-07-1997,7.111332893371582,7.113333225250244,213975.0,7.555333137512207,7.2220001220703125,7.2220001220703125
10-07-1997,7.0,7.0,12825.0,7.0,7.0,7.0
11-07-1997,6.888666152954102,7.0,16650.0,7.0,6.888666152954102,6.888666152954102
14-07-1997,6.888666152954102,6.8933329582214355,8775.0,7.111332893371582,6.888666152954102,6.888666152954102
15-07-1997,6.888666152954102,7.059999942779541,19125.0,7.111332893371582,7.111332893371582,7.111332893371582
16-07-1997,7.055333137512207,7.113333225250244,13950.0,7.2220001220703125,7.2220001220703125,7.2220001220703125
17-07-1997,7.0,7.00666618347168,22275.0,7.2220001220703125,7.111332893371582,7.111332893371582
18-07-1997,6.888666152954102,7.2220001220703125,20475.0,7.2220001220703125,7.111332893371582,7.111332893371582
21-07-1997,7.0,7.3933329582214355,252675.0,7.666666030883789,7.2220001220703125,7.2220001220703125
22-07-1997,,,,,,
23-07-1997,7.111332893371582,7.444665908813477,13275.0,7.444665908813477,7.3333330154418945,7.3333330154418945
24-07-1997,7.111332893371582,7.444665908813477,18675.0,7.444665908813477,7.444665908813477,7.444665908813477
25-07-1997,7.388666152954102,7.4466657638549805,95625.0,7.5,7.5,7.5
28-07-1997,,,,,,
29-07-1997,7.388666152954102,7.3933329582214355,36000.0,7.666666030883789,7.666666030883789,7.666666030883789
30-07-1997,7.555333137512207,7.673333168029785,146025.0,8.0,7.8333330154418945,7.8333330154418945
31-07-1997,7.7779998779296875,8.0,40725.0,8.0,7.7779998779296875,7.7779998779296875
01-08-1997,7.7779998779296875,7.78000020980835,36450.0,8.0,8.0,8.0
04-08-1997,7.7779998779296875,8.0,14625.0,8.0,8.0,8.0
05-08-1997,7.7779998779296875,8.00666618347168,137925.0,8.277999877929688,8.277999877929688,8.277999877929688
06-08-1997,8.055333137512207,8.286665916442871,90900.0,8.611332893371582,8.5,8.5
07-08-1997,8.222000122070312,8.611332893371582,85275.0,8.611332893371582,8.5,8.5
08-08-1997,8.083333015441895,8.222000122070312,108225.0,8.222000122070312,8.166666030883789,8.166666030883789
11-08-1997,7.888666152954102,7.8933329582214355,14625.0,8.166666030883789,7.944665908813477,7.944665908813477
12-08-1997,7.7779998779296875,7.8933329582214355,11025.0,8.0,7.8333330154418945,7.8333330154418945
13-08-1997,7.5,7.944665908813477,45225.0,7.944665908813477,7.5,7.5
14-08-1997,7.666666030883789,7.673333168029785,65475.0,8.222000122070312,8.111332893371582,8.111332893371582
15-08-1997,7.7779998779296875,8.111332893371582,10800.0,8.111332893371582,8.0,8.0
18-08-1997,7.8333330154418945,8.333333015441895,9750.0,8.333333015441895,8.0,8.0
19-08-1997,7.8333330154418945,8.0,27000.0,8.166666030883789,8.0,8.0
20-08-1997,7.8333330154418945,8.166666030883789,30900.0,8.416666030883789,8.416666030883789,8.416666030883789
21-08-1997,8.166666030883789,8.333333015441895,31200.0,8.416666030883789,8.25,8.25
22-08-1997,7.8333330154418945,8.333333015441895,25200.0,8.333333015441895,8.25,8.25
25-08-1997,8.0,8.333333015441895,47400.0,8.5,8.416666030883789,8.416666030883789
26-08-1997,8.166666030883789,8.420000076293945,15150.0,8.833333015441895,8.666666030883789,8.666666030883789
27-08-1997,8.666666030883789,8.833333015441895,91800.0,9.166666030883789,8.833333015441895,8.833333015441895
28-08-1997,8.666666030883789,8.920000076293945,42150.0,9.083333015441895,9.0,9.0
29-08-1997,8.666666030883789,9.039999961853027,28200.0,9.083333015441895,8.666666030883789,8.666666030883789
02-09-1997,8.666666030883789,9.086666107177734,188850.0,9.166666030883789,8.95866584777832,8.95866584777832
03-09-1997,8.833333015441895,9.083333015441895,12000.0,9.083333015441895,8.833333015441895,8.833333015441895
04-09-1997,8.5,9.083333015441895,34350.0,9.083333015441895,8.75,8.75
05-09-1997,8.583333015441895,8.833333015441895,57000.0,9.166666030883789,8.833333015441895,8.833333015441895
08-09-1997,8.833333015441895,8.833333015441895,90000.0,9.166666030883789,9.166666030883789,9.166666030883789
09-09-1997,,,,,,
10-09-1997,9.25,9.5,82650.0,9.5,9.333333015441895,9.333333015441895
11-09-1997,9.166666030883789,9.333333015441895,52200.0,9.333333015441895,9.166666030883789,9.166666030883789
12-09-1997,9.166666030883789,9.333333015441895,21600.0,9.333333015441895,9.333333015441895,9.333333015441895
15-09-1997,9.166666030883789,9.333333015441895,31050.0,9.416666030883789,9.25,9.25
16-09-1997,9.083333015441895,9.333333015441895,59850.0,9.333333015441895,9.333333015441895,9.333333015441895
17-09-1997,9.333333015441895,9.333333015441895,0.0,9.333333015441895,9.333333015441895,9.333333015441895
18-09-1997,9.25,9.333333015441895,25350.0,9.5,9.333333015441895,9.333333015441895
19-09-1997,9.333333015441895,9.5,26850.0,9.583333015441895,9.583333015441895,9.583333015441895
22-09-1997,9.5,9.586666107177734,124350.0,9.75,9.666666030883789,9.666666030883789
23-09-1997,9.5,9.5,54750.0,9.75,9.666666030883789,9.666666030883789
24-09-1997,9.333333015441895,9.75,63750.0,9.75,9.583333015441895,9.583333015441895
25-09-1997,9.333333015441895,9.583333015441895,27450.0,9.583333015441895,9.583333015441895,9.583333015441895
26-09-1997,9.416666030883789,9.539999961853027,35850.0,9.75,9.75,9.75
29-09-1997,9.666666030883789,9.666666030883789,5250.0,9.666666030883789,9.666666030883789,9.666666030883789
30-09-1997,9.416666030883789,9.420000076293945,3900.0,9.833333015441895,9.416666030883789,9.416666030883789
01-10-1997,9.5,9.5,11400.0,9.833333015441895,9.666666030883789,9.666666030883789
02-10-1997,9.5,9.5,101850.0,10.25,10.166666030883789,10.166666030883789
03-10-1997,9.833333015441895,9.833333015441895,96150.0,10.166666030883789,10.0,10.0
06-10-1997,10.0,10.0,143700.0,10.166666030883789,10.125332832336426,10.125332832336426
07-10-1997,10.0,10.166666030883789,87750.0,10.166666030883789,10.083333015441895,10.083333015441895
08-10-1997,10.166666030883789,10.166666030883789,300.0,10.166666030883789,10.166666030883789,10.166666030883789
09-10-1997,9.833333015441895,9.833333015441895,21300.0,10.166666030883789,10.0,10.0
10-10-1997,9.833333015441895,9.833333015441895,4350.0,10.0,10.0,10.0
13-10-1997,9.833333015441895,10.083333015441895,6450.0,10.083333015441895,9.833333015441895,9.833333015441895
14-10-1997,9.583333015441895,9.916666030883789,21450.0,9.916666030883789,9.583333015441895,9.583333015441895
15-10-1997,9.0,9.666666030883789,54600.0,9.666666030883789,9.5,9.5
16-10-1997,9.333333015441895,9.333333015441895,14850.0,9.666666030883789,9.5,9.5
17-10-1997,9.166666030883789,9.333333015441895,60600.0,9.666666030883789,9.20866584777832,9.20866584777832
20-10-1997,8.333333015441895,9.0,69900.0,9.083333015441895,8.666666030883789,8.666666030883789
21-10-1997,8.833333015441895,8.833333015441895,36300.0,9.5,9.5,9.5
22-10-1997,9.333333015441895,9.416666030883789,7200.0,9.416666030883789,9.333333015441895,9.333333015441895
23-10-1997,8.666666030883789,9.333333015441895,17400.0,9.333333015441895,9.083333015441895,9.083333015441895
24-10-1997,8.833333015441895,8.833333015441895,6750.0,9.416666030883789,9.416666030883789,9.416666030883789
27-10-1997,8.5,9.0,15750.0,9.333333015441895,8.666666030883789,8.666666030883789
28-10-1997,8.25,8.420000076293945,52950.0,8.75,8.25,8.25
29-10-1997,8.25,8.833333015441895,7800.0,8.833333015441895,8.5,8.5
30-10-1997,8.166666030883789,8.333333015441895,20100.0,8.666666030883789,8.166666030883789,8.166666030883789
31-10-1997,7.8333330154418945,8.166666030883789,38550.0,8.166666030883789,8.083333015441895,8.083333015441895
03-11-1997,7.916666030883789,8.086666107177734,21750.0,8.333333015441895,8.166666030883789,8.166666030883789
04-11-1997,8.0,8.0,4800.0,8.333333015441895,8.333333015441895,8.333333015441895
05-11-1997,8.166666030883789,8.333333015441895,7950.0,8.333333015441895,8.166666030883789,8.166666030883789
06-11-1997,8.333333015441895,8.5,4200.0,8.5,8.5,8.5
07-11-1997,8.25,8.25,2250.0,8.25,8.25,8.25
10-11-1997,8.5,8.5,1050.0,8.666666030883789,8.583333015441895,8.583333015441895
11-11-1997,8.166666030883789,8.166666030883789,3900.0,8.666666030883789,8.166666030883789,8.166666030883789
12-11-1997,8.0,8.166666030883789,34650.0,8.416666030883789,8.0,8.0
13-11-1997,7.5,8.166666030883789,23250.0,8.166666030883789,7.5,7.5
14-11-1997,7.3333330154418945,7.3333330154418945,5700.0,7.75,7.75,7.75
17-11-1997,7.416666030883789,7.8333330154418945,2250.0,7.8333330154418945,7.416666030883789,7.416666030883789
18-11-1997,7.416666030883789,7.420000076293945,38550.0,8.166666030883789,7.916666030883789,7.916666030883789
19-11-1997,7.8333330154418945,7.8333330154418945,87150.0,8.166666030883789,7.8333330154418945,7.8333330154418945
20-11-1997,7.75,7.75333309173584,76950.0,7.8333330154418945,7.75,7.75
21-11-1997,7.8333330154418945,8.166666030883789,9000.0,8.166666030883789,7.8333330154418945,7.8333330154418945
24-11-1997,7.916666030883789,8.083333015441895,21900.0,8.083333015441895,8.083333015441895,8.083333015441895
25-11-1997,,,,,,
26-11-1997,7.666666030883789,7.8333330154418945,7500.0,7.8333330154418945,7.666666030883789,7.666666030883789
28-11-1997,7.666666030883789,8.0,6000.0,8.0,7.8333330154418945,7.8333330154418945
01-12-1997,7.5,7.8333330154418945,112500.0,8.0,7.666666030883789,7.666666030883789
02-12-1997,7.5833330154418945,7.586666107177734,1650.0,7.666666030883789,7.666666030883789,7.666666030883789
03-12-1997,7.5833330154418945,8.0,31650.0,8.0,7.666666030883789,7.666666030883789
04-12-1997,7.5833330154418945,8.0,31200.0,8.0,7.916666030883789,7.916666030883789
05-12-1997,7.416666030883789,7.420000076293945,319200.0,8.083333015441895,8.083333015441895,8.083333015441895
08-12-1997,8.0,8.0,7200.0,8.166666030883789,8.083333015441895,8.083333015441895
09-12-1997,7.916666030883789,7.920000076293945,25350.0,8.166666030883789,8.083333015441895,8.083333015441895
10-12-1997,8.083333015441895,8.166666030883789,3900.0,8.166666030883789,8.166666030883789,8.166666030883789
11-12-1997,8.041999816894531,8.166666030883789,5850.0,8.166666030883789,8.041999816894531,8.041999816894531
12-12-1997,8.0,8.0,3900.0,8.0,8.0,8.0
15-12-1997,7.916666030883789,8.166666030883789,10800.0,8.166666030883789,8.0,8.0
16-12-1997,8.0,8.0,12900.0,8.166666030883789,8.166666030883789,8.166666030883789
17-12-1997,8.0,8.086666107177734,15750.0,8.166666030883789,8.041999816894531,8.041999816894531
18-12-1997,8.166666030883789,8.166666030883789,1950.0,8.166666030883789,8.166666030883789,8.166666030883789
19-12-1997,8.0,8.0,4500.0,8.25,8.0,8.0
22-12-1997,7.666666030883789,7.8333330154418945,10200.0,8.333333015441895,8.0,8.0
23-12-1997,7.75,7.75,600.0,7.75,7.75,7.75
24-12-1997,7.75,7.75333309173584,4350.0,7.8333330154418945,7.8333330154418945,7.8333330154418945
26-12-1997,7.916666030883789,7.920000076293945,1200.0,8.0,8.0,8.0
29-12-1997,7.8333330154418945,8.0,3600.0,8.0,7.916666030883789,7.916666030883789
30-12-1997,7.75,7.75333309173584,15300.0,8.166666030883789,8.166666030883789,8.166666030883789
31-12-1997,7.95866584777832,8.166666030883789,83400.0,8.75,8.333333015441895,8.333333015441895
02-01-1998,8.25,8.25,9000.0,8.25,8.25,8.25
05-01-1998,8.166666030883789,8.166666030883789,3150.0,8.166666030883789,8.166666030883789,8.166666030883789
06-01-1998,7.75,7.8333330154418945,15600.0,8.166666030883789,8.166666030883789,8.166666030883789
07-01-1998,8.166666030883789,8.166666030883789,0.0,8.166666030883789,8.166666030883789,8.166666030883789
08-01-1998,7.75,7.75333309173584,10650.0,8.0,7.791999816894531,7.791999816894531
09-01-1998,7.416666030883789,7.75,47850.0,7.75,7.416666030883789,7.416666030883789
12-01-1998,7.3333330154418945,7.666666030883789,6900.0,7.666666030883789,7.5,7.5
13-01-1998,7.3333330154418945,7.3333330154418945,40500.0,7.5,7.5,7.5
14-01-1998,,,,,,
15-01-1998,7.416666030883789,7.5,22500.0,7.5833330154418945,7.5,7.5
16-01-1998,7.3333330154418945,7.416666030883789,1200.0,7.416666030883789,7.3333330154418945,7.3333330154418945
20-01-1998,7.5,7.539999961853027,39600.0,7.666666030883789,7.666666030883789,7.666666030883789
21-01-1998,7.416666030883789,7.420000076293945,2700.0,7.45866584777832,7.45866584777832,7.45866584777832
22-01-1998,7.45866584777832,7.45866584777832,300.0,7.45866584777832,7.45866584777832,7.45866584777832
23-01-1998,7.375332832336426,7.460000038146973,20700.0,7.5833330154418945,7.375332832336426,7.375332832336426
26-01-1998,7.3333330154418945,7.3333330154418945,3450.0,7.5833330154418945,7.3333330154418945,7.3333330154418945
27-01-1998,7.166666030883789,7.3333330154418945,7500.0,7.3333330154418945,7.166666030883789,7.166666030883789
28-01-1998,7.166666030883789,7.166666030883789,450.0,7.166666030883789,7.166666030883789,7.166666030883789
29-01-1998,7.0833330154418945,7.166666030883789,5400.0,7.166666030883789,7.0833330154418945,7.0833330154418945
30-01-1998,6.916666030883789,7.086666107177734,8250.0,7.125332832336426,6.916666030883789,6.916666030883789
02-02-1998,6.916666030883789,7.3333330154418945,25500.0,7.3333330154418945,6.95866584777832,6.95866584777832
03-02-1998,6.95866584777832,6.960000038146973,20700.0,7.3333330154418945,7.3333330154418945,7.3333330154418945
04-02-1998,7.166666030883789,7.3333330154418945,110550.0,7.416666030883789,7.3333330154418945,7.3333330154418945
05-02-1998,7.166666030883789,7.166666030883789,21750.0,7.3333330154418945,7.3333330154418945,7.3333330154418945
06-02-1998,7.166666030883789,7.166666030883789,16050.0,7.291999816894531,7.25,7.25
09-02-1998,7.25,7.25,300.0,7.25,7.25,7.25
10-02-1998,7.25,7.420000076293945,40200.0,7.5,7.3333330154418945,7.3333330154418945
11-02-1998,7.25,7.25333309173584,2400.0,7.5,7.5,7.5
12-02-1998,7.25,7.25333309173584,2400.0,7.3333330154418945,7.3333330154418945,7.3333330154418945
13-02-1998,7.20866584777832,7.3333330154418945,115500.0,7.3333330154418945,7.25,7.25
17-02-1998,7.166666030883789,7.3333330154418945,24450.0,7.3333330154418945,7.25,7.25
18-02-1998,7.166666030883789,7.25333309173584,55800.0,7.416666030883789,7.3333330154418945,7.3333330154418945
19-02-1998,7.25,7.25333309173584,10200.0,7.5,7.3333330154418945,7.3333330154418945
20-02-1998,7.3333330154418945,7.5,36300.0,7.5,7.5,7.5
23-02-1998,7.3333330154418945,7.3333330154418945,9600.0,7.5,7.416666030883789,7.416666030883789
24-02-1998,7.3333330154418945,7.3333330154418945,231000.0,7.8333330154418945,7.8333330154418945,7.8333330154418945
25-02-1998,8.0,8.086666107177734,27000.0,8.25,8.166666030883789,8.166666030883789
26-02-1998,8.0,8.0,4050.0,8.333333015441895,8.333333015441895,8.333333015441895
27-02-1998,8.166666030883789,8.166666030883789,9000.0,8.25,8.166666030883789,8.166666030883789
02-03-1998,8.25,8.416666030883789,33600.0,8.416666030883789,8.25,8.25
03-03-1998,8.25,8.25,0.0,8.25,8.25,8.25
04-03-1998,8.0,8.039999961853027,30750.0,8.083333015441895,8.0,8.0
05-03-1998,7.8333330154418945,7.8333330154418945,4950.0,7.875332832336426,7.875332832336426,7.875332832336426
06-03-1998,7.916666030883789,8.333333015441895,59100.0,8.333333015441895,8.0,8.0
09-03-1998,7.8333330154418945,7.8333330154418945,18150.0,8.0,8.0,8.0
10-03-1998,7.916666030883789,7.920000076293945,15900.0,8.25,8.25,8.25
11-03-1998,8.0,8.25333309173584,76800.0,8.666666030883789,8.416666030883789,8.416666030883789
12-03-1998,8.25,8.420000076293945,15750.0,8.666666030883789,8.5,8.5
13-03-1998,8.416666030883789,8.420000076293945,27150.0,8.666666030883789,8.625332832336426,8.625332832336426
16-03-1998,8.583333015441895,8.586666107177734,11100.0,8.666666030883789,8.583333015441895,8.583333015441895
17-03-1998,8.5,8.626666069030762,56700.0,8.833333015441895,8.666666030883789,8.666666030883789
18-03-1998,8.583333015441895,8.75333309173584,128850.0,9.833333015441895,9.166666030883789,9.166666030883789
19-03-1998,9.0,9.166666030883789,99600.0,9.25,9.083333015441895,9.083333015441895
20-03-1998,9.041999816894531,9.086666107177734,23700.0,9.166666030883789,9.166666030883789,9.166666030883789
23-03-1998,9.0,9.166666030883789,19650.0,9.166666030883789,9.083333015441895,9.083333015441895
24-03-1998,8.666666030883789,9.0,25500.0,9.166666030883789,9.166666030883789,9.166666030883789
25-03-1998,8.916666030883789,9.166666030883789,6900.0,9.166666030883789,9.166666030883789,9.166666030883789
26-03-1998,8.833333015441895,9.166666030883789,21600.0,9.166666030883789,9.0,9.0
27-03-1998,8.75,9.0,23400.0,9.0,8.75,8.75
30-03-1998,8.333333015441895,8.916666030883789,53400.0,8.916666030883789,8.5,8.5
31-03-1998,8.333333015441895,8.5,45450.0,8.5,8.333333015441895,8.333333015441895
01-04-1998,8.25,8.25333309173584,15600.0,8.5,8.5,8.5
02-04-1998,8.75,8.916666030883789,57300.0,9.0,8.916666030883789,8.916666030883789
03-04-1998,8.70866584777832,8.833333015441895,82500.0,9.0,8.70866584777832,8.70866584777832
06-04-1998,8.70866584777832,8.920000076293945,50550.0,9.0,8.75,8.75
07-04-1998,8.666666030883789,8.916666030883789,36150.0,8.916666030883789,8.666666030883789,8.666666030883789
08-04-1998,8.5,8.5,37950.0,8.833333015441895,8.666666030883789,8.666666030883789
09-04-1998,8.666666030883789,8.75,26100.0,8.75,8.70866584777832,8.70866584777832
13-04-1998,8.666666030883789,8.666666030883789,31800.0,8.833333015441895,8.75,8.75
14-04-1998,8.833333015441895,8.833333015441895,155550.0,10.5,9.416666030883789,9.416666030883789
15-04-1998,9.333333015441895,9.666666030883789,76050.0,9.833333015441895,9.666666030883789,9.666666030883789
16-04-1998,9.666666030883789,9.75333309173584,83550.0,10.041999816894531,10.0,10.0
17-04-1998,9.833333015441895,10.086666107177734,64350.0,10.166666030883789,10.166666030883789,10.166666030883789
20-04-1998,10.083333015441895,10.25333309173584,50550.0,10.333333015441895,10.166666030883789,10.166666030883789
21-04-1998,10.166666030883789,10.25333309173584,44400.0,10.416666030883789,10.333333015441895,10.333333015441895
22-04-1998,10.25,10.420000076293945,172200.0,11.166666030883789,10.916666030883789,10.916666030883789
23-04-1998,10.416666030883789,10.833333015441895,68400.0,10.916666030883789,10.666666030883789,10.666666030883789
24-04-1998,10.5,10.5,22050.0,10.75,10.666666030883789,10.666666030883789
27-04-1998,9.916666030883789,10.583333015441895,44700.0,10.583333015441895,10.25,10.25
28-04-1998,9.916666030883789,10.0,8850.0,10.166666030883789,10.166666030883789,10.166666030883789
29-04-1998,10.166666030883789,10.25,6300.0,10.25,10.166666030883789,10.166666030883789
30-04-1998,10.166666030883789,10.333333015441895,50100.0,10.75,10.666666030883789,10.666666030883789
01-05-1998,10.083333015441895,10.75,31350.0,10.75,10.083333015441895,10.083333015441895
04-05-1998,10.083333015441895,10.086666107177734,6300.0,10.416666030883789,10.166666030883789,10.166666030883789
05-05-1998,10.166666030883789,10.166666030883789,14550.0,10.5,10.333333015441895,10.333333015441895
06-05-1998,10.333333015441895,10.5,6000.0,10.5,10.5,10.5
07-05-1998,10.45866584777832,10.5,15150.0,10.583333015441895,10.583333015441895,10.583333015441895
08-05-1998,10.416666030883789,10.666666030883789,109350.0,10.666666030883789,10.5,10.5
11-05-1998,10.416666030883789,10.420000076293945,55500.0,10.666666030883789,10.5,10.5
12-05-1998,10.416666030883789,10.420000076293945,46500.0,10.583333015441895,10.583333015441895,10.583333015441895
13-05-1998,10.416666030883789,10.666666030883789,14550.0,10.666666030883789,10.416666030883789,10.416666030883789
14-05-1998,10.416666030883789,10.420000076293945,93150.0,11.0,10.833333015441895,10.833333015441895
15-05-1998,10.916666030883789,11.086666107177734,128250.0,11.416666030883789,11.166666030883789,11.166666030883789
18-05-1998,11.166666030883789,11.166666030883789,32100.0,11.416666030883789,11.333333015441895,11.333333015441895
19-05-1998,11.0,11.583333015441895,131250.0,11.583333015441895,11.0,11.0
20-05-1998,10.333333015441895,10.5,105600.0,10.833333015441895,10.5,10.5
21-05-1998,10.25,10.586666107177734,172200.0,10.833333015441895,10.75,10.75
22-05-1998,10.583333015441895,10.666666030883789,36450.0,10.75,10.75,10.75
26-05-1998,10.75,10.75333309173584,167700.0,10.916666030883789,10.75,10.75
27-05-1998,10.583333015441895,10.586666107177734,32400.0,11.166666030883789,11.0,11.0
28-05-1998,10.666666030883789,11.086666107177734,67650.0,11.333333015441895,11.333333015441895,11.333333015441895
29-05-1998,11.291999816894531,11.5,21300.0,11.5,11.333333015441895,11.333333015441895
01-06-1998,11.166666030883789,11.166666030883789,47850.0,11.375332832336426,11.375332832336426,11.375332832336426
02-06-1998,11.25,11.583333015441895,11550.0,11.583333015441895,11.25,11.25
03-06-1998,10.75,11.333333015441895,25350.0,11.333333015441895,10.75,10.75
04-06-1998,10.666666030883789,10.666666030883789,57300.0,11.083333015441895,11.041999816894531,11.041999816894531
05-06-1998,10.916666030883789,10.920000076293945,20100.0,11.166666030883789,11.166666030883789,11.166666030883789
08-06-1998,11.083333015441895,11.25333309173584,30000.0,11.333333015441895,11.333333015441895,11.333333015441895
09-06-1998,11.25,11.333333015441895,1800.0,11.333333015441895,11.25,11.25
10-06-1998,11.083333015441895,11.086666107177734,42000.0,11.333333015441895,11.25,11.25
11-06-1998,11.0,11.0,27450.0,11.166666030883789,11.166666030883789,11.166666030883789
12-06-1998,10.666666030883789,10.916666030883789,7800.0,10.916666030883789,10.75,10.75
15-06-1998,10.75,10.75333309173584,67200.0,11.083333015441895,10.875332832336426,10.875332832336426
16-06-1998,10.833333015441895,10.833333015441895,1800.0,11.083333015441895,11.083333015441895,11.083333015441895
17-06-1998,10.666666030883789,10.833333015441895,15300.0,11.083333015441895,10.666666030883789,10.666666030883789
18-06-1998,10.25,10.666666030883789,32400.0,10.666666030883789,10.333333015441895,10.333333015441895
19-06-1998,10.083333015441895,10.45866584777832,13650.0,10.45866584777832,10.083333015441895,10.083333015441895
22-06-1998,10.166666030883789,10.420000076293945,71850.0,10.5,10.166666030883789,10.166666030883789
23-06-1998,10.166666030883789,10.166666030883789,17700.0,10.5,10.5,10.5
24-06-1998,10.333333015441895,10.333333015441895,9450.0,10.5,10.416666030883789,10.416666030883789
25-06-1998,10.333333015441895,10.333333015441895,8250.0,10.333333015441895,10.333333015441895,10.333333015441895
26-06-1998,10.333333015441895,10.333333015441895,0.0,10.333333015441895,10.333333015441895,10.333333015441895
29-06-1998,10.375332832336426,10.5,31200.0,11.0,11.0,11.0
30-06-1998,10.75,11.0,18600.0,11.083333015441895,10.916666030883789,10.916666030883789
01-07-1998,10.666666030883789,10.75333309173584,5250.0,11.0,11.0,11.0
02-07-1998,10.416666030883789,10.75333309173584,79200.0,10.875332832336426,10.5,10.5
06-07-1998,10.5,10.666666030883789,22050.0,10.833333015441895,10.5,10.5
07-07-1998,10.333333015441895,10.333333015441895,25050.0,11.0,11.0,11.0
08-07-1998,10.916666030883789,10.920000076293945,3300.0,11.083333015441895,11.083333015441895,11.083333015441895
09-07-1998,10.916666030883789,11.083333015441895,7950.0,11.083333015441895,10.916666030883789,10.916666030883789
10-07-1998,10.916666030883789,10.920000076293945,6600.0,11.083333015441895,11.083333015441895,11.083333015441895
13-07-1998,11.083333015441895,11.086666107177734,98550.0,11.166666030883789,11.083333015441895,11.083333015441895
14-07-1998,11.083333015441895,11.086666107177734,97050.0,11.25,11.166666030883789,11.166666030883789
15-07-1998,10.916666030883789,11.166666030883789,9600.0,11.166666030883789,11.0,11.0
16-07-1998,11.0,11.0,2400.0,11.166666030883789,11.0,11.0
17-07-1998,10.833333015441895,11.0,24300.0,11.041999816894531,10.833333015441895,10.833333015441895
20-07-1998,10.75,10.833333015441895,6000.0,10.833333015441895,10.75,10.75
21-07-1998,10.666666030883789,11.0,22050.0,11.0,11.0,11.0
22-07-1998,10.75,10.75333309173584,9750.0,11.166666030883789,11.0,11.0
23-07-1998,10.833333015441895,11.166666030883789,15600.0,11.166666030883789,10.833333015441895,10.833333015441895
24-07-1998,10.833333015441895,10.833333015441895,4500.0,11.166666030883789,11.0,11.0
27-07-1998,10.833333015441895,11.0,14250.0,11.0,10.833333015441895,10.833333015441895
28-07-1998,10.916666030883789,10.916666030883789,12000.0,10.916666030883789,10.916666030883789,10.916666030883789
29-07-1998,10.916666030883789,10.916666030883789,3000.0,10.916666030883789,10.916666030883789,10.916666030883789
30-07-1998,11.0,11.086666107177734,100950.0,11.291999816894531,11.291999816894531,11.291999816894531
31-07-1998,11.333333015441895,11.420000076293945,40800.0,12.0,11.75,11.75
03-08-1998,11.166666030883789,11.5,30450.0,11.5,11.5,11.5
04-08-1998,11.20866584777832,11.333333015441895,30450.0,11.333333015441895,11.291999816894531,11.291999816894531
05-08-1998,10.833333015441895,11.166666030883789,24600.0,11.541999816894531,10.833333015441895,10.833333015441895
06-08-1998,11.0,11.0,80250.0,11.75,11.333333015441895,11.333333015441895
07-08-1998,11.083333015441895,11.5,15750.0,11.666666030883789,11.083333015441895,11.083333015441895
10-08-1998,10.333333015441895,11.0,57300.0,11.0,10.333333015441895,10.333333015441895
11-08-1998,10.0,10.086666107177734,16950.0,10.45866584777832,10.45866584777832,10.45866584777832
12-08-1998,10.166666030883789,10.166666030883789,750.0,10.166666030883789,10.166666030883789,10.166666030883789
13-08-1998,10.041999816894531,10.166666030883789,3150.0,10.166666030883789,10.166666030883789,10.166666030883789
14-08-1998,10.041999816894531,10.041999816894531,3900.0,10.041999816894531,10.041999816894531,10.041999816894531
17-08-1998,10.0,10.0,24750.0,10.333333015441895,10.0,10.0
18-08-1998,10.0,10.583333015441895,2250.0,10.583333015441895,10.333333015441895,10.333333015441895
19-08-1998,9.666666030883789,10.086666107177734,21900.0,10.416666030883789,9.833333015441895,9.833333015441895
20-08-1998,9.166666030883789,9.5,16800.0,9.583333015441895,9.5,9.5
21-08-1998,9.5,9.5,0.0,9.5,9.5,9.5
24-08-1998,9.5,9.5,3000.0,9.5,9.5,9.5
25-08-1998,9.166666030883789,9.166666030883789,450.0,9.166666030883789,9.166666030883789,9.166666030883789
26-08-1998,9.333333015441895,9.333333015441895,4650.0,9.666666030883789,9.666666030883789,9.666666030883789
27-08-1998,9.0,9.333333015441895,21450.0,9.333333015441895,9.0,9.0
28-08-1998,8.333333015441895,9.666666030883789,40350.0,9.666666030883789,8.333333015441895,8.333333015441895
31-08-1998,7.8333330154418945,8.333333015441895,29100.0,9.0,7.8333330154418945,7.8333330154418945
01-09-1998,7.416666030883789,7.8333330154418945,21300.0,8.0,8.0,8.0
02-09-1998,7.666666030883789,8.0,15150.0,8.666666030883789,8.666666030883789,8.666666030883789
03-09-1998,8.083333015441895,8.086666107177734,19050.0,8.416666030883789,8.333333015441895,8.333333015441895
04-09-1998,7.5,7.8333330154418945,36300.0,7.8333330154418945,7.75,7.75
08-09-1998,7.916666030883789,8.166666030883789,25800.0,8.5,8.416666030883789,8.416666030883789
09-09-1998,8.5,8.5,1200.0,8.5,8.5,8.5
10-09-1998,7.5833330154418945,8.333333015441895,15750.0,8.333333015441895,8.0,8.0
11-09-1998,7.916666030883789,7.920000076293945,47550.0,8.166666030883789,8.083333015441895,8.083333015441895
14-09-1998,7.666666030883789,8.25,23550.0,8.25,7.8333330154418945,7.8333330154418945
15-09-1998,7.3333330154418945,8.0,12900.0,8.0,8.0,8.0
16-09-1998,8.0,8.0,43350.0,9.0,8.166666030883789,8.166666030883789
17-09-1998,7.5,8.0,10050.0,8.25,7.5833330154418945,7.5833330154418945
18-09-1998,7.916666030883789,7.920000076293945,12450.0,8.25,8.25,8.25
21-09-1998,7.8333330154418945,7.8333330154418945,2100.0,7.916666030883789,7.916666030883789,7.916666030883789
22-09-1998,8.0,8.0,3300.0,8.333333015441895,8.333333015441895,8.333333015441895
23-09-1998,8.333333015441895,8.333333015441895,0.0,8.333333015441895,8.333333015441895,8.333333015441895
24-09-1998,8.0,8.333333015441895,97050.0,8.666666030883789,8.0,8.0
25-09-1998,7.916666030883789,7.920000076293945,27450.0,8.25,7.916666030883789,7.916666030883789
28-09-1998,7.5833330154418945,7.920000076293945,37200.0,8.0,7.5833330154418945,7.5833330154418945
29-09-1998,7.166666030883789,7.5833330154418945,16350.0,7.5833330154418945,7.166666030883789,7.166666030883789
30-09-1998,7.166666030883789,7.166666030883789,6000.0,7.666666030883789,7.666666030883789,7.666666030883789
01-10-1998,7.3333330154418945,7.3333330154418945,1200.0,7.416666030883789,7.416666030883789,7.416666030883789
02-10-1998,7.166666030883789,7.666666030883789,5850.0,7.666666030883789,7.166666030883789,7.166666030883789
05-10-1998,6.25,7.3333330154418945,28350.0,7.3333330154418945,6.5,6.5
06-10-1998,5.916666030883789,6.166666030883789,27450.0,6.3333330154418945,6.166666030883789,6.166666030883789
07-10-1998,5.75,6.3333330154418945,35550.0,6.3333330154418945,5.75,5.75
08-10-1998,4.3333330154418945,5.586666107177734,85800.0,5.8333330154418945,5.0,5.0
09-10-1998,5.0,5.166666030883789,23100.0,5.666666030883789,5.666666030883789,5.666666030883789
12-10-1998,6.0,6.0,70800.0,6.666666030883789,6.666666030883789,6.666666030883789
13-10-1998,6.166666030883789,6.666666030883789,9900.0,6.916666030883789,6.166666030883789,6.166666030883789
14-10-1998,6.166666030883789,6.5,17400.0,6.666666030883789,6.166666030883789,6.166666030883789
15-10-1998,5.875332832336426,6.0,57000.0,6.25,6.25,6.25
16-10-1998,6.0,6.3333330154418945,2400.0,6.3333330154418945,6.0,6.0
19-10-1998,6.0833330154418945,6.25,1650.0,6.25,6.0833330154418945,6.0833330154418945
20-10-1998,6.0,6.3333330154418945,23700.0,6.3333330154418945,6.0,6.0
21-10-1998,6.0,6.166666030883789,21900.0,6.166666030883789,6.0,6.0
22-10-1998,6.0,6.086666107177734,63150.0,6.5,6.5,6.5
23-10-1998,6.5,6.666666030883789,48450.0,7.3333330154418945,7.166666030883789,7.166666030883789
26-10-1998,7.166666030883789,7.3333330154418945,70500.0,7.666666030883789,7.3333330154418945,7.3333330154418945
27-10-1998,7.0,7.25333309173584,43050.0,7.3333330154418945,7.166666030883789,7.166666030883789
28-10-1998,6.916666030883789,7.0833330154418945,10050.0,7.0833330154418945,7.020666122436523,7.020666122436523
29-10-1998,7.25,7.25,900.0,7.25,7.25,7.25
30-10-1998,6.916666030883789,6.920000076293945,75600.0,8.0,7.5833330154418945,7.5833330154418945
02-11-1998,7.75,7.75333309173584,10050.0,7.916666030883789,7.916666030883789,7.916666030883789
03-11-1998,7.5,7.666666030883789,18900.0,7.666666030883789,7.5833330154418945,7.5833330154418945
04-11-1998,7.3333330154418945,7.420000076293945,11100.0,7.5833330154418945,7.416666030883789,7.416666030883789
05-11-1998,7.5833330154418945,7.8333330154418945,12600.0,7.875332832336426,7.8333330154418945,7.8333330154418945
06-11-1998,7.416666030883789,7.666666030883789,22500.0,7.916666030883789,7.666666030883789,7.666666030883789
09-11-1998,7.5,7.5,900.0,7.5,7.5,7.5
10-11-1998,7.5,7.5,900.0,7.5,7.5,7.5
11-11-1998,7.416666030883789,7.75,4950.0,7.75,7.416666030883789,7.416666030883789
12-11-1998,7.5,7.5,900.0,7.5,7.5,7.5
13-11-1998,7.416666030883789,7.420000076293945,14400.0,7.5,7.5,7.5
16-11-1998,7.5833330154418945,7.5833330154418945,9750.0,7.5833330154418945,7.5833330154418945,7.5833330154418945
17-11-1998,7.5,7.5,1200.0,7.5,7.5,7.5
18-11-1998,7.5,7.5,600.0,7.5,7.5,7.5
19-11-1998,7.5,7.5,2100.0,7.5,7.5,7.5
20-11-1998,7.5,7.5,2100.0,7.8333330154418945,7.8333330154418945,7.8333330154418945
23-11-1998,7.25,7.8333330154418945,41700.0,7.916666030883789,7.3333330154418945,7.3333330154418945
24-11-1998,7.3333330154418945,7.666666030883789,40500.0,7.916666030883789,7.3333330154418945,7.3333330154418945
25-11-1998,,,,,,
27-11-1998,7.45866584777832,7.5833330154418945,1800.0,7.5833330154418945,7.5833330154418945,7.5833330154418945
30-11-1998,7.166666030883789,7.5,6600.0,7.5,7.166666030883789,7.166666030883789
01-12-1998,7.0833330154418945,7.166666030883789,7050.0,7.166666030883789,7.166666030883789,7.166666030883789
02-12-1998,6.5833330154418945,7.0833330154418945,27900.0,7.0833330154418945,6.666666030883789,6.666666030883789
03-12-1998,6.666666030883789,6.666666030883789,3750.0,6.666666030883789,6.666666030883789,6.666666030883789
04-12-1998,6.666666030883789,6.666666030883789,11400.0,6.791999816894531,6.791999816894531,6.791999816894531
07-12-1998,6.666666030883789,6.916666030883789,31800.0,6.916666030883789,6.666666030883789,6.666666030883789
08-12-1998,6.666666030883789,6.8333330154418945,1500.0,6.8333330154418945,6.666666030883789,6.666666030883789
09-12-1998,6.666666030883789,6.666666030883789,4950.0,6.666666030883789,6.666666030883789,6.666666030883789
10-12-1998,6.666666030883789,6.666666030883789,3900.0,6.8333330154418945,6.8333330154418945,6.8333330154418945
11-12-1998,6.916666030883789,7.0,40950.0,7.0833330154418945,7.0,7.0
14-12-1998,6.916666030883789,6.916666030883789,300.0,6.916666030883789,6.916666030883789,6.916666030883789
15-12-1998,7.0,7.039999961853027,11100.0,7.166666030883789,7.0,7.0
16-12-1998,7.0,7.0,12300.0,7.166666030883789,7.166666030883789,7.166666030883789
17-12-1998,7.0833330154418945,7.086666107177734,23400.0,7.166666030883789,7.166666030883789,7.166666030883789
18-12-1998,6.916666030883789,7.0,15750.0,7.0833330154418945,6.95866584777832,6.95866584777832
21-12-1998,6.5833330154418945,6.920000076293945,17250.0,7.0,6.5833330154418945,6.5833330154418945
22-12-1998,6.25,6.3333330154418945,21300.0,6.8333330154418945,6.5,6.5
23-12-1998,6.5,6.5,8850.0,6.8333330154418945,6.666666030883789,6.666666030883789
24-12-1998,6.5,6.8333330154418945,2700.0,6.8333330154418945,6.5,6.5
28-12-1998,6.3333330154418945,6.5,12150.0,6.5,6.416666030883789,6.416666030883789
29-12-1998,6.3333330154418945,6.3333330154418945,10500.0,6.666666030883789,6.5,6.5
30-12-1998,6.3333330154418945,6.3333330154418945,52050.0,7.25,7.25,7.25
31-12-1998,7.25,7.25333309173584,47100.0,8.0,8.0,8.0
04-01-1999,7.75,8.086666107177734,16950.0,8.5,8.083333015441895,8.083333015441895
05-01-1999,7.666666030883789,7.666666030883789,2550.0,8.041999816894531,8.041999816894531,8.041999816894531
06-01-1999,7.916666030883789,8.25,6150.0,8.25,8.0,8.0
07-01-1999,7.916666030883789,7.920000076293945,21150.0,8.333333015441895,8.083333015441895,8.083333015441895
08-01-1999,8.0,8.166666030883789,12000.0,8.166666030883789,8.166666030883789,8.166666030883789
11-01-1999,7.916666030883789,8.0,3900.0,8.083333015441895,8.083333015441895,8.083333015441895
12-01-1999,7.916666030883789,7.920000076293945,8700.0,8.166666030883789,8.166666030883789,8.166666030883789
13-01-1999,7.5833330154418945,7.586666107177734,27300.0,8.083333015441895,8.0,8.0
14-01-1999,7.916666030883789,7.916666030883789,1800.0,7.916666030883789,7.916666030883789,7.916666030883789
15-01-1999,7.916666030883789,7.916666030883789,3300.0,7.916666030883789,7.916666030883789,7.916666030883789
19-01-1999,7.916666030883789,7.960000038146973,12600.0,8.0,7.916666030883789,7.916666030883789
20-01-1999,7.916666030883789,7.920000076293945,43500.0,8.083333015441895,8.041999816894531,8.041999816894531
21-01-1999,8.083333015441895,8.166666030883789,10200.0,8.333333015441895,8.083333015441895,8.083333015441895
22-01-1999,8.083333015441895,8.166666030883789,17250.0,8.166666030883789,8.166666030883789,8.166666030883789
25-01-1999,8.083333015441895,8.333333015441895,1650.0,8.333333015441895,8.083333015441895,8.083333015441895
26-01-1999,8.166666030883789,8.333333015441895,165300.0,8.5,8.5,8.5
27-01-1999,8.666666030883789,8.833333015441895,14250.0,9.0,9.0,9.0
28-01-1999,8.833333015441895,8.833333015441895,40500.0,10.083333015441895,9.583333015441895,9.583333015441895
29-01-1999,9.916666030883789,9.920000076293945,102600.0,11.5,10.666666030883789,10.666666030883789
01-02-1999,9.833333015441895,10.25333309173584,48750.0,10.666666030883789,9.833333015441895,9.833333015441895
02-02-1999,9.583333015441895,10.0,4950.0,10.0,9.833333015441895,9.833333015441895
03-02-1999,9.583333015441895,9.666666030883789,3450.0,9.666666030883789,9.666666030883789,9.666666030883789
04-02-1999,9.333333015441895,9.420000076293945,11250.0,9.5,9.333333015441895,9.333333015441895
05-02-1999,9.25,9.416666030883789,18000.0,9.416666030883789,9.25,9.25
08-02-1999,8.916666030883789,9.25333309173584,6300.0,9.333333015441895,9.0,9.0
09-02-1999,9.166666030883789,9.166666030883789,22800.0,9.416666030883789,9.166666030883789,9.166666030883789
10-02-1999,9.0,9.333333015441895,900.0,9.333333015441895,9.0,9.0
11-02-1999,8.416666030883789,9.25,37200.0,9.25,8.833333015441895,8.833333015441895
12-02-1999,8.416666030883789,8.420000076293945,4650.0,8.666666030883789,8.666666030883789,8.666666030883789
16-02-1999,8.5,8.5,16800.0,9.0,9.0,9.0
17-02-1999,9.0,9.086666107177734,39150.0,9.125332832336426,9.125332832336426,9.125332832336426
18-02-1999,9.083333015441895,9.086666107177734,38100.0,9.166666030883789,9.083333015441895,9.083333015441895
19-02-1999,8.916666030883789,9.086666107177734,75300.0,9.166666030883789,9.083333015441895,9.083333015441895
22-02-1999,9.083333015441895,9.166666030883789,4650.0,9.166666030883789,9.083333015441895,9.083333015441895
23-02-1999,8.75,8.893333435058594,22350.0,8.95866584777832,8.75,8.75
24-02-1999,8.833333015441895,8.833333015441895,900.0,8.833333015441895,8.833333015441895,8.833333015441895
25-02-1999,8.791999816894531,8.793333053588867,6600.0,9.0,8.916666030883789,8.916666030883789
26-02-1999,8.95866584777832,8.960000038146973,16200.0,9.166666030883789,9.166666030883789,9.166666030883789
01-03-1999,9.0,9.25,2550.0,9.25,9.0,9.0
02-03-1999,8.95866584777832,9.0,6600.0,9.25,8.95866584777832,8.95866584777832
03-03-1999,8.95866584777832,8.960000038146973,34050.0,9.25,9.0,9.0
04-03-1999,8.833333015441895,8.916666030883789,2550.0,8.916666030883789,8.916666030883789,8.916666030883789
05-03-1999,8.916666030883789,8.916666030883789,2250.0,8.916666030883789,8.916666030883789,8.916666030883789
08-03-1999,8.916666030883789,8.920000076293945,8550.0,8.95866584777832,8.95866584777832,8.95866584777832
09-03-1999,8.666666030883789,8.916666030883789,14400.0,8.916666030883789,8.791999816894531,8.791999816894531
10-03-1999,8.333333015441895,9.0,5400.0,9.0,8.333333015441895,8.333333015441895
11-03-1999,8.166666030883789,8.25333309173584,47850.0,8.416666030883789,8.25,8.25
12-03-1999,8.083333015441895,8.086666107177734,2100.0,8.25,8.166666030883789,8.166666030883789
15-03-1999,7.8333330154418945,8.206665992736816,29250.0,8.20866584777832,8.0,8.0
16-03-1999,7.5,8.039999961853027,43800.0,8.166666030883789,7.75,7.75
17-03-1999,7.166666030883789,7.166666030883789,20250.0,7.5,7.375332832336426,7.375332832336426
18-03-1999,7.166666030883789,7.5,14550.0,7.5,7.3333330154418945,7.3333330154418945
19-03-1999,7.25,7.25333309173584,3000.0,7.416666030883789,7.25,7.25
22-03-1999,7.166666030883789,7.166666030883789,2400.0,7.416666030883789,7.166666030883789,7.166666030883789
23-03-1999,7.25,7.25,5550.0,7.25,7.25,7.25
24-03-1999,7.3333330154418945,7.5,3750.0,7.5,7.3333330154418945,7.3333330154418945
25-03-1999,7.3333330154418945,7.3333330154418945,900.0,7.3333330154418945,7.3333330154418945,7.3333330154418945
26-03-1999,7.25,7.25333309173584,3150.0,7.375332832336426,7.375332832336426,7.375332832336426
29-03-1999,7.3333330154418945,7.3333330154418945,750.0,7.3333330154418945,7.3333330154418945,7.3333330154418945
30-03-1999,7.3333330154418945,7.3333330154418945,450.0,7.3333330154418945,7.3333330154418945,7.3333330154418945
31-03-1999,6.5,7.666666030883789,116700.0,7.666666030883789,6.5,6.5
01-04-1999,6.95866584777832,7.0,21300.0,7.25,7.166666030883789,7.166666030883789
05-04-1999,7.25,7.3333330154418945,43050.0,7.395999908447266,7.291999816894531,7.291999816894531
06-04-1999,7.291999816894531,7.416666030883789,26850.0,7.416666030883789,7.291999816894531,7.291999816894531
07-04-1999,7.0,7.25333309173584,8550.0,7.416666030883789,7.25,7.25
08-04-1999,7.166666030883789,7.166666030883789,2550.0,7.25,7.25,7.25
09-04-1999,6.8333330154418945,7.086666107177734,17700.0,7.20866584777832,7.0,7.0
12-04-1999,6.3333330154418945,6.8333330154418945,174000.0,6.8333330154418945,6.3333330154418945,6.3333330154418945
13-04-1999,6.3333330154418945,6.420000076293945,78150.0,6.5833330154418945,6.3333330154418945,6.3333330154418945
14-04-1999,5.75,6.25333309173584,26100.0,6.416666030883789,6.166666030883789,6.166666030883789
15-04-1999,5.666666030883789,6.0,85500.0,6.0833330154418945,5.916666030883789,5.916666030883789
16-04-1999,5.8333330154418945,5.916666030883789,115200.0,5.916666030883789,5.8333330154418945,5.8333330154418945
19-04-1999,5.8333330154418945,5.8333330154418945,82800.0,6.0833330154418945,5.916666030883789,5.916666030883789
20-04-1999,5.875332832336426,6.039999961853027,37350.0,6.041999816894531,5.875332832336426,5.875332832336426
21-04-1999,5.916666030883789,6.039999961853027,34800.0,6.041999816894531,5.95866584777832,5.95866584777832
22-04-1999,5.916666030883789,5.95866584777832,72450.0,5.95866584777832,5.95866584777832,5.95866584777832
23-04-1999,5.8333330154418945,5.95866584777832,14400.0,5.95866584777832,5.875332832336426,5.875332832336426
26-04-1999,5.875332832336426,5.875332832336426,85050.0,6.041999816894531,6.041999816894531,6.041999816894531
27-04-1999,5.791999816894531,6.039999961853027,95100.0,6.041999816894531,5.791999816894531,5.791999816894531
28-04-1999,5.791999816894531,5.793333053588867,10350.0,6.0,5.916666030883789,5.916666030883789
29-04-1999,5.791999816894531,5.960000038146973,76500.0,6.25,6.25,6.25
30-04-1999,5.916666030883789,6.206665992736816,207300.0,7.25,6.3333330154418945,6.3333330154418945
03-05-1999,6.3333330154418945,6.5,33600.0,6.666666030883789,6.3333330154418945,6.3333330154418945
04-05-1999,5.8333330154418945,6.539999961853027,139800.0,6.541999816894531,6.25,6.25
05-05-1999,6.0,6.0,9750.0,6.3333330154418945,6.166666030883789,6.166666030883789
06-05-1999,6.0,6.0,16950.0,6.0833330154418945,6.0833330154418945,6.0833330154418945
07-05-1999,6.0833330154418945,6.166666030883789,2100.0,6.166666030883789,6.0833330154418945,6.0833330154418945
10-05-1999,5.75,6.0,37950.0,6.166666030883789,5.8333330154418945,5.8333330154418945
11-05-1999,5.8333330154418945,5.8333330154418945,83250.0,6.416666030883789,6.416666030883789,6.416666030883789
12-05-1999,6.3333330154418945,6.420000076293945,24000.0,6.5833330154418945,6.3333330154418945,6.3333330154418945
13-05-1999,6.291999816894531,6.5,25050.0,6.5,6.416666030883789,6.416666030883789
14-05-1999,6.416666030883789,6.420000076293945,29850.0,6.5833330154418945,6.5833330154418945,6.5833330154418945
17-05-1999,6.416666030883789,6.416666030883789,150.0,6.416666030883789,6.416666030883789,6.416666030883789
18-05-1999,6.291999816894531,6.293333053588867,450.0,6.5833330154418945,6.5833330154418945,6.5833330154418945
19-05-1999,6.5,6.5833330154418945,750.0,6.5833330154418945,6.5,6.5
20-05-1999,6.25,6.5833330154418945,48150.0,6.5833330154418945,6.25,6.25
21-05-1999,6.0833330154418945,6.291999816894531,36750.0,6.291999816894531,6.145999908447266,6.145999908447266
24-05-1999,6.166666030883789,6.206665992736816,5550.0,6.22933292388916,6.166666030883789,6.166666030883789
25-05-1999,6.0,6.166666030883789,21150.0,6.166666030883789,6.125332832336426,6.125332832336426
26-05-1999,6.0833330154418945,6.126666069030762,23250.0,6.166666030883789,6.125332832336426,6.125332832336426
27-05-1999,6.166666030883789,6.3333330154418945,85050.0,7.166666030883789,7.0833330154418945,7.0833330154418945
28-05-1999,6.916666030883789,7.086666107177734,110400.0,7.25,7.125332832336426,7.125332832336426
01-06-1999,6.95866584777832,7.0,6600.0,7.3333330154418945,7.3333330154418945,7.3333330154418945
02-06-1999,6.95866584777832,7.3333330154418945,19650.0,7.3333330154418945,6.95866584777832,6.95866584777832
03-06-1999,6.95866584777832,7.0,10350.0,7.041999816894531,7.0,7.0
04-06-1999,6.95866584777832,6.960000038146973,1200.0,7.0,7.0,7.0
07-06-1999,6.95866584777832,7.0,1200.0,7.0,7.0,7.0
08-06-1999,7.0,7.0,34500.0,7.25,7.0833330154418945,7.0833330154418945
09-06-1999,7.25,7.25333309173584,16050.0,7.3333330154418945,7.3333330154418945,7.3333330154418945
10-06-1999,7.166666030883789,7.3333330154418945,6600.0,7.3333330154418945,7.166666030883789,7.166666030883789
11-06-1999,7.0833330154418945,7.086666107177734,15450.0,7.3333330154418945,7.25,7.25
14-06-1999,7.166666030883789,7.206665992736816,15150.0,7.416666030883789,7.3333330154418945,7.3333330154418945
15-06-1999,7.3333330154418945,7.5,7350.0,7.5,7.3333330154418945,7.3333330154418945
16-06-1999,7.541999816894531,7.72666597366333,136050.0,8.25,8.041999816894531,8.041999816894531
17-06-1999,8.20866584777832,8.25333309173584,26550.0,8.45866584777832,8.45866584777832,8.45866584777832
18-06-1999,8.666666030883789,8.666666030883789,125250.0,10.791999816894531,9.666666030883789,9.666666030883789
21-06-1999,8.583333015441895,9.666666030883789,46350.0,9.833333015441895,8.583333015441895,8.583333015441895
22-06-1999,8.0,8.666666030883789,32400.0,8.666666030883789,8.354166030883789,8.354166030883789
23-06-1999,8.416666030883789,8.539999961853027,16950.0,8.583333015441895,8.416666030883789,8.416666030883789
24-06-1999,8.375332832336426,8.583333015441895,54150.0,8.583333015441895,8.416666030883789,8.416666030883789
25-06-1999,8.375332832336426,8.375332832336426,11700.0,8.5,8.416666030883789,8.416666030883789
28-06-1999,8.333333015441895,8.333333015441895,5100.0,8.5,8.5,8.5
29-06-1999,8.333333015441895,8.333333015441895,16350.0,8.45866584777832,8.45866584777832,8.45866584777832
30-06-1999,8.45866584777832,8.460000038146973,20100.0,8.916666030883789,8.916666030883789,8.916666030883789
01-07-1999,8.791999816894531,8.873332977294922,36000.0,8.916666030883789,8.833333015441895,8.833333015441895
02-07-1999,8.583333015441895,8.583333015441895,4500.0,8.583333015441895,8.583333015441895,8.583333015441895
06-07-1999,8.833333015441895,9.0,4800.0,9.0,8.916666030883789,8.916666030883789
07-07-1999,8.583333015441895,8.75,6300.0,8.75,8.75,8.75
08-07-1999,8.333333015441895,8.75,13350.0,8.75,8.333333015441895,8.333333015441895
09-07-1999,8.375332832336426,8.375332832336426,5850.0,8.583333015441895,8.583333015441895,8.583333015441895
12-07-1999,8.375332832336426,8.666666030883789,1350.0,8.666666030883789,8.375332832336426,8.375332832336426
13-07-1999,8.375332832336426,8.375332832336426,0.0,8.375332832336426,8.375332832336426,8.375332832336426
14-07-1999,8.416666030883789,8.666666030883789,11400.0,8.666666030883789,8.625332832336426,8.625332832336426
15-07-1999,8.70866584777832,8.70866584777832,21300.0,9.0,8.916666030883789,8.916666030883789
16-07-1999,8.875332832336426,9.083333015441895,1200.0,9.083333015441895,8.875332832336426,8.875332832336426
19-07-1999,8.833333015441895,9.0,8850.0,9.083333015441895,8.916666030883789,8.916666030883789
20-07-1999,8.75,8.75333309173584,4800.0,8.833333015441895,8.75,8.75
21-07-1999,8.75,9.0,35100.0,9.0,8.75,8.75
22-07-1999,8.75,8.75,750.0,8.75,8.75,8.75
23-07-1999,8.583333015441895,8.75333309173584,3000.0,8.916666030883789,8.583333015441895,8.583333015441895
26-07-1999,8.5,8.583333015441895,9900.0,8.583333015441895,8.541999816894531,8.541999816894531
27-07-1999,8.333333015441895,8.5,24300.0,8.666666030883789,8.333333015441895,8.333333015441895
28-07-1999,8.333333015441895,8.333333015441895,27750.0,8.583333015441895,8.583333015441895,8.583333015441895
29-07-1999,8.25,8.333333015441895,21300.0,8.333333015441895,8.25,8.25
30-07-1999,8.333333015441895,8.333333015441895,3600.0,8.437333106994629,8.437333106994629,8.437333106994629
02-08-1999,8.333333015441895,8.333333015441895,4500.0,8.333333015441895,8.333333015441895,8.333333015441895
03-08-1999,8.333333015441895,8.333333015441895,3000.0,8.333333015441895,8.333333015441895,8.333333015441895
04-08-1999,8.083333015441895,8.333333015441895,20550.0,8.333333015441895,8.083333015441895,8.083333015441895
05-08-1999,7.75,8.083333015441895,11700.0,8.083333015441895,7.75,7.75
06-08-1999,7.8333330154418945,7.8333330154418945,1050.0,8.166666030883789,7.8333330154418945,7.8333330154418945
09-08-1999,7.8333330154418945,7.8333330154418945,150.0,7.8333330154418945,7.8333330154418945,7.8333330154418945
10-08-1999,7.666666030883789,8.0,3750.0,8.0,7.666666030883789,7.666666030883789
11-08-1999,7.5,7.5,42300.0,7.5833330154418945,7.5833330154418945,7.5833330154418945
12-08-1999,7.3333330154418945,7.416666030883789,2400.0,7.416666030883789,7.3333330154418945,7.3333330154418945
13-08-1999,7.375332832336426,7.460000038146973,37950.0,7.5833330154418945,7.5833330154418945,7.5833330154418945
16-08-1999,7.3333330154418945,7.373332977294922,2100.0,7.47933292388916,7.3333330154418945,7.3333330154418945
17-08-1999,7.25,7.3333330154418945,20400.0,7.8333330154418945,7.3333330154418945,7.3333330154418945
18-08-1999,7.416666030883789,7.416666030883789,1500.0,7.416666030883789,7.416666030883789,7.416666030883789
19-08-1999,7.3333330154418945,7.416666030883789,8400.0,7.416666030883789,7.375332832336426,7.375332832336426
20-08-1999,7.5833330154418945,7.5833330154418945,150.0,7.5833330154418945,7.5833330154418945,7.5833330154418945
23-08-1999,7.45866584777832,7.460000038146973,12000.0,8.125332832336426,8.125332832336426,8.125332832336426
24-08-1999,8.5,8.666666030883789,44550.0,8.916666030883789,8.833333015441895,8.833333015441895
25-08-1999,8.166666030883789,8.706665992736816,12300.0,8.70866584777832,8.25,8.25
26-08-1999,8.25,8.25333309173584,12150.0,8.333333015441895,8.25,8.25
27-08-1999,8.166666030883789,8.5,4950.0,8.5,8.45866584777832,8.45866584777832
30-08-1999,8.166666030883789,8.166666030883789,450.0,8.166666030883789,8.166666030883789,8.166666030883789
31-08-1999,8.166666030883789,8.166666030883789,18450.0,8.333333015441895,8.166666030883789,8.166666030883789
01-09-1999,8.333333015441895,8.333333015441895,10800.0,8.416666030883789,8.333333015441895,8.333333015441895
02-09-1999,8.166666030883789,8.166666030883789,11550.0,8.166666030883789,8.166666030883789,8.166666030883789
03-09-1999,8.25,8.5,15600.0,8.625332832336426,8.625332832336426,8.625332832336426
07-09-1999,8.25,8.25,750.0,8.25,8.25,8.25
08-09-1999,8.083333015441895,8.25,2550.0,8.25,8.083333015441895,8.083333015441895
09-09-1999,8.25,8.333333015441895,5550.0,8.583333015441895,8.25,8.25
10-09-1999,8.25,8.25,4800.0,8.25,8.25,8.25
13-09-1999,7.875332832336426,8.083333015441895,1650.0,8.083333015441895,7.875332832336426,7.875332832336426
14-09-1999,7.3333330154418945,8.0,10050.0,8.0,7.416666030883789,7.416666030883789
15-09-1999,7.5833330154418945,7.5833330154418945,2100.0,7.791666030883789,7.666666030883789,7.666666030883789
16-09-1999,7.041666030883789,7.5,4950.0,7.75,7.041666030883789,7.041666030883789
17-09-1999,7.3333330154418945,7.3333330154418945,19500.0,8.166666030883789,8.0,8.0
20-09-1999,7.8333330154418945,7.8333330154418945,29850.0,8.083333015441895,8.083333015441895,8.083333015441895
21-09-1999,7.3333330154418945,7.666666030883789,11250.0,7.687333106994629,7.416666030883789,7.416666030883789
22-09-1999,7.75,7.873332977294922,12150.0,8.25,7.916666030883789,7.916666030883789
23-09-1999,7.25,8.25,6900.0,8.25,7.45866584777832,7.45866584777832
24-09-1999,7.3333330154418945,7.3333330154418945,5250.0,7.5,7.5,7.5
27-09-1999,6.916666030883789,7.460000038146973,29700.0,7.562665939331055,7.25,7.25
28-09-1999,6.666666030883789,7.3933329582214355,8700.0,7.395999908447266,7.0,7.0
29-09-1999,6.75,6.8333330154418945,11100.0,7.0833330154418945,6.916666030883789,6.916666030883789
30-09-1999,6.8333330154418945,6.8333330154418945,3450.0,7.25,7.25,7.25
01-10-1999,7.166666030883789,7.206665992736816,59250.0,7.916666030883789,7.5,7.5
04-10-1999,7.5833330154418945,7.706665992736816,13650.0,7.916666030883789,7.75,7.75
05-10-1999,7.666666030883789,7.666666030883789,6000.0,7.75,7.666666030883789,7.666666030883789
06-10-1999,7.3333330154418945,7.666666030883789,15150.0,7.666666030883789,7.3333330154418945,7.3333330154418945
07-10-1999,7.25,7.353332996368408,10800.0,7.75,7.5,7.5
08-10-1999,7.416666030883789,7.5,4800.0,7.75,7.75,7.75
11-10-1999,7.70866584777832,7.70866584777832,1200.0,7.70866584777832,7.70866584777832,7.70866584777832
12-10-1999,7.166666030883789,7.420000076293945,21750.0,7.5,7.166666030883789,7.166666030883789
13-10-1999,7.3333330154418945,7.5,1500.0,7.5,7.3333330154418945,7.3333330154418945
14-10-1999,7.3333330154418945,7.3333330154418945,3150.0,7.3333330154418945,7.3333330154418945,7.3333330154418945
15-10-1999,7.0833330154418945,7.166666030883789,1650.0,7.5833330154418945,7.5833330154418945,7.5833330154418945
18-10-1999,6.8333330154418945,7.126666069030762,64200.0,7.3333330154418945,6.8333330154418945,6.8333330154418945
19-10-1999,6.916666030883789,6.920000076293945,8250.0,7.0,6.916666030883789,6.916666030883789
20-10-1999,6.95866584777832,7.0,5400.0,7.104000091552734,7.104000091552734,7.104000091552734
21-10-1999,7.25,7.25,300.0,7.25,7.25,7.25
22-10-1999,6.916666030883789,7.106666088104248,7500.0,7.75,7.75,7.75
25-10-1999,7.166666030883789,7.166666030883789,27300.0,7.666666030883789,7.3333330154418945,7.3333330154418945
26-10-1999,6.75,7.3333330154418945,3450.0,7.5,7.5,7.5
27-10-1999,7.5,7.5,8550.0,7.666666030883789,7.5,7.5
28-10-1999,7.5,7.920000076293945,52800.0,8.25,7.666666030883789,7.666666030883789
29-10-1999,7.666666030883789,7.873332977294922,24900.0,8.083333015441895,7.666666030883789,7.666666030883789
01-11-1999,7.5,7.666666030883789,8100.0,7.70866584777832,7.5,7.5
02-11-1999,7.5,7.606666088104248,600.0,7.666666030883789,7.5,7.5
03-11-1999,7.5,7.5,25050.0,7.666666030883789,7.5,7.5
04-11-1999,7.3333330154418945,7.5,42750.0,7.75,7.75,7.75
05-11-1999,7.3333330154418945,7.5,22350.0,7.8333330154418945,7.75,7.75
08-11-1999,7.3333330154418945,7.5,4950.0,7.8333330154418945,7.8333330154418945,7.8333330154418945
09-11-1999,7.8333330154418945,7.8333330154418945,7800.0,7.8333330154418945,7.8333330154418945,7.8333330154418945
10-11-1999,7.8333330154418945,7.8333330154418945,6600.0,7.916666030883789,7.875332832336426,7.875332832336426
11-11-1999,7.875332832336426,7.916666030883789,1350.0,7.916666030883789,7.916666030883789,7.916666030883789
12-11-1999,7.875332832336426,7.875332832336426,2400.0,7.916666030883789,7.875332832336426,7.875332832336426
15-11-1999,7.875332832336426,7.8933329582214355,1200.0,7.916666030883789,7.875332832336426,7.875332832336426
16-11-1999,7.875332832336426,7.916666030883789,6900.0,7.916666030883789,7.916666030883789,7.916666030883789
17-11-1999,7.791999816894531,7.920000076293945,25200.0,7.95866584777832,7.95866584777832,7.95866584777832
18-11-1999,7.916666030883789,7.940000057220459,6300.0,7.95866584777832,7.916666030883789,7.916666030883789
19-11-1999,7.8333330154418945,7.916666030883789,26100.0,7.916666030883789,7.875332832336426,7.875332832336426
22-11-1999,7.8333330154418945,7.960000038146973,24600.0,8.166666030883789,8.166666030883789,8.166666030883789
23-11-1999,8.333333015441895,8.420000076293945,36600.0,8.666666030883789,8.5,8.5
24-11-1999,7.916666030883789,8.539999961853027,17400.0,8.625332832336426,7.916666030883789,7.916666030883789
26-11-1999,8.0,8.25,3300.0,8.25,8.0,8.0
29-11-1999,7.8333330154418945,8.166666030883789,17850.0,8.25,7.916666030883789,7.916666030883789
30-11-1999,7.5,8.166666030883789,18750.0,8.25,7.5,7.5
01-12-1999,7.25,7.8333330154418945,26850.0,7.8333330154418945,7.25,7.25
02-12-1999,7.25,7.666666030883789,27000.0,7.8333330154418945,7.3333330154418945,7.3333330154418945
03-12-1999,7.3333330154418945,7.8333330154418945,1500.0,7.8333330154418945,7.8333330154418945,7.8333330154418945
06-12-1999,7.5833330154418945,7.5833330154418945,450.0,7.5833330154418945,7.5833330154418945,7.5833330154418945
07-12-1999,7.3333330154418945,7.3333330154418945,7950.0,7.3333330154418945,7.3333330154418945,7.3333330154418945
08-12-1999,7.3333330154418945,7.3333330154418945,12000.0,7.916666030883789,7.5833330154418945,7.5833330154418945
09-12-1999,7.3333330154418945,7.3333330154418945,7050.0,7.666666030883789,7.5,7.5
10-12-1999,7.3333330154418945,7.5,3150.0,7.5,7.5,7.5
13-12-1999,7.3333330154418945,7.420000076293945,17550.0,7.5833330154418945,7.5833330154418945,7.5833330154418945
14-12-1999,7.3333330154418945,7.5,15000.0,7.75,7.666666030883789,7.666666030883789
15-12-1999,7.166666030883789,7.3333330154418945,18900.0,7.416666030883789,7.291999816894531,7.291999816894531
16-12-1999,7.3333330154418945,7.416666030883789,1950.0,7.416666030883789,7.416666030883789,7.416666030883789
17-12-1999,7.25,7.25333309173584,8700.0,7.416666030883789,7.3333330154418945,7.3333330154418945
20-12-1999,7.25,7.440000057220459,5400.0,7.541999816894531,7.25,7.25
21-12-1999,7.25,7.25333309173584,6450.0,7.75,7.666666030883789,7.666666030883789
22-12-1999,7.25,7.420000076293945,35100.0,7.666666030883789,7.45866584777832,7.45866584777832
23-12-1999,7.3333330154418945,7.3333330154418945,3300.0,7.75,7.5833330154418945,7.5833330154418945
27-12-1999,7.3333330154418945,7.75,7200.0,7.75,7.3333330154418945,7.3333330154418945
28-12-1999,7.25,7.25333309173584,12300.0,7.5833330154418945,7.5833330154418945,7.5833330154418945
29-12-1999,7.416666030883789,7.416666030883789,1350.0,7.416666030883789,7.416666030883789,7.416666030883789
30-12-1999,7.5,7.5,4950.0,7.5833330154418945,7.5833330154418945,7.5833330154418945
31-12-1999,7.25,7.420000076293945,34950.0,7.75,7.75,7.75
03-01-2000,7.5833330154418945,7.666666030883789,6300.0,7.75,7.5833330154418945,7.5833330154418945
04-01-2000,7.3333330154418945,7.5,25950.0,7.666666030883789,7.3333330154418945,7.3333330154418945
05-01-2000,7.3333330154418945,7.353332996368408,6600.0,7.666666030883789,7.5,7.5
06-01-2000,7.166666030883789,7.666666030883789,6600.0,7.666666030883789,7.5,7.5
07-01-2000,7.3333330154418945,7.666666030883789,8250.0,7.75,7.5,7.5
10-01-2000,7.520666122436523,7.520666122436523,22500.0,7.916666030883789,7.916666030883789,7.916666030883789
11-01-2000,7.416666030883789,7.5625,12900.0,7.916666030883789,7.5,7.5
12-01-2000,7.416666030883789,7.420000076293945,2100.0,7.8333330154418945,7.5,7.5
13-01-2000,7.166666030883789,7.625332832336426,13500.0,7.625332832336426,7.3333330154418945,7.3333330154418945
14-01-2000,7.166666030883789,7.25333309173584,36450.0,7.3333330154418945,7.25,7.25
18-01-2000,7.25,7.416666030883789,20250.0,7.416666030883789,7.3333330154418945,7.3333330154418945
19-01-2000,7.3333330154418945,7.3333330154418945,13050.0,7.5833330154418945,7.541999816894531,7.541999816894531
20-01-2000,7.416666030883789,7.5,14550.0,7.5,7.416666030883789,7.416666030883789
21-01-2000,7.416666030883789,7.416666030883789,18600.0,7.5833330154418945,7.5833330154418945,7.5833330154418945
24-01-2000,7.3333330154418945,7.666666030883789,36750.0,7.75,7.75,7.75
25-01-2000,7.5,7.5833330154418945,2100.0,7.5833330154418945,7.5,7.5
26-01-2000,7.3333330154418945,7.5,19950.0,7.666666030883789,7.416666030883789,7.416666030883789
27-01-2000,7.25,7.416666030883789,15450.0,7.416666030883789,7.3333330154418945,7.3333330154418945
28-01-2000,7.0833330154418945,7.8333330154418945,12000.0,7.8333330154418945,7.0833330154418945,7.0833330154418945
31-01-2000,7.3333330154418945,7.3333330154418945,9450.0,7.625332832336426,7.604000091552734,7.604000091552734
01-02-2000,7.3333330154418945,7.8333330154418945,11550.0,7.8333330154418945,7.3333330154418945,7.3333330154418945
02-02-2000,7.3333330154418945,7.8333330154418945,27600.0,7.8333330154418945,7.3333330154418945,7.3333330154418945
03-02-2000,7.25,7.8333330154418945,9750.0,7.8333330154418945,7.25,7.25
04-02-2000,7.25,7.25333309173584,11700.0,7.75,7.3333330154418945,7.3333330154418945
07-02-2000,7.166666030883789,7.25333309173584,26400.0,7.3333330154418945,7.3333330154418945,7.3333330154418945
08-02-2000,7.166666030883789,7.166666030883789,4200.0,7.166666030883789,7.166666030883789,7.166666030883789
09-02-2000,7.166666030883789,7.373332977294922,37050.0,7.5,7.5,7.5
10-02-2000,7.166666030883789,7.3333330154418945,54450.0,7.3333330154418945,7.20866584777832,7.20866584777832
11-02-2000,7.20866584777832,7.3333330154418945,12300.0,7.3333330154418945,7.20866584777832,7.20866584777832
14-02-2000,7.166666030883789,7.270666122436523,15150.0,7.270666122436523,7.166666030883789,7.166666030883789
15-02-2000,7.166666030883789,7.166666030883789,3450.0,7.291999816894531,7.166666030883789,7.166666030883789
16-02-2000,7.166666030883789,7.166666030883789,9450.0,7.25,7.166666030883789,7.166666030883789
17-02-2000,7.166666030883789,7.166666030883789,5550.0,7.3333330154418945,7.166666030883789,7.166666030883789
18-02-2000,7.166666030883789,7.166666030883789,600.0,7.25,7.25,7.25
22-02-2000,7.166666030883789,7.25,14400.0,7.25,7.20866584777832,7.20866584777832
23-02-2000,7.25,7.25333309173584,2550.0,7.291999816894531,7.25,7.25
24-02-2000,6.916666030883789,7.25,34950.0,7.25,6.916666030883789,6.916666030883789
25-02-2000,6.8333330154418945,7.166666030883789,5250.0,7.166666030883789,6.916666030883789,6.916666030883789
28-02-2000,6.8333330154418945,7.2083330154418945,16050.0,7.2083330154418945,6.916666030883789,6.916666030883789
29-02-2000,6.666666030883789,6.920000076293945,9150.0,7.0,6.666666030883789,6.666666030883789
01-03-2000,6.666666030883789,6.666666030883789,4650.0,6.70866584777832,6.70866584777832,6.70866584777832
02-03-2000,6.791999816894531,6.793333053588867,5400.0,6.8333330154418945,6.8333330154418945,6.8333330154418945
03-03-2000,6.7083330154418945,6.791666030883789,4050.0,6.8333330154418945,6.7083330154418945,6.7083330154418945
06-03-2000,6.70866584777832,6.75333309173584,9150.0,7.166666030883789,7.0,7.0
07-03-2000,6.70866584777832,6.75333309173584,10950.0,6.875332832336426,6.75,6.75
08-03-2000,6.7083330154418945,6.75,3300.0,7.3333330154418945,6.75,6.75
09-03-2000,7.0,7.3333330154418945,18600.0,7.666666030883789,7.25,7.25
10-03-2000,6.916666030883789,7.3333330154418945,7950.0,7.666666030883789,6.916666030883789,6.916666030883789
13-03-2000,6.666666030883789,6.916666030883789,26400.0,6.916666030883789,6.666666030883789,6.666666030883789
14-03-2000,6.666666030883789,6.75333309173584,46650.0,6.8333330154418945,6.666666030883789,6.666666030883789
15-03-2000,6.666666030883789,6.8333330154418945,18450.0,6.8333330154418945,6.666666030883789,6.666666030883789
16-03-2000,6.75,6.75333309173584,5700.0,6.875332832336426,6.875332832336426,6.875332832336426
17-03-2000,6.916666030883789,7.0,17550.0,7.25,6.95866584777832,6.95866584777832
20-03-2000,6.8333330154418945,7.019999980926514,7350.0,7.75,7.75,7.75
21-03-2000,7.166666030883789,7.3333330154418945,14850.0,7.8333330154418945,7.25,7.25
22-03-2000,6.916666030883789,7.3333330154418945,5400.0,7.8333330154418945,7.5,7.5
23-03-2000,7.5833330154418945,7.8333330154418945,1050.0,7.8333330154418945,7.5833330154418945,7.5833330154418945
24-03-2000,7.5833330154418945,7.5833330154418945,7650.0,7.5833330154418945,7.5833330154418945,7.5833330154418945
27-03-2000,7.3333330154418945,7.75,10800.0,7.75,7.5833330154418945,7.5833330154418945
28-03-2000,6.666666030883789,7.75,32100.0,7.75,6.666666030883789,6.666666030883789
29-03-2000,6.666666030883789,6.666666030883789,11400.0,7.3333330154418945,7.3333330154418945,7.3333330154418945
30-03-2000,6.666666030883789,6.706665992736816,14250.0,6.916666030883789,6.666666030883789,6.666666030883789
31-03-2000,6.3333330154418945,6.793333053588867,116250.0,6.8333330154418945,6.5833330154418945,6.5833330154418945
03-04-2000,6.666666030883789,6.920000076293945,61950.0,7.666666030883789,7.3333330154418945,7.3333330154418945
04-04-2000,7.25,7.3333330154418945,19800.0,7.3333330154418945,7.25,7.25
05-04-2000,7.166666030883789,7.2733330726623535,71250.0,7.3333330154418945,7.166666030883789,7.166666030883789
06-04-2000,7.25,7.3333330154418945,600.0,7.3333330154418945,7.25,7.25
07-04-2000,6.8333330154418945,7.25333309173584,26250.0,7.291999816894531,6.8333330154418945,6.8333330154418945
10-04-2000,6.666666030883789,6.813333034515381,28050.0,7.0,6.75,6.75
11-04-2000,6.5,6.75333309173584,10500.0,7.166666030883789,6.666666030883789,6.666666030883789
12-04-2000,6.666666030883789,6.75,2850.0,7.166666030883789,7.0,7.0
13-04-2000,6.666666030883789,6.8333330154418945,6900.0,7.0,6.70866584777832,6.70866584777832
14-04-2000,6.3333330154418945,6.8333330154418945,38850.0,7.0,6.416666030883789,6.416666030883789
17-04-2000,6.3333330154418945,6.45866584777832,5700.0,6.45866584777832,6.416666030883789,6.416666030883789
18-04-2000,6.416666030883789,6.666666030883789,32100.0,6.666666030883789,6.666666030883789,6.666666030883789
19-04-2000,6.666666030883789,6.666666030883789,0.0,6.666666030883789,6.666666030883789,6.666666030883789
20-04-2000,6.916666030883789,7.0,2850.0,7.0,6.916666030883789,6.916666030883789
24-04-2000,6.666666030883789,7.0,3750.0,7.0,6.666666030883789,6.666666030883789
25-04-2000,6.5,6.666666030883789,4350.0,6.75,6.5,6.5
26-04-2000,6.5,6.5,0.0,6.5,6.5,6.5
27-04-2000,6.416666030883789,6.626666069030762,6150.0,6.75,6.416666030883789,6.416666030883789
28-04-2000,6.3333330154418945,6.3333330154418945,1200.0,6.75,6.75,6.75
01-05-2000,6.3333330154418945,6.3333330154418945,9000.0,6.45866584777832,6.416666030883789,6.416666030883789
02-05-2000,6.5,6.5,150.0,6.5,6.5,6.5
03-05-2000,6.3333330154418945,6.3333330154418945,8700.0,6.625,6.625,6.625
04-05-2000,6.3333330154418945,6.3333330154418945,19350.0,6.666666030883789,6.5833330154418945,6.5833330154418945
05-05-2000,6.416666030883789,6.5,11400.0,6.5,6.416666030883789,6.416666030883789
08-05-2000,6.416666030883789,6.416666030883789,1800.0,6.416666030883789,6.416666030883789,6.416666030883789
09-05-2000,6.0,6.416666030883789,18600.0,6.416666030883789,6.0,6.0
10-05-2000,5.8333330154418945,6.25,38400.0,6.25,5.916666030883789,5.916666030883789
11-05-2000,5.916666030883789,5.920000076293945,16050.0,6.0,5.95866584777832,5.95866584777832
12-05-2000,5.8333330154418945,5.8333330154418945,12900.0,5.95866584777832,5.916666030883789,5.916666030883789
15-05-2000,5.95866584777832,6.0,9750.0,6.166666030883789,5.95866584777832,5.95866584777832
16-05-2000,6.0833330154418945,6.186666011810303,3150.0,6.187333106994629,6.0833330154418945,6.0833330154418945
17-05-2000,5.666666030883789,6.019999980926514,20700.0,6.020666122436523,5.875332832336426,5.875332832336426
18-05-2000,5.875332832336426,5.875332832336426,0.0,5.875332832336426,5.875332832336426,5.875332832336426
19-05-2000,5.666666030883789,6.0208330154418945,13050.0,6.8333330154418945,6.8333330154418945,6.8333330154418945
22-05-2000,5.5,6.8333330154418945,22350.0,7.0833330154418945,6.166666030883789,6.166666030883789
23-05-2000,6.416666030883789,6.416666030883789,38400.0,6.9583330154418945,6.666666030883789,6.666666030883789
24-05-2000,6.0,6.625332832336426,19200.0,6.625332832336426,6.125332832336426,6.125332832336426
25-05-2000,6.25,6.25,7200.0,6.4583330154418945,6.4583330154418945,6.4583330154418945
26-05-2000,6.166666030883789,6.666666030883789,7650.0,6.666666030883789,6.3333330154418945,6.3333330154418945
30-05-2000,6.166666030883789,6.666666030883789,1650.0,6.666666030883789,6.166666030883789,6.166666030883789
31-05-2000,6.166666030883789,6.166666030883789,1650.0,6.5833330154418945,6.5833330154418945,6.5833330154418945
01-06-2000,6.5,6.5,300.0,6.5,6.5,6.5
02-06-2000,6.416666030883789,6.586666107177734,10500.0,6.75,6.45866584777832,6.45866584777832
05-06-2000,6.416666030883789,6.460000038146973,2250.0,6.666666030883789,6.416666030883789,6.416666030883789
06-06-2000,5.9583330154418945,6.5833330154418945,42450.0,6.666666030883789,5.9583330154418945,5.9583330154418945
07-06-2000,5.70866584777832,6.0,28500.0,6.0,5.916666030883789,5.916666030883789
08-06-2000,5.8333330154418945,5.920000076293945,19350.0,6.0,5.916666030883789,5.916666030883789
09-06-2000,5.95866584777832,6.0,18300.0,6.0833330154418945,5.95866584777832,5.95866584777832
12-06-2000,5.70866584777832,6.0,36750.0,6.25,5.916666030883789,5.916666030883789
13-06-2000,5.916666030883789,5.920000076293945,16200.0,6.22933292388916,6.22933292388916,6.22933292388916
14-06-2000,5.916666030883789,5.916666030883789,450.0,6.25,6.25,6.25
15-06-2000,5.8333330154418945,5.916666030883789,28050.0,6.25,5.916666030883789,5.916666030883789
16-06-2000,5.916666030883789,5.916666030883789,1500.0,6.25,6.0833330154418945,6.0833330154418945
19-06-2000,6.0833330154418945,6.0833330154418945,450.0,6.25,6.0833330154418945,6.0833330154418945
20-06-2000,5.916666030883789,5.916666030883789,3000.0,6.166666030883789,5.916666030883789,5.916666030883789
21-06-2000,5.666666030883789,5.920000076293945,38700.0,6.0,5.75,5.75
22-06-2000,5.916666030883789,6.25,11700.0,6.25,5.916666030883789,5.916666030883789
23-06-2000,5.875332832336426,5.916666030883789,7050.0,5.916666030883789,5.875332832336426,5.875332832336426
26-06-2000,5.75,6.039999961853027,7050.0,6.041999816894531,5.791999816894531,5.791999816894531
27-06-2000,5.666666030883789,5.706665992736816,5400.0,5.916666030883789,5.666666030883789,5.666666030883789
28-06-2000,5.5833330154418945,5.686666011810303,7050.0,5.687333106994629,5.5833330154418945,5.5833330154418945
29-06-2000,5.3333330154418945,5.6875,21750.0,5.9583330154418945,5.5,5.5
30-06-2000,4.770666122436523,5.5,13500.0,5.5,5.3333330154418945,5.3333330154418945
03-07-2000,5.0,5.416666030883789,1500.0,5.416666030883789,5.0,5.0
05-07-2000,5.416666030883789,5.666666030883789,46650.0,6.166666030883789,6.166666030883789,6.166666030883789
06-07-2000,5.8333330154418945,6.3333330154418945,7050.0,6.3333330154418945,6.0833330154418945,6.0833330154418945
07-07-2000,5.70866584777832,6.3333330154418945,12450.0,6.375332832336426,5.8333330154418945,5.8333330154418945
10-07-2000,5.937333106994629,5.940000057220459,4800.0,6.5,6.5,6.5
11-07-2000,6.3333330154418945,6.3333330154418945,58500.0,7.166666030883789,6.666666030883789,6.666666030883789
12-07-2000,6.416666030883789,6.746665954589844,18750.0,6.8333330154418945,6.666666030883789,6.666666030883789
13-07-2000,6.666666030883789,6.666666030883789,5100.0,6.666666030883789,6.666666030883789,6.666666030883789
14-07-2000,6.25,6.686666011810303,6900.0,6.687333106994629,6.291999816894531,6.291999816894531
17-07-2000,6.25,6.6875,9900.0,6.8333330154418945,6.5833330154418945,6.5833330154418945
18-07-2000,6.25,6.460000038146973,22200.0,6.666666030883789,6.25,6.25
19-07-2000,5.666666030883789,6.4583330154418945,55350.0,6.666666030883789,5.916666030883789,5.916666030883789
20-07-2000,6.041666030883789,6.041666030883789,28950.0,6.416666030883789,6.2083330154418945,6.2083330154418945
21-07-2000,6.104166030883789,6.25,35250.0,6.8333330154418945,6.5,6.5
24-07-2000,6.3333330154418945,6.666666030883789,2550.0,6.666666030883789,6.3333330154418945,6.3333330154418945
25-07-2000,6.25,6.666666030883789,3750.0,6.666666030883789,6.25,6.25
26-07-2000,6.0833330154418945,6.293333053588867,4200.0,6.3333330154418945,6.3333330154418945,6.3333330154418945
27-07-2000,6.25,6.291666030883789,12900.0,6.3333330154418945,6.25,6.25
28-07-2000,6.291999816894531,6.480000019073486,3450.0,6.666666030883789,6.291999816894531,6.291999816894531
31-07-2000,6.3333330154418945,6.645999908447266,7500.0,6.645999908447266,6.5,6.5
01-08-2000,6.3333330154418945,6.3333330154418945,150.0,6.3333330154418945,6.3333330154418945,6.3333330154418945
02-08-2000,6.437333106994629,6.440000057220459,300.0,6.625332832336426,6.625332832336426,6.625332832336426
03-08-2000,6.0,6.416666030883789,5100.0,6.416666030883789,6.0833330154418945,6.0833330154418945
04-08-2000,6.020666122436523,6.313333034515381,9150.0,6.3333330154418945,6.3333330154418945,6.3333330154418945
07-08-2000,6.312665939331055,6.313333034515381,2400.0,6.666666030883789,6.625332832336426,6.625332832336426
08-08-2000,6.45866584777832,6.626666069030762,5850.0,6.666666030883789,6.625332832336426,6.625332832336426
09-08-2000,6.20866584777832,6.625332832336426,8400.0,6.625332832336426,6.20866584777832,6.20866584777832
10-08-2000,6.0833330154418945,6.166666030883789,20250.0,6.3333330154418945,6.104000091552734,6.104000091552734
11-08-2000,6.104000091552734,6.104000091552734,0.0,6.104000091552734,6.104000091552734,6.104000091552734
14-08-2000,6.0,6.039999961853027,5400.0,6.20866584777832,6.20866584777832,6.20866584777832
15-08-2000,5.875332832336426,6.039999961853027,26400.0,6.041999816894531,5.875332832336426,5.875332832336426
16-08-2000,5.666666030883789,5.97933292388916,27750.0,5.97933292388916,5.70866584777832,5.70866584777832
17-08-2000,5.541999816894531,5.666666030883789,57750.0,5.8333330154418945,5.75,5.75
18-08-2000,5.520666122436523,5.5833330154418945,4050.0,5.5833330154418945,5.520666122436523,5.520666122436523
21-08-2000,5.604000091552734,5.606666088104248,58950.0,6.0833330154418945,6.0833330154418945,6.0833330154418945
22-08-2000,6.125,6.166666030883789,21150.0,6.541666030883789,6.125,6.125
23-08-2000,5.604000091552734,6.0,48300.0,6.0,5.75,5.75
24-08-2000,5.95866584777832,6.0,11550.0,6.20866584777832,6.0833330154418945,6.0833330154418945
25-08-2000,6.0,6.2733330726623535,11100.0,6.291999816894531,6.0,6.0
28-08-2000,5.625332832336426,6.039999961853027,4050.0,6.041999816894531,5.625332832336426,5.625332832336426
29-08-2000,5.666666030883789,5.666666030883789,3750.0,5.70866584777832,5.70866584777832,5.70866584777832
30-08-2000,5.70866584777832,5.70866584777832,0.0,5.70866584777832,5.70866584777832,5.70866584777832
31-08-2000,5.70866584777832,5.70866584777832,9750.0,5.895999908447266,5.895999908447266,5.895999908447266
01-09-2000,5.791999816894531,5.791999816894531,4500.0,5.791999816894531,5.791999816894531,5.791999816894531
05-09-2000,5.791999816894531,5.793333053588867,4500.0,5.8333330154418945,5.8333330154418945,5.8333330154418945
06-09-2000,5.666666030883789,5.8333330154418945,8250.0,6.0,5.97933292388916,5.97933292388916
07-09-2000,5.8333330154418945,5.853332996368408,16200.0,6.0,5.8333330154418945,5.8333330154418945
08-09-2000,5.8333330154418945,5.8333330154418945,0.0,5.8333330154418945,5.8333330154418945,5.8333330154418945
11-09-2000,5.854000091552734,5.854000091552734,1650.0,5.875332832336426,5.854000091552734,5.854000091552734
12-09-2000,5.875332832336426,5.875332832336426,300.0,5.875332832336426,5.875332832336426,5.875332832336426
13-09-2000,6.0,6.0,1350.0,6.041999816894531,6.041999816894531,6.041999816894531
14-09-2000,5.916666030883789,6.145999908447266,27600.0,6.145999908447266,6.125332832336426,6.125332832336426
15-09-2000,6.0,6.0,600.0,6.0,6.0,6.0
18-09-2000,6.0,6.0,750.0,6.0,6.0,6.0
19-09-2000,6.0833330154418945,6.166666030883789,10050.0,6.25,6.0833330154418945,6.0833330154418945
20-09-2000,5.666666030883789,6.0833330154418945,74250.0,6.0833330154418945,5.687333106994629,5.687333106994629
21-09-2000,5.625332832336426,5.666666030883789,42450.0,5.916666030883789,5.625332832336426,5.625332832336426
22-09-2000,5.520666122436523,5.97933292388916,13800.0,5.97933292388916,5.70866584777832,5.70866584777832
25-09-2000,5.416666030883789,5.72666597366333,15600.0,5.72933292388916,5.520666122436523,5.520666122436523
26-09-2000,5.416666030883789,5.5833330154418945,17550.0,5.5833330154418945,5.416666030883789,5.416666030883789
27-09-2000,5.166666030883789,5.416666030883789,59400.0,5.416666030883789,5.166666030883789,5.166666030883789
28-09-2000,5.20866584777832,5.25333309173584,13800.0,5.416666030883789,5.3333330154418945,5.3333330154418945
29-09-2000,5.20866584777832,5.293333053588867,17850.0,5.3333330154418945,5.3333330154418945,5.3333330154418945
02-10-2000,5.20866584777832,5.25333309173584,24000.0,5.291999816894531,5.20866584777832,5.20866584777832
03-10-2000,5.125332832336426,5.25,29250.0,5.25,5.125332832336426,5.125332832336426
04-10-2000,4.8333330154418945,5.039999961853027,37800.0,5.041999816894531,4.916666030883789,4.916666030883789
05-10-2000,4.770666122436523,4.8933329582214355,36300.0,4.916666030883789,4.770666122436523,4.770666122436523
06-10-2000,4.666666030883789,4.770666122436523,36750.0,4.770666122436523,4.70866584777832,4.70866584777832
09-10-2000,4.666666030883789,4.686666011810303,19800.0,4.75,4.666666030883789,4.666666030883789
10-10-2000,4.666666030883789,4.686666011810303,17850.0,4.75,4.75,4.75
11-10-2000,4.666666030883789,4.72666597366333,36150.0,4.75,4.72933292388916,4.72933292388916
12-10-2000,4.70866584777832,4.72666597366333,16050.0,4.75,4.70866584777832,4.70866584777832
13-10-2000,4.666666030883789,4.75,121350.0,4.75,4.70866584777832,4.70866584777832
16-10-2000,4.5833330154418945,4.75333309173584,17400.0,4.8333330154418945,4.666666030883789,4.666666030883789
17-10-2000,4.166666030883789,4.666666030883789,60900.0,4.906246185302734,4.3333330154418945,4.3333330154418945
18-10-2000,4.375332832336426,4.375332832336426,28350.0,4.666666030883789,4.5,4.5
19-10-2000,4.45866584777832,4.5,2400.0,4.5833330154418945,4.5833330154418945,4.5833330154418945
20-10-2000,2.416666030883789,4.3333330154418945,903300.0,4.3333330154418945,3.1040000915527344,3.1040000915527344
23-10-2000,3.125333070755005,3.3333330154418945,513600.0,3.916666030883789,3.2086660861968994,3.2086660861968994
24-10-2000,3.2086660861968994,3.2086660861968994,58200.0,3.25,3.2086660861968994,3.2086660861968994
25-10-2000,3.166666030883789,3.2066659927368164,48900.0,3.25,3.2086660861968994,3.2086660861968994
26-10-2000,3.2086660861968994,3.22666597366333,45900.0,3.416666030883789,3.416666030883789,3.416666030883789
27-10-2000,3.25,3.416666030883789,39600.0,3.416666030883789,3.25,3.25
30-10-2000,3.166666030883789,3.3333330154418945,22650.0,3.3333330154418945,3.2920000553131104,3.2920000553131104
31-10-2000,3.25,3.293333053588867,82050.0,3.666666030883789,3.666666030883789,3.666666030883789
01-11-2000,3.5833330154418945,3.666666030883789,24150.0,3.8126659393310547,3.666666030883789,3.666666030883789
02-11-2000,3.5,3.625333070755005,15000.0,3.625333070755005,3.5,3.5
03-11-2000,3.4586660861968994,3.5833330154418945,61200.0,3.5833330154418945,3.4586660861968994,3.4586660861968994
06-11-2000,3.166666030883789,3.166666030883789,12450.0,3.5,3.416666030883789,3.416666030883789
07-11-2000,3.3333330154418945,3.3333330154418945,32400.0,3.5,3.5,3.5
08-11-2000,3.375333070755005,3.4586660861968994,4500.0,3.4586660861968994,3.375333070755005,3.375333070755005
09-11-2000,3.375333070755005,3.375333070755005,300.0,3.5,3.5,3.5
10-11-2000,3.0420000553131104,3.373332977294922,10950.0,3.5,3.25,3.25
13-11-2000,3.3333330154418945,3.5866661071777344,11550.0,3.625333070755005,3.625333070755005,3.625333070755005
14-11-2000,3.3333330154418945,3.625333070755005,12300.0,3.625333070755005,3.625333070755005,3.625333070755005
15-11-2000,3.5833330154418945,3.5866661071777344,11700.0,3.6459999084472656,3.5833330154418945,3.5833330154418945
16-11-2000,3.22933292388916,3.625333070755005,9450.0,3.625333070755005,3.25,3.25
17-11-2000,3.25,3.3933329582214355,17250.0,3.416666030883789,3.25,3.25
20-11-2000,3.2920000553131104,3.3933329582214355,1050.0,3.3959999084472656,3.2920000553131104,3.2920000553131104
21-11-2000,3.3959999084472656,3.3959999084472656,99750.0,3.916666030883789,3.5,3.5
22-11-2000,3.416666030883789,3.5,8850.0,3.5,3.416666030883789,3.416666030883789
24-11-2000,3.3333330154418945,3.3333330154418945,14100.0,3.3333330154418945,3.3333330154418945,3.3333330154418945
27-11-2000,3.3333330154418945,3.3333330154418945,14250.0,4.0,3.5420000553131104,3.5420000553131104
28-11-2000,3.416666030883789,3.5,16350.0,3.916666030883789,3.75,3.75
29-11-2000,3.666666030883789,3.7066659927368164,11100.0,3.75,3.666666030883789,3.666666030883789
30-11-2000,3.416666030883789,3.4600000381469727,4350.0,3.5,3.5,3.5
01-12-2000,3.416666030883789,3.4200000762939453,600.0,3.666666030883789,3.666666030883789,3.666666030883789
04-12-2000,3.416666030883789,3.5399999618530273,600.0,3.5420000553131104,3.416666030883789,3.416666030883789
05-12-2000,3.4586660861968994,3.4600000381469727,4350.0,3.47933292388916,3.4586660861968994,3.4586660861968994
06-12-2000,3.5,3.5,2550.0,3.5833330154418945,3.5833330154418945,3.5833330154418945
07-12-2000,3.6459999084472656,3.6459999084472656,900.0,3.6459999084472656,3.6459999084472656,3.6459999084472656
08-12-2000,3.4586660861968994,3.5866661071777344,24900.0,3.75,3.666666030883789,3.666666030883789
11-12-2000,3.375333070755005,3.5399999618530273,12900.0,3.7086660861968994,3.375333070755005,3.375333070755005
12-12-2000,3.25,3.416666030883789,15000.0,3.416666030883789,3.25,3.25
13-12-2000,3.0833330154418945,3.25333309173584,51900.0,3.416666030883789,3.3333330154418945,3.3333330154418945
14-12-2000,3.25,3.25333309173584,15600.0,3.5,3.25,3.25
15-12-2000,3.25,3.25,10500.0,3.25,3.25,3.25
18-12-2000,3.25,3.25333309173584,3000.0,3.5833330154418945,3.5833330154418945,3.5833330154418945
19-12-2000,3.3333330154418945,3.559999942779541,11850.0,3.666666030883789,3.666666030883789,3.666666030883789
20-12-2000,3.3333330154418945,3.4200000762939453,54900.0,3.5833330154418945,3.5,3.5
21-12-2000,3.25,3.4200000762939453,67650.0,3.5420000553131104,3.5420000553131104,3.5420000553131104
22-12-2000,3.25,3.25333309173584,21750.0,3.5,3.25,3.25
26-12-2000,3.25,3.25333309173584,33000.0,3.437333106994629,3.437333106994629,3.437333106994629
27-12-2000,3.25,3.25333309173584,80100.0,3.416666030883789,3.25,3.25
28-12-2000,2.916666030883789,3.25,162900.0,3.25,3.0,3.0
29-12-2000,2.8333330154418945,3.0399999618530273,85200.0,3.666666030883789,3.666666030883789,3.666666030883789
02-01-2001,3.375,3.5,13200.0,3.5,3.5,3.5
03-01-2001,,,,,,
04-01-2001,3.416666030883789,3.47933292388916,7200.0,3.47933292388916,3.4586660861968994,3.4586660861968994
05-01-2001,3.416666030883789,3.5,3000.0,3.5,3.5,3.5
08-01-2001,3.291666030883789,3.5,9300.0,3.5,3.3333330154418945,3.3333330154418945
09-01-2001,3.291933059692383,3.291933059692383,16650.0,3.500066041946411,3.500066041946411,3.500066041946411
10-01-2001,3.5,3.6562459468841553,16350.0,3.666666030883789,3.541666030883789,3.541666030883789
11-01-2001,3.3333330154418945,3.375333070755005,7650.0,3.375333070755005,3.375333070755005,3.375333070755005
12-01-2001,3.3333330154418945,3.3333330154418945,4200.0,3.5,3.5,3.5
16-01-2001,3.3333330154418945,3.3333330154418945,11250.0,3.500066041946411,3.500066041946411,3.500066041946411
17-01-2001,3.3333330154418945,3.416666030883789,3300.0,3.416666030883789,3.3333330154418945,3.3333330154418945
18-01-2001,3.4583330154418945,3.625,43500.0,4.0,3.8333330154418945,3.8333330154418945
19-01-2001,3.8333330154418945,3.9479129314422607,14250.0,3.9583330154418945,3.9583330154418945,3.9583330154418945
22-01-2001,3.8437459468841553,3.979166030883789,31950.0,4.0,3.979166030883789,3.979166030883789
23-01-2001,3.8333330154418945,3.9583330154418945,33900.0,3.9583330154418945,3.875,3.875
24-01-2001,3.9586000442504883,3.9586000442504883,14700.0,4.0,4.0,4.0
25-01-2001,3.8333330154418945,3.8333330154418945,15150.0,4.125332832336426,4.0833330154418945,4.0833330154418945
26-01-2001,4.0,4.0,3000.0,4.0,4.0,4.0
29-01-2001,3.8333330154418945,3.989579916000366,11550.0,4.0,4.0,4.0
30-01-2001,3.8333330154418945,4.0,18300.0,4.166666030883789,4.166666030883789,4.166666030883789
31-01-2001,3.8333330154418945,4.0,66150.0,4.166666030883789,4.0,4.0
01-02-2001,4.0833330154418945,4.0833330154418945,8100.0,4.500065803527832,4.500065803527832,4.500065803527832
02-02-2001,4.45866584777832,4.500065803527832,10800.0,4.500065803527832,4.500065803527832,4.500065803527832
05-02-2001,4.25,4.416666030883789,11400.0,4.666666030883789,4.5,4.5
06-02-2001,4.5833330154418945,4.5833330154418945,21150.0,4.875332832336426,4.875332832336426,4.875332832336426
07-02-2001,4.75,4.75,1800.0,4.875332832336426,4.875332832336426,4.875332832336426
08-02-2001,4.5833330154418945,4.75,16800.0,5.0,4.75,4.75
09-02-2001,4.666666030883789,4.666666030883789,91200.0,4.916666030883789,4.916666030883789,4.916666030883789
12-02-2001,4.416666030883789,4.7083330154418945,23100.0,4.7083330154418945,4.5833330154418945,4.5833330154418945
13-02-2001,4.468746185302734,4.468746185302734,39750.0,4.75,4.479166030883789,4.479166030883789
14-02-2001,4.416666030883789,4.416666030883789,13200.0,4.666666030883789,4.666666030883789,4.666666030883789
15-02-2001,4.5,4.656246185302734,2250.0,4.666666030883789,4.666666030883789,4.666666030883789
16-02-2001,4.625332832336426,4.646666049957275,23850.0,4.75,4.666666030883789,4.666666030883789
20-02-2001,4.416666030883789,4.770666122436523,28500.0,4.770666122436523,4.666666030883789,4.666666030883789
21-02-2001,4.666666030883789,4.666666030883789,20550.0,4.791999816894531,4.791999816894531,4.791999816894531
22-02-2001,4.5,4.625,1350.0,4.625,4.5,4.5
23-02-2001,4.500065803527832,4.500065803527832,3150.0,4.500065803527832,4.500065803527832,4.500065803527832
26-02-2001,4.500065803527832,4.500065803527832,12150.0,4.666666030883789,4.666666030883789,4.666666030883789
27-02-2001,4.5,4.5,25200.0,4.666666030883789,4.666666030883789,4.666666030883789
28-02-2001,4.25,4.5,10350.0,4.5,4.3333330154418945,4.3333330154418945
01-03-2001,3.916666030883789,4.3333330154418945,24450.0,4.3333330154418945,4.3333330154418945,4.3333330154418945
02-03-2001,3.833400011062622,3.833400011062622,7950.0,4.1667327880859375,4.1667327880859375,4.1667327880859375
05-03-2001,4.0,4.0,4800.0,4.0833330154418945,4.0,4.0
06-03-2001,4.0833330154418945,4.0833330154418945,29850.0,4.3333330154418945,4.166666030883789,4.166666030883789
07-03-2001,4.3333330154418945,4.3333330154418945,20850.0,4.666666030883789,4.666666030883789,4.666666030883789
08-03-2001,4.5833330154418945,4.666666030883789,11100.0,4.666666030883789,4.5833330154418945,4.5833330154418945
09-03-2001,4.5833330154418945,4.666666030883789,39300.0,4.75,4.70866584777832,4.70866584777832
12-03-2001,4.541999816894531,4.72666597366333,6150.0,4.72933292388916,4.5833330154418945,4.5833330154418945
13-03-2001,4.416666030883789,4.5833330154418945,8400.0,4.625,4.4583330154418945,4.4583330154418945
14-03-2001,4.125,4.3333330154418945,11100.0,4.406246185302734,4.25,4.25
15-03-2001,4.125,4.166666030883789,9750.0,4.2083330154418945,4.125,4.125
16-03-2001,4.0833330154418945,4.126666069030762,8700.0,4.166666030883789,4.125332832336426,4.125332832336426
19-03-2001,4.0833330154418945,4.166666030883789,2400.0,4.166666030883789,4.0833330154418945,4.0833330154418945
20-03-2001,4.0833330154418945,4.0833330154418945,15600.0,4.125332832336426,4.125332832336426,4.125332832336426
21-03-2001,4.0833330154418945,4.3333330154418945,6150.0,4.3333330154418945,4.0833330154418945,4.0833330154418945
22-03-2001,3.791666030883789,4.0833330154418945,27600.0,4.0833330154418945,4.0,4.0
23-03-2001,3.666666030883789,4.0,30600.0,4.0,3.9586660861968994,3.9586660861968994
26-03-2001,3.7920000553131104,4.0,115500.0,4.0833330154418945,3.7920000553131104,3.7920000553131104
27-03-2001,3.7920000553131104,3.7920000553131104,140400.0,4.25,4.25,4.25
28-03-2001,4.1667327880859375,4.1667327880859375,29100.0,4.375332832336426,4.375332832336426,4.375332832336426
29-03-2001,4.416666030883789,4.416666030883789,6150.0,4.500065803527832,4.500065803527832,4.500065803527832
30-03-2001,4.500065803527832,4.500065803527832,23400.0,4.5833330154418945,4.5833330154418945,4.5833330154418945
02-04-2001,4.25,4.559999942779541,14250.0,4.562665939331055,4.5,4.5
03-04-2001,3.8333330154418945,4.3333330154418945,66750.0,4.3333330154418945,4.3333330154418945,4.3333330154418945
04-04-2001,3.833400011062622,3.833400011062622,5100.0,4.3333330154418945,4.3333330154418945,4.3333330154418945
05-04-2001,4.0833330154418945,4.0833330154418945,3300.0,4.3333330154418945,4.3333330154418945,4.3333330154418945
06-04-2001,4.166666030883789,4.416666030883789,2400.0,4.416666030883789,4.416666030883789,4.416666030883789
09-04-2001,4.3333330154418945,4.3333330154418945,2850.0,4.666666030883789,4.3333330154418945,4.3333330154418945
10-04-2001,4.3333330154418945,4.3333330154418945,1800.0,4.3333330154418945,4.3333330154418945,4.3333330154418945
11-04-2001,4.3333330154418945,4.3333330154418945,1500.0,4.3333330154418945,4.3333330154418945,4.3333330154418945
12-04-2001,4.3333330154418945,4.3333330154418945,1950.0,4.3333330154418945,4.3333330154418945,4.3333330154418945
16-04-2001,4.3333330154418945,4.3333330154418945,2550.0,4.500065803527832,4.500065803527832,4.500065803527832
17-04-2001,4.3333330154418945,4.3333330154418945,3300.0,4.500065803527832,4.500065803527832,4.500065803527832
18-04-2001,4.500065803527832,4.500065803527832,47100.0,4.500065803527832,4.500065803527832,4.500065803527832
19-04-2001,4.466000080108643,4.473933219909668,23250.0,4.533999919891357,4.533999919891357,4.533999919891357
20-04-2001,,,,,,
23-04-2001,4.466000080108643,4.533999919891357,10650.0,4.533999919891357,4.533999919891357,4.533999919891357
24-04-2001,4.466000080108643,4.466000080108643,450.0,4.466000080108643,4.466000080108643,4.466000080108643
25-04-2001,4.466000080108643,4.466000080108643,2700.0,4.480666160583496,4.480666160583496,4.480666160583496
26-04-2001,4.466000080108643,4.466000080108643,3000.0,4.473933219909668,4.473933219909668,4.473933219909668
27-04-2001,4.466000080108643,4.480666160583496,6000.0,4.533999919891357,4.533999919891357,4.533999919891357
30-04-2001,4.473933219909668,4.480666160583496,60300.0,4.5193328857421875,4.5193328857421875,4.5193328857421875
01-05-2001,4.533999919891357,4.533999919891357,900.0,4.533999919891357,4.533999919891357,4.533999919891357
02-05-2001,,,,,,
03-05-2001,4.066666126251221,4.47333288192749,16200.0,4.47333288192749,4.173333168029785,4.173333168029785
04-05-2001,,,,,,
07-05-2001,4.233399868011475,4.233399868011475,6600.0,4.326665878295898,4.326665878295898,4.326665878295898
08-05-2001,,,,,,
09-05-2001,4.299333095550537,4.299333095550537,450.0,4.299333095550537,4.299333095550537,4.299333095550537
10-05-2001,4.3333330154418945,4.3333330154418945,600.0,4.3333330154418945,4.3333330154418945,4.3333330154418945
11-05-2001,4.299333095550537,4.326665878295898,3300.0,4.326665878295898,4.326665878295898,4.326665878295898
14-05-2001,4.2606658935546875,4.2606658935546875,5100.0,4.2733330726623535,4.2733330726623535,4.2733330726623535
15-05-2001,4.400000095367432,4.400000095367432,450.0,4.400000095367432,4.400000095367432,4.400000095367432
16-05-2001,4.21999979019165,4.279932975769043,1500.0,4.279932975769043,4.279932975769043,4.279932975769043
17-05-2001,4.47333288192749,4.526666164398193,175500.0,4.786665916442871,4.633333206176758,4.633333206176758
18-05-2001,4.7733330726623535,4.7733330726623535,287250.0,5.400000095367432,5.3333330154418945,5.3333330154418945
21-05-2001,5.3333330154418945,5.400000095367432,73500.0,5.559999942779541,5.413332939147949,5.413332939147949
22-05-2001,5.366665840148926,5.406665802001953,32700.0,5.519999980926514,5.433332920074463,5.433332920074463
23-05-2001,5.079999923706055,5.400000095367432,16350.0,5.400000095367432,5.326665878295898,5.326665878295898
24-05-2001,5.266665935516357,5.400000095367432,14550.0,5.400000095367432,5.266665935516357,5.266665935516357
25-05-2001,5.119999885559082,5.3866658210754395,24000.0,5.3866658210754395,5.320000171661377,5.320000171661377
29-05-2001,5.299333095550537,5.299333095550537,89250.0,5.733333110809326,5.733333110809326,5.733333110809326
30-05-2001,5.566732883453369,5.666666030883789,29850.0,5.666666030883789,5.666666030883789,5.666666030883789
31-05-2001,5.566732883453369,5.566732883453369,12450.0,5.599999904632568,5.599999904632568,5.599999904632568
01-06-2001,5.526065826416016,5.593999862670898,11100.0,5.599999904632568,5.599999904632568,5.599999904632568
04-06-2001,5.599999904632568,5.599999904632568,26400.0,5.8866658210754395,5.8866658210754395,5.8866658210754395
05-06-2001,5.7733330726623535,5.813333034515381,12900.0,6.0,6.0,6.0
06-06-2001,5.993332862854004,5.993332862854004,23400.0,6.0,6.0,6.0
07-06-2001,5.879932880401611,5.879932880401611,11700.0,6.0,6.0,6.0
08-06-2001,5.879932880401611,5.879932880401611,4200.0,5.900065898895264,5.900065898895264,5.900065898895264
11-06-2001,5.806665897369385,5.966666221618652,7050.0,5.993332862854004,5.806665897369385,5.806665897369385
12-06-2001,5.833399772644043,5.833399772644043,2850.0,5.9867329597473145,5.9867329597473145,5.9867329597473145
13-06-2001,5.686666011810303,6.0,6600.0,6.0,6.0,6.0
14-06-2001,5.766733169555664,5.766733169555664,24600.0,5.993332862854004,5.993332862854004,5.993332862854004
15-06-2001,5.666666030883789,5.699999809265137,3300.0,5.960000038146973,5.8333330154418945,5.8333330154418945
18-06-2001,5.5,5.666666030883789,13650.0,5.699999809265137,5.699999809265137,5.699999809265137
19-06-2001,5.566732883453369,5.566732883453369,3450.0,5.766733169555664,5.766733169555664,5.766733169555664
20-06-2001,5.500065803527832,5.566732883453369,4200.0,5.566732883453369,5.566732883453369,5.566732883453369
21-06-2001,5.300000190734863,5.300000190734863,13500.0,5.5,5.3333330154418945,5.3333330154418945
22-06-2001,5.254000186920166,5.2606658935546875,4650.0,5.299333095550537,5.299333095550537,5.299333095550537
25-06-2001,5.300000190734863,5.300000190734863,4500.0,5.460000038146973,5.3333330154418945,5.3333330154418945
26-06-2001,5.299333095550537,5.3333330154418945,6300.0,5.3333330154418945,5.3333330154418945,5.3333330154418945
27-06-2001,5.25,5.3333330154418945,9450.0,5.3333330154418945,5.3333330154418945,5.3333330154418945
28-06-2001,5.233399868011475,5.233399868011475,150.0,5.233399868011475,5.233399868011475,5.233399868011475
29-06-2001,5.266665935516357,5.266665935516357,1350.0,5.299333095550537,5.299333095550537,5.299333095550537
02-07-2001,5.3333330154418945,5.3333330154418945,150.0,5.3333330154418945,5.3333330154418945,5.3333330154418945
03-07-2001,5.286665916442871,5.286665916442871,2250.0,5.4334001541137695,5.4334001541137695,5.4334001541137695
05-07-2001,5.459400177001953,5.459400177001953,1650.0,5.6132659912109375,5.6132659912109375,5.6132659912109375
06-07-2001,5.366665840148926,5.533332824707031,3750.0,5.613333225250244,5.539999961853027,5.539999961853027
09-07-2001,5.625999927520752,5.625999927520752,900.0,5.632666110992432,5.632666110992432,5.632666110992432
10-07-2001,5.599999904632568,5.599999904632568,3300.0,5.599999904632568,5.599999904632568,5.599999904632568
11-07-2001,5.599999904632568,5.599999904632568,13050.0,5.599999904632568,5.599999904632568,5.599999904632568
12-07-2001,5.406665802001953,5.599999904632568,3750.0,5.666666030883789,5.406665802001953,5.406665802001953
13-07-2001,5.406000137329102,5.406000137329102,1500.0,5.406000137329102,5.406000137329102,5.406000137329102
16-07-2001,5.367332935333252,5.367332935333252,1800.0,5.367332935333252,5.367332935333252,5.367332935333252
17-07-2001,5.367332935333252,5.367332935333252,1500.0,5.367332935333252,5.367332935333252,5.367332935333252
18-07-2001,5.099999904632568,5.260000228881836,11250.0,5.400000095367432,5.364999771118164,5.364999771118164
19-07-2001,5.266665935516357,5.367332935333252,4350.0,5.367332935333252,5.367332935333252,5.367332935333252
20-07-2001,5.2606658935546875,5.279932975769043,4650.0,5.279932975769043,5.279932975769043,5.279932975769043
23-07-2001,5.260000228881836,5.260000228881836,16200.0,5.260000228881836,5.260000228881836,5.260000228881836
24-07-2001,5.2606658935546875,5.2606658935546875,10650.0,5.3333330154418945,5.3333330154418945,5.3333330154418945
25-07-2001,5.1667327880859375,5.266665935516357,32400.0,5.266665935516357,5.266665935516357,5.266665935516357
26-07-2001,5.132666110992432,5.132666110992432,11550.0,5.132666110992432,5.132666110992432,5.132666110992432
27-07-2001,5.113333225250244,5.132666110992432,3150.0,5.1533331871032715,5.1533331871032715,5.1533331871032715
30-07-2001,5.106666088104248,5.113333225250244,10650.0,5.159999847412109,5.159999847412109,5.159999847412109
31-07-2001,5.199999809265137,5.199999809265137,7050.0,5.3933329582214355,5.267333030700684,5.267333030700684
01-08-2001,5.22666597366333,5.3866658210754395,10350.0,5.400000095367432,5.3333330154418945,5.3333330154418945
02-08-2001,5.2606658935546875,5.266665935516357,7800.0,5.266665935516357,5.266665935516357,5.266665935516357
03-08-2001,,,,,,
06-08-2001,5.3333330154418945,5.400000095367432,1200.0,5.513332843780518,5.513332843780518,5.513332843780518
07-08-2001,5.3333330154418945,5.3333330154418945,150.0,5.3333330154418945,5.3333330154418945,5.3333330154418945
08-08-2001,5.412665843963623,5.412665843963623,6000.0,5.412665843963623,5.412665843963623,5.412665843963623
09-08-2001,5.4334001541137695,5.4334001541137695,8700.0,5.466000080108643,5.466000080108643,5.466000080108643
10-08-2001,5.400000095367432,5.400000095367432,900.0,5.408666133880615,5.408666133880615,5.408666133880615
13-08-2001,5.413332939147949,5.513332843780518,1800.0,5.646666049957275,5.413332939147949,5.413332939147949
14-08-2001,,,,,,
15-08-2001,5.466000080108643,5.466000080108643,2400.0,5.666666030883789,5.666666030883789,5.666666030883789
16-08-2001,5.3333330154418945,5.5,1050.0,5.666666030883789,5.666666030883789,5.666666030883789
17-08-2001,5.340000152587891,5.340000152587891,1050.0,5.733333110809326,5.733333110809326,5.733333110809326
20-08-2001,5.466666221618652,5.746665954589844,7350.0,5.7733330726623535,5.533332824707031,5.533332824707031
21-08-2001,5.566732883453369,5.566732883453369,3450.0,5.599999904632568,5.599999904632568,5.599999904632568
22-08-2001,5.533999919891357,5.533999919891357,3300.0,5.533999919891357,5.533999919891357,5.533999919891357
23-08-2001,5.466666221618652,5.466666221618652,5550.0,5.466666221618652,5.466666221618652,5.466666221618652
24-08-2001,5.498665809631348,5.498665809631348,450.0,5.500065803527832,5.500065803527832,5.500065803527832
27-08-2001,5.466000080108643,5.500065803527832,1200.0,5.500065803527832,5.500065803527832,5.500065803527832
28-08-2001,5.500065803527832,5.500065803527832,2850.0,5.526065826416016,5.526065826416016,5.526065826416016
29-08-2001,,,,,,
30-08-2001,5.4334001541137695,5.440000057220459,16350.0,5.466000080108643,5.466000080108643,5.466000080108643
31-08-2001,5.159999847412109,5.400000095367432,9150.0,5.526666164398193,5.526666164398193,5.526666164398193
04-09-2001,5.366665840148926,5.373332977294922,6150.0,5.5,5.366665840148926,5.366665840148926
05-09-2001,5.4334001541137695,5.4334001541137695,300.0,5.4334001541137695,5.4334001541137695,5.4334001541137695
06-09-2001,5.066666126251221,5.366665840148926,12900.0,5.366665840148926,5.166666030883789,5.166666030883789
07-09-2001,5.1667327880859375,5.1667327880859375,750.0,5.326665878295898,5.326665878295898,5.326665878295898
10-09-2001,5.466666221618652,5.47333288192749,5400.0,5.47333288192749,5.466666221618652,5.466666221618652
17-09-2001,5.0,5.133333206176758,56700.0,5.326665878295898,5.326665878295898,5.326665878295898
18-09-2001,4.633333206176758,5.306665897369385,69300.0,5.306665897369385,5.00066614151001,5.00066614151001
19-09-2001,4.566666126251221,5.000332832336426,126600.0,5.000332832336426,4.566666126251221,4.566666126251221
20-09-2001,4.500065803527832,4.500065803527832,22650.0,4.500065803527832,4.500065803527832,4.500065803527832
21-09-2001,4.500065803527832,4.501333236694336,2400.0,4.501333236694336,4.501333236694336,4.501333236694336
24-09-2001,4.504065990447998,4.504065990447998,127500.0,4.631266117095947,4.631266117095947,4.631266117095947
25-09-2001,4.501333236694336,4.501333236694336,8550.0,4.527332782745361,4.527332782745361,4.527332782745361
26-09-2001,4.526065826416016,4.526065826416016,162000.0,4.666666030883789,4.666666030883789,4.666666030883789
27-09-2001,4.526065826416016,4.526065826416016,3300.0,4.799333095550537,4.799333095550537,4.799333095550537
28-09-2001,4.766733169555664,4.766733169555664,25050.0,4.792733192443848,4.792733192443848,4.792733192443848
01-10-2001,4.766733169555664,4.766733169555664,15750.0,4.799333095550537,4.799333095550537,4.799333095550537
02-10-2001,4.799333095550537,4.799333095550537,19350.0,5.486666202545166,5.486666202545166,5.486666202545166
03-10-2001,5.1539998054504395,5.400000095367432,2400.0,5.486666202545166,5.486666202545166,5.486666202545166
04-10-2001,5.340665817260742,5.47333288192749,9600.0,5.539999961853027,5.406665802001953,5.406665802001953
05-10-2001,4.8333330154418945,5.343332767486572,7200.0,5.5,4.8333330154418945,4.8333330154418945
08-10-2001,4.866665840148926,4.866665840148926,1650.0,4.993332862854004,4.993332862854004,4.993332862854004
09-10-2001,4.833399772644043,4.833399772644043,10500.0,4.893932819366455,4.893932819366455,4.893932819366455
10-10-2001,4.673333168029785,4.8333330154418945,900.0,4.8333330154418945,4.673333168029785,4.673333168029785
11-10-2001,4.740600109100342,4.740600109100342,4050.0,4.820000171661377,4.820000171661377,4.820000171661377
12-10-2001,4.800000190734863,4.800000190734863,150.0,4.800000190734863,4.800000190734863,4.800000190734863
15-10-2001,,,,,,
16-10-2001,4.533332824707031,4.533332824707031,12150.0,5.100066184997559,5.100066184997559,5.100066184997559
17-10-2001,,,,,,
18-10-2001,4.533332824707031,4.599999904632568,2250.0,4.733333110809326,4.733333110809326,4.733333110809326
19-10-2001,4.059999942779541,4.5,7950.0,4.5,4.5,4.5
22-10-2001,4.213265895843506,4.213265895843506,1200.0,4.4334001541137695,4.4334001541137695,4.4334001541137695
23-10-2001,4.340000152587891,4.340000152587891,900.0,4.340000152587891,4.340000152587891,4.340000152587891
24-10-2001,4.34060001373291,4.34660005569458,9450.0,4.34660005569458,4.34660005569458,4.34660005569458
25-10-2001,3.9200000762939453,4.340000152587891,7650.0,4.389999866485596,3.9200000762939453,3.9200000762939453
26-10-2001,3.8333330154418945,3.9666659832000732,19050.0,4.146666049957275,4.146666049957275,4.146666049957275
29-10-2001,3.7666659355163574,3.8333330154418945,9000.0,3.9000000953674316,3.7666659355163574,3.7666659355163574
30-10-2001,3.4000000953674316,3.7676661014556885,2550.0,3.7676661014556885,3.4066660404205322,3.4066660404205322
31-10-2001,3.4066660404205322,3.5999999046325684,14100.0,4.0,3.640000104904175,3.640000104904175
01-11-2001,3.5,3.846666097640991,1800.0,3.846666097640991,3.536465883255005,3.536465883255005
02-11-2001,3.5399999618530273,3.5399999618530273,1800.0,3.559999942779541,3.559999942779541,3.559999942779541
05-11-2001,3.5333330631256104,3.5333330631256104,15450.0,3.6466660499572754,3.6466660499572754,3.6466660499572754
06-11-2001,3.5066659450531006,3.6266660690307617,11700.0,3.6266660690307617,3.6266660690307617,3.6266660690307617
07-11-2001,3.5333330631256104,3.5333330631256104,3900.0,3.6333329677581787,3.5333330631256104,3.5333330631256104
08-11-2001,3.5266659259796143,3.5333330631256104,17850.0,4.0,4.0,4.0
09-11-2001,3.5333330631256104,3.700000047683716,8850.0,3.990000009536743,3.666666030883789,3.666666030883789
12-11-2001,3.5999999046325684,3.5999999046325684,2250.0,4.0,3.8399999141693115,3.8399999141693115
13-11-2001,4.166666030883789,4.233333110809326,59100.0,4.933332920074463,4.519999980926514,4.519999980926514
14-11-2001,4.593332767486572,4.593332767486572,22650.0,4.746600151062012,4.746600151062012,4.746600151062012
15-11-2001,4.733333110809326,4.733333110809326,13500.0,5.0,5.0,5.0
16-11-2001,5.0,5.0,9450.0,5.059999942779541,5.0,5.0
19-11-2001,5.026666164398193,5.073332786560059,37650.0,5.206665992736816,5.133333206176758,5.133333206176758
20-11-2001,5.133333206176758,5.159999847412109,7500.0,5.199999809265137,5.199999809265137,5.199999809265137
21-11-2001,5.206665992736816,5.206665992736816,3000.0,5.260000228881836,5.260000228881836,5.260000228881836
23-11-2001,5.213265895843506,5.213265895843506,1950.0,5.326665878295898,5.326665878295898,5.326665878295898
26-11-2001,5.3333330154418945,5.3333330154418945,7950.0,5.465400218963623,5.465400218963623,5.465400218963623
27-11-2001,5.206665992736816,5.206665992736816,900.0,5.500065803527832,5.500065803527832,5.500065803527832
28-11-2001,5.426665782928467,5.5833330154418945,6150.0,5.5833330154418945,5.426665782928467,5.426665782928467
29-11-2001,5.199999809265137,5.199999809265137,18450.0,5.386733055114746,5.386733055114746,5.386733055114746
30-11-2001,5.260000228881836,5.267333030700684,11100.0,5.326665878295898,5.326665878295898,5.326665878295898
03-12-2001,5.266665935516357,5.266665935516357,24600.0,5.266665935516357,5.266665935516357,5.266665935516357
04-12-2001,5.293333053588867,5.293333053588867,25050.0,5.8333330154418945,5.693333148956299,5.693333148956299
05-12-2001,5.406665802001953,5.406665802001953,9150.0,5.8333330154418945,5.8333330154418945,5.8333330154418945
06-12-2001,5.559999942779541,5.559999942779541,5400.0,5.65339994430542,5.65339994430542,5.65339994430542
07-12-2001,5.579999923706055,5.599999904632568,75300.0,5.993332862854004,5.626666069030762,5.626666069030762
10-12-2001,5.619999885559082,5.65513277053833,28500.0,5.993332862854004,5.646666049957275,5.646666049957275
11-12-2001,5.75333309173584,5.860000133514404,1650.0,5.860000133514404,5.75333309173584,5.75333309173584
12-12-2001,5.666666030883789,5.666666030883789,150.0,5.666666030883789,5.666666030883789,5.666666030883789
13-12-2001,5.633333206176758,5.733333110809326,2550.0,5.820000171661377,5.633333206176758,5.633333206176758
14-12-2001,5.65339994430542,5.681333065032959,15000.0,5.686666011810303,5.686666011810303,5.686666011810303
17-12-2001,5.166666030883789,5.8333330154418945,69150.0,5.840000152587891,5.3333330154418945,5.3333330154418945
18-12-2001,5.166666030883789,5.3333330154418945,6600.0,5.663332939147949,5.166666030883789,5.166666030883789
19-12-2001,5.1667327880859375,5.1667327880859375,5250.0,5.199999809265137,5.199999809265137,5.199999809265137
20-12-2001,5.1667327880859375,5.1667327880859375,3600.0,5.400000095367432,5.400000095367432,5.400000095367432
21-12-2001,5.166666030883789,5.166666030883789,24900.0,5.5,5.366665840148926,5.366665840148926
24-12-2001,5.533332824707031,5.533332824707031,300.0,5.533332824707031,5.533332824707031,5.533332824707031
26-12-2001,5.566732883453369,5.566732883453369,29850.0,5.673333168029785,5.673333168029785,5.673333168029785
27-12-2001,5.519999980926514,5.8333330154418945,750.0,5.8333330154418945,5.800000190734863,5.800000190734863
28-12-2001,5.343332767486572,5.343332767486572,4950.0,5.953332901000977,5.666666030883789,5.666666030883789
31-12-2001,5.3933329582214355,5.3933329582214355,10650.0,6.3333330154418945,6.3333330154418945,6.3333330154418945
02-01-2002,5.679999828338623,6.300000190734863,4050.0,6.300000190734863,5.793333053588867,5.793333053588867
03-01-2002,5.699999809265137,5.789999961853027,600.0,5.789999961853027,5.699999809265137,5.699999809265137
04-01-2002,5.400000095367432,5.800000190734863,6000.0,5.800000190734863,5.613333225250244,5.613333225250244
07-01-2002,5.133333206176758,5.5,5400.0,5.5,5.373332977294922,5.373332977294922
08-01-2002,4.900000095367432,5.245999813079834,28200.0,5.480000019073486,5.139999866485596,5.139999866485596
09-01-2002,4.986666202545166,5.053332805633545,25350.0,5.8333330154418945,4.986666202545166,4.986666202545166
10-01-2002,5.086666107177734,5.100066184997559,5700.0,5.100066184997559,5.100066184997559,5.100066184997559
11-01-2002,5.033332824707031,5.166666030883789,16950.0,5.460000038146973,5.27400016784668,5.27400016784668
14-01-2002,5.0,5.466666221618652,8400.0,5.466666221618652,5.106666088104248,5.106666088104248
15-01-2002,5.033332824707031,5.033332824707031,5400.0,5.336666107177734,5.3333330154418945,5.3333330154418945
16-01-2002,3.913332939147949,4.913332939147949,36900.0,5.0,4.78000020980835,4.78000020980835
17-01-2002,4.300000190734863,4.666666030883789,22650.0,4.793333053588867,4.300000190734863,4.300000190734863
18-01-2002,4.283933162689209,4.283933162689209,5100.0,4.4334001541137695,4.4334001541137695,4.4334001541137695
22-01-2002,4.466666221618652,4.659999847412109,20550.0,4.800000190734863,4.800000190734863,4.800000190734863
23-01-2002,,,,,,
24-01-2002,4.533332824707031,4.533332824707031,2100.0,4.800000190734863,4.800000190734863,4.800000190734863
25-01-2002,4.633399963378906,4.633399963378906,1800.0,4.933332920074463,4.933332920074463,4.933332920074463
28-01-2002,4.933332920074463,4.933332920074463,600.0,4.933332920074463,4.933332920074463,4.933332920074463
29-01-2002,4.900666236877441,4.900666236877441,1800.0,4.946599960327148,4.946599960327148,4.946599960327148
30-01-2002,,,,,,
31-01-2002,4.900065898895264,4.900065898895264,7500.0,5.0,5.0,5.0
01-02-2002,4.8653998374938965,4.8653998374938965,2850.0,5.0,5.0,5.0
04-02-2002,,,,,,
05-02-2002,,,,,,
06-02-2002,4.613333225250244,4.666666030883789,10800.0,4.826665878295898,4.666666030883789,4.666666030883789
07-02-2002,4.3333330154418945,4.533332824707031,4950.0,4.632332801818848,4.433332920074463,4.433332920074463
08-02-2002,4.434000015258789,4.434000015258789,5400.0,5.0,5.0,5.0
11-02-2002,,,,,,
12-02-2002,4.826665878295898,4.826665878295898,600.0,4.826665878295898,4.826665878295898,4.826665878295898
13-02-2002,4.666666030883789,4.666666030883789,2700.0,4.833399772644043,4.833399772644043,4.833399772644043
14-02-2002,4.666666030883789,4.666666030883789,34650.0,5.3933329582214355,5.199999809265137,5.199999809265137
15-02-2002,5.0,5.1533331871032715,16500.0,5.1533331871032715,5.1533331871032715,5.1533331871032715
19-02-2002,5.233399868011475,5.233399868011475,4950.0,5.3333330154418945,5.3333330154418945,5.3333330154418945
20-02-2002,5.2133331298828125,5.3333330154418945,28350.0,5.420000076293945,5.420000076293945,5.420000076293945
21-02-2002,5.22666597366333,5.400000095367432,16350.0,5.400000095367432,5.246665954589844,5.246665954589844
22-02-2002,5.199999809265137,5.199999809265137,13050.0,5.4334001541137695,5.4334001541137695,5.4334001541137695
25-02-2002,4.626666069030762,5.133333206176758,7050.0,5.133333206176758,4.953332901000977,4.953332901000977
26-02-2002,5.0,5.0,8100.0,5.1667327880859375,5.1667327880859375,5.1667327880859375
27-02-2002,4.97333288192749,5.166666030883789,13650.0,5.166666030883789,5.166666030883789,5.166666030883789
28-02-2002,,,,,,
01-03-2002,5.039999961853027,5.039999961853027,450.0,5.067333221435547,5.067333221435547,5.067333221435547
04-03-2002,5.126666069030762,5.126666069030762,44550.0,5.500065803527832,5.500065803527832,5.500065803527832
05-03-2002,5.3333330154418945,5.3333330154418945,1800.0,5.3333330154418945,5.3333330154418945,5.3333330154418945
06-03-2002,5.266665935516357,5.3333330154418945,19650.0,5.486666202545166,5.3333330154418945,5.3333330154418945
07-03-2002,5.300000190734863,5.466666221618652,22800.0,5.466666221618652,5.307332992553711,5.307332992553711
08-03-2002,5.3333330154418945,5.3333330154418945,10650.0,5.500065803527832,5.500065803527832,5.500065803527832
11-03-2002,4.766665935516357,5.233333110809326,36150.0,5.260000228881836,5.233333110809326,5.233333110809326
12-03-2002,5.2733330726623535,5.2733330726623535,1500.0,5.3333330154418945,5.3333330154418945,5.3333330154418945
13-03-2002,5.266665935516357,5.426665782928467,9000.0,5.433332920074463,5.433332920074463,5.433332920074463
14-03-2002,5.366733074188232,5.366733074188232,4800.0,5.380000114440918,5.380000114440918,5.380000114440918
15-03-2002,5.400000095367432,5.400000095367432,46650.0,5.466666221618652,5.466666221618652,5.466666221618652
18-03-2002,5.3933329582214355,5.3933329582214355,24600.0,5.666666030883789,5.433332920074463,5.433332920074463
19-03-2002,5.426665782928467,5.426665782928467,131400.0,6.1667327880859375,6.1667327880859375,6.1667327880859375
20-03-2002,5.933332920074463,5.933332920074463,24300.0,6.120066165924072,6.120066165924072,6.120066165924072
21-03-2002,6.039999961853027,6.100066184997559,40200.0,6.100066184997559,6.100066184997559,6.100066184997559
22-03-2002,5.8333330154418945,6.073332786560059,28800.0,6.122665882110596,5.920000076293945,5.920000076293945
25-03-2002,5.833399772644043,5.833399772644043,3450.0,6.0,6.0,6.0
26-03-2002,5.866665840148926,5.9466657638549805,10950.0,6.026000022888184,5.876666069030762,5.876666069030762
27-03-2002,5.933332920074463,5.933332920074463,12300.0,5.966732978820801,5.966732978820801,5.966732978820801
28-03-2002,6.00066614151001,6.00066614151001,19350.0,6.033400058746338,6.033400058746338,6.033400058746338
01-04-2002,6.133333206176758,6.133333206176758,49350.0,6.199999809265137,6.199999809265137,6.199999809265137
02-04-2002,6.160665988922119,6.293333053588867,5850.0,6.300000190734863,6.293333053588867,6.293333053588867
03-04-2002,6.133333206176758,6.133333206176758,11700.0,6.3333330154418945,6.3333330154418945,6.3333330154418945
04-04-2002,6.326665878295898,6.3333330154418945,148950.0,7.21999979019165,7.0,7.0
05-04-2002,7.106666088104248,7.1533331871032715,64050.0,7.866665840148926,7.8333330154418945,7.8333330154418945
08-04-2002,7.672666072845459,7.672666072845459,52350.0,8.133333206176758,8.133333206176758,8.133333206176758
09-04-2002,7.973999977111816,7.973999977111816,45750.0,8.065999984741211,8.065999984741211,8.065999984741211
10-04-2002,7.973999977111816,7.973999977111816,62550.0,8.166732788085938,8.166732788085938,8.166732788085938
11-04-2002,7.97333288192749,8.046666145324707,75750.0,8.100066184997559,8.100066184997559,8.100066184997559
12-04-2002,7.533332824707031,7.960000038146973,8100.0,7.960000038146973,7.766665935516357,7.766665935516357
15-04-2002,7.6533331871032715,7.666666030883789,27300.0,8.166666030883789,7.8866658210754395,7.8866658210754395
16-04-2002,7.1533331871032715,7.8866658210754395,31050.0,7.920000076293945,7.693333148956299,7.693333148956299
17-04-2002,7.3333330154418945,7.633333206176758,11550.0,7.633333206176758,7.366665840148926,7.366665840148926
18-04-2002,7.3460001945495605,7.5,7500.0,7.5,7.3460001945495605,7.3460001945495605
19-04-2002,7.3333330154418945,7.466666221618652,18000.0,7.466666221618652,7.466666221618652,7.466666221618652
22-04-2002,7.273932933807373,7.273932933807373,20700.0,7.500065803527832,7.500065803527832,7.500065803527832
23-04-2002,7.400000095367432,7.5,3300.0,7.599332809448242,7.400000095367432,7.400000095367432
24-04-2002,7.566666126251221,7.599999904632568,23250.0,8.0,7.733333110809326,7.733333110809326
25-04-2002,7.793333053588867,8.0,31350.0,8.0,7.819333076477051,7.819333076477051
26-04-2002,7.380000114440918,7.866665840148926,24450.0,7.866665840148926,7.380000114440918,7.380000114440918
29-04-2002,7.2733330726623535,7.3333330154418945,14250.0,8.066665649414062,7.760000228881836,7.760000228881836
30-04-2002,7.666666030883789,7.666666030883789,2700.0,7.933332920074463,7.933332920074463,7.933332920074463
01-05-2002,7.334000110626221,7.334000110626221,5700.0,7.900065898895264,7.900065898895264,7.900065898895264
02-05-2002,7.866665840148926,7.912665843963623,9450.0,8.0,8.0,8.0
03-05-2002,7.420000076293945,7.420000076293945,16800.0,8.0,8.0,8.0
06-05-2002,7.666666030883789,7.999332904815674,1950.0,7.999332904815674,7.666666030883789,7.666666030883789
07-05-2002,7.666666030883789,7.673333168029785,3450.0,7.933332920074463,7.933332920074463,7.933332920074463
08-05-2002,7.707333087921143,7.707333087921143,19050.0,8.0,8.0,8.0
09-05-2002,7.746665954589844,8.0600004196167,600.0,8.0600004196167,7.746665954589844,7.746665954589844
10-05-2002,7.746600151062012,7.746600151062012,6750.0,8.0,8.0,8.0
13-05-2002,8.0,8.0,51750.0,8.646665573120117,8.646665573120117,8.646665573120117
14-05-2002,7.679999828338623,8.5,69300.0,8.699999809265137,8.666666030883789,8.666666030883789
15-05-2002,8.300000190734863,8.75333309173584,23400.0,8.75333309173584,8.540665626525879,8.540665626525879
16-05-2002,8.626666069030762,8.626666069030762,57150.0,9.65939998626709,9.65939998626709,9.65939998626709
17-05-2002,9.466666221618652,9.46733283996582,43200.0,9.746665954589844,9.466666221618652,9.466666221618652
20-05-2002,9.4399995803833,9.4399995803833,43800.0,9.766733169555664,9.766733169555664,9.766733169555664
21-05-2002,10.033332824707031,10.100000381469727,928200.0,11.666666030883789,11.600666046142578,11.600666046142578
22-05-2002,11.333333015441895,11.533332824707031,409800.0,12.166666030883789,11.899999618530273,11.899999618530273
23-05-2002,11.513333320617676,11.59333324432373,107850.0,12.066665649414062,11.842000007629395,11.842000007629395
24-05-2002,11.073332786560059,11.41333293914795,286500.0,11.5,11.266666412353516,11.266666412353516
28-05-2002,11.066665649414062,11.333333015441895,56700.0,11.34666633605957,11.119999885559082,11.119999885559082
29-05-2002,11.079933166503906,11.079933166503906,32250.0,11.233400344848633,11.233400344848633,11.233400344848633
30-05-2002,11.166732788085938,11.166732788085938,48300.0,11.399999618530273,11.399999618530273,11.399999618530273
31-05-2002,11.133333206176758,11.326665878295898,57750.0,11.333333015441895,11.133333206176758,11.133333206176758
03-06-2002,10.206665992736816,11.226666450500488,126600.0,11.239999771118164,10.533332824707031,10.533332824707031
04-06-2002,9.633333206176758,10.567333221435547,66150.0,10.573332786560059,10.133333206176758,10.133333206176758
05-06-2002,9.746665954589844,9.746665954589844,17250.0,10.299332618713379,10.00666618347168,10.00666618347168
06-06-2002,9.733332633972168,10.066665649414062,166350.0,10.126666069030762,10.126666069030762,10.126666069030762
07-06-2002,9.833333015441895,9.84000015258789,39450.0,10.333333015441895,10.0,10.0
10-06-2002,9.406665802001953,9.9399995803833,77100.0,10.5,10.133999824523926,10.133999824523926
11-06-2002,9.534000396728516,10.132665634155273,54000.0,10.159333229064941,10.133333206176758,10.133333206176758
12-06-2002,10.040665626525879,10.040665626525879,10500.0,10.126666069030762,10.126666069030762,10.126666069030762
13-06-2002,9.720000267028809,10.039999961853027,9750.0,10.126666069030762,10.126666069030762,10.126666069030762
14-06-2002,9.420000076293945,9.75333309173584,16050.0,10.09333324432373,9.993332862854004,9.993332862854004
17-06-2002,9.60666561126709,9.60666561126709,13200.0,10.126666069030762,10.126666069030762,10.126666069030762
18-06-2002,9.747332572937012,10.126666069030762,1500.0,10.126666069030762,9.806666374206543,9.806666374206543
19-06-2002,9.479999542236328,10.0,12450.0,10.0,9.899999618530273,9.899999618530273
20-06-2002,9.500065803527832,9.600000381469727,18150.0,9.600000381469727,9.600000381469727,9.600000381469727
21-06-2002,9.00666618347168,9.499333381652832,24300.0,9.5,9.333999633789062,9.333999633789062
24-06-2002,8.47993278503418,8.47993278503418,66150.0,9.500065803527832,9.500065803527832,9.500065803527832
25-06-2002,9.332666397094727,9.332666397094727,141450.0,9.47993278503418,9.47993278503418,9.47993278503418
26-06-2002,8.65346622467041,9.253999710083008,67350.0,9.366665840148926,9.366665840148926,9.366665840148926
27-06-2002,9.432000160217285,9.432000160217285,21150.0,9.979999542236328,9.979999542236328,9.979999542236328
28-06-2002,9.399999618530273,9.553333282470703,15300.0,10.140000343322754,10.140000343322754,10.140000343322754
01-07-2002,9.646665573120117,10.133333206176758,10350.0,10.286665916442871,9.646665573120117,9.646665573120117
02-07-2002,8.760000228881836,9.407333374023438,14400.0,9.533332824707031,9.533332824707031,9.533332824707031
03-07-2002,8.900066375732422,8.900066375732422,9300.0,9.533332824707031,9.533332824707031,9.533332824707031
05-07-2002,9.533332824707031,9.533332824707031,300.0,9.533332824707031,9.533332824707031,9.533332824707031
08-07-2002,9.153332710266113,9.153332710266113,4800.0,9.533332824707031,9.333333015441895,9.333333015441895
09-07-2002,9.333333015441895,9.333333015441895,8550.0,9.833399772644043,9.833399772644043,9.833399772644043
10-07-2002,9.0,9.69333267211914,21150.0,9.699999809265137,9.466666221618652,9.466666221618652
11-07-2002,8.266666412353516,8.34000015258789,80100.0,9.09333324432373,8.866665840148926,8.866665840148926
12-07-2002,8.34666633605957,8.520000457763672,11550.0,9.086666107177734,8.533332824707031,8.533332824707031
15-07-2002,8.366665840148926,8.534000396728516,7650.0,8.666666030883789,8.465999603271484,8.465999603271484
16-07-2002,8.366732597351074,8.366732597351074,14700.0,9.100066184997559,9.100066184997559,9.100066184997559
17-07-2002,8.246665954589844,8.866665840148926,6450.0,8.866665840148926,8.859999656677246,8.859999656677246
18-07-2002,8.407333374023438,8.866665840148926,7200.0,8.866665840148926,8.800000190734863,8.800000190734863
19-07-2002,8.100000381469727,8.407333374023438,3150.0,8.433333396911621,8.100000381469727,8.100000381469727
22-07-2002,8.026665687561035,8.026665687561035,12450.0,8.166666030883789,8.166666030883789,8.166666030883789
23-07-2002,7.246665954589844,7.754000186920166,21150.0,8.113332748413086,8.113332748413086,8.113332748413086
24-07-2002,7.086666107177734,8.113332748413086,11250.0,8.113332748413086,8.033332824707031,8.033332824707031
25-07-2002,7.340000152587891,7.340000152587891,9900.0,7.833399772644043,7.833399772644043,7.833399772644043
26-07-2002,7.334000110626221,7.334000110626221,18750.0,7.800000190734863,7.666666030883789,7.666666030883789
29-07-2002,7.786665916442871,7.792665958404541,15900.0,8.59333324432373,8.399999618530273,8.399999618530273
30-07-2002,,,,,,
31-07-2002,7.8333330154418945,8.0,6600.0,8.0,7.8333330154418945,7.8333330154418945
01-08-2002,7.746600151062012,7.746600151062012,14550.0,7.866665840148926,7.866665840148926,7.866665840148926
02-08-2002,7.780665874481201,7.800000190734863,24000.0,8.066665649414062,7.866665840148926,7.866665840148926
05-08-2002,7.813333034515381,8.293333053588867,3450.0,8.293333053588867,7.866665840148926,7.866665840148926
06-08-2002,7.866665840148926,8.100000381469727,35100.0,8.786665916442871,8.779999732971191,8.779999732971191
07-08-2002,8.406665802001953,8.666666030883789,1200.0,8.666666030883789,8.65999984741211,8.65999984741211
08-08-2002,8.489333152770996,8.489333152770996,6000.0,8.733332633972168,8.500665664672852,8.500665664672852
09-08-2002,8.466666221618652,8.473333358764648,5100.0,8.565999984741211,8.565999984741211,8.565999984741211
12-08-2002,8.300665855407715,8.565999984741211,5850.0,8.566665649414062,8.566665649414062,8.566665649414062
13-08-2002,8.307332992553711,8.307332992553711,10350.0,9.199999809265137,9.199999809265137,9.199999809265137
14-08-2002,8.767333030700684,9.00666618347168,19305.0,9.00666618347168,8.932665824890137,8.932665824890137
15-08-2002,8.993332862854004,8.993332862854004,8400.0,8.993332862854004,8.993332862854004,8.993332862854004
16-08-2002,8.866665840148926,8.866665840148926,3150.0,8.9667329788208,8.9667329788208,8.9667329788208
19-08-2002,9.140000343322754,9.140000343322754,9000.0,9.460000038146973,9.460000038146973,9.460000038146973
20-08-2002,9.4399995803833,9.4399995803833,16050.0,10.0,10.0,10.0
21-08-2002,8.10666561126709,9.500665664672852,132900.0,9.766666412353516,8.50666618347168,8.50666618347168
22-08-2002,8.199999809265137,8.933333396911621,84000.0,9.019332885742188,8.246665954589844,8.246665954589844
23-08-2002,7.293333053588867,8.306666374206543,29400.0,8.386666297912598,8.133333206176758,8.133333206176758
26-08-2002,8.0,8.333333015441895,41100.0,8.333333015441895,8.332666397094727,8.332666397094727
27-08-2002,8.226666450500488,8.359999656677246,36750.0,8.359999656677246,8.359999656677246,8.359999656677246
28-08-2002,8.040665626525879,8.266666412353516,38250.0,8.399999618530273,8.140000343322754,8.140000343322754
29-08-2002,8.140000343322754,8.140000343322754,65400.0,8.233400344848633,8.233400344848633,8.233400344848633
30-08-2002,8.119999885559082,8.300000190734863,12900.0,8.426666259765625,8.41333293914795,8.41333293914795
03-09-2002,7.733333110809326,8.160666465759277,34500.0,8.160666465759277,7.980000019073486,7.980000019073486
04-09-2002,7.553332805633545,7.800000190734863,30600.0,7.913332939147949,7.913332939147949,7.913332939147949
05-09-2002,7.654665946960449,7.654665946960449,10950.0,7.75333309173584,7.75333309173584,7.75333309173584
06-09-2002,7.679999828338623,7.699333190917969,10500.0,7.920666217803955,7.707333087921143,7.707333087921143
09-09-2002,7.50066614151001,7.706665992736816,11100.0,7.728665828704834,7.533332824707031,7.533332824707031
10-09-2002,7.659999847412109,7.659999847412109,85800.0,8.03339958190918,8.03339958190918,8.03339958190918
11-09-2002,8.166666030883789,8.300000190734863,40650.0,8.666666030883789,8.666666030883789,8.666666030883789
12-09-2002,8.832666397094727,8.832666397094727,30750.0,8.999333381652832,8.999333381652832,8.999333381652832
13-09-2002,8.954000473022461,8.954000473022461,13350.0,9.00666618347168,9.00666618347168,9.00666618347168
16-09-2002,9.0,9.0,4650.0,9.000665664672852,9.0,9.0
17-09-2002,8.786665916442871,9.0,2100.0,9.0,8.800000190734863,8.800000190734863
18-09-2002,8.466666221618652,8.766666412353516,10350.0,8.766666412353516,8.59333324432373,8.59333324432373
19-09-2002,8.5,8.766666412353516,32850.0,8.766666412353516,8.5,8.5
20-09-2002,8.166666030883789,8.526665687561035,19950.0,8.533332824707031,8.332666397094727,8.332666397094727
23-09-2002,8.199999809265137,8.332666397094727,4350.0,8.333333015441895,8.333333015441895,8.333333015441895
24-09-2002,8.039999961853027,8.200666427612305,4050.0,8.200666427612305,8.200666427612305,8.200666427612305
25-09-2002,7.346665859222412,8.039999961853027,67200.0,8.039999961853027,7.53000020980835,7.53000020980835
26-09-2002,7.400000095367432,7.559999942779541,34500.0,7.686666011810303,7.5,7.5
27-09-2002,7.345600128173828,7.546666145324707,38250.0,7.599999904632568,7.345600128173828,7.345600128173828
30-09-2002,7.060666084289551,7.293333053588867,9900.0,7.3333330154418945,7.3333330154418945,7.3333330154418945
01-10-2002,6.72666597366333,7.073332786560059,23250.0,7.073332786560059,6.72666597366333,6.72666597366333
02-10-2002,6.733333110809326,6.733333110809326,19650.0,7.066666126251221,7.039999961853027,7.039999961853027
03-10-2002,6.854000091552734,6.854000091552734,19200.0,7.246665954589844,7.246665954589844,7.246665954589844
04-10-2002,6.946599960327148,6.946599960327148,23400.0,7.3333330154418945,7.3333330154418945,7.3333330154418945
07-10-2002,6.7733330726623535,7.493332862854004,16950.0,7.493332862854004,6.920000076293945,6.920000076293945
08-10-2002,6.913332939147949,6.913332939147949,5100.0,6.946599960327148,6.946599960327148,6.946599960327148
09-10-2002,6.820000171661377,6.906665802001953,5250.0,6.906665802001953,6.906665802001953,6.906665802001953
10-10-2002,6.7006659507751465,7.019999980926514,49500.0,7.019999980926514,6.766665935516357,6.766665935516357
11-10-2002,6.346665859222412,6.960000038146973,29700.0,6.960000038146973,6.526666164398193,6.526666164398193
14-10-2002,6.326665878295898,6.326665878295898,4200.0,6.606666088104248,6.579999923706055,6.579999923706055
15-10-2002,6.326665878295898,6.326665878295898,9450.0,6.8460001945495605,6.8460001945495605,6.8460001945495605
16-10-2002,6.666666030883789,6.886000156402588,2100.0,6.966666221618652,6.940000057220459,6.940000057220459
17-10-2002,6.746600151062012,6.746600151062012,1950.0,6.993332862854004,6.993332862854004,6.993332862854004
18-10-2002,6.7733330726623535,6.7733330726623535,150.0,6.7733330726623535,6.7733330726623535,6.7733330726623535
21-10-2002,6.193333148956299,6.873332977294922,153000.0,6.919332981109619,6.559999942779541,6.559999942779541
22-10-2002,6.4466657638549805,6.4466657638549805,102000.0,6.666666030883789,6.666666030883789,6.666666030883789
23-10-2002,6.266665935516357,6.380000114440918,137700.0,6.440000057220459,6.266665935516357,6.266665935516357
24-10-2002,6.340000152587891,6.599999904632568,8160.0,6.673333168029785,6.659999847412109,6.659999847412109
25-10-2002,6.340000152587891,6.579999923706055,14100.0,6.840000152587891,6.840000152587891,6.840000152587891
28-10-2002,6.993332862854004,6.993332862854004,4200.0,7.266665935516357,7.099999904632568,7.099999904632568
29-10-2002,6.933332920074463,6.933332920074463,2550.0,6.966732978820801,6.966732978820801,6.966732978820801
30-10-2002,7.133333206176758,7.133333206176758,19200.0,7.500065803527832,7.500065803527832,7.500065803527832
31-10-2002,7.3333330154418945,7.493332862854004,25800.0,7.766665935516357,7.765999794006348,7.765999794006348
01-11-2002,7.507332801818848,7.507332801818848,16200.0,7.913332939147949,7.913332939147949,7.913332939147949
04-11-2002,7.932665824890137,7.933332920074463,7050.0,8.233332633972168,8.053333282470703,8.053333282470703
05-11-2002,7.873332977294922,7.873332977294922,900.0,8.066665649414062,7.933332920074463,7.933332920074463
06-11-2002,7.666666030883789,7.666666030883789,3600.0,7.966732978820801,7.966732978820801,7.966732978820801
07-11-2002,7.679933071136475,7.679933071136475,1350.0,7.933332920074463,7.933332920074463,7.933332920074463
08-11-2002,7.646666049957275,7.646666049957275,14700.0,7.866665840148926,7.866665840148926,7.866665840148926
11-11-2002,7.75333309173584,7.75333309173584,22800.0,7.966732978820801,7.966732978820801,7.966732978820801
12-11-2002,7.9867329597473145,7.9867329597473145,27450.0,8.03339958190918,8.03339958190918,8.03339958190918
13-11-2002,8.066665649414062,8.066665649414062,1500.0,8.073932647705078,8.073932647705078,8.073932647705078
14-11-2002,8.166732788085938,8.166732788085938,20250.0,8.685933113098145,8.685933113098145,8.685933113098145
15-11-2002,8.746600151062012,8.746600151062012,19500.0,9.10666561126709,9.10666561126709,9.10666561126709
18-11-2002,8.813332557678223,9.100000381469727,13200.0,9.126666069030762,8.933333396911621,8.933333396911621
19-11-2002,9.133333206176758,9.34000015258789,94650.0,10.026665687561035,10.026665687561035,10.026665687561035
20-11-2002,9.653332710266113,9.94666576385498,12750.0,10.066665649414062,9.899999618530273,9.899999618530273
21-11-2002,9.813265800476074,10.0,28500.0,10.0,10.0,10.0
22-11-2002,9.831999778747559,9.831999778747559,11700.0,10.03339958190918,10.03339958190918,10.03339958190918
25-11-2002,9.766666412353516,9.899999618530273,10048.0,10.026665687561035,9.800000190734863,9.800000190734863
26-11-2002,9.600000381469727,9.700065612792969,7950.0,9.700065612792969,9.700065612792969,9.700065612792969
27-11-2002,9.306666374206543,9.600000381469727,21525.0,9.600000381469727,9.493332862854004,9.493332862854004
29-11-2002,9.50666618347168,9.50666618347168,10650.0,9.993332862854004,9.993332862854004,9.993332862854004
02-12-2002,9.646665573120117,10.0,6750.0,10.019332885742188,9.653332710266113,9.653332710266113
03-12-2002,9.466666221618652,9.50666618347168,3600.0,9.573332786560059,9.573332786560059,9.573332786560059
04-12-2002,9.306666374206543,9.306666374206543,6150.0,9.546600341796875,9.546600341796875,9.546600341796875
05-12-2002,9.500065803527832,9.520066261291504,5550.0,9.646665573120117,9.646665573120117,9.646665573120117
06-12-2002,9.43340015411377,9.526665687561035,6750.0,9.533332824707031,9.533332824707031,9.533332824707031
09-12-2002,9.266666412353516,9.449999809265137,18000.0,9.466666221618652,9.266666412353516,9.266666412353516
10-12-2002,9.333333015441895,9.333333015441895,150.0,9.333333015441895,9.333333015441895,9.333333015441895
11-12-2002,9.239999771118164,9.239999771118164,22950.0,9.666666030883789,9.640000343322754,9.640000343322754
12-12-2002,9.47993278503418,9.47993278503418,15000.0,10.18673324584961,10.18673324584961,10.18673324584961
13-12-2002,10.266666412353516,10.266666412353516,750.0,10.266666412353516,10.266666412353516,10.266666412353516
16-12-2002,10.246665954589844,10.246665954589844,15150.0,10.766733169555664,10.766733169555664,10.766733169555664
17-12-2002,10.713333129882812,10.733332633972168,5550.0,10.793333053588867,10.713333129882812,10.713333129882812
18-12-2002,10.600000381469727,10.666666030883789,13050.0,10.746665954589844,10.680000305175781,10.680000305175781
19-12-2002,10.473333358764648,10.600000381469727,13950.0,10.600000381469727,10.59333324432373,10.59333324432373
20-12-2002,10.600000381469727,10.600000381469727,4350.0,10.600666046142578,10.600000381469727,10.600000381469727
23-12-2002,10.4399995803833,10.4399995803833,10350.0,10.666666030883789,10.466666221618652,10.466666221618652
24-12-2002,10.500065803527832,10.500065803527832,7500.0,10.566733360290527,10.566733360290527,10.566733360290527
26-12-2002,10.466666221618652,10.466666221618652,14400.0,10.566733360290527,10.566733360290527,10.566733360290527
27-12-2002,10.326665878295898,10.565333366394043,6150.0,10.566665649414062,10.566665649414062,10.566665649414062
30-12-2002,10.34000015258789,10.34000015258789,6450.0,10.566733360290527,10.566733360290527,10.566733360290527
31-12-2002,10.233332633972168,10.565333366394043,15000.0,10.733332633972168,10.733332633972168,10.733332633972168
02-01-2003,10.213333129882812,10.732000350952148,20550.0,10.766666412353516,10.760000228881836,10.760000228881836
03-01-2003,10.413999557495117,10.732000350952148,6600.0,10.733332633972168,10.600000381469727,10.600000381469727
06-01-2003,10.600000381469727,10.600666046142578,3000.0,10.600666046142578,10.600666046142578,10.600666046142578
07-01-2003,10.573332786560059,10.573332786560059,10200.0,11.0,10.933333396911621,10.933333396911621
08-01-2003,10.739999771118164,10.806666374206543,49950.0,11.41333293914795,11.333333015441895,11.333333015441895
09-01-2003,11.246665954589844,11.246665954589844,24450.0,11.666666030883789,11.50666618347168,11.50666618347168
10-01-2003,11.460000038146973,11.59333324432373,6150.0,11.666666030883789,11.553333282470703,11.553333282470703
13-01-2003,11.4399995803833,11.666666030883789,11550.0,11.760000228881836,11.5600004196167,11.5600004196167
14-01-2003,11.399999618530273,11.500065803527832,7050.0,11.600000381469727,11.600000381469727,11.600000381469727
15-01-2003,11.140000343322754,11.359999656677246,27000.0,11.50666618347168,11.239999771118164,11.239999771118164
16-01-2003,11.199999809265137,11.333333015441895,22500.0,11.69333267211914,11.69333267211914,11.69333267211914
17-01-2003,11.399999618530273,11.533332824707031,15450.0,11.833333015441895,11.699333190917969,11.699333190917969
21-01-2003,11.620665550231934,11.620665550231934,15450.0,11.800000190734863,11.800000190734863,11.800000190734863
22-01-2003,11.613332748413086,11.833333015441895,13350.0,11.993332862854004,11.700666427612305,11.700666427612305
23-01-2003,11.366665840148926,11.703332901000977,12750.0,11.920000076293945,11.800000190734863,11.800000190734863
24-01-2003,11.666666030883789,11.666666030883789,11700.0,11.833399772644043,11.833399772644043,11.833399772644043
27-01-2003,11.566665649414062,11.566665649414062,18750.0,11.986665725708008,11.653332710266113,11.653332710266113
28-01-2003,11.60666561126709,11.60666561126709,80100.0,12.0,11.873332977294922,11.873332977294922
29-01-2003,11.833399772644043,11.933333396911621,44250.0,11.993332862854004,11.993332862854004,11.993332862854004
30-01-2003,11.640000343322754,11.720000267028809,13800.0,11.899999618530273,11.806666374206543,11.806666374206543
31-01-2003,11.613332748413086,11.746665954589844,17175.0,12.020000457763672,11.613332748413086,11.613332748413086
03-02-2003,11.5600004196167,11.60666561126709,22650.0,11.960000038146973,11.69333267211914,11.69333267211914
04-02-2003,11.826665878295898,11.826665878295898,419850.0,13.600000381469727,13.586666107177734,13.586666107177734
05-02-2003,13.247332572937012,13.573332786560059,90900.0,14.0,13.966666221618652,13.966666221618652
06-02-2003,13.88066577911377,13.88066577911377,49350.0,14.0,14.0,14.0
07-02-2003,13.640000343322754,13.800000190734863,55500.0,14.0,13.886666297912598,13.886666297912598
10-02-2003,13.399999618530273,13.960000038146973,22350.0,13.960000038146973,13.666666030883789,13.666666030883789
11-02-2003,13.34000015258789,13.613332748413086,27750.0,13.833333015441895,13.666666030883789,13.666666030883789
12-02-2003,13.41333293914795,13.653332710266113,14850.0,13.666666030883789,13.65999984741211,13.65999984741211
13-02-2003,13.333333015441895,13.600000381469727,27750.0,13.619999885559082,13.600000381469727,13.600000381469727
14-02-2003,13.420000076293945,13.539999961853027,1950.0,13.600000381469727,13.600000381469727,13.600000381469727
18-02-2003,13.5,13.5,13800.0,13.779999732971191,13.75333309173584,13.75333309173584
19-02-2003,13.686665534973145,13.686665534973145,5940.0,13.800000190734863,13.800000190734863,13.800000190734863
20-02-2003,13.539999961853027,13.706665992736816,20400.0,13.765999794006348,13.699999809265137,13.699999809265137
21-02-2003,13.453332901000977,13.726666450500488,21456.0,13.739999771118164,13.739999771118164,13.739999771118164
24-02-2003,13.486665725708008,13.486665725708008,26850.0,13.766666412353516,13.72599983215332,13.72599983215332
25-02-2003,13.473333358764648,13.699999809265137,29550.0,13.699999809265137,13.653332710266113,13.653332710266113
26-02-2003,13.333333015441895,13.333333015441895,18669.0,13.653400421142578,13.579999923706055,13.579999923706055
27-02-2003,13.520000457763672,13.619999885559082,3600.0,13.666666030883789,13.566665649414062,13.566665649414062
28-02-2003,13.50666618347168,13.586666107177734,18516.0,13.733332633972168,13.607333183288574,13.607333183288574
03-03-2003,13.539999961853027,13.666666030883789,11700.0,13.873332977294922,13.746665954589844,13.746665954589844
04-03-2003,13.60666561126709,13.75333309173584,11025.0,13.813332557678223,13.686665534973145,13.686665534973145
05-03-2003,13.366665840148926,13.666666030883789,11400.0,13.766666412353516,13.600000381469727,13.600000381469727
06-03-2003,13.333333015441895,13.479999542236328,12900.0,13.513333320617676,13.333333015441895,13.333333015441895
07-03-2003,13.260000228881836,13.266666412353516,26400.0,13.393333435058594,13.333333015441895,13.333333015441895
10-03-2003,13.100066184997559,13.233400344848633,13950.0,13.233400344848633,13.233400344848633,13.233400344848633
11-03-2003,12.25333309173584,13.033332824707031,121650.0,13.133333206176758,12.486665725708008,12.486665725708008
12-03-2003,11.893333435058594,12.366665840148926,44511.0,12.533332824707031,12.260000228881836,12.260000228881836
13-03-2003,11.866665840148926,11.866665840148926,30600.0,12.666666030883789,12.65999984741211,12.65999984741211
14-03-2003,12.473333358764648,12.60666561126709,51681.0,12.986665725708008,12.91333293914795,12.91333293914795
17-03-2003,12.866665840148926,12.866665840148926,36000.0,12.900066375732422,12.900066375732422,12.900066375732422
18-03-2003,12.706665992736816,12.760000228881836,13875.0,12.84666633605957,12.713333129882812,12.713333129882812
19-03-2003,12.500065803527832,12.646665573120117,12300.0,12.726666450500488,12.726666450500488,12.726666450500488
20-03-2003,12.166732788085938,12.273332595825195,39450.0,12.273332595825195,12.273332595825195,12.273332595825195
21-03-2003,12.079933166503906,12.079933166503906,26700.0,12.666666030883789,12.666666030883789,12.666666030883789
24-03-2003,12.539999961853027,12.539999961853027,25650.0,12.833399772644043,12.833399772644043,12.833399772644043
25-03-2003,12.766733169555664,12.773332595825195,28800.0,12.833999633789062,12.833999633789062,12.833999633789062
26-03-2003,12.72066593170166,12.72066593170166,67800.0,12.800000190734863,12.800000190734863,12.800000190734863
27-03-2003,12.72006607055664,12.72006607055664,31050.0,12.766733169555664,12.766733169555664,12.766733169555664
28-03-2003,12.733332633972168,12.800000190734863,53850.0,12.933333396911621,12.84000015258789,12.84000015258789
31-03-2003,12.766733169555664,12.833399772644043,96600.0,12.933333396911621,12.933333396911621,12.933333396911621
01-04-2003,12.279999732971191,12.773332595825195,11850.0,12.859999656677246,12.439332962036133,12.439332962036133
02-04-2003,12.293333053588867,12.539999961853027,81750.0,12.853333473205566,12.833333015441895,12.833333015441895
03-04-2003,12.833399772644043,12.833399772644043,13042.0,12.91333293914795,12.91333293914795,12.91333293914795
04-04-2003,12.699999809265137,12.926666259765625,20550.0,12.933333396911621,12.759332656860352,12.759332656860352
07-04-2003,12.626666069030762,12.91333293914795,18606.0,12.926666259765625,12.626666069030762,12.626666069030762
08-04-2003,12.09333324432373,12.619999885559082,55500.0,12.626666069030762,12.466666221618652,12.466666221618652
09-04-2003,12.420000076293945,12.426666259765625,34800.0,12.486665725708008,12.486665725708008,12.486665725708008
10-04-2003,12.166732788085938,12.166732788085938,35250.0,12.666666030883789,12.666666030883789,12.666666030883789
11-04-2003,12.300000190734863,12.666666030883789,53400.0,12.746665954589844,12.633333206176758,12.633333206176758
14-04-2003,12.59000015258789,12.646665573120117,26550.0,12.800000190734863,12.726666450500488,12.726666450500488
15-04-2003,12.65999984741211,12.65999984741211,27600.0,12.700065612792969,12.700065612792969,12.700065612792969
16-04-2003,12.146665573120117,12.646665573120117,82200.0,12.666666030883789,12.399999618530273,12.399999618530273
17-04-2003,12.500065803527832,12.50666618347168,84300.0,12.50666618347168,12.50666618347168,12.50666618347168
21-04-2003,12.346599578857422,12.513333320617676,29557.0,12.513333320617676,12.513333320617676,12.513333320617676
22-04-2003,12.4132661819458,12.4132661819458,52050.0,12.633399963378906,12.633399963378906,12.633399963378906
23-04-2003,12.666666030883789,12.666666030883789,27900.0,13.120065689086914,13.120065689086914,13.120065689086914
24-04-2003,12.806666374206543,12.986733436584473,34350.0,13.0,13.0,13.0
25-04-2003,12.739999771118164,12.979999542236328,2400.0,12.979999542236328,12.793333053588867,12.793333053588867
28-04-2003,12.686665534973145,12.686665534973145,81150.0,13.493332862854004,13.073332786560059,13.073332786560059
29-04-2003,12.366665840148926,13.026665687561035,44850.0,13.246665954589844,12.766666412353516,12.766666412353516
30-04-2003,12.173333168029785,12.666666030883789,41932.0,12.666666030883789,12.63933277130127,12.63933277130127
01-05-2003,12.553333282470703,12.553333282470703,52005.0,12.766733169555664,12.766733169555664,12.766733169555664
02-05-2003,12.5,12.786665916442871,15300.0,12.819999694824219,12.566665649414062,12.566665649414062
05-05-2003,12.25333309173584,12.619999885559082,9600.0,12.633333206176758,12.366665840148926,12.366665840148926
06-05-2003,12.366732597351074,12.366732597351074,20250.0,12.59333324432373,12.59333324432373,12.59333324432373
07-05-2003,12.366732597351074,12.366732597351074,30750.0,12.9667329788208,12.9667329788208,12.9667329788208
08-05-2003,12.960000038146973,12.993332862854004,108750.0,13.293333053588867,13.133333206176758,13.133333206176758
09-05-2003,13.026665687561035,13.100000381469727,18600.0,13.313332557678223,13.313332557678223,13.313332557678223
12-05-2003,13.233400344848633,13.233400344848633,78300.0,14.326665878295898,14.326665878295898,14.326665878295898
13-05-2003,13.5,14.066665649414062,32850.0,14.066665649414062,13.686665534973145,13.686665534973145
14-05-2003,13.573332786560059,13.613332748413086,27900.0,14.133333206176758,13.9399995803833,13.9399995803833
15-05-2003,13.359999656677246,13.94666576385498,41247.0,14.213333129882812,13.633333206176758,13.633333206176758
16-05-2003,13.34000015258789,13.600000381469727,10800.0,13.699999809265137,13.380000114440918,13.380000114440918
19-05-2003,12.50666618347168,13.333333015441895,129000.0,13.399999618530273,12.760665893554688,12.760665893554688
20-05-2003,12.553333282470703,12.9399995803833,35550.0,13.206665992736816,12.600000381469727,12.600000381469727
21-05-2003,11.906665802001953,12.680000305175781,40950.0,12.680000305175781,12.166666030883789,12.166666030883789
22-05-2003,12.167332649230957,12.5,208050.0,13.233332633972168,13.074000358581543,13.074000358581543
23-05-2003,12.739999771118164,13.133333206176758,36900.0,13.133333206176758,12.739999771118164,12.739999771118164
27-05-2003,12.300000190734863,12.831999778747559,96900.0,12.831999778747559,12.573332786560059,12.573332786560059
28-05-2003,12.353333473205566,12.526665687561035,56400.0,12.800000190734863,12.5,12.5
29-05-2003,12.380000114440918,12.380000114440918,85650.0,13.0,12.60666561126709,12.60666561126709
30-05-2003,12.60666561126709,12.700065612792969,39300.0,12.700065612792969,12.700065612792969,12.700065612792969
02-06-2003,12.586732864379883,12.586732864379883,117862.0,12.806666374206543,12.806666374206543,12.806666374206543
03-06-2003,12.666666030883789,12.666666030883789,152361.0,12.926666259765625,12.800000190734863,12.800000190734863
04-06-2003,12.9399995803833,12.9399995803833,228450.0,13.120065689086914,13.120065689086914,13.120065689086914
05-06-2003,13.166732788085938,13.166732788085938,138150.0,13.760000228881836,13.760000228881836,13.760000228881836
06-06-2003,13.713333129882812,13.766666412353516,91467.0,14.399999618530273,14.039999961853027,14.039999961853027
09-06-2003,13.333333015441895,13.833333015441895,76350.0,14.0,13.533332824707031,13.533332824707031
10-06-2003,13.333333015441895,13.41333293914795,59700.0,13.526665687561035,13.359999656677246,13.359999656677246
11-06-2003,13.246665954589844,13.246665954589844,26700.0,13.453332901000977,13.386666297912598,13.386666297912598
12-06-2003,13.333333015441895,13.333333015441895,58500.0,13.433333396911621,13.366665840148926,13.366665840148926
13-06-2003,13.239999771118164,13.366665840148926,71694.0,13.726666450500488,13.406665802001953,13.406665802001953
16-06-2003,13.206665992736816,13.399999618530273,47853.0,13.5,13.433333396911621,13.433333396911621
17-06-2003,13.399999618530273,13.399999618530273,59745.0,13.993332862854004,13.926666259765625,13.926666259765625
18-06-2003,13.920065879821777,13.920065879821777,58350.0,14.073332786560059,14.073332786560059,14.073332786560059
19-06-2003,13.766666412353516,13.899999618530273,51300.0,14.079999923706055,14.0600004196167,14.0600004196167
20-06-2003,13.978666305541992,14.00666618347168,70129.0,14.806666374206543,14.393333435058594,14.393333435058594
23-06-2003,14.026665687561035,14.433333396911621,48600.0,14.433333396911621,14.34000015258789,14.34000015258789
24-06-2003,14.166666030883789,14.220000267028809,13500.0,14.326665878295898,14.166666030883789,14.166666030883789
25-06-2003,13.453332901000977,14.119999885559082,82950.0,14.650666236877441,13.779999732971191,13.779999732971191
26-06-2003,13.166666030883789,13.686665534973145,17962.0,13.713333129882812,13.166666030883789,13.166666030883789
27-06-2003,12.454000473022461,13.5600004196167,95419.0,13.766666412353516,13.279999732971191,13.279999732971191
30-06-2003,12.859999656677246,13.146665573120117,283240.0,13.893333435058594,12.993332862854004,12.993332862854004
01-07-2003,12.666666030883789,13.133333206176758,46074.0,13.260000228881836,13.220000267028809,13.220000267028809
02-07-2003,13.199999809265137,13.273332595825195,41850.0,13.573332786560059,13.546666145324707,13.546666145324707
03-07-2003,13.533332824707031,13.533332824707031,3450.0,13.653332710266113,13.546666145324707,13.546666145324707
07-07-2003,13.533332824707031,13.533332824707031,123450.0,14.279999732971191,14.279999732971191,14.279999732971191
08-07-2003,14.126666069030762,14.633333206176758,127806.0,15.020000457763672,15.020000457763672,15.020000457763672
09-07-2003,14.566665649414062,15.133333206176758,93150.0,15.800000190734863,15.766666412353516,15.766666412353516
10-07-2003,15.140000343322754,15.993332862854004,61116.0,15.993332862854004,15.653332710266113,15.653332710266113
11-07-2003,15.300000190734863,15.533332824707031,88983.0,15.766666412353516,15.720000267028809,15.720000267028809
14-07-2003,15.186665534973145,15.186665534973145,42300.0,15.793333053588867,15.473333358764648,15.473333358764648
15-07-2003,15.186665534973145,15.366665840148926,46800.0,15.533332824707031,15.520000457763672,15.520000457763672
16-07-2003,14.926666259765625,15.733332633972168,30900.0,15.733332633972168,15.34666633605957,15.34666633605957
17-07-2003,14.366665840148926,14.673333168029785,45600.0,15.333333015441895,15.199999809265137,15.199999809265137
18-07-2003,14.373332977294922,14.806666374206543,31665.0,15.046666145324707,15.046666145324707,15.046666145324707
21-07-2003,14.666666030883789,14.9399995803833,18141.0,15.333333015441895,15.00666618347168,15.00666618347168
22-07-2003,14.50666618347168,14.50666618347168,47649.0,15.333333015441895,15.10666561126709,15.10666561126709
23-07-2003,14.673333168029785,14.873332977294922,50400.0,15.619999885559082,15.453332901000977,15.453332901000977
24-07-2003,14.966666221618652,15.433333396911621,88530.0,15.619999885559082,15.5,15.5
25-07-2003,15.460000038146973,15.5,31800.0,15.800000190734863,15.553333282470703,15.553333282470703
28-07-2003,15.406665802001953,15.553333282470703,25050.0,16.0,15.973333358764648,15.973333358764648
29-07-2003,15.600000381469727,16.0,87942.0,16.020000457763672,15.826665878295898,15.826665878295898
30-07-2003,15.333333015441895,15.866665840148926,175425.0,15.866665840148926,15.666666030883789,15.666666030883789
31-07-2003,15.59333324432373,15.666666030883789,41346.0,15.84000015258789,15.760000228881836,15.760000228881836
01-08-2003,15.233400344848633,15.75333309173584,12150.0,15.75333309173584,15.386733055114746,15.386733055114746
04-08-2003,14.733332633972168,15.333333015441895,18085.0,15.520000457763672,15.34000015258789,15.34000015258789
05-08-2003,14.746665954589844,14.746665954589844,9600.0,15.739999771118164,15.326665878295898,15.326665878295898
06-08-2003,15.10666561126709,15.666666030883789,16410.0,15.739999771118164,15.333333015441895,15.333333015441895
07-08-2003,14.706665992736816,14.733332633972168,21900.0,15.619999885559082,15.300000190734863,15.300000190734863
08-08-2003,14.733332633972168,14.733332633972168,11841.0,15.319999694824219,15.306666374206543,15.306666374206543
11-08-2003,14.84000015258789,15.026665687561035,20250.0,15.19333267211914,15.0,15.0
12-08-2003,14.826665878295898,15.313332557678223,28950.0,15.313332557678223,15.033332824707031,15.033332824707031
13-08-2003,14.873332977294922,15.333333015441895,29046.0,15.333333015441895,14.953332901000977,14.953332901000977
14-08-2003,14.859999656677246,15.0600004196167,14250.0,15.066665649414062,14.9399995803833,14.9399995803833
15-08-2003,14.933333396911621,15.166666030883789,5400.0,15.166666030883789,15.066665649414062,15.066665649414062
18-08-2003,14.84666633605957,15.0600004196167,17286.0,15.293333053588867,15.086666107177734,15.086666107177734
19-08-2003,15.066665649414062,15.066665649414062,20700.0,15.266666412353516,15.266666412353516,15.266666412353516
20-08-2003,14.713333129882812,14.886666297912598,42300.0,15.100000381469727,15.00666618347168,15.00666618347168
21-08-2003,14.812665939331055,14.826665878295898,37200.0,15.333333015441895,14.853333473205566,14.853333473205566
22-08-2003,14.973999977111816,15.226666450500488,54225.0,15.260000228881836,15.100000381469727,15.100000381469727
25-08-2003,15.067333221435547,15.380000114440918,45201.0,15.65999984741211,15.65999984741211,15.65999984741211
26-08-2003,15.19333267211914,15.666666030883789,45384.0,15.666666030883789,15.646665573120117,15.646665573120117
27-08-2003,15.41333293914795,15.600000381469727,19476.0,15.600000381469727,15.533332824707031,15.533332824707031
28-08-2003,15.359999656677246,15.433333396911621,256089.0,15.899999618530273,15.833333015441895,15.833333015441895
29-08-2003,15.766666412353516,15.899999618530273,126024.0,15.960000038146973,15.866665840148926,15.866665840148926
02-09-2003,15.666666030883789,15.966666221618652,52440.0,16.0,15.766666412353516,15.766666412353516
03-09-2003,15.673933029174805,15.673933029174805,368076.0,16.133333206176758,16.133333206176758,16.133333206176758
04-09-2003,16.100000381469727,16.106666564941406,153105.0,16.233333587646484,16.233333587646484,16.233333587646484
05-09-2003,16.226665496826172,16.226665496826172,120150.0,16.466665267944336,16.466665267944336,16.466665267944336
08-09-2003,16.299999237060547,16.299999237060547,195501.0,18.16666603088379,17.466665267944336,17.466665267944336
09-09-2003,17.066665649414062,17.393333435058594,176403.0,17.8266658782959,17.600000381469727,17.600000381469727
10-09-2003,17.02666664123535,17.04666519165039,33132.0,17.49333381652832,17.459999084472656,17.459999084472656
11-09-2003,17.333332061767578,17.34000015258789,49758.0,18.16666603088379,18.15999984741211,18.15999984741211
12-09-2003,17.65333366394043,17.706666946411133,47700.0,17.99333381652832,17.979999542236328,17.979999542236328
15-09-2003,17.626665115356445,18.0,28266.0,18.0,17.986000061035156,17.986000061035156
16-09-2003,17.920000076293945,17.933332443237305,67590.0,18.68000030517578,18.5,18.5
17-09-2003,18.0,18.399999618530273,35241.0,18.66666603088379,18.293333053588867,18.293333053588867
18-09-2003,18.16666603088379,18.17333221435547,53199.0,18.586666107177734,18.366666793823242,18.366666793823242
19-09-2003,18.213333129882812,18.31999969482422,50874.0,18.833332061767578,18.66666603088379,18.66666603088379
22-09-2003,18.51333236694336,18.51333236694336,63036.0,18.68666648864746,18.68666648864746,18.68666648864746
23-09-2003,17.739999771118164,18.406665802001953,30396.0,18.626665115356445,18.606666564941406,18.606666564941406
24-09-2003,18.446666717529297,18.446666717529297,52533.0,18.899999618530273,18.899999618530273,18.899999618530273
25-09-2003,18.719999313354492,18.746665954589844,50055.0,19.333332061767578,19.226665496826172,19.226665496826172
26-09-2003,18.933332443237305,19.133333206176758,87780.0,19.53333282470703,19.16666603088379,19.16666603088379
29-09-2003,18.986665725708008,19.00666618347168,55080.0,19.3266658782959,19.00666618347168,19.00666618347168
30-09-2003,18.53333282470703,19.01333236694336,64530.0,19.066665649414062,19.03333282470703,19.03333282470703
01-10-2003,18.81333351135254,19.02666664123535,38550.0,19.399999618530273,19.37933349609375,19.37933349609375
02-10-2003,18.81999969482422,19.16666603088379,25821.0,19.333332061767578,19.333332061767578,19.333332061767578
03-10-2003,18.88666534423828,18.88666534423828,46296.0,19.49333381652832,19.49333381652832,19.49333381652832
06-10-2003,18.940000534057617,19.299999237060547,41151.0,19.520000457763672,19.5,19.5
07-10-2003,19.34666633605957,19.5,21564.0,19.53333282470703,19.5,19.5
08-10-2003,18.986665725708008,19.5,16221.0,19.5,19.413333892822266,19.413333892822266
09-10-2003,18.633333206176758,19.0,26100.0,19.53333282470703,19.466665267944336,19.466665267944336
10-10-2003,18.933332443237305,19.333332061767578,7896.0,19.433332443237305,19.433332443237305,19.433332443237305
13-10-2003,19.15333366394043,19.266666412353516,75003.0,19.833332061767578,19.646665573120117,19.646665573120117
14-10-2003,19.200000762939453,19.8266658782959,50232.0,19.833332061767578,19.81999969482422,19.81999969482422
15-10-2003,19.540000915527344,19.81999969482422,13215.0,19.81999969482422,19.766666412353516,19.766666412353516
16-10-2003,19.139999389648438,19.793333053588867,7050.0,19.8266658782959,19.559999465942383,19.559999465942383
17-10-2003,19.139999389648438,19.53333282470703,21195.0,19.8266658782959,19.786666870117188,19.786666870117188
20-10-2003,18.53333282470703,19.6200008392334,77607.0,19.6200008392334,18.866666793823242,18.866666793823242
21-10-2003,17.986665725708008,18.733333587646484,71127.0,19.02666664123535,18.426666259765625,18.426666259765625
22-10-2003,18.03333282470703,18.406665802001953,48750.0,18.633333206176758,18.266666412353516,18.266666412353516
23-10-2003,17.553333282470703,18.0,41616.0,18.15999984741211,18.066665649414062,18.066665649414062
24-10-2003,17.66666603088379,17.84666633605957,16596.0,18.366666793823242,17.793333053588867,17.793333053588867
27-10-2003,17.66666603088379,17.706666946411133,9150.0,18.146665573120117,18.146665573120117,18.146665573120117
28-10-2003,17.986000061035156,18.15999984741211,16488.0,18.700000762939453,18.66666603088379,18.66666603088379
29-10-2003,18.534000396728516,18.553333282470703,38229.0,19.553333282470703,19.133333206176758,19.133333206176758
30-10-2003,18.84000015258789,19.293333053588867,12897.0,19.3266658782959,18.99333381652832,18.99333381652832
31-10-2003,17.866666793823242,19.04666519165039,31950.0,19.126665115356445,18.479999542236328,18.479999542236328
03-11-2003,17.873332977294922,17.873332977294922,36954.0,18.65333366394043,18.646665573120117,18.646665573120117
04-11-2003,18.100000381469727,18.566665649414062,37146.0,18.739999771118164,18.566665649414062,18.566665649414062
05-11-2003,18.433332443237305,18.440000534057617,51327.0,18.66666603088379,18.6200008392334,18.6200008392334
06-11-2003,18.100000381469727,18.50666618347168,28089.0,18.50666618347168,18.226665496826172,18.226665496826172
07-11-2003,17.233333587646484,18.200000762939453,70473.0,18.200000762939453,17.3266658782959,17.3266658782959
10-11-2003,16.899999618530273,17.299999237060547,49377.0,17.3266658782959,17.16666603088379,17.16666603088379
11-11-2003,16.97333335876465,17.333332061767578,26727.0,17.333332061767578,17.066665649414062,17.066665649414062
12-11-2003,16.940000534057617,17.31999969482422,12498.0,17.333332061767578,17.3266658782959,17.3266658782959
13-11-2003,17.133333206176758,17.19333267211914,37335.0,17.38666534423828,17.280000686645508,17.280000686645508
14-11-2003,17.066665649414062,17.333332061767578,10845.0,17.333332061767578,17.15333366394043,17.15333366394043
17-11-2003,16.613332748413086,17.03333282470703,28035.0,17.053333282470703,16.773332595825195,16.773332595825195
18-11-2003,16.466665267944336,16.88666534423828,30015.0,16.899999618530273,16.646665573120117,16.646665573120117
19-11-2003,16.333332061767578,16.333332061767578,9270.0,16.68000030517578,16.600000381469727,16.600000381469727
20-11-2003,16.566665649414062,16.8266658782959,235059.0,17.0,16.65999984741211,16.65999984741211
21-11-2003,16.35333251953125,16.633333206176758,37050.0,16.66666603088379,16.5,16.5
24-11-2003,16.333332061767578,16.333332061767578,27999.0,16.66666603088379,16.66666603088379,16.66666603088379
25-11-2003,15.94666576385498,16.573333740234375,58224.0,16.66666603088379,16.366666793823242,16.366666793823242
26-11-2003,16.18000030517578,16.34000015258789,15528.0,16.573333740234375,16.18000030517578,16.18000030517578
28-11-2003,16.086666107177734,16.086666107177734,2250.0,16.453332901000977,16.273332595825195,16.273332595825195
01-12-2003,16.183332443237305,16.183332443237305,41976.0,16.780000686645508,16.68666648864746,16.68666648864746
02-12-2003,16.700000762939453,16.899999618530273,304182.0,18.0,17.52666664123535,17.52666664123535
03-12-2003,17.16666603088379,17.593332290649414,21183.0,17.66666603088379,17.38666534423828,17.38666534423828
04-12-2003,17.02666664123535,17.133333206176758,97200.0,17.266666412353516,17.066665649414062,17.066665649414062
05-12-2003,16.933332443237305,16.933332443237305,7830.0,17.266666412353516,17.086666107177734,17.086666107177734
08-12-2003,17.020000457763672,17.066665649414062,38175.0,17.266666412353516,17.200000762939453,17.200000762939453
09-12-2003,17.0,17.200000762939453,8700.0,17.233333587646484,17.0,17.0
10-12-2003,16.97333335876465,17.16666603088379,38598.0,17.200000762939453,17.139999389648438,17.139999389648438
11-12-2003,17.1200008392334,17.1200008392334,33945.0,17.293333053588867,17.16666603088379,17.16666603088379
12-12-2003,17.10333251953125,17.10333251953125,21096.0,17.17333221435547,17.17333221435547,17.17333221435547
15-12-2003,17.079999923706055,17.233333587646484,21390.0,17.459999084472656,17.393333435058594,17.393333435058594
16-12-2003,17.0,17.03333282470703,8400.0,17.266666412353516,17.213333129882812,17.213333129882812
17-12-2003,16.97333335876465,17.100000381469727,22116.0,17.399999618530273,17.233333587646484,17.233333587646484
18-12-2003,16.739999771118164,17.360000610351562,23385.0,17.360000610351562,16.992666244506836,16.992666244506836
19-12-2003,16.739999771118164,16.739999771118164,34554.0,16.966665267944336,16.933332443237305,16.933332443237305
22-12-2003,16.34000015258789,16.92333221435547,27991.0,17.0,16.5,16.5
23-12-2003,16.266666412353516,16.6200008392334,26094.0,16.633333206176758,16.5,16.5
24-12-2003,15.539999961853027,16.266666412353516,139575.0,16.266666412353516,16.01333236694336,16.01333236694336
26-12-2003,15.706665992736816,16.04666519165039,2031.0,16.31333351135254,16.31333351135254,16.31333351135254
29-12-2003,16.479999542236328,16.479999542236328,18744.0,17.266666412353516,17.246665954589844,17.246665954589844
30-12-2003,16.920000076293945,16.920000076293945,21525.0,17.266666412353516,17.200000762939453,17.200000762939453
31-12-2003,16.67333221435547,16.920000076293945,21639.0,17.34666633605957,17.18666648864746,17.18666648864746
02-01-2004,17.100000381469727,17.266666412353516,14484.0,17.31999969482422,17.16666603088379,17.16666603088379
05-01-2004,17.0,17.333332061767578,40833.0,17.333332061767578,17.18666648864746,17.18666648864746
06-01-2004,16.867332458496094,17.200000762939453,5928.0,17.200000762939453,16.867332458496094,16.867332458496094
07-01-2004,16.84666633605957,17.133333206176758,8925.0,17.333332061767578,17.0,17.0
08-01-2004,16.906665802001953,17.01333236694336,51381.0,17.226665496826172,16.959999084472656,16.959999084472656
09-01-2004,16.333332061767578,16.84000015258789,75714.0,17.333332061767578,16.97333335876465,16.97333335876465
12-01-2004,16.84666633605957,17.066665649414062,27954.0,17.333332061767578,17.040000915527344,17.040000915527344
13-01-2004,16.81333351135254,16.81999969482422,52362.0,17.49333381652832,17.286666870117188,17.286666870117188
14-01-2004,15.633333206176758,17.5,135391.0,17.5,15.633333206176758,15.633333206176758
15-01-2004,15.666666030883789,15.906665802001953,53127.0,16.34000015258789,15.993332862854004,15.993332862854004
16-01-2004,15.866665840148926,16.426666259765625,33300.0,16.426666259765625,16.0,16.0
20-01-2004,15.800000190734863,15.9399995803833,10503.0,15.953332901000977,15.899999618530273,15.899999618530273
21-01-2004,15.539999961853027,15.539999961853027,12171.0,16.16666603088379,16.0,16.0
22-01-2004,15.466666221618652,15.673333168029785,48303.0,16.059999465942383,15.526665687561035,15.526665687561035
23-01-2004,15.5,15.566665649414062,19674.0,15.633333206176758,15.600000381469727,15.600000381469727
26-01-2004,15.460000038146973,15.460000038146973,59010.0,15.746665954589844,15.666666030883789,15.666666030883789
27-01-2004,15.539999961853027,15.633333206176758,29385.0,15.633333206176758,15.573332786560059,15.573332786560059
28-01-2004,15.0,15.526665687561035,244026.0,15.553333282470703,15.039999961853027,15.039999961853027
29-01-2004,14.680000305175781,15.246665954589844,21033.0,15.246665954589844,14.800000190734863,14.800000190734863
30-01-2004,14.760000228881836,14.793333053588867,33414.0,15.033332824707031,14.826665878295898,14.826665878295898
02-02-2004,14.386666297912598,14.666666030883789,49068.0,14.926666259765625,14.666666030883789,14.666666030883789
03-02-2004,14.513333320617676,14.533332824707031,33837.0,14.733332633972168,14.666666030883789,14.666666030883789
04-02-2004,14.399999618530273,14.586666107177734,26118.0,14.746665954589844,14.466666221618652,14.466666221618652
05-02-2004,14.460000038146973,14.460000038146973,37161.0,14.779999732971191,14.698665618896484,14.698665618896484
06-02-2004,14.733332633972168,14.813332557678223,26415.0,15.099332809448242,15.0,15.0
09-02-2004,14.673333168029785,14.673333168029785,58218.0,15.066665649414062,14.966666221618652,14.966666221618652
10-02-2004,14.84000015258789,14.933333396911621,15000.0,15.033332824707031,15.033332824707031,15.033332824707031
11-02-2004,14.899999618530273,14.899999618530273,40290.0,15.366665840148926,15.366665840148926,15.366665840148926
12-02-2004,14.473999977111816,14.906665802001953,138732.0,15.067333221435547,14.819999694824219,14.819999694824219
13-02-2004,14.840665817260742,15.238665580749512,46252.0,15.289859771728516,15.286665916442871,15.286665916442871
17-02-2004,14.873332977294922,15.266666412353516,19050.0,15.306666374206543,15.153332710266113,15.153332710266113
18-02-2004,15.066665649414062,15.066665649414062,25305.0,15.733332633972168,15.680000305175781,15.680000305175781
19-02-2004,15.349332809448242,15.680000305175781,17739.0,16.073333740234375,15.97933292388916,15.97933292388916
20-02-2004,15.733332633972168,15.800000190734863,24699.0,16.133333206176758,16.0,16.0
23-02-2004,15.733332633972168,15.973333358764648,78930.0,16.333332061767578,16.305999755859375,16.305999755859375
24-02-2004,15.966666221618652,15.966666221618652,10740.0,16.266666412353516,16.226665496826172,16.226665496826172
25-02-2004,15.739999771118164,16.113332748413086,15678.0,16.299999237060547,16.126665115356445,16.126665115356445
26-02-2004,15.796732902526855,15.796732902526855,5223.0,16.433399200439453,16.433399200439453,16.433399200439453
27-02-2004,15.783332824707031,16.433332443237305,10161.0,16.5,16.440000534057617,16.440000534057617
01-03-2004,16.0,16.559999465942383,7794.0,16.66666603088379,16.66666603088379,16.66666603088379
02-03-2004,16.0,16.333332061767578,10095.0,16.65333366394043,16.600000381469727,16.600000381469727
03-03-2004,15.779999732971191,16.04666519165039,15186.0,16.706666946411133,16.593332290649414,16.593332290649414
04-03-2004,16.020000457763672,16.479999542236328,6147.0,16.66666603088379,16.6126651763916,16.6126651763916
05-03-2004,16.00666618347168,16.00666618347168,13671.0,16.68666648864746,16.366666793823242,16.366666793823242
08-03-2004,16.073333740234375,16.333332061767578,9309.0,16.336666107177734,16.219999313354492,16.219999313354492
09-03-2004,16.00666618347168,16.00666618347168,14286.0,16.66666603088379,16.5,16.5
10-03-2004,16.200000762939453,16.49333381652832,8061.0,16.600000381469727,16.559999465942383,16.559999465942383
11-03-2004,16.03333282470703,16.65999984741211,18129.0,16.66666603088379,16.626665115356445,16.626665115356445
12-03-2004,16.0,16.200000762939453,18870.0,16.626665115356445,16.600000381469727,16.600000381469727
15-03-2004,16.27400016784668,16.633333206176758,16686.0,16.65999984741211,16.399999618530273,16.399999618530273
16-03-2004,16.366666793823242,16.65999984741211,6300.0,16.65999984741211,16.633333206176758,16.633333206176758
17-03-2004,16.206666946411133,16.213333129882812,3627.0,16.613332748413086,16.51333236694336,16.51333236694336
18-03-2004,16.36673355102539,16.469932556152344,34525.0,16.600000381469727,16.600000381469727,16.600000381469727
19-03-2004,16.366666793823242,16.399999618530273,6825.0,16.466665267944336,16.426666259765625,16.426666259765625
22-03-2004,16.219999313354492,16.453332901000977,15609.0,16.726665496826172,16.713333129882812,16.713333129882812
23-03-2004,16.373332977294922,16.373332977294922,45744.0,17.420000076293945,16.953332901000977,16.953332901000977
24-03-2004,17.040000915527344,17.040000915527344,60072.0,17.366666793823242,17.299999237060547,17.299999237060547
25-03-2004,17.100000381469727,17.306665420532227,21138.0,17.413333892822266,17.299999237060547,17.299999237060547
26-03-2004,17.086666107177734,17.299999237060547,11721.0,17.333332061767578,17.260000228881836,17.260000228881836
29-03-2004,17.299999237060547,17.299999237060547,144591.0,17.613332748413086,17.446666717529297,17.446666717529297
30-03-2004,17.466665267944336,17.466665267944336,90537.0,18.0,17.97333335876465,17.97333335876465
31-03-2004,17.700000762939453,17.966665267944336,90141.0,18.3266658782959,18.3266658782959,18.3266658782959
01-04-2004,17.953332901000977,18.15333366394043,28281.0,18.459999084472656,18.373332977294922,18.373332977294922
02-04-2004,18.15333366394043,18.31999969482422,214998.0,19.01333236694336,18.920000076293945,18.920000076293945
05-04-2004,18.799999237060547,18.99333381652832,49497.0,19.16666603088379,19.15333366394043,19.15333366394043
06-04-2004,18.97333335876465,19.266666412353516,74085.0,19.293333053588867,19.00666618347168,19.00666618347168
07-04-2004,18.626665115356445,18.966665267944336,38484.0,18.966665267944336,18.833332061767578,18.833332061767578
08-04-2004,18.65999984741211,19.233333587646484,38247.0,19.600000381469727,18.81999969482422,18.81999969482422
12-04-2004,18.3799991607666,18.633333206176758,34179.0,19.02666664123535,18.520000457763672,18.520000457763672
13-04-2004,18.246665954589844,18.446666717529297,26070.0,18.540000915527344,18.246665954589844,18.246665954589844
14-04-2004,17.99333381652832,18.2232666015625,33298.0,18.266666412353516,18.266666412353516,18.266666412353516
15-04-2004,18.206666946411133,18.233333587646484,23367.0,18.573333740234375,18.260000228881836,18.260000228881836
16-04-2004,18.226665496826172,18.440000534057617,32199.0,18.53333282470703,18.266666412353516,18.266666412353516
19-04-2004,18.266666412353516,18.53333282470703,49335.0,18.67333221435547,18.446666717529297,18.446666717529297
20-04-2004,18.266666412353516,18.579999923706055,37134.0,18.66666603088379,18.66666603088379,18.66666603088379
21-04-2004,18.35333251953125,18.520000457763672,32145.0,18.780000686645508,18.726665496826172,18.726665496826172
22-04-2004,18.66666603088379,18.766666412353516,125772.0,19.81999969482422,19.47333335876465,19.47333335876465
23-04-2004,19.52666664123535,19.633333206176758,46782.0,19.773332595825195,19.593332290649414,19.593332290649414
26-04-2004,19.646665573120117,19.65999984741211,55929.0,19.966665267944336,19.700000762939453,19.700000762939453
27-04-2004,19.676666259765625,19.833332061767578,61488.0,19.866666793823242,19.866666793823242,19.866666793823242
28-04-2004,19.68000030517578,19.933332443237305,16023.0,19.933332443237305,19.68666648864746,19.68666648864746
29-04-2004,18.99333381652832,19.799999237060547,93576.0,19.860000610351562,19.18666648864746,19.18666648864746
30-04-2004,18.833332061767578,19.00666618347168,30750.0,19.16666603088379,18.84000015258789,18.84000015258789
03-05-2004,18.266666412353516,18.739999771118164,34176.0,18.84666633605957,18.69333267211914,18.69333267211914
04-05-2004,18.31999969482422,18.446666717529297,20502.0,19.00666618347168,19.0,19.0
05-05-2004,18.88666534423828,19.03333282470703,39492.0,19.053333282470703,18.933332443237305,18.933332443237305
06-05-2004,18.54666519165039,18.873332977294922,25152.0,19.18000030517578,19.16666603088379,19.16666603088379
07-05-2004,18.54666519165039,19.299999237060547,21450.0,19.399999618530273,18.700000762939453,18.700000762939453
10-05-2004,17.420000076293945,18.953332901000977,78180.0,18.953332901000977,17.420000076293945,17.420000076293945
11-05-2004,17.35333251953125,17.433332443237305,14979.0,17.8266658782959,17.799999237060547,17.799999237060547
12-05-2004,17.03333282470703,17.373332977294922,41565.0,17.799999237060547,17.760000228881836,17.760000228881836
13-05-2004,17.453332901000977,17.793333053588867,58224.0,17.926666259765625,17.65999984741211,17.65999984741211
14-05-2004,16.34000015258789,18.066665649414062,47526.0,18.146665573120117,16.486665725708008,16.486665725708008
17-05-2004,16.406665802001953,17.100000381469727,44023.0,17.133333206176758,16.906665802001953,16.906665802001953
18-05-2004,16.799999237060547,17.18000030517578,10050.0,17.246665954589844,16.833332061767578,16.833332061767578
19-05-2004,16.333332061767578,17.100000381469727,11100.0,17.99333381652832,16.333332061767578,16.333332061767578
20-05-2004,16.18000030517578,16.299999237060547,34347.0,16.446666717529297,16.18000030517578,16.18000030517578
21-05-2004,16.18666648864746,16.49333381652832,29736.0,16.893333435058594,16.713333129882812,16.713333129882812
24-05-2004,15.866665840148926,16.68666648864746,206661.0,16.68666648864746,16.200000762939453,16.200000762939453
25-05-2004,15.800000190734863,16.54666519165039,63669.0,16.54666519165039,16.01333236694336,16.01333236694336
26-05-2004,15.319999694824219,16.0,1888827.0,16.106666564941406,15.600000381469727,15.600000381469727
27-05-2004,15.466666221618652,15.60666561126709,346146.0,15.733332633972168,15.600000381469727,15.600000381469727
28-05-2004,15.453332901000977,15.453332901000977,110487.0,16.0,16.0,16.0
01-06-2004,15.699999809265137,15.84000015258789,324990.0,16.03333282470703,15.713333129882812,15.713333129882812
02-06-2004,15.533332824707031,15.746665954589844,44994.0,15.926666259765625,15.760000228881836,15.760000228881836
03-06-2004,15.013333320617676,15.926666259765625,150408.0,15.933333396911621,15.613332748413086,15.613332748413086
04-06-2004,15.513999938964844,15.673333168029785,75393.0,15.933333396911621,15.899999618530273,15.899999618530273
07-06-2004,15.673333168029785,15.973333358764648,373083.0,16.139999389648438,16.03333282470703,16.03333282470703
08-06-2004,15.933333396911621,15.993332862854004,73656.0,16.139999389648438,16.059999465942383,16.059999465942383
09-06-2004,16.0,16.0,160944.0,16.15333366394043,16.0,16.0
10-06-2004,15.713333129882812,15.933333396911621,57537.0,16.100000381469727,16.02666664123535,16.02666664123535
14-06-2004,15.813332557678223,15.813332557678223,61236.0,16.093332290649414,16.04666519165039,16.04666519165039
15-06-2004,15.940600395202637,15.940600395202637,96570.0,16.04666519165039,16.04666519165039,16.04666519165039
16-06-2004,15.300000190734863,15.866665840148926,97692.0,15.926666259765625,15.680000305175781,15.680000305175781
17-06-2004,15.433333396911621,15.733332633972168,30486.0,15.933333396911621,15.75333309173584,15.75333309173584
18-06-2004,15.666666030883789,15.819999694824219,56325.0,15.91333293914795,15.813332557678223,15.813332557678223
21-06-2004,15.600000381469727,15.926666259765625,64524.0,16.086666107177734,16.086666107177734,16.086666107177734
22-06-2004,15.706665992736816,16.15999984741211,52533.0,16.260000228881836,16.233333587646484,16.233333587646484
23-06-2004,16.066665649414062,16.226665496826172,56457.0,16.51333236694336,16.393333435058594,16.393333435058594
24-06-2004,16.106666564941406,16.5,232965.0,16.65999984741211,16.626665115356445,16.626665115356445
25-06-2004,16.406665802001953,16.586666107177734,133875.0,16.676666259765625,16.66666603088379,16.66666603088379
28-06-2004,16.600000381469727,16.713333129882812,116541.0,17.01333236694336,16.940000534057617,16.940000534057617
29-06-2004,16.700000762939453,16.893333435058594,67113.0,17.040000915527344,16.866666793823242,16.866666793823242
30-06-2004,16.773332595825195,16.81333351135254,119664.0,17.03333282470703,16.84000015258789,16.84000015258789
01-07-2004,16.459999084472656,16.760000228881836,64980.0,16.866666793823242,16.69333267211914,16.69333267211914
02-07-2004,16.459999084472656,16.893333435058594,35808.0,17.0,16.760000228881836,16.760000228881836
06-07-2004,16.446666717529297,16.520000457763672,38430.0,17.020000457763672,16.899999618530273,16.899999618530273
07-07-2004,16.593332290649414,16.81999969482422,44145.0,17.0,16.85333251953125,16.85333251953125
08-07-2004,16.579999923706055,16.703332901000977,41011.0,16.893333435058594,16.893333435058594,16.893333435058594
09-07-2004,16.19333267211914,16.66666603088379,21318.0,16.706666946411133,16.65333366394043,16.65333366394043
12-07-2004,16.566665649414062,16.566665649414062,38826.0,16.913333892822266,16.66666603088379,16.66666603088379
13-07-2004,15.786665916442871,16.540000915527344,165255.0,16.799999237060547,16.1200008392334,16.1200008392334
14-07-2004,15.479999542236328,16.286666870117188,30375.0,16.286666870117188,15.673333168029785,15.673333168029785
15-07-2004,15.533332824707031,16.0,10515.0,16.04666519165039,15.84666633605957,15.84666633605957
16-07-2004,15.133333206176758,15.513333320617676,32217.0,16.04666519165039,15.34000015258789,15.34000015258789
19-07-2004,15.44666576385498,15.44666576385498,33561.0,16.15999984741211,15.800000190734863,15.800000190734863
20-07-2004,15.899999618530273,15.960000038146973,67338.0,16.200000762939453,16.200000762939453,16.200000762939453
21-07-2004,15.866665840148926,16.333332061767578,24444.0,16.333332061767578,15.899999618530273,15.899999618530273
22-07-2004,15.800000190734863,16.226665496826172,30822.0,16.233333587646484,16.066665649414062,16.066665649414062
23-07-2004,15.380000114440918,15.979999542236328,28935.0,15.979999542236328,15.59333324432373,15.59333324432373
26-07-2004,14.779999732971191,15.633333206176758,38988.0,15.633333206176758,14.920000076293945,14.920000076293945
27-07-2004,14.699999809265137,14.800000190734863,47847.0,15.25333309173584,15.133333206176758,15.133333206176758
28-07-2004,14.566665649414062,15.013333320617676,87966.0,15.133333206176758,14.84666633605957,14.84666633605957
29-07-2004,14.906665802001953,14.993332862854004,28857.0,15.266666412353516,15.266666412353516,15.266666412353516
30-07-2004,15.073332786560059,15.079999923706055,86532.0,15.786665916442871,15.706665992736816,15.706665992736816
02-08-2004,15.433333396911621,15.726666450500488,48027.0,15.866665840148926,15.50666618347168,15.50666618347168
03-08-2004,15.34666633605957,15.393333435058594,47400.0,16.0,15.579999923706055,15.579999923706055
04-08-2004,15.333333015441895,15.716666221618652,20145.0,15.716666221618652,15.406665802001953,15.406665802001953
05-08-2004,15.293333053588867,15.399999618530273,36354.0,15.59333324432373,15.300000190734863,15.300000190734863
06-08-2004,14.666666030883789,15.266666412353516,27852.0,15.366665840148926,14.873332977294922,14.873332977294922
09-08-2004,14.619999885559082,14.706665992736816,35130.0,14.833333015441895,14.65999984741211,14.65999984741211
10-08-2004,14.669933319091797,14.669933319091797,51757.0,15.0,15.0,15.0
11-08-2004,14.199999809265137,14.866665840148926,72201.0,15.0,14.806666374206543,14.806666374206543
12-08-2004,14.493332862854004,14.533332824707031,61206.0,15.0,15.0,15.0
13-08-2004,14.673333168029785,14.673333168029785,73749.0,15.473333358764648,15.34000015258789,15.34000015258789
16-08-2004,15.126666069030762,15.186665534973145,68799.0,16.35333251953125,15.486665725708008,15.486665725708008
17-08-2004,15.369999885559082,15.369999885559082,43987.0,15.700065612792969,15.700065612792969,15.700065612792969
18-08-2004,15.10666561126709,15.433333396911621,172524.0,15.59333324432373,15.113332748413086,15.113332748413086
19-08-2004,14.773332595825195,15.073332786560059,27933.0,15.306666374206543,15.273332595825195,15.273332595825195
20-08-2004,14.60666561126709,15.166666030883789,116775.0,15.359999656677246,14.633333206176758,14.633333206176758
23-08-2004,13.60666561126709,14.906665802001953,235509.0,15.066665649414062,13.813332557678223,13.813332557678223
24-08-2004,14.333333015441895,14.60666561126709,418416.0,15.9399995803833,14.600000381469727,14.600000381469727
25-08-2004,14.453332901000977,14.666666030883789,39480.0,14.666666030883789,14.646665573120117,14.646665573120117
26-08-2004,14.573332786560059,14.573332786560059,44679.0,14.973333358764648,14.760000228881836,14.760000228881836
27-08-2004,14.453332901000977,14.800000190734863,45768.0,15.333333015441895,14.626666069030762,14.626666069030762
30-08-2004,14.533332824707031,14.533332824707031,18819.0,14.666666030883789,14.579999923706055,14.579999923706055
31-08-2004,14.433333396911621,14.619999885559082,25743.0,15.113332748413086,15.0600004196167,15.0600004196167
01-09-2004,14.546666145324707,14.893333435058594,29190.0,15.466666221618652,14.667332649230957,14.667332649230957
02-09-2004,14.553333282470703,14.833333015441895,47379.0,15.113332748413086,15.0,15.0
03-09-2004,14.880000114440918,15.020000457763672,42360.0,15.546666145324707,15.406665802001953,15.406665802001953
07-09-2004,15.066665649414062,15.5,37518.0,15.5,15.199999809265137,15.199999809265137
08-09-2004,15.220000267028809,15.233332633972168,18609.0,15.699999809265137,15.333333015441895,15.333333015441895
09-09-2004,15.079999923706055,15.326665878295898,127278.0,15.833333015441895,15.319999694824219,15.319999694824219
10-09-2004,15.153332710266113,15.153332710266113,120516.0,16.053333282470703,15.533332824707031,15.533332824707031
13-09-2004,15.166666030883789,15.486665725708008,90288.0,15.60666561126709,15.41333293914795,15.41333293914795
14-09-2004,14.366665840148926,15.34666633605957,92364.0,15.373332977294922,14.680000305175781,14.680000305175781
15-09-2004,14.653332710266113,14.873332977294922,42276.0,15.100000381469727,15.100000381469727,15.100000381469727
16-09-2004,14.979999542236328,14.979999542236328,48081.0,15.646665573120117,15.373332977294922,15.373332977294922
17-09-2004,15.146665573120117,15.426666259765625,72768.0,15.586666107177734,15.393333435058594,15.393333435058594
20-09-2004,15.100000381469727,15.399999618530273,60711.0,15.433333396911621,15.166666030883789,15.166666030883789
21-09-2004,14.94666576385498,15.166666030883789,97032.0,15.600000381469727,15.333333015441895,15.333333015441895
22-09-2004,14.806666374206543,15.19666576385498,58372.0,15.366665840148926,14.960000038146973,14.960000038146973
23-09-2004,14.706665992736816,14.960000038146973,27387.0,15.393333435058594,15.266666412353516,15.266666412353516
24-09-2004,14.746665954589844,15.15999984741211,42897.0,15.319999694824219,14.993332862854004,14.993332862854004
27-09-2004,14.34000015258789,14.899999618530273,51651.0,14.899999618530273,14.65999984741211,14.65999984741211
28-09-2004,14.673333168029785,14.673333168029785,25902.0,14.866665840148926,14.793333053588867,14.793333053588867
29-09-2004,14.786665916442871,14.979999542236328,35046.0,14.979999542236328,14.866665840148926,14.866665840148926
30-09-2004,14.65999984741211,14.65999984741211,71772.0,15.013333320617676,14.993332862854004,14.993332862854004
01-10-2004,14.920000076293945,14.979999542236328,83931.0,15.15999984741211,15.0600004196167,15.0600004196167
04-10-2004,15.113332748413086,15.166666030883789,62889.0,15.326665878295898,15.119999885559082,15.119999885559082
05-10-2004,14.866665840148926,14.993332862854004,71562.0,15.460000038146973,15.226666450500488,15.226666450500488
06-10-2004,14.866665840148926,14.979999542236328,59283.0,15.066665649414062,15.026665687561035,15.026665687561035
07-10-2004,15.0,15.0,55815.0,15.380000114440918,15.266666412353516,15.266666412353516
08-10-2004,14.84666633605957,14.979999542236328,85044.0,15.073332786560059,14.979999542236328,14.979999542236328
11-10-2004,14.773332595825195,14.773332595825195,7521.0,14.986665725708008,14.853333473205566,14.853333473205566
12-10-2004,14.566665649414062,14.853333473205566,37710.0,14.899999618530273,14.633333206176758,14.633333206176758
13-10-2004,13.9399995803833,14.779999732971191,51180.0,14.779999732971191,14.086666107177734,14.086666107177734
14-10-2004,14.00666618347168,14.086666107177734,71850.0,14.333333015441895,14.020000457763672,14.020000457763672
15-10-2004,14.073332786560059,14.186665534973145,51111.0,14.553333282470703,14.233332633972168,14.233332633972168
18-10-2004,14.286665916442871,14.420000076293945,21408.0,14.619999885559082,14.526665687561035,14.526665687561035
19-10-2004,14.086666107177734,14.373332977294922,59475.0,14.666666030883789,14.086666107177734,14.086666107177734
20-10-2004,14.013333320617676,14.420000076293945,33573.0,14.420000076293945,14.119999885559082,14.119999885559082
21-10-2004,13.706665992736816,14.213333129882812,78624.0,14.216666221618652,13.886666297912598,13.886666297912598
22-10-2004,13.393333435058594,13.926666259765625,96417.0,14.0,13.533332824707031,13.533332824707031
25-10-2004,13.013333320617676,13.533332824707031,102090.0,13.533332824707031,13.113332748413086,13.113332748413086
26-10-2004,13.026665687561035,13.026665687561035,143466.0,14.0,14.0,14.0
27-10-2004,13.600000381469727,13.600000381469727,64500.0,14.046666145324707,13.800000190734863,13.800000190734863
28-10-2004,13.666666030883789,13.75333309173584,44973.0,13.866665840148926,13.699999809265137,13.699999809265137
29-10-2004,13.733332633972168,13.733332633972168,117261.0,14.433333396911621,14.333333015441895,14.333333015441895
01-11-2004,14.260000228881836,14.333333015441895,94161.0,14.533332824707031,14.366665840148926,14.366665840148926
02-11-2004,14.300000190734863,14.314000129699707,49140.0,14.853333473205566,14.41333293914795,14.41333293914795
03-11-2004,14.500065803527832,14.516666412353516,75175.0,14.713333129882812,14.713333129882812,14.713333129882812
04-11-2004,13.726666450500488,14.313332557678223,149805.0,14.5,14.100000381469727,14.100000381469727
05-11-2004,13.100000381469727,14.133333206176758,373806.0,14.226666450500488,13.426666259765625,13.426666259765625
08-11-2004,13.166666030883789,13.59333324432373,105826.0,13.59333324432373,13.166666030883789,13.166666030883789
09-11-2004,13.0,13.10666561126709,60525.0,13.300000190734863,13.166666030883789,13.166666030883789
10-11-2004,13.260000228881836,13.300065994262695,82780.0,13.399999618530273,13.399999618530273,13.399999618530273
11-11-2004,13.286665916442871,13.44666576385498,21312.0,13.44666576385498,13.341333389282227,13.341333389282227
12-11-2004,13.166732788085938,13.293333053588867,109069.0,13.333333015441895,13.333333015441895,13.333333015441895
15-11-2004,13.039999961853027,13.09333324432373,111459.0,13.399999618530273,13.199999809265137,13.199999809265137
16-11-2004,13.073332786560059,13.199999809265137,56745.0,13.206665992736816,13.113332748413086,13.113332748413086
17-11-2004,13.206665992736816,13.333333015441895,364635.0,14.393333435058594,14.333333015441895,14.333333015441895
18-11-2004,14.186665534973145,14.44666576385498,120471.0,14.886666297912598,14.539999961853027,14.539999961853027
19-11-2004,14.426666259765625,14.793333053588867,74286.0,14.793333053588867,14.640000343322754,14.640000343322754
22-11-2004,14.5600004196167,14.666666030883789,91410.0,14.986665725708008,14.579999923706055,14.579999923706055
23-11-2004,12.466666221618652,13.026665687561035,877041.0,13.333333015441895,13.0600004196167,13.0600004196167
24-11-2004,12.926666259765625,12.960000038146973,131931.0,13.085932731628418,13.085932731628418,13.085932731628418
26-11-2004,12.986733436584473,13.066665649414062,18534.0,13.066665649414062,13.066665649414062,13.066665649414062
29-11-2004,12.9399995803833,13.00666618347168,116883.0,13.186665534973145,13.0600004196167,13.0600004196167
30-11-2004,12.680000305175781,12.989999771118164,154015.0,13.033332824707031,12.726666450500488,12.726666450500488
01-12-2004,12.680000305175781,12.853333473205566,72828.0,12.880000114440918,12.766666412353516,12.766666412353516
02-12-2004,12.819999694824219,12.819999694824219,119428.0,13.100066184997559,13.100066184997559,13.100066184997559
03-12-2004,12.979999542236328,12.979999542236328,42210.0,12.993332862854004,12.993332862854004,12.993332862854004
06-12-2004,12.520000457763672,12.986665725708008,60913.0,12.986665725708008,12.586666107177734,12.586666107177734
07-12-2004,12.319999694824219,12.613332748413086,250302.0,12.673333168029785,12.399999618530273,12.399999618530273
08-12-2004,12.426666259765625,12.426666259765625,44638.0,12.60666561126709,12.60666561126709,12.60666561126709
09-12-2004,12.133333206176758,12.666666030883789,281302.0,12.666666030883789,12.279999732971191,12.279999732971191
10-12-2004,12.15999984741211,12.399999618530273,69897.0,12.526665687561035,12.4399995803833,12.4399995803833
13-12-2004,12.566733360290527,12.566733360290527,26703.0,12.65999984741211,12.65999984741211,12.65999984741211
14-12-2004,12.399999618530273,12.399999618530273,63580.0,12.973333358764648,12.973333358764648,12.973333358764648
15-12-2004,12.767333030700684,12.767333030700684,63040.0,13.166732788085938,13.166732788085938,13.166732788085938
16-12-2004,12.806666374206543,13.100000381469727,296275.0,13.786665916442871,13.613332748413086,13.613332748413086
17-12-2004,13.286665916442871,13.406665802001953,310911.0,13.613332748413086,13.399999618530273,13.399999618530273
20-12-2004,13.239999771118164,13.239999771118164,184809.0,13.5,13.5,13.5
21-12-2004,13.526665687561035,13.526665687561035,176610.0,13.859999656677246,13.746665954589844,13.746665954589844
22-12-2004,13.526665687561035,13.573332786560059,60024.0,13.746665954589844,13.573332786560059,13.573332786560059
23-12-2004,13.59333324432373,13.84666633605957,116250.0,13.84666633605957,13.666666030883789,13.666666030883789
27-12-2004,13.5,13.733332633972168,56766.0,13.866000175476074,13.766666412353516,13.766666412353516
28-12-2004,13.699999809265137,13.866665840148926,32280.0,13.866665840148926,13.853333473205566,13.853333473205566
29-12-2004,13.553333282470703,13.739999771118164,78783.0,13.806666374206543,13.713333129882812,13.713333129882812
30-12-2004,13.539999961853027,13.573332786560059,24405.0,13.760000228881836,13.733332633972168,13.733332633972168
31-12-2004,13.566665649414062,13.733332633972168,77208.0,13.813332557678223,13.566665649414062,13.566665649414062
03-01-2005,13.533332824707031,13.813332557678223,45132.0,13.813332557678223,13.713333129882812,13.713333129882812
04-01-2005,13.539999961853027,13.539999961853027,78657.0,14.133333206176758,14.0,14.0
05-01-2005,13.486665725708008,13.813332557678223,60303.0,13.853333473205566,13.553333282470703,13.553333282470703
06-01-2005,13.460000038146973,13.473333358764648,28797.0,13.84000015258789,13.520000457763672,13.520000457763672
07-01-2005,13.460000038146973,13.5600004196167,42501.0,13.773332595825195,13.513333320617676,13.513333320617676
10-01-2005,13.4399995803833,13.4399995803833,43641.0,13.640000343322754,13.640000343322754,13.640000343322754
11-01-2005,13.520000457763672,13.520000457763672,18834.0,13.926666259765625,13.760000228881836,13.760000228881836
12-01-2005,13.600000381469727,13.793333053588867,27486.0,13.793333053588867,13.739999771118164,13.739999771118164
13-01-2005,13.739999771118164,13.866665840148926,12600.0,13.886666297912598,13.833333015441895,13.833333015441895
14-01-2005,13.826665878295898,13.866665840148926,24621.0,13.986665725708008,13.986665725708008,13.986665725708008
18-01-2005,13.733332633972168,13.733332633972168,52740.0,14.199999809265137,14.133333206176758,14.133333206176758
19-01-2005,13.866665840148926,14.0,76824.0,14.286665916442871,14.133333206176758,14.133333206176758
20-01-2005,13.906665802001953,14.133333206176758,38775.0,14.133333206176758,14.10666561126709,14.10666561126709
21-01-2005,13.733332633972168,14.133333206176758,23838.0,14.133333206176758,13.826665878295898,13.826665878295898
24-01-2005,13.933333396911621,13.986665725708008,71244.0,14.186665534973145,14.053333282470703,14.053333282470703
25-01-2005,13.906665802001953,14.166666030883789,48132.0,14.233332633972168,14.0600004196167,14.0600004196167
26-01-2005,13.733332633972168,14.053333282470703,61080.0,14.113332748413086,13.880000114440918,13.880000114440918
27-01-2005,13.773332595825195,13.859999656677246,44745.0,13.993332862854004,13.866665840148926,13.866665840148926
28-01-2005,13.666666030883789,13.666666030883789,57354.0,14.00666618347168,14.00666618347168,14.00666618347168
31-01-2005,13.926666259765625,14.119999885559082,36555.0,14.146665573120117,14.066665649414062,14.066665649414062
01-02-2005,13.75333309173584,13.833333015441895,84048.0,14.026665687561035,13.973333358764648,13.973333358764648
02-02-2005,13.626666069030762,13.859999656677246,214179.0,13.866665840148926,13.773332595825195,13.773332595825195
03-02-2005,13.613332748413086,13.613332748413086,134832.0,14.119999885559082,13.833333015441895,13.833333015441895
04-02-2005,13.766666412353516,13.826665878295898,448323.0,14.380000114440918,14.293333053588867,14.293333053588867
07-02-2005,14.199333190917969,14.4399995803833,21432.0,14.4399995803833,14.266666412353516,14.266666412353516
08-02-2005,14.173333168029785,14.233332633972168,45156.0,14.520000457763672,14.426666259765625,14.426666259765625
09-02-2005,14.373332977294922,14.426666259765625,22686.0,14.466666221618652,14.380000114440918,14.380000114440918
10-02-2005,14.300000190734863,14.34666633605957,63249.0,14.899999618530273,14.813332557678223,14.813332557678223
11-02-2005,14.619999885559082,14.899999618530273,25674.0,14.933333396911621,14.899999618530273,14.899999618530273
14-02-2005,14.833333015441895,14.866665840148926,34143.0,15.373332977294922,14.993332862854004,14.993332862854004
15-02-2005,14.906665802001953,14.906665802001953,74889.0,15.433333396911621,15.399999618530273,15.399999618530273
16-02-2005,15.326665878295898,15.5,57054.0,15.646665573120117,15.393333435058594,15.393333435058594
17-02-2005,15.100000381469727,15.260000228881836,19947.0,15.399999618530273,15.100000381469727,15.100000381469727
18-02-2005,14.84000015258789,15.153332710266113,44217.0,15.153332710266113,14.899999618530273,14.899999618530273
22-02-2005,14.680000305175781,15.19333267211914,164376.0,15.19333267211914,14.75333309173584,14.75333309173584
23-02-2005,14.646665573120117,14.933333396911621,50625.0,15.213333129882812,14.880000114440918,14.880000114440918
24-02-2005,14.713333129882812,14.926666259765625,24195.0,15.033332824707031,15.026665687561035,15.026665687561035
25-02-2005,14.953332901000977,15.140000343322754,138780.0,15.473333358764648,15.066665649414062,15.066665649414062
28-02-2005,14.893333435058594,15.279999732971191,44394.0,15.279999732971191,15.119999885559082,15.119999885559082
01-03-2005,15.199999809265137,15.293333053588867,68790.0,15.393333435058594,15.306666374206543,15.306666374206543
02-03-2005,14.993332862854004,15.15999984741211,90681.0,15.233332633972168,15.113332748413086,15.113332748413086
03-03-2005,15.15999984741211,15.353333473205566,79458.0,15.399999618530273,15.293333053588867,15.293333053588867
04-03-2005,14.991999626159668,15.44666576385498,41502.0,15.44666576385498,15.300000190734863,15.300000190734863
07-03-2005,15.166666030883789,15.399999618530273,27993.0,15.399999618530273,15.25333309173584,15.25333309173584
08-03-2005,15.033332824707031,15.079999923706055,46014.0,15.14266586303711,15.053333282470703,15.053333282470703
09-03-2005,14.84666633605957,14.94666576385498,80673.0,15.0,14.899999618530273,14.899999618530273
10-03-2005,14.933333396911621,15.073332786560059,50442.0,15.073332786560059,14.933333396911621,14.933333396911621
11-03-2005,14.886666297912598,14.899999618530273,48960.0,15.246665954589844,15.133333206176758,15.133333206176758
14-03-2005,15.033332824707031,15.119999885559082,107943.0,15.619999885559082,15.533332824707031,15.533332824707031
15-03-2005,15.41333293914795,15.626666069030762,103959.0,15.699999809265137,15.4399995803833,15.4399995803833
16-03-2005,15.366665840148926,15.426666259765625,238545.0,15.566665649414062,15.479999542236328,15.479999542236328
17-03-2005,15.293333053588867,15.526665687561035,21291.0,15.526665687561035,15.520000457763672,15.520000457763672
18-03-2005,14.833333015441895,15.626666069030762,292944.0,15.699999809265137,15.199999809265137,15.199999809265137
21-03-2005,15.066665649414062,15.406665802001953,65805.0,15.406665802001953,15.166666030883789,15.166666030883789
22-03-2005,15.4399995803833,15.746665954589844,200151.0,16.399999618530273,15.806666374206543,15.806666374206543
23-03-2005,14.539999961853027,15.376666069030762,320901.0,15.376666069030762,15.15999984741211,15.15999984741211
24-03-2005,14.666666030883789,15.133333206176758,95601.0,15.133333206176758,14.833333015441895,14.833333015441895
28-03-2005,14.666666030883789,14.706665992736816,90093.0,15.066665649414062,14.793333053588867,14.793333053588867
29-03-2005,14.733332633972168,14.813332557678223,38784.0,14.966666221618652,14.886666297912598,14.886666297912598
30-03-2005,14.773332595825195,14.880000114440918,22911.0,15.126666069030762,14.933333396911621,14.933333396911621
31-03-2005,14.806666374206543,15.0,21579.0,15.020000457763672,14.960000038146973,14.960000038146973
01-04-2005,14.706665992736816,14.779999732971191,41040.0,14.953332901000977,14.779999732971191,14.779999732971191
04-04-2005,14.386666297912598,14.979999542236328,44673.0,14.979999542236328,14.479999542236328,14.479999542236328
05-04-2005,14.333333015441895,14.333333015441895,47805.0,14.853333473205566,14.426666259765625,14.426666259765625
06-04-2005,14.359999656677246,14.646665573120117,71337.0,15.333333015441895,15.279999732971191,15.279999732971191
07-04-2005,14.899999618530273,15.306666374206543,75564.0,15.353333473205566,14.920000076293945,14.920000076293945
08-04-2005,14.979999542236328,15.066665649414062,23871.0,15.19333267211914,14.979999542236328,14.979999542236328
11-04-2005,14.226666450500488,14.91333293914795,58359.0,15.993332862854004,14.646665573120117,14.646665573120117
12-04-2005,14.4399995803833,14.533332824707031,64002.0,14.993332862854004,14.880000114440918,14.880000114440918
13-04-2005,14.313332557678223,14.94666576385498,25044.0,14.94666576385498,14.426666259765625,14.426666259765625
14-04-2005,14.279999732971191,14.573332786560059,61326.0,14.65999984741211,14.539999961853027,14.539999961853027
15-04-2005,14.279999732971191,14.666666030883789,42114.0,14.873332977294922,14.433333396911621,14.433333396911621
18-04-2005,14.10666561126709,14.133333206176758,31617.0,14.72599983215332,14.699999809265137,14.699999809265137
19-04-2005,14.41333293914795,14.546666145324707,32739.0,14.720000267028809,14.41333293914795,14.41333293914795
20-04-2005,14.286665916442871,14.666666030883789,55866.0,14.666666030883789,14.433333396911621,14.433333396911621
21-04-2005,13.906665802001953,14.573332786560059,68097.0,14.646665573120117,14.466666221618652,14.466666221618652
22-04-2005,14.10666561126709,14.460000038146973,14757.0,14.460000038146973,14.186665534973145,14.186665534973145
25-04-2005,13.633333206176758,14.0,61824.0,14.0,13.886666297912598,13.886666297912598
26-04-2005,13.673333168029785,13.763999938964844,48190.0,14.233332633972168,13.91333293914795,13.91333293914795
27-04-2005,13.333333015441895,13.640000343322754,44292.0,13.680000305175781,13.5,13.5
28-04-2005,13.073332786560059,13.373332977294922,44733.0,13.44666576385498,13.133333206176758,13.133333206176758
29-04-2005,13.079999923706055,13.239999771118164,23133.0,13.34000015258789,13.34000015258789,13.34000015258789
02-05-2005,12.966666221618652,13.319999694824219,30085.0,13.319999694824219,13.239999771118164,13.239999771118164
03-05-2005,13.359999656677246,13.533332824707031,35448.0,14.479999542236328,13.813332557678223,13.813332557678223
04-05-2005,13.626666069030762,13.626666069030762,27663.0,13.973333358764648,13.973333358764648,13.973333358764648
05-05-2005,13.793333053588867,14.220000267028809,18039.0,14.239999771118164,13.886666297912598,13.886666297912598
06-05-2005,13.75333309173584,14.166666030883789,21288.0,14.406665802001953,13.760000228881836,13.760000228881836
09-05-2005,13.526665687561035,13.906665802001953,21258.0,13.906665802001953,13.633333206176758,13.633333206176758
10-05-2005,13.373332977294922,13.773332595825195,31443.0,13.773332595825195,13.486665725708008,13.486665725708008
11-05-2005,13.320066452026367,13.486665725708008,23782.0,13.486665725708008,13.486665725708008,13.486665725708008
12-05-2005,13.133333206176758,13.266666412353516,14025.0,13.266666412353516,13.15999984741211,13.15999984741211
13-05-2005,12.699999809265137,13.19333267211914,38787.0,13.226666450500488,12.986665725708008,12.986665725708008
16-05-2005,12.733332633972168,12.773332595825195,79617.0,13.653332710266113,13.493332862854004,13.493332862854004
17-05-2005,12.520000457763672,13.899999618530273,121407.0,13.899999618530273,12.853333473205566,12.853333473205566
18-05-2005,13.066665649414062,13.066665649414062,107635.0,13.233400344848633,13.233400344848633,13.233400344848633
19-05-2005,12.960000038146973,13.206665992736816,56466.0,13.226666450500488,13.039999961853027,13.039999961853027
20-05-2005,12.833333015441895,13.140000343322754,47743.0,13.140000343322754,12.880000114440918,12.880000114440918
23-05-2005,12.746665954589844,12.973333358764648,89671.0,13.113332748413086,12.806666374206543,12.806666374206543
24-05-2005,12.566665649414062,13.033332824707031,148477.0,13.053333282470703,12.853333473205566,12.853333473205566
25-05-2005,12.600000381469727,12.600000381469727,183637.0,12.813265800476074,12.813265800476074,12.813265800476074
26-05-2005,12.746600151062012,12.800000190734863,87513.0,12.806666374206543,12.806666374206543,12.806666374206543
27-05-2005,12.739999771118164,12.739999771118164,49374.0,13.293333053588867,13.293333053588867,13.293333053588867
31-05-2005,13.079933166503906,13.079933166503906,73435.0,13.393333435058594,13.393333435058594,13.393333435058594
01-06-2005,13.353333473205566,13.5,39273.0,13.653332710266113,13.653332710266113,13.653332710266113
02-06-2005,13.226666450500488,13.34000015258789,85197.0,13.486665725708008,13.386666297912598,13.386666297912598
03-06-2005,13.260000228881836,13.260000228881836,174534.0,13.359999656677246,13.359999656677246,13.359999656677246
06-06-2005,13.266666412353516,13.306666374206543,36840.0,13.50666618347168,13.489999771118164,13.489999771118164
07-06-2005,13.266666412353516,13.326665878295898,50067.0,13.5,13.386666297912598,13.386666297912598
08-06-2005,13.273332595825195,13.273332595825195,110424.0,13.973333358764648,13.773332595825195,13.773332595825195
09-06-2005,13.44666576385498,13.739999771118164,30612.0,13.993332862854004,13.91333293914795,13.91333293914795
10-06-2005,13.673333168029785,13.906665802001953,30237.0,13.906665802001953,13.706665992736816,13.706665992736816
13-06-2005,13.87993335723877,13.87993335723877,93235.0,14.546600341796875,14.546600341796875,14.546600341796875
14-06-2005,14.213333129882812,14.473333358764648,53961.0,14.713333129882812,14.44666576385498,14.44666576385498
15-06-2005,14.59333324432373,14.60666561126709,37473.0,14.833333015441895,14.833333015441895,14.833333015441895
16-06-2005,14.600000381469727,14.600000381469727,45282.0,14.979999542236328,14.9399995803833,14.9399995803833
17-06-2005,14.786665916442871,15.033332824707031,49986.0,15.0600004196167,14.873332977294922,14.873332977294922
20-06-2005,14.720000267028809,14.926666259765625,30006.0,14.926666259765625,14.813332557678223,14.813332557678223
21-06-2005,14.766666412353516,14.960000038146973,48987.0,15.126666069030762,14.933333396911621,14.933333396911621
22-06-2005,14.75333309173584,15.113332748413086,64461.0,15.166666030883789,15.10666561126709,15.10666561126709
23-06-2005,14.853333473205566,15.166666030883789,37908.0,15.526665687561035,15.039999961853027,15.039999961853027
24-06-2005,15.473333358764648,15.680000305175781,319575.0,15.933333396911621,15.866665840148926,15.866665840148926
27-06-2005,15.880000114440918,15.886666297912598,111831.0,16.100000381469727,15.993332862854004,15.993332862854004
28-06-2005,15.686665534973145,16.16666603088379,110688.0,16.16666603088379,15.886666297912598,15.886666297912598
29-06-2005,15.760000228881836,16.0,97788.0,16.16666603088379,16.16666603088379,16.16666603088379
30-06-2005,15.486665725708008,16.1200008392334,38463.0,16.146665573120117,15.59333324432373,15.59333324432373
01-07-2005,15.640000343322754,15.646665573120117,31098.0,16.18666648864746,15.993332862854004,15.993332862854004
05-07-2005,15.34666633605957,15.833333015441895,52602.0,16.0,15.760000228881836,15.760000228881836
06-07-2005,15.779999732971191,15.859999656677246,43467.0,16.0,15.873332977294922,15.873332977294922
07-07-2005,15.60666561126709,15.666666030883789,28695.0,15.94666576385498,15.926666259765625,15.926666259765625
08-07-2005,15.479999542236328,15.926666259765625,35883.0,15.993332862854004,15.986665725708008,15.986665725708008
11-07-2005,15.69333267211914,15.993332862854004,89517.0,16.31333351135254,16.0,16.0
12-07-2005,15.886666297912598,15.986665725708008,55359.0,16.139999389648438,15.920000076293945,15.920000076293945
13-07-2005,15.806666374206543,15.933333396911621,34230.0,16.100000381469727,16.093332290649414,16.093332290649414
14-07-2005,15.5,16.100000381469727,34989.0,16.433332443237305,15.713333129882812,15.713333129882812
15-07-2005,15.533332824707031,15.546666145324707,52497.0,16.16666603088379,15.973333358764648,15.973333358764648
18-07-2005,15.066665649414062,16.086666107177734,68637.0,16.146665573120117,15.966666221618652,15.966666221618652
19-07-2005,15.826665878295898,16.100000381469727,66237.0,16.100000381469727,16.03333282470703,16.03333282470703
20-07-2005,15.893333435058594,15.953332901000977,41313.0,16.066665649414062,15.933333396911621,15.933333396911621
21-07-2005,15.673333168029785,15.966666221618652,22650.0,15.966666221618652,15.84000015258789,15.84000015258789
22-07-2005,15.533332824707031,15.826665878295898,50028.0,16.03333282470703,15.979999542236328,15.979999542236328
25-07-2005,15.746665954589844,15.866665840148926,60105.0,16.066665649414062,15.773332595825195,15.773332595825195
26-07-2005,15.706665992736816,15.819999694824219,89502.0,16.053333282470703,16.00666618347168,16.00666618347168
27-07-2005,15.34666633605957,16.02666664123535,61089.0,16.1200008392334,15.953332901000977,15.953332901000977
28-07-2005,15.5600004196167,15.933333396911621,26397.0,16.0,15.993332862854004,15.993332862854004
29-07-2005,15.826665878295898,16.113332748413086,62055.0,16.19333267211914,16.02666664123535,16.02666664123535
01-08-2005,15.906665802001953,16.066665649414062,27219.0,16.233333587646484,15.906665802001953,15.906665802001953
02-08-2005,15.91333293914795,15.986665725708008,68325.0,16.133333206176758,16.03333282470703,16.03333282470703
03-08-2005,15.853333473205566,16.00666618347168,66174.0,16.200000762939453,16.19333267211914,16.19333267211914
04-08-2005,15.800000190734863,16.1200008392334,14547.0,16.1200008392334,15.866665840148926,15.866665840148926
05-08-2005,15.206665992736816,15.819999694824219,29595.0,15.819999694824219,15.25333309173584,15.25333309173584
08-08-2005,14.979999542236328,15.44666576385498,18123.0,15.520000457763672,15.146665573120117,15.146665573120117
09-08-2005,15.220000267028809,15.220000267028809,30018.0,15.926666259765625,15.600000381469727,15.600000381469727
10-08-2005,15.526665687561035,15.866665840148926,29019.0,16.073333740234375,15.813332557678223,15.813332557678223
11-08-2005,15.806666374206543,15.873332977294922,33903.0,16.360000610351562,16.34000015258789,16.34000015258789
12-08-2005,15.553333282470703,16.266666412353516,39975.0,16.399999618530273,16.139999389648438,16.139999389648438
15-08-2005,16.15333366394043,16.219999313354492,65082.0,16.426666259765625,16.426666259765625,16.426666259765625
16-08-2005,16.273332595825195,16.273332595825195,61803.0,16.53333282470703,16.440000534057617,16.440000534057617
17-08-2005,15.680000305175781,16.446666717529297,123876.0,16.566665649414062,16.066665649414062,16.066665649414062
18-08-2005,15.9399995803833,16.059999465942383,35689.0,16.059999465942383,16.059999465942383,16.059999465942383
19-08-2005,15.866665840148926,15.893333435058594,19605.0,15.986665725708008,15.920000076293945,15.920000076293945
22-08-2005,15.795999526977539,15.84000015258789,29739.0,16.16666603088379,15.906665802001953,15.906665802001953
23-08-2005,15.800000190734863,15.873332977294922,252546.0,17.253332138061523,16.566665649414062,16.566665649414062
24-08-2005,16.593332290649414,16.65999984741211,159087.0,17.18000030517578,16.99333381652832,16.99333381652832
25-08-2005,16.920000076293945,17.020000457763672,30690.0,17.1200008392334,17.02666664123535,17.02666664123535
26-08-2005,16.399999618530273,17.053333282470703,54873.0,17.266666412353516,16.406665802001953,16.406665802001953
29-08-2005,16.3266658782959,16.3266658782959,41736.0,17.453332901000977,17.1200008392334,17.1200008392334
30-08-2005,16.5,17.0,35181.0,17.01333236694336,16.940000534057617,16.940000534057617
31-08-2005,16.88666534423828,17.086666107177734,49698.0,17.5,17.5,17.5
01-09-2005,16.559999465942383,17.51333236694336,44490.0,17.65333366394043,16.799999237060547,16.799999237060547
02-09-2005,16.399999618530273,16.959999084472656,35235.0,16.959999084472656,16.566665649414062,16.566665649414062
06-09-2005,16.420000076293945,16.66666603088379,43854.0,16.700000762939453,16.69333267211914,16.69333267211914
07-09-2005,16.54666519165039,16.66666603088379,49620.0,16.8266658782959,16.799999237060547,16.799999237060547
08-09-2005,16.106666564941406,16.719999313354492,27582.0,16.719999313354492,16.260000228881836,16.260000228881836
09-09-2005,16.3266658782959,16.3266658782959,46788.0,16.920000076293945,16.47333335876465,16.47333335876465
12-09-2005,16.479999542236328,16.566665649414062,33396.0,16.933332443237305,16.84000015258789,16.84000015258789
13-09-2005,16.66666603088379,16.66666603088379,49965.0,17.239999771118164,17.079999923706055,17.079999923706055
14-09-2005,16.0,16.926666259765625,22986.0,17.0,16.086666107177734,16.086666107177734
15-09-2005,15.899999618530273,15.899999618530273,29121.0,16.406665802001953,16.0,16.0
16-09-2005,15.573332786560059,16.15333366394043,87348.0,16.273332595825195,16.16666603088379,16.16666603088379
19-09-2005,15.59333324432373,16.113332748413086,37488.0,16.233333587646484,15.739999771118164,15.739999771118164
20-09-2005,15.50666618347168,15.680000305175781,28458.0,16.273332595825195,15.513333320617676,15.513333320617676
21-09-2005,15.199999809265137,15.44666576385498,32211.0,15.533332824707031,15.199999809265137,15.199999809265137
22-09-2005,15.133333206176758,15.186665534973145,25479.0,15.640000343322754,15.406665802001953,15.406665802001953
23-09-2005,14.760000228881836,15.326665878295898,57636.0,15.326665878295898,14.766666412353516,14.766666412353516
26-09-2005,14.44666576385498,14.91333293914795,37341.0,14.920000076293945,14.720000267028809,14.720000267028809
27-09-2005,14.426666259765625,14.800000190734863,55560.0,14.833333015441895,14.539999961853027,14.539999961853027
28-09-2005,14.079999923706055,14.633333206176758,57018.0,14.833333015441895,14.326665878295898,14.326665878295898
29-09-2005,14.260000228881836,14.306666374206543,48825.0,14.779999732971191,14.453332901000977,14.453332901000977
30-09-2005,14.386666297912598,14.666666030883789,37971.0,14.786665916442871,14.493332862854004,14.493332862854004
03-10-2005,14.493332862854004,14.493332862854004,35157.0,14.819999694824219,14.640000343322754,14.640000343322754
04-10-2005,14.100000381469727,14.760000228881836,199665.0,14.833333015441895,14.166666030883789,14.166666030883789
05-10-2005,13.25333309173584,14.166666030883789,91782.0,14.25333309173584,13.41333293914795,13.41333293914795
06-10-2005,13.41333293914795,13.420000076293945,79212.0,14.44666576385498,13.60666561126709,13.60666561126709
07-10-2005,13.533332824707031,13.65999984741211,64887.0,14.286665916442871,13.84666633605957,13.84666633605957
10-10-2005,13.5600004196167,13.880000114440918,31020.0,14.100000381469727,13.699999809265137,13.699999809265137
11-10-2005,13.166666030883789,13.833333015441895,70768.0,14.10666561126709,13.306666374206543,13.306666374206543
12-10-2005,12.906665802001953,13.373332977294922,126225.0,13.619999885559082,13.140000343322754,13.140000343322754
13-10-2005,13.113332748413086,13.113332748413086,49296.0,13.600000381469727,13.553333282470703,13.553333282470703
14-10-2005,13.333333015441895,13.65999984741211,44715.0,14.066665649414062,13.406665802001953,13.406665802001953
17-10-2005,13.306666374206543,13.473333358764648,41310.0,13.653332710266113,13.473333358764648,13.473333358764648
18-10-2005,13.43340015411377,13.43340015411377,57775.0,13.546600341796875,13.546600341796875,13.546600341796875
19-10-2005,13.306666374206543,13.393333435058594,55029.0,13.880000114440918,13.853333473205566,13.853333473205566
20-10-2005,13.533332824707031,13.960000038146973,27534.0,14.00666618347168,13.720000267028809,13.720000267028809
21-10-2005,13.619999885559082,13.619999885559082,36939.0,13.880000114440918,13.873332977294922,13.873332977294922
24-10-2005,13.933333396911621,13.9399995803833,89271.0,14.566665649414062,14.166666030883789,14.166666030883789
25-10-2005,13.899999618530273,14.113332748413086,39936.0,14.166666030883789,14.020000457763672,14.020000457763672
26-10-2005,13.833333015441895,14.020000457763672,17475.0,14.020000457763672,13.833333015441895,13.833333015441895
27-10-2005,12.853333473205566,13.793333053588867,57198.0,13.793333053588867,13.100000381469727,13.100000381469727
28-10-2005,13.300065994262695,13.300065994262695,76747.0,13.460000038146973,13.460000038146973,13.460000038146973
31-10-2005,13.60666561126709,13.673333168029785,57306.0,14.0600004196167,13.793333053588867,13.793333053588867
01-11-2005,13.666666030883789,13.666666030883789,40860.0,14.10666561126709,13.733332633972168,13.733332633972168
02-11-2005,13.600000381469727,13.666666030883789,28251.0,13.766666412353516,13.720000267028809,13.720000267028809
03-11-2005,13.859999656677246,13.859999656677246,71019.0,14.50666618347168,14.353333473205566,14.353333473205566
04-11-2005,13.986665725708008,14.5,40290.0,14.5,14.180000305175781,14.180000305175781
07-11-2005,14.19333267211914,14.19333267211914,57792.0,14.966666221618652,14.406665802001953,14.406665802001953
08-11-2005,14.326665878295898,14.326665878295898,42078.0,14.9399995803833,14.826665878295898,14.826665878295898
09-11-2005,14.573332786560059,14.626666069030762,26508.0,15.066665649414062,14.953332901000977,14.953332901000977
10-11-2005,14.793333053588867,15.0600004196167,33783.0,15.0600004196167,15.020000457763672,15.020000457763672
11-11-2005,14.680000305175781,14.906665802001953,30762.0,14.906665802001953,14.733332633972168,14.733332633972168
14-11-2005,14.126666069030762,14.706665992736816,25782.0,14.706665992736816,14.133333206176758,14.133333206176758
15-11-2005,14.233332633972168,14.233332633972168,55386.0,14.493332862854004,14.359999656677246,14.359999656677246
16-11-2005,14.013333320617676,14.473333358764648,27348.0,14.473333358764648,14.319999694824219,14.319999694824219
17-11-2005,14.126666069030762,14.460000038146973,79623.0,14.473333358764648,14.173333168029785,14.173333168029785
18-11-2005,14.266666412353516,14.359999656677246,38121.0,14.460000038146973,14.359999656677246,14.359999656677246
21-11-2005,13.686665534973145,13.793333053588867,166701.0,14.09333324432373,13.800000190734863,13.800000190734863
22-11-2005,12.739999771118164,13.906665802001953,187944.0,13.906665802001953,13.220000267028809,13.220000267028809
23-11-2005,13.279932975769043,13.300065994262695,92272.0,13.432665824890137,13.432665824890137,13.432665824890137
25-11-2005,13.146599769592285,13.233400344848633,60327.0,13.326665878295898,13.326665878295898,13.326665878295898
28-11-2005,13.166666030883789,13.166666030883789,58728.0,13.653332710266113,13.293333053588867,13.293333053588867
29-11-2005,13.406665802001953,13.460000038146973,30237.0,13.699999809265137,13.406665802001953,13.406665802001953
30-11-2005,13.420000076293945,13.446000099182129,82353.0,13.466666221618652,13.466666221618652,13.466666221618652
01-12-2005,13.293333053588867,13.293333053588867,32577.0,13.646665573120117,13.539999961853027,13.539999961853027
02-12-2005,13.366665840148926,13.4399995803833,22506.0,13.473333358764648,13.473333358764648,13.473333358764648
05-12-2005,13.306666374206543,13.573332786560059,123714.0,13.600000381469727,13.306666374206543,13.306666374206543
06-12-2005,13.266666412353516,13.493332862854004,39999.0,13.5,13.266666412353516,13.266666412353516
07-12-2005,13.199999809265137,13.366732597351074,41496.0,13.44666576385498,13.44666576385498,13.44666576385498
08-12-2005,13.18673324584961,13.18673324584961,20812.0,13.34000015258789,13.34000015258789,13.34000015258789
09-12-2005,13.039999961853027,13.239999771118164,58371.0,13.239999771118164,13.113332748413086,13.113332748413086
12-12-2005,12.673333168029785,13.113332748413086,54529.0,13.186665534973145,12.873332977294922,12.873332977294922
13-12-2005,12.773332595825195,12.773332595825195,37693.0,12.9667329788208,12.9667329788208,12.9667329788208
14-12-2005,12.700065612792969,12.859999656677246,39007.0,12.900066375732422,12.900066375732422,12.900066375732422
15-12-2005,12.633399963378906,12.686665534973145,40252.0,12.793333053588867,12.793333053588867,12.793333053588867
16-12-2005,12.50666618347168,12.573332786560059,149979.0,12.760000228881836,12.640000343322754,12.640000343322754
19-12-2005,12.679932594299316,12.78673267364502,43074.0,12.78673267364502,12.78673267364502,12.78673267364502
20-12-2005,12.619999885559082,12.679932594299316,44566.0,12.679932594299316,12.679932594299316,12.679932594299316
21-12-2005,12.533332824707031,12.600000381469727,54976.0,12.899999618530273,12.626666069030762,12.626666069030762
22-12-2005,12.69333267211914,12.69333267211914,38514.0,12.733332633972168,12.733332633972168,12.733332633972168
23-12-2005,12.59333324432373,12.673333168029785,37683.0,12.760000228881836,12.760000228881836,12.760000228881836
27-12-2005,12.733332633972168,12.739999771118164,24306.0,12.746600151062012,12.746600151062012,12.746600151062012
28-12-2005,12.760000228881836,12.760000228881836,60219.0,12.826665878295898,12.826665878295898,12.826665878295898
29-12-2005,12.679932594299316,12.700065612792969,55237.0,12.733332633972168,12.733332633972168,12.733332633972168
30-12-2005,12.666666030883789,12.800000190734863,115878.0,12.800000190734863,12.800000190734863,12.800000190734863
03-01-2006,12.733332633972168,12.733332633972168,80986.0,12.893333435058594,12.893333435058594,12.893333435058594
04-01-2006,12.72006607055664,12.72006607055664,79969.0,12.859999656677246,12.859999656677246,12.859999656677246
05-01-2006,12.65999984741211,12.839400291442871,24546.0,12.839400291442871,12.839400291442871,12.839400291442871
06-01-2006,12.533332824707031,12.69333267211914,48777.0,12.726666450500488,12.553333282470703,12.553333282470703
09-01-2006,12.69333267211914,12.69333267211914,147102.0,12.766733169555664,12.766733169555664,12.766733169555664
10-01-2006,12.640000343322754,12.733332633972168,63387.0,12.800000190734863,12.779999732971191,12.779999732971191
11-01-2006,12.739999771118164,12.739999771118164,39715.0,12.819999694824219,12.819999694824219,12.819999694824219
12-01-2006,12.626666069030762,12.626666069030762,34275.0,12.800000190734863,12.739999771118164,12.739999771118164
13-01-2006,12.739999771118164,12.833399772644043,41766.0,12.833399772644043,12.833399772644043,12.833399772644043
17-01-2006,12.666666030883789,12.666666030883789,70444.0,12.78600025177002,12.78600025177002,12.78600025177002
18-01-2006,12.546600341796875,12.619999885559082,63111.0,12.739999771118164,12.739999771118164,12.739999771118164
19-01-2006,12.486665725708008,12.50666618347168,39513.0,12.600000381469727,12.5600004196167,12.5600004196167
20-01-2006,12.359999656677246,12.566733360290527,59512.0,12.566733360290527,12.566733360290527,12.566733360290527
23-01-2006,12.493332862854004,12.493332862854004,84852.0,12.600000381469727,12.600000381469727,12.600000381469727
24-01-2006,12.553333282470703,12.553333282470703,30624.0,12.72006607055664,12.72006607055664,12.72006607055664
25-01-2006,12.72006607055664,12.72006607055664,30214.0,12.773332595825195,12.773332595825195,12.773332595825195
26-01-2006,12.813265800476074,12.813265800476074,57265.0,13.220000267028809,13.220000267028809,13.220000267028809
27-01-2006,13.260000228881836,13.260000228881836,47484.0,13.533332824707031,13.399999618530273,13.399999618530273
30-01-2006,13.353333473205566,13.533332824707031,16413.0,13.533332824707031,13.433333396911621,13.433333396911621
31-01-2006,13.133333206176758,13.140000343322754,51153.0,13.613332748413086,13.539999961853027,13.539999961853027
01-02-2006,13.466666221618652,13.653332710266113,86715.0,13.91333293914795,13.766666412353516,13.766666412353516
02-02-2006,13.539999961853027,13.880000114440918,60372.0,13.920000076293945,13.893333435058594,13.893333435058594
03-02-2006,13.640000343322754,13.920000076293945,62289.0,14.226666450500488,14.046666145324707,14.046666145324707
06-02-2006,13.766666412353516,14.0600004196167,23934.0,14.0600004196167,14.0600004196167,14.0600004196167
07-02-2006,13.833399772644043,14.0600004196167,33918.0,14.0600004196167,13.926666259765625,13.926666259765625
08-02-2006,13.720000267028809,13.720000267028809,41460.0,14.546666145324707,14.426666259765625,14.426666259765625
09-02-2006,14.140000343322754,14.469332695007324,32016.0,14.553333282470703,14.333333015441895,14.333333015441895
10-02-2006,14.007332801818848,14.266666412353516,29256.0,14.539999961853027,14.300000190734863,14.300000190734863
13-02-2006,14.086666107177734,14.199999809265137,25779.0,14.312665939331055,14.146665573120117,14.146665573120117
14-02-2006,13.760000228881836,14.073332786560059,32706.0,14.119999885559082,14.033332824707031,14.033332824707031
15-02-2006,13.486665725708008,14.046666145324707,63891.0,14.046666145324707,13.979999542236328,13.979999542236328
16-02-2006,13.886666297912598,14.0,62208.0,14.273332595825195,14.140000343322754,14.140000343322754
17-02-2006,14.226666450500488,14.34000015258789,84792.0,14.44666576385498,14.233332633972168,14.233332633972168
21-02-2006,13.933333396911621,14.366665840148926,38967.0,14.366665840148926,14.09333324432373,14.09333324432373
22-02-2006,13.966666221618652,14.246665954589844,26913.0,14.332666397094727,14.306666374206543,14.306666374206543
23-02-2006,14.0,14.25666618347168,11502.0,14.25666618347168,14.039999961853027,14.039999961853027
24-02-2006,14.00666618347168,14.00666618347168,32322.0,14.553333282470703,14.539999961853027,14.539999961853027
27-02-2006,14.460000038146973,14.460000038146973,36027.0,14.646665573120117,14.566665649414062,14.566665649414062
28-02-2006,14.426666259765625,14.426666259765625,18645.0,14.686665534973145,14.673333168029785,14.673333168029785
01-03-2006,14.286665916442871,14.553333282470703,24393.0,14.673333168029785,14.60666561126709,14.60666561126709
02-03-2006,14.126666069030762,14.686665534973145,29340.0,14.686665534973145,14.333333015441895,14.333333015441895
03-03-2006,14.09333324432373,14.399999618530273,25137.0,14.399999618530273,14.15999984741211,14.15999984741211
06-03-2006,13.800000190734863,14.066665649414062,36081.0,14.213333129882812,14.10666561126709,14.10666561126709
07-03-2006,13.819999694824219,13.94666576385498,41304.0,14.15999984741211,13.866665840148926,13.866665840148926
08-03-2006,13.773332595825195,13.833333015441895,49602.0,14.640000343322754,14.306666374206543,14.306666374206543
09-03-2006,13.806666374206543,14.319999694824219,46791.0,14.733332633972168,14.19333267211914,14.19333267211914
10-03-2006,13.953332901000977,13.960000038146973,63357.0,14.813332557678223,14.393333435058594,14.393333435058594
13-03-2006,13.613332748413086,14.286665916442871,78198.0,14.473333358764648,13.833333015441895,13.833333015441895
14-03-2006,13.653332710266113,13.866665840148926,63399.0,14.65999984741211,14.633333206176758,14.633333206176758
15-03-2006,14.433333396911621,14.706665992736816,18282.0,14.733332633972168,14.65999984741211,14.65999984741211
16-03-2006,14.34000015258789,14.733332633972168,28698.0,14.766666412353516,14.640000343322754,14.640000343322754
17-03-2006,14.546666145324707,14.65999984741211,119145.0,14.9399995803833,14.773332595825195,14.773332595825195
20-03-2006,14.266666412353516,14.666666030883789,72984.0,14.819999694824219,14.65999984741211,14.65999984741211
21-03-2006,13.699999809265137,13.699999809265137,89394.0,14.833333015441895,14.666666030883789,14.666666030883789
22-03-2006,13.933333396911621,14.533332824707031,81261.0,14.933333396911621,14.113332748413086,14.113332748413086
23-03-2006,13.986665725708008,14.020000457763672,43194.0,14.226666450500488,14.046666145324707,14.046666145324707
24-03-2006,13.979999542236328,14.0,32367.0,14.226666450500488,14.079999923706055,14.079999923706055
27-03-2006,13.920000076293945,14.079999923706055,46353.0,14.300000190734863,14.10666561126709,14.10666561126709
28-03-2006,13.91333293914795,13.996665954589844,48522.0,14.233332633972168,14.133333206176758,14.133333206176758
29-03-2006,13.91333293914795,14.0,45594.0,14.493332862854004,14.333333015441895,14.333333015441895
30-03-2006,14.333333015441895,14.333333015441895,43566.0,15.100000381469727,14.926666259765625,14.926666259765625
31-03-2006,14.813332557678223,15.033332824707031,55641.0,15.119999885559082,15.086666107177734,15.086666107177734
03-04-2006,14.50666618347168,15.133333206176758,68235.0,15.246665954589844,14.69333267211914,14.69333267211914
04-04-2006,14.59333324432373,14.59333324432373,74697.0,15.286665916442871,14.653332710266113,14.653332710266113
05-04-2006,14.733332633972168,14.733332633972168,25284.0,15.033332824707031,14.933333396911621,14.933333396911621
06-04-2006,14.765999794006348,14.800000190734863,41385.0,15.239999771118164,15.086666107177734,15.086666107177734
07-04-2006,14.760000228881836,15.100000381469727,43986.0,15.140000343322754,15.086666107177734,15.086666107177734
10-04-2006,14.779999732971191,14.779999732971191,54177.0,15.546666145324707,15.026665687561035,15.026665687561035
11-04-2006,14.873332977294922,15.133333206176758,47451.0,15.293333053588867,14.933333396911621,14.933333396911621
12-04-2006,14.866665840148926,14.866665840148926,55197.0,15.213333129882812,15.046666145324707,15.046666145324707
13-04-2006,14.91333293914795,15.133333206176758,24792.0,15.266666412353516,15.133333206176758,15.133333206176758
17-04-2006,14.533332824707031,15.10666561126709,119238.0,15.199999809265137,14.960000038146973,14.960000038146973
18-04-2006,14.699999809265137,15.10666561126709,65160.0,15.133333206176758,14.966666221618652,14.966666221618652
19-04-2006,15.00666618347168,15.00666618347168,32577.0,15.293333053588867,15.293333053588867,15.293333053588867
20-04-2006,15.213333129882812,15.213333129882812,10305.0,15.566665649414062,15.399999618530273,15.399999618530273
21-04-2006,14.600000381469727,15.619999885559082,70779.0,15.666666030883789,15.286665916442871,15.286665916442871
24-04-2006,14.739999771118164,15.359999656677246,49182.0,15.359999656677246,14.819999694824219,14.819999694824219
25-04-2006,14.5,14.933333396911621,36591.0,14.933333396911621,14.833333015441895,14.833333015441895
26-04-2006,14.886666297912598,14.933333396911621,25251.0,15.359999656677246,15.260000228881836,15.260000228881836
27-04-2006,14.686665534973145,15.359999656677246,25128.0,15.359999656677246,14.75333309173584,14.75333309173584
28-04-2006,14.613265991210938,14.613265991210938,30766.0,15.313332557678223,15.313332557678223,15.313332557678223
01-05-2006,14.819999694824219,15.380000114440918,53232.0,15.666666030883789,15.079999923706055,15.079999923706055
02-05-2006,14.706665992736816,15.033332824707031,34620.0,15.046666145324707,15.033332824707031,15.033332824707031
03-05-2006,14.779999732971191,14.966666221618652,13587.0,15.19333267211914,15.126666069030762,15.126666069030762
04-05-2006,15.039999961853027,15.039999961853027,33534.0,15.239999771118164,15.213333129882812,15.213333129882812
05-05-2006,14.906665802001953,15.289999961853027,39153.0,15.319999694824219,15.053333282470703,15.053333282470703
08-05-2006,14.546666145324707,14.926666259765625,45813.0,15.34000015258789,15.10666561126709,15.10666561126709
09-05-2006,15.0,15.00666618347168,19344.0,15.226666450500488,15.09333324432373,15.09333324432373
10-05-2006,14.813332557678223,14.973333358764648,416646.0,15.213333129882812,15.053333282470703,15.053333282470703
11-05-2006,15.0,15.153332710266113,37461.0,15.213266372680664,15.213266372680664,15.213266372680664
12-05-2006,14.666666030883789,14.926666259765625,36981.0,15.066665649414062,14.726666450500488,14.726666450500488
15-05-2006,14.579999923706055,14.666666030883789,32664.0,15.233332633972168,15.026665687561035,15.026665687561035
16-05-2006,14.986665725708008,14.986665725708008,83355.0,15.573332786560059,15.319999694824219,15.319999694824219
17-05-2006,15.140000343322754,15.199999809265137,75528.0,15.893333435058594,15.233332633972168,15.233332633972168
18-05-2006,15.333333015441895,15.34666633605957,93297.0,15.886666297912598,15.479999542236328,15.479999542236328
19-05-2006,14.619999885559082,15.326665878295898,72738.0,15.453332901000977,14.826665878295898,14.826665878295898
22-05-2006,14.733332633972168,14.733332633972168,50853.0,15.34666633605957,14.926666259765625,14.926666259765625
23-05-2006,14.826665878295898,15.153332710266113,45961.0,15.815600395202637,14.899999618530273,14.899999618530273
24-05-2006,14.699999809265137,14.906665802001953,86655.0,15.91333293914795,15.173333168029785,15.173333168029785
25-05-2006,14.9399995803833,15.286665916442871,89778.0,15.933333396911621,15.286665916442871,15.286665916442871
26-05-2006,15.326665878295898,15.326665878295898,72366.0,15.926666259765625,15.733332633972168,15.733332633972168
30-05-2006,15.479999542236328,15.733332633972168,66894.0,15.739999771118164,15.699999809265137,15.699999809265137
31-05-2006,15.59333324432373,15.75333309173584,107163.0,16.133333206176758,16.106666564941406,16.106666564941406
01-06-2006,16.139999389648438,16.16666603088379,90345.0,16.719999313354492,16.66666603088379,16.66666603088379
02-06-2006,16.6200008392334,16.68666648864746,51531.0,16.68666648864746,16.68666648864746,16.68666648864746
05-06-2006,16.17333221435547,16.66666603088379,120325.0,16.8266658782959,16.239999771118164,16.239999771118164
06-06-2006,16.18000030517578,16.18000030517578,193447.0,16.66666603088379,16.66666603088379,16.66666603088379
07-06-2006,16.50666618347168,16.50666618347168,96735.0,17.206666946411133,16.713333129882812,16.713333129882812
08-06-2006,16.34000015258789,16.753332138061523,182436.0,17.059999465942383,16.713333129882812,16.713333129882812
09-06-2006,16.54666519165039,16.65333366394043,95484.0,16.786666870117188,16.606666564941406,16.606666564941406
12-06-2006,15.673333168029785,16.50666618347168,105084.0,16.573333740234375,15.720000267028809,15.720000267028809
13-06-2006,15.386666297912598,15.600000381469727,145885.0,16.246665954589844,15.420000076293945,15.420000076293945
14-06-2006,15.166666030883789,15.366665840148926,96147.0,15.819999694824219,15.34000015258789,15.34000015258789
15-06-2006,15.373332977294922,15.373332977294922,142485.0,15.933333396911621,15.933333396911621,15.933333396911621
16-06-2006,15.19333267211914,15.646665573120117,235446.0,15.899999618530273,15.4399995803833,15.4399995803833
19-06-2006,15.039999961853027,15.353333473205566,163782.0,15.933333396911621,15.126666069030762,15.126666069030762
20-06-2006,14.746665954589844,15.066665649414062,125898.0,15.333333015441895,15.286665916442871,15.286665916442871
21-06-2006,15.053333282470703,15.293333053588867,67242.0,15.333333015441895,15.166666030883789,15.166666030883789
22-06-2006,15.046666145324707,15.046666145324707,70365.0,15.173333168029785,15.173333168029785,15.173333168029785
23-06-2006,14.986733436584473,14.986733436584473,133416.0,15.373332977294922,15.373332977294922,15.373332977294922
26-06-2006,15.113332748413086,15.113332748413086,113973.0,15.773332595825195,15.75333309173584,15.75333309173584
27-06-2006,15.539999961853027,15.813332557678223,314328.0,16.606666564941406,16.15333366394043,16.15333366394043
28-06-2006,16.086666107177734,16.266666412353516,152859.0,16.66666603088379,16.600000381469727,16.600000381469727
29-06-2006,16.16666603088379,16.600000381469727,160158.0,16.926666259765625,16.700000762939453,16.700000762939453
30-06-2006,16.426666259765625,16.893333435058594,277674.0,16.893333435058594,16.873332977294922,16.873332977294922
03-07-2006,16.626665115356445,16.959999084472656,73971.0,17.293333053588867,17.293333053588867,17.293333053588867
05-07-2006,17.0,17.0,133605.0,17.360000610351562,17.360000610351562,17.360000610351562
06-07-2006,17.17333221435547,17.320066452026367,207456.0,17.426666259765625,17.426666259765625,17.426666259765625
07-07-2006,16.959999084472656,17.04666519165039,176547.0,17.6200008392334,17.260000228881836,17.260000228881836
10-07-2006,17.133333206176758,17.479999542236328,99009.0,17.586666107177734,17.15333366394043,17.15333366394043
11-07-2006,16.893333435058594,17.139999389648438,176790.0,17.47333335876465,17.426666259765625,17.426666259765625
12-07-2006,17.246665954589844,17.51333236694336,129255.0,17.806665420532227,17.393333435058594,17.393333435058594
13-07-2006,16.946666717529297,17.3266658782959,75945.0,17.600000381469727,17.266666412353516,17.266666412353516
14-07-2006,16.906665802001953,17.15999984741211,69648.0,17.34000015258789,16.906665802001953,16.906665802001953
17-07-2006,16.466665267944336,17.0,81132.0,17.145999908447266,16.49333381652832,16.49333381652832
18-07-2006,16.206666946411133,16.60333251953125,44010.0,16.8799991607666,16.3266658782959,16.3266658782959
19-07-2006,16.280000686645508,16.280000686645508,117897.0,16.780000686645508,16.579999923706055,16.579999923706055
20-07-2006,16.56673240661621,16.69333267211914,186064.0,16.83340072631836,16.83340072631836,16.83340072631836
21-07-2006,16.219999313354492,16.486665725708008,96180.0,16.65999984741211,16.626665115356445,16.626665115356445
24-07-2006,16.81333351135254,16.81333351135254,136725.0,17.19333267211914,17.059999465942383,17.059999465942383
25-07-2006,17.00666618347168,17.00666618347168,90801.0,17.66666603088379,17.3266658782959,17.3266658782959
26-07-2006,16.833332061767578,17.226665496826172,90999.0,17.233333587646484,16.979999542236328,16.979999542236328
27-07-2006,16.739999771118164,17.146665573120117,32781.0,17.146665573120117,16.780000686645508,16.780000686645508
28-07-2006,16.8799991607666,16.893333435058594,44220.0,17.3799991607666,17.273332595825195,17.273332595825195
31-07-2006,16.926666259765625,16.933332443237305,65733.0,17.333332061767578,17.239999771118164,17.239999771118164
01-08-2006,17.1200008392334,17.226665496826172,51612.0,17.599933624267578,17.333332061767578,17.333332061767578
02-08-2006,17.280000686645508,17.280000686645508,425715.0,17.866666793823242,17.713333129882812,17.713333129882812
03-08-2006,17.579999923706055,17.726665496826172,85815.0,18.126665115356445,18.02666664123535,18.02666664123535
04-08-2006,17.899999618530273,18.066665649414062,61005.0,18.233333587646484,17.986665725708008,17.986665725708008
07-08-2006,17.8533992767334,17.8533992767334,56326.0,18.040000915527344,18.040000915527344,18.040000915527344
08-08-2006,17.65333366394043,18.0,198337.0,18.239999771118164,17.773332595825195,17.773332595825195
09-08-2006,17.459999084472656,17.793333053588867,94041.0,17.893333435058594,17.613332748413086,17.613332748413086
10-08-2006,17.35333251953125,17.633333206176758,103998.0,17.773332595825195,17.606666564941406,17.606666564941406
11-08-2006,17.19333267211914,17.633333206176758,68682.0,17.68000030517578,17.266666412353516,17.266666412353516
14-08-2006,15.59333324432373,17.206666946411133,307416.0,17.226665496826172,16.139999389648438,16.139999389648438
15-08-2006,16.253332138061523,16.360000610351562,128763.0,16.606666564941406,16.360000610351562,16.360000610351562
16-08-2006,15.960000038146973,16.393333435058594,140790.0,16.626665115356445,16.540000915527344,16.540000915527344
17-08-2006,15.626666069030762,16.47333335876465,127608.0,16.49333381652832,16.093332290649414,16.093332290649414
18-08-2006,16.04666519165039,16.200000762939453,60558.0,16.520000457763672,16.479999542236328,16.479999542236328
21-08-2006,16.226665496826172,16.226665496826172,118357.0,16.626665115356445,16.626665115356445,16.626665115356445
22-08-2006,15.613332748413086,15.613332748413086,336591.0,17.093332290649414,16.899999618530273,16.899999618530273
23-08-2006,16.413333892822266,16.959999084472656,210966.0,17.093332290649414,16.479999542236328,16.479999542236328
24-08-2006,16.126665115356445,16.459999084472656,347397.0,16.966665267944336,16.773332595825195,16.773332595825195
25-08-2006,16.49333381652832,16.68000030517578,220506.0,17.34000015258789,17.133333206176758,17.133333206176758
28-08-2006,17.18673324584961,17.18673324584961,124318.0,17.653400421142578,17.653400421142578,17.653400421142578
29-08-2006,17.226665496826172,17.246665954589844,198267.0,17.8266658782959,17.573333740234375,17.573333740234375
30-08-2006,17.520065307617188,17.520065307617188,112639.0,18.293333053588867,18.293333053588867,18.293333053588867
31-08-2006,17.49333381652832,18.16666603088379,195621.0,18.5,17.97333335876465,17.97333335876465
01-09-2006,17.780000686645508,18.0,83529.0,18.233333587646484,17.786666870117188,17.786666870117188
05-09-2006,17.626665115356445,17.733333587646484,162084.0,18.280000686645508,17.97333335876465,17.97333335876465
06-09-2006,17.633333206176758,17.866666793823242,176802.0,18.253332138061523,17.726665496826172,17.726665496826172
07-09-2006,17.54666519165039,17.54666519165039,137853.0,18.440000534057617,18.139999389648438,18.139999389648438
08-09-2006,17.920000076293945,18.02666664123535,165309.0,18.766666412353516,18.753332138061523,18.753332138061523
11-09-2006,18.366666793823242,18.66666603088379,89523.0,18.84000015258789,18.713333129882812,18.713333129882812
12-09-2006,18.579999923706055,18.6200008392334,84609.0,19.299999237060547,19.299999237060547,19.299999237060547
13-09-2006,19.146665573120117,19.333332061767578,259101.0,19.99333381652832,19.940000534057617,19.940000534057617
14-09-2006,19.299999237060547,19.946666717529297,91284.0,20.16666603088379,19.459999084472656,19.459999084472656
15-09-2006,19.333332061767578,19.566665649414062,186852.0,19.893333435058594,19.66666603088379,19.66666603088379
18-09-2006,19.466665267944336,19.466665267944336,188445.0,20.293333053588867,20.139999389648438,20.139999389648438
19-09-2006,20.0,20.113332748413086,236712.0,20.719999313354492,20.713333129882812,20.713333129882812
20-09-2006,20.51333236694336,20.726665496826172,225357.0,21.16666603088379,21.139999389648438,21.139999389648438
21-09-2006,21.120065689086914,21.226665496826172,135780.0,21.333332061767578,21.333332061767578,21.333332061767578
22-09-2006,21.0,21.03333282470703,135066.0,21.406665802001953,21.19333267211914,21.19333267211914
25-09-2006,20.719999313354492,20.959999084472656,199464.0,21.360000610351562,20.746665954589844,20.746665954589844
26-09-2006,20.50666618347168,20.68666648864746,204789.0,20.833332061767578,20.606666564941406,20.606666564941406
27-09-2006,20.50006675720215,20.50006675720215,181636.0,20.860000610351562,20.860000610351562,20.860000610351562
28-09-2006,20.38666534423828,20.739999771118164,116211.0,20.933332443237305,20.66666603088379,20.66666603088379
29-09-2006,20.479999542236328,20.593332290649414,362631.0,20.793333053588867,20.586666107177734,20.586666107177734
02-10-2006,20.34666633605957,20.479999542236328,197640.0,20.833332061767578,20.780000686645508,20.780000686645508
03-10-2006,20.573333740234375,20.793333053588867,115890.0,20.866666793823242,20.766666412353516,20.766666412353516
04-10-2006,20.66666603088379,20.88666534423828,285159.0,20.926666259765625,20.84000015258789,20.84000015258789
05-10-2006,20.780000686645508,20.780000686645508,270960.0,21.053333282470703,21.020000457763672,21.020000457763672
06-10-2006,20.920066833496094,20.920066833496094,123210.0,21.553333282470703,21.553333282470703,21.553333282470703
09-10-2006,21.280000686645508,21.3266658782959,69969.0,21.806665420532227,21.68666648864746,21.68666648864746
10-10-2006,21.68666648864746,21.84000015258789,137265.0,22.200000762939453,22.04666519165039,22.04666519165039
11-10-2006,21.67333221435547,22.040000915527344,60426.0,22.093332290649414,21.899999618530273,21.899999618530273
12-10-2006,21.99333381652832,21.99333381652832,186093.0,22.600000381469727,22.600000381469727,22.600000381469727
13-10-2006,22.3799991607666,22.49333381652832,78510.0,22.8266658782959,22.746665954589844,22.746665954589844
16-10-2006,22.5,22.67333221435547,198822.0,23.306665420532227,23.16666603088379,23.16666603088379
17-10-2006,22.65999984741211,23.253332138061523,139467.0,23.393333435058594,23.286666870117188,23.286666870117188
18-10-2006,22.600000381469727,23.35333251953125,119433.0,23.406665802001953,22.866666793823242,22.866666793823242
19-10-2006,22.753332138061523,22.753332138061523,247239.0,23.56673240661621,23.56673240661621,23.56673240661621
20-10-2006,22.959999084472656,23.266666412353516,141318.0,23.739999771118164,23.520000457763672,23.520000457763672
23-10-2006,23.19333267211914,23.393333435058594,69108.0,23.746665954589844,23.38666534423828,23.38666534423828
24-10-2006,23.239999771118164,23.253332138061523,98433.0,23.88666534423828,23.746665954589844,23.746665954589844
25-10-2006,23.806665420532227,23.806665420532227,211969.0,24.466665267944336,24.466665267944336,24.466665267944336
26-10-2006,24.273332595825195,24.49333381652832,244356.0,25.17333221435547,25.17333221435547,25.17333221435547
27-10-2006,24.16666603088379,25.18666648864746,95172.0,25.18666648864746,24.16666603088379,24.16666603088379
30-10-2006,23.986665725708008,24.15999984741211,56571.0,24.49333381652832,24.219999313354492,24.219999313354492
31-10-2006,24.100000381469727,24.15333366394043,101736.0,24.773332595825195,24.373332977294922,24.373332977294922
01-11-2006,23.34666633605957,24.5,87351.0,24.50666618347168,23.426666259765625,23.426666259765625
02-11-2006,22.81333351135254,23.219999313354492,57258.0,23.31999969482422,23.139999389648438,23.139999389648438
03-11-2006,23.15333366394043,23.15333366394043,120169.0,23.88666534423828,23.88666534423828,23.88666534423828
06-11-2006,23.8799991607666,23.8799991607666,46011.0,24.553333282470703,24.440000534057617,24.440000534057617
07-11-2006,24.360000610351562,24.5,72403.0,25.176799774169922,24.360000610351562,24.360000610351562
08-11-2006,24.200000762939453,24.333332061767578,66987.0,24.573333740234375,24.573333740234375,24.573333740234375
09-11-2006,23.906665802001953,24.52666664123535,77238.0,24.84000015258789,24.260000228881836,24.260000228881836
10-11-2006,24.15999984741211,24.426666259765625,72270.0,24.626665115356445,24.420000076293945,24.420000076293945
13-11-2006,24.226665496826172,24.333332061767578,51138.0,24.540000915527344,24.459999084472656,24.459999084472656
14-11-2006,24.15333366394043,24.399999618530273,79656.0,25.03333282470703,25.02666664123535,25.02666664123535
15-11-2006,25.100000381469727,25.100000381469727,75900.0,25.53333282470703,25.3266658782959,25.3266658782959
16-11-2006,24.299999237060547,25.31333351135254,160161.0,25.31333351135254,24.479999542236328,24.479999542236328
17-11-2006,24.333332061767578,24.453332901000977,78657.0,24.81333351135254,24.773332595825195,24.773332595825195
20-11-2006,24.5,24.579999923706055,90243.0,25.366666793823242,25.00666618347168,25.00666618347168
21-11-2006,24.040000915527344,26.52666664123535,755604.0,26.986665725708008,24.479999542236328,24.479999542236328
22-11-2006,24.040000915527344,24.600000381469727,173367.0,25.1200008392334,24.67333221435547,24.67333221435547
24-11-2006,24.486665725708008,24.486665725708008,147837.0,25.719999313354492,25.213333129882812,25.213333129882812
27-11-2006,25.139999389648438,25.333332061767578,192114.0,25.53333282470703,25.19333267211914,25.19333267211914
28-11-2006,25.15999984741211,25.18666648864746,213933.0,25.799999237060547,25.53333282470703,25.53333282470703
29-11-2006,25.3266658782959,25.68000030517578,222333.0,25.946666717529297,25.3799991607666,25.3799991607666
30-11-2006,25.2275333404541,25.47333335876465,199458.0,25.899999618530273,25.299999237060547,25.299999237060547
01-12-2006,24.953332901000977,25.413333892822266,284769.0,25.920000076293945,25.54666519165039,25.54666519165039
04-12-2006,25.613265991210938,25.613265991210938,215056.0,26.99333381652832,26.99333381652832,26.99333381652832
05-12-2006,26.81333351135254,26.81333351135254,170805.0,27.239999771118164,27.066665649414062,27.066665649414062
06-12-2006,26.940000534057617,27.1200008392334,98841.0,27.626665115356445,27.393333435058594,27.393333435058594
07-12-2006,27.446666717529297,27.540000915527344,165300.0,27.81999969482422,27.81999969482422,27.81999969482422
08-12-2006,27.260000228881836,27.479999542236328,107232.0,27.926666259765625,27.600000381469727,27.600000381469727
11-12-2006,27.19333267211914,27.600000381469727,143175.0,27.66666603088379,27.31333351135254,27.31333351135254
12-12-2006,27.31333351135254,27.479999542236328,236712.0,27.8266658782959,27.553333282470703,27.553333282470703
13-12-2006,27.399999618530273,27.65333366394043,146391.0,27.986665725708008,27.426666259765625,27.426666259765625
14-12-2006,27.420000076293945,27.52666664123535,182604.0,27.926666259765625,27.81999969482422,27.81999969482422
15-12-2006,27.926666259765625,27.959999084472656,188235.0,28.31333351135254,28.17333221435547,28.17333221435547
18-12-2006,27.833332061767578,28.280000686645508,163152.0,28.49333381652832,27.966665267944336,27.966665267944336
19-12-2006,27.626665115356445,27.959999084472656,196275.0,28.31999969482422,27.726665496826172,27.726665496826172
20-12-2006,27.446666717529297,27.626665115356445,134889.0,28.1200008392334,27.906665802001953,27.906665802001953
21-12-2006,27.65999984741211,27.8799991607666,104442.0,28.293333053588867,27.873332977294922,27.873332977294922
22-12-2006,27.65333366394043,27.979999542236328,119916.0,28.206666946411133,27.85333251953125,27.85333251953125
26-12-2006,27.479999542236328,27.760000228881836,131400.0,27.85333251953125,27.786666870117188,27.786666870117188
27-12-2006,27.726665496826172,27.799999237060547,98175.0,27.99333381652832,27.899999618530273,27.899999618530273
28-12-2006,27.366666793823242,27.81333351135254,100956.0,27.986665725708008,27.399999618530273,27.399999618530273
29-12-2006,27.293333053588867,27.433332443237305,76920.0,27.53333282470703,27.333332061767578,27.333332061767578
03-01-2007,26.639999389648438,27.770000457763672,171344.0,27.770000457763672,27.170000076293945,27.170000076293945
04-01-2007,25.959999084472656,27.190000534057617,284099.0,27.209999084472656,26.350000381469727,26.350000381469727
05-01-2007,25.950000762939453,26.360000610351562,160678.0,26.43000030517578,26.43000030517578,26.43000030517578
08-01-2007,25.700000762939453,26.040000915527344,131591.0,26.93000030517578,26.81999969482422,26.81999969482422
09-01-2007,26.770000457763672,26.770000457763672,123471.0,27.200000762939453,27.0,27.0
10-01-2007,25.950000762939453,26.889999389648438,104561.0,27.100000381469727,26.969999313354492,26.969999313354492
11-01-2007,26.959999084472656,27.059999465942383,115383.0,27.649999618530273,27.440000534057617,27.440000534057617
12-01-2007,27.139999389648438,27.329999923706055,55357.0,27.510000228881836,27.510000228881836,27.510000228881836
16-01-2007,27.299999237060547,27.299999237060547,115819.0,27.530000686645508,27.530000686645508,27.530000686645508
17-01-2007,26.84000015258789,27.149999618530273,79493.0,27.34000015258789,27.34000015258789,27.34000015258789
18-01-2007,26.280000686645508,26.549999237060547,125565.0,27.299999237060547,26.600000381469727,26.600000381469727
19-01-2007,26.6299991607666,26.6299991607666,67333.0,26.75,26.75,26.75
22-01-2007,25.530000686645508,26.709999084472656,208073.0,26.75,26.3700008392334,26.3700008392334
23-01-2007,26.149999618530273,26.239999771118164,170421.0,27.40999984741211,27.229999542236328,27.229999542236328
24-01-2007,27.049999237060547,27.350000381469727,83455.0,27.93000030517578,27.780000686645508,27.780000686645508
25-01-2007,26.90999984741211,27.8700008392334,106315.0,28.06999969482422,27.030000686645508,27.030000686645508
26-01-2007,26.579999923706055,27.139999389648438,70090.0,27.170000076293945,27.06999969482422,27.06999969482422
29-01-2007,26.940000534057617,27.18000030517578,205955.0,29.190000534057617,28.950000762939453,28.950000762939453
30-01-2007,28.780000686645508,28.959999084472656,143148.0,29.399999618530273,29.3799991607666,29.3799991607666
31-01-2007,29.43000030517578,29.489999771118164,160313.0,30.1299991607666,30.09000015258789,30.09000015258789
01-02-2007,29.469999313354492,30.25,104609.0,30.360000610351562,29.5,29.5
02-02-2007,29.280000686645508,29.520000457763672,71102.0,30.260000228881836,30.190000534057617,30.190000534057617
05-02-2007,29.389999389648438,30.110000610351562,115441.0,30.200000762939453,29.440000534057617,29.440000534057617
06-02-2007,29.450000762939453,29.579999923706055,123573.0,30.280000686645508,29.739999771118164,29.739999771118164
07-02-2007,29.739999771118164,29.739999771118164,82992.0,30.25,30.09000015258789,30.09000015258789
08-02-2007,29.899999618530273,30.149999618530273,61145.0,30.149999618530273,30.149999618530273,30.149999618530273
09-02-2007,29.6299991607666,29.8700008392334,74840.0,30.139999389648438,30.139999389648438,30.139999389648438
12-02-2007,29.639999389648438,29.729999542236328,107825.0,30.389999389648438,30.290000915527344,30.290000915527344
13-02-2007,30.350000381469727,30.440000534057617,109389.0,31.31999969482422,31.209999084472656,31.209999084472656
14-02-2007,30.540000915527344,31.309999465942383,130405.0,31.5,31.170000076293945,31.170000076293945
15-02-2007,30.8799991607666,31.190000534057617,46930.0,31.3700008392334,31.079999923706055,31.079999923706055
16-02-2007,30.34000015258789,31.110000610351562,49508.0,31.459999084472656,31.440000534057617,31.440000534057617
20-02-2007,30.75,31.299999237060547,72424.0,31.989999771118164,31.670000076293945,31.670000076293945
21-02-2007,31.530000686645508,31.530000686645508,93000.0,32.29999923706055,32.29999923706055,32.29999923706055
22-02-2007,31.229999542236328,32.150001525878906,79775.0,32.150001525878906,31.850000381469727,31.850000381469727
23-02-2007,31.459999084472656,31.889999389648438,27383.0,32.060001373291016,31.940000534057617,31.940000534057617
26-02-2007,31.13599967956543,32.369998931884766,76601.0,32.459999084472656,31.790000915527344,31.790000915527344
27-02-2007,30.579999923706055,31.290000915527344,336165.0,31.68000030517578,31.219999313354492,31.219999313354492
28-02-2007,30.549999237060547,31.1299991607666,101309.0,31.1299991607666,31.1299991607666,31.1299991607666
01-03-2007,29.5,30.399999618530273,72384.0,31.440000534057617,31.040000915527344,31.040000915527344
02-03-2007,30.209999084472656,30.959999084472656,98208.0,31.3799991607666,30.309999465942383,30.309999465942383
05-03-2007,28.860000610351562,30.049999237060547,185129.0,30.770000457763672,28.920000076293945,28.920000076293945
06-03-2007,29.059999465942383,29.059999465942383,135339.0,30.100000381469727,29.84000015258789,29.84000015258789
07-03-2007,29.8799991607666,29.8799991607666,152859.0,30.549999237060547,30.549999237060547,30.549999237060547
08-03-2007,30.110000610351562,30.110000610351562,61779.0,30.969999313354492,30.969999313354492,30.969999313354492
09-03-2007,30.219999313354492,30.979999542236328,49039.0,31.049999237060547,30.889999389648438,30.889999389648438
12-03-2007,30.729999542236328,30.770000457763672,69080.0,31.639999389648438,31.309999465942383,31.309999465942383
13-03-2007,29.940000534057617,31.270000457763672,80126.0,31.270000457763672,30.040000915527344,30.040000915527344
14-03-2007,30.0,30.0,72072.0,30.530000686645508,30.530000686645508,30.530000686645508
15-03-2007,30.190000534057617,30.190000534057617,51220.0,30.329999923706055,30.329999923706055,30.329999923706055
16-03-2007,29.729999542236328,30.229999542236328,106918.0,30.3799991607666,30.219999313354492,30.219999313354492
19-03-2007,30.450000762939453,30.450000762939453,118195.0,32.2400016784668,32.2400016784668,32.2400016784668
20-03-2007,31.90999984741211,33.54999923706055,264214.0,33.7400016784668,33.650001525878906,33.650001525878906
21-03-2007,31.940000534057617,33.83000183105469,122213.0,33.83000183105469,32.779998779296875,32.779998779296875
22-03-2007,31.309999465942383,32.959999084472656,206157.0,32.959999084472656,32.060001373291016,32.060001373291016
23-03-2007,31.93000030517578,32.005001068115234,112233.0,32.45000076293945,32.45000076293945,32.45000076293945
26-03-2007,31.790000915527344,31.790000915527344,117956.0,33.7599983215332,33.7599983215332,33.7599983215332
27-03-2007,31.899999618530273,33.369998931884766,123864.0,33.369998931884766,32.56999969482422,32.56999969482422
28-03-2007,32.310001373291016,32.599998474121094,133846.0,32.83000183105469,32.83000183105469,32.83000183105469
29-03-2007,32.150001525878906,32.63999938964844,66513.0,33.43000030517578,32.58000183105469,32.58000183105469
30-03-2007,31.700000762939453,32.58000183105469,98458.0,33.0,31.989999771118164,31.989999771118164
02-04-2007,32.02000045776367,32.02000045776367,170150.0,33.75,33.7400016784668,33.7400016784668
03-04-2007,33.560001373291016,33.939998626708984,128705.0,34.0,33.63999938964844,33.63999938964844
04-04-2007,33.060001373291016,33.63999938964844,64039.0,33.939998626708984,33.2400016784668,33.2400016784668
05-04-2007,32.720001220703125,33.310001373291016,69068.0,33.349998474121094,32.93000030517578,32.93000030517578
09-04-2007,32.70000076293945,32.88999938964844,56713.0,33.209999084472656,32.7599983215332,32.7599983215332
10-04-2007,32.86000061035156,32.86000061035156,71931.0,33.61000061035156,33.209999084472656,33.209999084472656
11-04-2007,32.25,33.209999084472656,79220.0,33.279998779296875,32.540000915527344,32.540000915527344
12-04-2007,32.400001525878906,32.400001525878906,173621.0,34.33000183105469,34.33000183105469,34.33000183105469
13-04-2007,33.15999984741211,34.29999923706055,54676.0,34.38999938964844,33.880001068115234,33.880001068115234
16-04-2007,33.63999938964844,33.95000076293945,81846.0,34.5,34.45000076293945,34.45000076293945
17-04-2007,33.380001068115234,34.400001525878906,96640.0,34.439998626708984,34.29999923706055,34.29999923706055
18-04-2007,33.2599983215332,34.119998931884766,110111.0,34.41999816894531,33.380001068115234,33.380001068115234
19-04-2007,32.58000183105469,33.099998474121094,87682.0,33.34000015258789,32.810001373291016,32.810001373291016
20-04-2007,32.529998779296875,33.2599983215332,83767.0,33.439998626708984,33.06999969482422,33.06999969482422
23-04-2007,33.09000015258789,33.09000015258789,48861.0,33.7599983215332,33.58000183105469,33.58000183105469
24-04-2007,32.650001525878906,33.560001373291016,55824.0,33.83000183105469,33.060001373291016,33.060001373291016
25-04-2007,33.279998779296875,33.279998779296875,183760.0,34.939998626708984,34.939998626708984,34.939998626708984
26-04-2007,33.45000076293945,34.31999969482422,115965.0,34.400001525878906,33.65999984741211,33.65999984741211
27-04-2007,33.0,33.59000015258789,66159.0,33.790000915527344,33.34000015258789,33.34000015258789
30-04-2007,33.11000061035156,33.529998779296875,104716.0,33.790000915527344,33.20000076293945,33.20000076293945
01-05-2007,32.02000045776367,32.88999938964844,200420.0,33.33000183105469,32.779998779296875,32.779998779296875
02-05-2007,32.459999084472656,32.72999954223633,100918.0,34.380001068115234,33.900001525878906,33.900001525878906
03-05-2007,33.45000076293945,33.970001220703125,97370.0,34.029998779296875,33.86000061035156,33.86000061035156
04-05-2007,33.470001220703125,34.099998474121094,109880.0,34.15999984741211,33.58000183105469,33.58000183105469
07-05-2007,33.40999984741211,33.52000045776367,59132.0,34.189998626708984,33.70000076293945,33.70000076293945
08-05-2007,33.099998474121094,33.41999816894531,62183.0,33.939998626708984,33.5,33.5
09-05-2007,33.130001068115234,33.130001068115234,86710.0,34.65999984741211,34.209999084472656,34.209999084472656
10-05-2007,33.099998474121094,33.93000030517578,71744.0,34.18000030517578,33.119998931884766,33.119998931884766
11-05-2007,33.0099983215332,33.130001068115234,68508.0,33.97999954223633,33.86000061035156,33.86000061035156
14-05-2007,33.029998779296875,33.849998474121094,70122.0,34.279998779296875,33.189998626708984,33.189998626708984
15-05-2007,32.69599914550781,33.77000045776367,186635.0,33.779998779296875,32.720001220703125,32.720001220703125
16-05-2007,32.880001068115234,32.880001068115234,116677.0,33.25,33.25,33.25
17-05-2007,32.470001220703125,33.040000915527344,83327.0,33.119998931884766,32.58000183105469,32.58000183105469
18-05-2007,32.70000076293945,32.75,131382.0,33.93000030517578,33.70000076293945,33.70000076293945
21-05-2007,33.75,33.869998931884766,179150.0,35.220001220703125,35.16999816894531,35.16999816894531
22-05-2007,33.0,34.560001373291016,289095.0,34.91999816894531,33.380001068115234,33.380001068115234
23-05-2007,32.880001068115234,33.52000045776367,214089.0,33.59989929199219,33.02000045776367,33.02000045776367
24-05-2007,30.639999389648438,33.18000030517578,218596.0,33.209999084472656,31.190000534057617,31.190000534057617
25-05-2007,30.809999465942383,31.209999084472656,179194.0,32.06999969482422,31.239999771118164,31.239999771118164
29-05-2007,30.719999313354492,31.139999389648438,175215.0,31.549999237060547,31.0,31.0
30-05-2007,29.540000915527344,30.59000015258789,287517.0,30.750099182128906,30.209999084472656,30.209999084472656
31-05-2007,30.270000457763672,30.270000457763672,204751.0,31.780000686645508,31.34000015258789,31.34000015258789
01-06-2007,31.459999084472656,31.579999923706055,170261.0,32.16999816894531,31.770000457763672,31.770000457763672
04-06-2007,31.670000076293945,31.700000762939453,135807.0,32.369998931884766,32.189998626708984,32.189998626708984
05-06-2007,30.639999389648438,31.959999084472656,225489.0,31.959999084472656,30.670000076293945,30.670000076293945
06-06-2007,29.420000076293945,30.31999969482422,312362.0,30.649999618530273,29.700000762939453,29.700000762939453
07-06-2007,29.510000228881836,29.510000228881836,412634.0,31.020000457763672,31.020000457763672,31.020000457763672
08-06-2007,30.139999389648438,30.600000381469727,116096.0,31.5,31.170000076293945,31.170000076293945
11-06-2007,30.65999984741211,31.030000686645508,152880.0,31.440000534057617,30.989999771118164,30.989999771118164
12-06-2007,29.440000534057617,30.75,138484.0,30.920000076293945,29.739999771118164,29.739999771118164
13-06-2007,29.59000015258789,29.59000015258789,146971.0,30.90999984741211,30.899999618530273,30.899999618530273
14-06-2007,30.940000534057617,30.940000534057617,373316.0,34.11000061035156,31.8799991607666,31.8799991607666
15-06-2007,31.219999313354492,32.459999084472656,172736.0,32.540000915527344,31.989999771118164,31.989999771118164
18-06-2007,31.459999084472656,31.950000762939453,110533.0,32.29999923706055,31.989999771118164,31.989999771118164
19-06-2007,31.34000015258789,31.850000381469727,138879.0,32.22999954223633,31.989999771118164,31.989999771118164
20-06-2007,30.969999313354492,32.0099983215332,80560.0,32.0099983215332,30.979999542236328,30.979999542236328
21-06-2007,30.459999084472656,30.8799991607666,58575.0,31.350000381469727,30.770000457763672,30.770000457763672
22-06-2007,29.719999313354492,30.670000076293945,150957.0,31.09000015258789,30.170000076293945,30.170000076293945
25-06-2007,28.649999618530273,30.100000381469727,171784.0,30.100000381469727,29.329999923706055,29.329999923706055
26-06-2007,28.15999984741211,29.43000030517578,184548.0,29.43000030517578,28.549999237060547,28.549999237060547
27-06-2007,28.360000610351562,28.360000610351562,346938.0,31.010000228881836,31.010000228881836,31.010000228881836
28-06-2007,30.899999618530273,31.06999969482422,299453.0,32.11000061035156,31.760000228881836,31.760000228881836
29-06-2007,31.700000762939453,31.940000534057617,198945.0,32.43000030517578,32.16999816894531,32.16999816894531
02-07-2007,32.0,32.0,200279.0,32.849998474121094,32.849998474121094,32.849998474121094
03-07-2007,32.54999923706055,33.70000076293945,110684.0,33.7599983215332,33.56999969482422,33.56999969482422
05-07-2007,31.959999084472656,33.540000915527344,105992.0,33.540000915527344,33.029998779296875,33.029998779296875
06-07-2007,32.880001068115234,33.09000015258789,72500.0,33.560001373291016,33.5,33.5
09-07-2007,32.779998779296875,33.529998779296875,97988.0,33.529998779296875,33.06999969482422,33.06999969482422
10-07-2007,32.220001220703125,32.880001068115234,84597.0,33.38999938964844,32.29999923706055,32.29999923706055
11-07-2007,31.5,32.08000183105469,143821.0,32.25,32.0099983215332,32.0099983215332
12-07-2007,31.479999542236328,32.209999084472656,67106.0,32.40999984741211,32.34000015258789,32.34000015258789
13-07-2007,31.56999969482422,32.22999954223633,56333.0,32.22999954223633,31.8799991607666,31.8799991607666
16-07-2007,31.139999389648438,31.690000534057617,155430.0,31.75,31.75,31.75
17-07-2007,31.200000762939453,31.610000610351562,80687.0,32.130001068115234,31.56999969482422,31.56999969482422
18-07-2007,31.049999237060547,31.329999923706055,106623.0,31.40999984741211,31.40999984741211,31.40999984741211
19-07-2007,30.40999984741211,31.229999542236328,97996.0,31.229999542236328,30.799999237060547,30.799999237060547
20-07-2007,29.899999618530273,30.68000030517578,69774.0,31.06999969482422,30.239999771118164,30.239999771118164
23-07-2007,29.959999084472656,30.600000381469727,110479.0,31.06999969482422,30.850000381469727,30.850000381469727
24-07-2007,29.170000076293945,30.469999313354492,113869.0,30.760000228881836,29.229999542236328,29.229999542236328
25-07-2007,28.440000534057617,29.489999771118164,195940.0,29.639999389648438,28.799999237060547,28.799999237060547
26-07-2007,26.40999984741211,28.219999313354492,199526.0,28.219999313354492,27.1299991607666,27.1299991607666
27-07-2007,26.5,27.040000915527344,158651.0,28.09000015258789,27.399999618530273,27.399999618530273
30-07-2007,25.610000610351562,26.75,242559.0,27.975000381469727,27.799999237060547,27.799999237060547
31-07-2007,28.059999465942383,28.170000076293945,486079.0,30.139999389648438,30.010000228881836,30.010000228881836
01-08-2007,28.1299991607666,29.799999237060547,249964.0,30.464000701904297,29.09000015258789,29.09000015258789
02-08-2007,28.280000686645508,29.139999389648438,118432.0,29.139999389648438,28.959999084472656,28.959999084472656
03-08-2007,27.34000015258789,28.81999969482422,114496.0,28.950000762939453,27.600000381469727,27.600000381469727
06-08-2007,25.790000915527344,27.790000915527344,213588.0,27.790000915527344,26.600000381469727,26.600000381469727
07-08-2007,26.360000610351562,26.360000610351562,228407.0,27.059999465942383,27.059999465942383,27.059999465942383
08-08-2007,24.959999084472656,27.229999542236328,865495.0,27.690000534057617,27.690000534057617,27.690000534057617
09-08-2007,26.690000534057617,26.950000762939453,326203.0,28.06999969482422,27.420000076293945,27.420000076293945
10-08-2007,26.280000686645508,26.280000686645508,421693.0,28.739999771118164,27.920000076293945,27.920000076293945
13-08-2007,27.760000228881836,28.260000228881836,301006.0,29.81999969482422,28.100000381469727,28.100000381469727
14-08-2007,26.25,27.959999084472656,270033.0,28.0,27.100000381469727,27.100000381469727
15-08-2007,26.0,27.110000610351562,135450.0,27.540000915527344,26.209999084472656,26.209999084472656
16-08-2007,25.200000762939453,26.05500030517578,317646.0,27.520000457763672,27.520000457763672,27.520000457763672
17-08-2007,27.360000610351562,27.84000015258789,213828.0,28.65999984741211,28.149999618530273,28.149999618530273
20-08-2007,28.25,28.450000762939453,318097.0,30.199899673461914,29.969999313354492,29.969999313354492
21-08-2007,28.75,32.040000915527344,923709.0,32.81999969482422,30.06999969482422,30.06999969482422
22-08-2007,28.690000534057617,30.420000076293945,400093.0,30.579999923706055,29.889999389648438,29.889999389648438
23-08-2007,27.81100082397461,30.09000015258789,248920.0,30.109800338745117,28.34000015258789,28.34000015258789
24-08-2007,27.729999542236328,28.299999237060547,399313.0,29.170000076293945,28.170000076293945,28.170000076293945
27-08-2007,27.829999923706055,28.200000762939453,253812.0,29.329999923706055,28.079999923706055,28.079999923706055
28-08-2007,27.09000015258789,27.84000015258789,150589.0,28.229999542236328,27.139999389648438,27.139999389648438
29-08-2007,26.719999313354492,27.299999237060547,141729.0,27.579999923706055,27.469999313354492,27.469999313354492
30-08-2007,26.549999237060547,27.040000915527344,199676.0,27.170000076293945,26.770000457763672,26.770000457763672
31-08-2007,26.450000762939453,27.239999771118164,182448.0,27.90999984741211,27.290000915527344,27.290000915527344
04-09-2007,26.860000610351562,27.280000686645508,286996.0,28.610000610351562,28.15999984741211,28.15999984741211
05-09-2007,27.799999237060547,27.979999542236328,204318.0,28.3799991607666,27.979999542236328,27.979999542236328
06-09-2007,27.520000457763672,28.1299991607666,164736.0,28.670000076293945,28.209999084472656,28.209999084472656
07-09-2007,27.049999237060547,27.649999618530273,165013.0,28.040000915527344,27.229999542236328,27.229999542236328
10-09-2007,26.25,27.280000686645508,281786.0,27.739999771118164,26.56999969482422,26.56999969482422
11-09-2007,26.799999237060547,26.81999969482422,281889.0,28.1200008392334,27.8799991607666,27.8799991607666
12-09-2007,26.25,26.510000228881836,236604.0,27.920000076293945,26.3799991607666,26.3799991607666
13-09-2007,26.3700008392334,26.59000015258789,246496.0,28.299999237060547,27.670000076293945,27.670000076293945
14-09-2007,26.850000381469727,27.290000915527344,136059.0,27.780000686645508,27.559999465942383,27.559999465942383
17-09-2007,27.479999542236328,27.540000915527344,149870.0,28.100000381469727,27.81999969482422,27.81999969482422
18-09-2007,27.530000686645508,28.030000686645508,172970.0,29.299999237060547,29.040000915527344,29.040000915527344
19-09-2007,28.719999313354492,29.280000686645508,153053.0,29.90999984741211,29.399999618530273,29.399999618530273
20-09-2007,28.440000534057617,29.399999618530273,137121.0,29.399999618530273,29.030000686645508,29.030000686645508
21-09-2007,28.899999618530273,29.350000381469727,154791.0,29.360000610351562,28.969999313354492,28.969999313354492
24-09-2007,28.68000030517578,28.940000534057617,196105.0,29.440000534057617,29.040000915527344,29.040000915527344
25-09-2007,27.459999084472656,28.8799991607666,163625.0,28.979999542236328,28.25,28.25
26-09-2007,27.940000534057617,28.34000015258789,137132.0,28.450000762939453,28.270000457763672,28.270000457763672
27-09-2007,27.950000762939453,28.450000762939453,196252.0,28.450000762939453,28.239999771118164,28.239999771118164
28-09-2007,27.530000686645508,28.270000457763672,205506.0,28.40999984741211,27.709999084472656,27.709999084472656
01-10-2007,27.260000228881836,27.760000228881836,229235.0,28.149999618530273,27.760000228881836,27.760000228881836
02-10-2007,26.799999237060547,27.850000381469727,197594.0,27.850000381469727,27.670000076293945,27.670000076293945
03-10-2007,26.81999969482422,27.459999084472656,207881.0,28.010000228881836,26.950000762939453,26.950000762939453
04-10-2007,26.549999237060547,27.389999389648438,202639.0,27.600000381469727,27.040000915527344,27.040000915527344
05-10-2007,26.799999237060547,27.31999969482422,153572.0,27.399999618530273,27.0,27.0
08-10-2007,25.84000015258789,26.899999618530273,227259.0,27.15999984741211,26.09000015258789,26.09000015258789
09-10-2007,25.31999969482422,26.270000457763672,223970.0,26.489999771118164,25.40999984741211,25.40999984741211
10-10-2007,24.860000610351562,25.43000030517578,172998.0,25.6200008392334,25.489999771118164,25.489999771118164
11-10-2007,24.549999237060547,25.56999969482422,141469.0,25.68000030517578,24.709999084472656,24.709999084472656
12-10-2007,23.950000762939453,24.700000762939453,103242.0,24.950000762939453,24.030000686645508,24.030000686645508
15-10-2007,22.850000381469727,24.170000076293945,247654.0,24.31999969482422,23.799999237060547,23.799999237060547
16-10-2007,22.43000030517578,23.690000534057617,305712.0,23.780000686645508,22.600000381469727,22.600000381469727
17-10-2007,22.75,22.860000610351562,179307.0,23.760000228881836,23.760000228881836,23.760000228881836
18-10-2007,22.649999618530273,23.709999084472656,128811.0,23.709999084472656,23.190000534057617,23.190000534057617
19-10-2007,22.559999465942383,23.170000076293945,418708.0,24.299999237060547,22.760000228881836,22.760000228881836
22-10-2007,23.02400016784668,23.549999237060547,231327.0,24.190000534057617,23.719999313354492,23.719999313354492
23-10-2007,22.979999542236328,24.1200008392334,227303.0,24.549999237060547,23.030000686645508,23.030000686645508
24-10-2007,22.594999313354492,23.219999313354492,196861.0,23.34000015258789,22.969999313354492,22.969999313354492
25-10-2007,22.489999771118164,23.09000015258789,146747.0,23.5,22.690000534057617,22.690000534057617
26-10-2007,22.68000030517578,23.059999465942383,162532.0,23.729999542236328,23.729999542236328,23.729999542236328
29-10-2007,23.260000228881836,23.959999084472656,177168.0,24.15999984741211,23.639999389648438,23.639999389648438
30-10-2007,22.920000076293945,23.59000015258789,115461.0,23.829999923706055,23.09000015258789,23.09000015258789
31-10-2007,22.729999542236328,23.239999771118164,133876.0,23.280000686645508,23.200000762939453,23.200000762939453
01-11-2007,21.110000610351562,23.0,430631.0,23.170000076293945,21.170000076293945,21.170000076293945
02-11-2007,21.020000457763672,21.540000915527344,173919.0,21.940000534057617,21.93000030517578,21.93000030517578
05-11-2007,21.0,21.600000381469727,93734.0,21.780000686645508,21.34000015258789,21.34000015258789
06-11-2007,20.43000030517578,21.530000686645508,158244.0,21.6200008392334,21.229999542236328,21.229999542236328
07-11-2007,20.079999923706055,20.90999984741211,188346.0,21.350000381469727,20.3700008392334,20.3700008392334
08-11-2007,20.010000228881836,20.649999618530273,217480.0,21.389999389648438,20.950000762939453,20.950000762939453
09-11-2007,19.690000534057617,20.649999618530273,173524.0,20.959999084472656,19.729999542236328,19.729999542236328
12-11-2007,19.479999542236328,19.809999465942383,238036.0,20.75,20.1200008392334,20.1200008392334
13-11-2007,19.920000076293945,20.389999389648438,213799.0,20.93000030517578,20.260000228881836,20.260000228881836
14-11-2007,20.299999237060547,20.530000686645508,251421.0,21.440000534057617,21.18000030517578,21.18000030517578
15-11-2007,19.969999313354492,20.989999771118164,89925.0,20.989999771118164,20.200000762939453,20.200000762939453
16-11-2007,19.270000457763672,20.280000686645508,172395.0,20.290000915527344,19.940000534057617,19.940000534057617
19-11-2007,16.729999542236328,19.709999084472656,419887.0,19.709999084472656,17.700000762939453,17.700000762939453
20-11-2007,16.81999969482422,17.34000015258789,946532.0,17.65999984741211,17.170000076293945,17.170000076293945
21-11-2007,15.859999656677246,16.989999771118164,314442.0,16.989999771118164,16.329999923706055,16.329999923706055
23-11-2007,16.260000228881836,16.559999465942383,97290.0,17.420000076293945,17.139999389648438,17.139999389648438
26-11-2007,16.309999465942383,17.239999771118164,170128.0,17.299999237060547,16.31999969482422,16.31999969482422
27-11-2007,15.899999618530273,16.399999618530273,279445.0,16.940000534057617,16.450000762939453,16.450000762939453
28-11-2007,16.209999084472656,16.709999084472656,201822.0,16.760000228881836,16.329999923706055,16.329999923706055
29-11-2007,15.289999961853027,16.34000015258789,205443.0,16.34000015258789,15.550000190734863,15.550000190734863
30-11-2007,14.829999923706055,15.880000114440918,419400.0,16.25,16.1200008392334,16.1200008392334
03-12-2007,16.149999618530273,16.270000457763672,203282.0,16.860000610351562,16.209999084472656,16.209999084472656
04-12-2007,15.65999984741211,15.949999809265137,118300.0,16.299999237060547,15.84000015258789,15.84000015258789
05-12-2007,15.770000457763672,16.290000915527344,163958.0,16.360000610351562,16.0,16.0
06-12-2007,15.5600004196167,16.34000015258789,275802.0,16.6299991607666,16.0,16.0
07-12-2007,15.270000457763672,16.110000610351562,201358.0,16.200000762939453,15.34000015258789,15.34000015258789
10-12-2007,15.3100004196167,15.479999542236328,169230.0,16.030000686645508,15.930000305175781,15.930000305175781
11-12-2007,15.489999771118164,16.040000915527344,256649.0,16.149999618530273,15.529999732971191,15.529999732971191
12-12-2007,15.729999542236328,16.030000686645508,299872.0,16.479999542236328,16.350000381469727,16.350000381469727
13-12-2007,16.239999771118164,16.309999465942383,304588.0,17.239999771118164,16.93000030517578,16.93000030517578
14-12-2007,15.430000305175781,16.68000030517578,336336.0,16.989999771118164,15.65999984741211,15.65999984741211
17-12-2007,15.399999618530273,15.600000381469727,197507.0,16.010000228881836,15.529999732971191,15.529999732971191
18-12-2007,14.800000190734863,15.720000267028809,294729.0,16.209999084472656,16.0,16.0
19-12-2007,15.359999656677246,15.989999771118164,182110.0,16.200000762939453,15.65999984741211,15.65999984741211
20-12-2007,15.430000305175781,15.850000381469727,222852.0,16.049999237060547,16.049999237060547,16.049999237060547
21-12-2007,15.989999771118164,16.270000457763672,277103.0,16.729999542236328,16.440000534057617,16.440000534057617
24-12-2007,16.31999969482422,16.559999465942383,81949.0,16.690000534057617,16.479999542236328,16.479999542236328
26-12-2007,16.010000228881836,16.299999237060547,164278.0,16.3700008392334,16.040000915527344,16.040000915527344
27-12-2007,15.569999694824219,16.049999237060547,126651.0,16.079999923706055,15.579999923706055,15.579999923706055
28-12-2007,15.180000305175781,15.640000343322754,167056.0,15.930000305175781,15.180000305175781,15.180000305175781
31-12-2007,14.930000305175781,15.050000190734863,230225.0,15.529999732971191,15.380000114440918,15.380000114440918
02-01-2008,15.050000190734863,15.3100004196167,183230.0,15.680000305175781,15.430000305175781,15.430000305175781
03-01-2008,13.920000076293945,15.489999771118164,213243.0,15.600000381469727,13.920000076293945,13.920000076293945
04-01-2008,12.829999923706055,13.75,375535.0,13.75,12.84000015258789,12.84000015258789
07-01-2008,12.850000381469727,12.850000381469727,408469.0,13.9399995803833,13.869999885559082,13.869999885559082
08-01-2008,13.550000190734863,14.149999618530273,470292.0,15.180000305175781,13.609999656677246,13.609999656677246
09-01-2008,13.569999694824219,13.569999694824219,567719.0,15.859999656677246,15.350000381469727,15.350000381469727
10-01-2008,14.300000190734863,14.930000305175781,284119.0,15.119999885559082,15.050000190734863,15.050000190734863
11-01-2008,14.479999542236328,14.979999542236328,298693.0,15.199999809265137,14.550000190734863,14.550000190734863
14-01-2008,14.119999885559082,14.65999984741211,228347.0,14.7475004196167,14.279999732971191,14.279999732971191
15-01-2008,13.8100004196167,14.0600004196167,332216.0,14.729999542236328,14.390000343322754,14.390000343322754
16-01-2008,14.25,14.380000114440918,256219.0,15.399999618530273,15.0,15.0
17-01-2008,13.880000114440918,15.010000228881836,372126.0,15.170000076293945,14.569999694824219,14.569999694824219
18-01-2008,14.369999885559082,14.59000015258789,301302.0,15.300000190734863,14.890000343322754,14.890000343322754
22-01-2008,14.130000114440918,14.130000114440918,376576.0,16.709999084472656,16.5,16.5
23-01-2008,16.010000228881836,16.170000076293945,393873.0,17.690000534057617,17.40999984741211,17.40999984741211
24-01-2008,16.209999084472656,17.56999969482422,212099.0,17.56999969482422,16.670000076293945,16.670000076293945
25-01-2008,16.260000228881836,16.8799991607666,185606.0,17.389999389648438,16.809999465942383,16.809999465942383
28-01-2008,15.199999809265137,16.709999084472656,347716.0,16.790000915527344,16.469999313354492,16.469999313354492
29-01-2008,15.720000267028809,16.540000915527344,201534.0,17.450000762939453,17.309999465942383,17.309999465942383
30-01-2008,16.559999465942383,17.219999313354492,175399.0,17.450000762939453,16.56999969482422,16.56999969482422
31-01-2008,16.049999237060547,16.270000457763672,178215.0,17.969999313354492,17.549999237060547,17.549999237060547
01-02-2008,17.239999771118164,17.600000381469727,138047.0,18.010000228881836,18.0,18.0
04-02-2008,17.030000686645508,18.329999923706055,212146.0,18.469999313354492,17.239999771118164,17.239999771118164
05-02-2008,16.420000076293945,16.959999084472656,235810.0,16.959999084472656,16.709999084472656,16.709999084472656
06-02-2008,16.239999771118164,16.81999969482422,183490.0,17.540000915527344,16.68000030517578,16.68000030517578
07-02-2008,16.18000030517578,16.5,242282.0,17.010000228881836,16.729999542236328,16.729999542236328
08-02-2008,15.75,16.6200008392334,267816.0,17.299999237060547,15.760000228881836,15.760000228881836
11-02-2008,15.079999923706055,15.859999656677246,237705.0,16.899999618530273,16.270000457763672,16.270000457763672
12-02-2008,16.18000030517578,16.3799991607666,314062.0,17.360000610351562,16.530000686645508,16.530000686645508
13-02-2008,16.729999542236328,16.729999542236328,155567.0,17.8799991607666,17.459999084472656,17.459999084472656
14-02-2008,16.81999969482422,17.469999313354492,272834.0,17.979999542236328,17.5,17.5
15-02-2008,17.05500030517578,17.329999923706055,133328.0,17.59000015258789,17.200000762939453,17.200000762939453
19-02-2008,17.530000686645508,17.530000686645508,173590.0,18.239999771118164,18.200000762939453,18.200000762939453
20-02-2008,17.200000762939453,17.940000534057617,260706.0,18.139999389648438,17.530000686645508,17.530000686645508
21-02-2008,17.389999389648438,17.690000534057617,229727.0,18.15999984741211,17.459999084472656,17.459999084472656
22-02-2008,16.790000915527344,17.459999084472656,178102.0,18.25,17.389999389648438,17.389999389648438
25-02-2008,17.440000534057617,17.440000534057617,101969.0,18.610000610351562,18.600000381469727,18.600000381469727
26-02-2008,18.440000534057617,18.440000534057617,270645.0,19.829999923706055,19.780000686645508,19.780000686645508
27-02-2008,19.299999237060547,19.299999237060547,372562.0,20.200000762939453,20.040000915527344,20.040000915527344
28-02-2008,19.360000610351562,19.920000076293945,425361.0,20.389999389648438,20.1299991607666,20.1299991607666
29-02-2008,19.579999923706055,19.780000686645508,327741.0,20.200000762939453,19.59000015258789,19.59000015258789
03-03-2008,19.469999313354492,19.559999465942383,407977.0,20.829999923706055,20.219999313354492,20.219999313354492
04-03-2008,19.510000228881836,19.969999313354492,273334.0,20.219999313354492,19.989999771118164,19.989999771118164
05-03-2008,19.6200008392334,20.06999969482422,179134.0,20.280000686645508,20.049999237060547,20.049999237060547
06-03-2008,18.780000686645508,19.899999618530273,168491.0,19.989999771118164,18.780000686645508,18.780000686645508
07-03-2008,17.510000228881836,18.469999313354492,144800.0,18.739999771118164,17.739999771118164,17.739999771118164
10-03-2008,16.950000762939453,17.84000015258789,140600.0,18.40999984741211,16.979999542236328,16.979999542236328
11-03-2008,16.59000015258789,17.559999465942383,143300.0,17.979999542236328,17.84000015258789,17.84000015258789
12-03-2008,16.75,17.90999984741211,212111.0,17.969999313354492,17.0,17.0
13-03-2008,16.770000457763672,16.770000457763672,113296.0,17.850000381469727,17.770000457763672,17.770000457763672
14-03-2008,16.75,17.889999389648438,130121.0,17.889999389648438,16.979999542236328,16.979999542236328
17-03-2008,16.889999389648438,18.309999465942383,169425.0,18.309999465942383,17.049999237060547,17.049999237060547
18-03-2008,17.739999771118164,19.260000228881836,482299.0,21.6299991607666,20.950000762939453,20.950000762939453
19-03-2008,21.190000534057617,21.579999923706055,830169.0,22.84000015258789,21.850000381469727,21.850000381469727
20-03-2008,21.06999969482422,22.06999969482422,1394768.0,22.739999771118164,21.399999618530273,21.399999618530273
24-03-2008,21.350000381469727,21.719999313354492,391443.0,23.040000915527344,23.040000915527344,23.040000915527344
25-03-2008,22.299999237060547,22.860000610351562,337700.0,24.139999389648438,23.889999389648438,23.889999389648438
26-03-2008,22.399999618530273,23.549999237060547,225600.0,23.68000030517578,23.15999984741211,23.15999984741211
27-03-2008,22.75,23.34000015258789,189205.0,23.670000076293945,23.020000457763672,23.020000457763672
28-03-2008,22.25,23.1200008392334,181500.0,23.3700008392334,22.389999389648438,22.389999389648438
31-03-2008,21.809999465942383,22.290000915527344,228200.0,22.68000030517578,21.829999923706055,21.829999923706055
01-04-2008,21.739999771118164,22.049999237060547,268252.0,22.979999542236328,22.670000076293945,22.670000076293945
02-04-2008,21.790000915527344,23.049999237060547,188238.0,23.049999237060547,22.389999389648438,22.389999389648438
03-04-2008,21.6200008392334,22.139999389648438,180746.0,22.440000534057617,22.079999923706055,22.079999923706055
04-04-2008,21.889999389648438,22.100000381469727,158524.0,22.440000534057617,22.049999237060547,22.049999237060547
07-04-2008,22.010000228881836,22.34000015258789,170687.0,23.549999237060547,22.760000228881836,22.760000228881836
08-04-2008,22.090099334716797,22.6200008392334,124862.0,23.299999237060547,22.940000534057617,22.940000534057617
09-04-2008,21.540000915527344,22.93000030517578,151967.0,23.75,21.559999465942383,21.559999465942383
10-04-2008,21.530000686645508,21.979999542236328,80588.0,22.3799991607666,21.979999542236328,21.979999542236328
11-04-2008,21.010000228881836,21.6299991607666,108004.0,21.899999618530273,21.18000030517578,21.18000030517578
14-04-2008,20.690000534057617,21.219999313354492,140938.0,21.56999969482422,21.260000228881836,21.260000228881836
15-04-2008,20.579999923706055,21.31999969482422,366039.0,21.709999084472656,20.8799991607666,20.8799991607666
16-04-2008,20.59000015258789,21.0,305306.0,21.135000228881836,20.84000015258789,20.84000015258789
17-04-2008,19.8700008392334,20.829999923706055,276103.0,20.829999923706055,20.600000381469727,20.600000381469727
18-04-2008,20.770000457763672,21.110000610351562,233477.0,21.1299991607666,21.059999465942383,21.059999465942383
21-04-2008,20.540000915527344,20.84000015258789,277775.0,21.15999984741211,21.079999923706055,21.079999923706055
22-04-2008,20.690000534057617,20.979999542236328,258394.0,22.84000015258789,22.670000076293945,22.670000076293945
23-04-2008,21.030000686645508,22.8799991607666,339698.0,22.8799991607666,21.40999984741211,21.40999984741211
24-04-2008,21.399999618530273,21.399999618530273,130373.0,22.200000762939453,21.899999618530273,21.899999618530273
25-04-2008,22.049999237060547,22.190000534057617,101309.0,22.75,22.459999084472656,22.459999084472656
28-04-2008,21.579999923706055,22.329999923706055,183273.0,22.950000762939453,21.600000381469727,21.600000381469727
29-04-2008,21.0,21.5,250082.0,22.0,21.469999313354492,21.469999313354492
30-04-2008,21.59000015258789,21.59000015258789,244771.0,23.25,22.84000015258789,22.84000015258789
01-05-2008,22.709999084472656,22.8700008392334,112281.0,23.420000076293945,23.25,23.25
02-05-2008,22.5,23.530000686645508,170929.0,23.530000686645508,22.799999237060547,22.799999237060547
05-05-2008,22.290000915527344,22.75,133710.0,23.034000396728516,22.959999084472656,22.959999084472656
06-05-2008,22.600000381469727,22.780000686645508,116025.0,23.709999084472656,23.459999084472656,23.459999084472656
07-05-2008,22.780000686645508,23.530000686645508,164486.0,24.25,22.889999389648438,22.889999389648438
08-05-2008,22.389999389648438,23.06999969482422,313490.0,24.200000762939453,23.989999771118164,23.989999771118164
09-05-2008,23.510000228881836,23.649999618530273,300461.0,25.1299991607666,23.649999618530273,23.649999618530273
12-05-2008,23.3700008392334,23.729999542236328,181459.0,24.860000610351562,24.760000228881836,24.760000228881836
13-05-2008,23.760000228881836,24.709999084472656,189063.0,25.170000076293945,24.899999618530273,24.899999618530273
14-05-2008,24.56999969482422,25.100000381469727,227364.0,25.690000534057617,25.280000686645508,25.280000686645508
15-05-2008,24.440000534057617,25.260000228881836,240807.0,25.770000457763672,25.68000030517578,25.68000030517578
16-05-2008,24.670000076293945,25.829999923706055,242187.0,25.950000762939453,25.209999084472656,25.209999084472656
19-05-2008,23.8799991607666,25.280000686645508,289051.0,25.950000762939453,23.959999084472656,23.959999084472656
20-05-2008,23.219999313354492,24.010000228881836,258540.0,24.829999923706055,24.450000762939453,24.450000762939453
21-05-2008,24.110000610351562,24.729999542236328,431316.0,26.280000686645508,24.360000610351562,24.360000610351562
22-05-2008,24.899999618530273,24.90999984741211,698342.0,29.270000457763672,27.600000381469727,27.600000381469727
23-05-2008,26.0,27.389999389648438,296988.0,27.850000381469727,26.799999237060547,26.799999237060547
27-05-2008,26.06999969482422,26.799999237060547,232702.0,27.530000686645508,26.889999389648438,26.889999389648438
28-05-2008,26.68000030517578,26.959999084472656,227304.0,28.450000762939453,28.360000610351562,28.360000610351562
29-05-2008,27.329999923706055,28.329999923706055,216564.0,28.4950008392334,27.5,27.5
30-05-2008,26.770000457763672,27.690000534057617,171355.0,27.989999771118164,27.260000228881836,27.260000228881836
02-06-2008,25.899999618530273,27.209999084472656,279679.0,27.209999084472656,26.920000076293945,26.920000076293945
03-06-2008,25.760099411010742,27.0,216995.0,27.399999618530273,26.170000076293945,26.170000076293945
04-06-2008,26.020000457763672,26.100000381469727,179346.0,27.34000015258789,27.079999923706055,27.079999923706055
05-06-2008,24.670000076293945,26.959999084472656,415420.0,27.329999923706055,25.100000381469727,25.100000381469727
06-06-2008,23.860000610351562,24.790000915527344,329922.0,24.790000915527344,24.1200008392334,24.1200008392334
09-06-2008,23.8799991607666,24.270000457763672,203337.0,25.75,24.59000015258789,24.59000015258789
10-06-2008,23.56999969482422,24.18000030517578,302692.0,24.600000381469727,24.520000457763672,24.520000457763672
11-06-2008,23.239999771118164,24.510000228881836,174700.0,25.940000534057617,23.239999771118164,23.239999771118164
12-06-2008,22.559999465942383,23.729999542236328,298063.0,23.8700008392334,22.75,22.75
13-06-2008,21.940000534057617,23.059999465942383,220186.0,23.059999465942383,23.0,23.0
16-06-2008,22.079999923706055,22.530000686645508,191827.0,23.06999969482422,22.989999771118164,22.989999771118164
17-06-2008,22.1299991607666,22.729999542236328,141140.0,23.299999237060547,22.760000228881836,22.760000228881836
18-06-2008,21.950000762939453,22.790000915527344,147215.0,23.0,22.3700008392334,22.3700008392334
19-06-2008,21.889999389648438,22.270000457763672,230424.0,23.0,22.989999771118164,22.989999771118164
20-06-2008,21.850000381469727,22.809999465942383,524123.0,23.190000534057617,22.469999313354492,22.469999313354492
23-06-2008,21.709999084472656,21.829999923706055,295885.0,22.3700008392334,21.950000762939453,21.950000762939453
24-06-2008,21.209999084472656,21.700000762939453,216470.0,22.31999969482422,21.860000610351562,21.860000610351562
25-06-2008,21.3700008392334,21.559999465942383,271940.0,23.25,23.110000610351562,23.110000610351562
26-06-2008,21.809999465942383,22.530000686645508,251508.0,22.950000762939453,22.649999618530273,22.649999618530273
27-06-2008,21.889999389648438,22.639999389648438,394583.0,23.25,23.200000762939453,23.200000762939453
30-06-2008,20.90999984741211,23.299999237060547,251764.0,23.299999237060547,21.219999313354492,21.219999313354492
01-07-2008,20.420000076293945,20.950000762939453,328053.0,21.59000015258789,20.780000686645508,20.780000686645508
02-07-2008,20.709999084472656,20.709999084472656,154554.0,21.5,21.020000457763672,21.020000457763672
03-07-2008,20.56999969482422,21.149999618530273,87624.0,21.579999923706055,21.329999923706055,21.329999923706055
07-07-2008,20.15999984741211,21.579999923706055,142523.0,21.579999923706055,20.43000030517578,20.43000030517578
08-07-2008,19.940000534057617,20.530000686645508,243806.0,22.030000686645508,21.770000457763672,21.770000457763672
09-07-2008,21.229999542236328,21.860000610351562,228997.0,22.110000610351562,21.31999969482422,21.31999969482422
10-07-2008,20.809999465942383,21.25,236062.0,21.989999771118164,20.90999984741211,20.90999984741211
11-07-2008,20.059999465942383,20.770000457763672,213940.0,21.520000457763672,20.780000686645508,20.780000686645508
14-07-2008,20.0,20.920000076293945,203573.0,21.5,20.059999465942383,20.059999465942383
15-07-2008,19.170000076293945,20.0,221337.0,20.93000030517578,20.450000762939453,20.450000762939453
16-07-2008,20.34000015258789,20.56999969482422,260035.0,22.0,21.8799991607666,21.8799991607666
17-07-2008,21.329999923706055,22.010000228881836,296587.0,22.100000381469727,22.100000381469727,22.100000381469727
18-07-2008,21.309999465942383,22.100000381469727,130824.0,22.100000381469727,21.56999969482422,21.56999969482422
21-07-2008,20.75,21.690000534057617,93137.0,22.239999771118164,20.979999542236328,20.979999542236328
22-07-2008,20.6200008392334,20.780000686645508,166612.0,23.200000762939453,23.06999969482422,23.06999969482422
23-07-2008,22.90999984741211,23.079999923706055,154935.0,24.100000381469727,23.75,23.75
24-07-2008,23.1200008392334,23.760000228881836,172768.0,25.440000534057617,23.399999618530273,23.399999618530273
25-07-2008,22.84000015258789,23.670000076293945,120391.0,23.84000015258789,23.200000762939453,23.200000762939453
28-07-2008,21.5,23.06999969482422,166485.0,23.31999969482422,21.959999084472656,21.959999084472656
29-07-2008,21.290000915527344,21.90999984741211,121045.0,22.5,22.309999465942383,22.309999465942383
30-07-2008,21.459999084472656,22.549999237060547,118014.0,22.93000030517578,21.889999389648438,21.889999389648438
31-07-2008,21.1299991607666,21.540000915527344,122347.0,22.219999313354492,21.75,21.75
01-08-2008,21.65999984741211,21.850000381469727,156742.0,22.940000534057617,22.8799991607666,22.8799991607666
04-08-2008,21.8799991607666,22.90999984741211,153562.0,23.225000381469727,22.790000915527344,22.790000915527344
05-08-2008,22.790000915527344,23.020000457763672,105900.0,24.079999923706055,23.979999542236328,23.979999542236328
06-08-2008,23.290000915527344,23.989999771118164,89001.0,25.06999969482422,24.979999542236328,24.979999542236328
07-08-2008,24.040000915527344,24.729999542236328,131830.0,25.190000534057617,25.1299991607666,25.1299991607666
08-08-2008,24.399999618530273,25.010000228881836,145335.0,26.25,26.170000076293945,26.170000076293945
11-08-2008,25.809999465942383,26.149999618530273,159444.0,27.700000762939453,26.479999542236328,26.479999542236328
12-08-2008,24.459999084472656,26.299999237060547,175455.0,26.299999237060547,24.579999923706055,24.579999923706055
13-08-2008,23.770000457763672,24.670000076293945,141413.0,25.290000915527344,24.940000534057617,24.940000534057617
14-08-2008,24.610000610351562,24.709999084472656,133048.0,25.700000762939453,25.399999618530273,25.399999618530273
15-08-2008,24.959999084472656,25.700000762939453,230759.0,26.84000015258789,25.270000457763672,25.270000457763672
18-08-2008,24.18000030517578,25.389999389648438,89420.0,25.489999771118164,24.459999084472656,24.459999084472656
19-08-2008,23.34000015258789,24.06999969482422,147004.0,24.725000381469727,23.5,23.5
20-08-2008,22.799999237060547,23.31999969482422,243991.0,24.270000457763672,23.559999465942383,23.559999465942383
21-08-2008,22.489999771118164,23.190000534057617,148318.0,23.739999771118164,23.0,23.0
22-08-2008,16.049999237060547,20.450000762939453,1264114.0,20.72800064086914,17.229999542236328,17.229999542236328
25-08-2008,16.5,17.030000686645508,462680.0,17.440000534057617,16.860000610351562,16.860000610351562
26-08-2008,16.829999923706055,16.829999923706055,362900.0,17.56999969482422,17.15999984741211,17.15999984741211
27-08-2008,16.147489547729492,16.950000762939453,572596.0,17.170000076293945,16.549999237060547,16.549999237060547
28-08-2008,16.559999465942383,16.719999313354492,250956.0,17.260000228881836,17.059999465942383,17.059999465942383
29-08-2008,16.8700008392334,16.959999084472656,238030.0,17.350000381469727,17.059999465942383,17.059999465942383
02-09-2008,16.280000686645508,17.299999237060547,350243.0,17.299999237060547,16.469999313354492,16.469999313354492
03-09-2008,16.236000061035156,16.3799991607666,265999.0,16.860000610351562,16.6299991607666,16.6299991607666
04-09-2008,16.0,16.479999542236328,242313.0,16.610000610351562,16.440000534057617,16.440000534057617
05-09-2008,16.25,16.489999771118164,227165.0,16.969999313354492,16.8700008392334,16.8700008392334
08-09-2008,15.75,17.149999618530273,299561.0,17.149999618530273,16.68000030517578,16.68000030517578
09-09-2008,16.420000076293945,16.65999984741211,470371.0,17.889999389648438,17.440000534057617,17.440000534057617
10-09-2008,17.040000915527344,17.75,339234.0,19.31999969482422,18.809999465942383,18.809999465942383
11-09-2008,17.610000610351562,18.43000030517578,275411.0,18.540000915527344,18.520000457763672,18.520000457763672
12-09-2008,17.920000076293945,18.110000610351562,180208.0,18.93000030517578,18.020000457763672,18.020000457763672
15-09-2008,16.860000610351562,17.709999084472656,267950.0,18.06999969482422,17.0,17.0
16-09-2008,16.469999313354492,16.81999969482422,257705.0,17.3700008392334,17.270000457763672,17.270000457763672
17-09-2008,15.430000305175781,17.0,284875.0,17.260000228881836,15.430000305175781,15.430000305175781
18-09-2008,14.819999694824219,15.90999984741211,442234.0,16.56999969482422,16.479999542236328,16.479999542236328
19-09-2008,15.6899995803833,17.81999969482422,414771.0,19.43000030517578,16.459999084472656,16.459999084472656
22-09-2008,16.0,16.540000915527344,195872.0,17.549999237060547,16.969999313354492,16.969999313354492
23-09-2008,16.049999237060547,16.920000076293945,184018.0,17.030000686645508,16.190000534057617,16.190000534057617
24-09-2008,15.739999771118164,16.25,188298.0,16.5,15.760000228881836,15.760000228881836
25-09-2008,15.710000038146973,15.75,179148.0,16.18000030517578,15.75,15.75
26-09-2008,15.25,15.460000038146973,238404.0,15.920000076293945,15.829999923706055,15.829999923706055
29-09-2008,14.329999923706055,15.550000190734863,153216.0,15.699999809265137,15.079999923706055,15.079999923706055
30-09-2008,14.529999732971191,15.359999656677246,130262.0,15.380000114440918,14.90999984741211,14.90999984741211
01-10-2008,14.199999809265137,14.789999961853027,193600.0,15.6899995803833,14.470000267028809,14.470000267028809
02-10-2008,13.399999618530273,14.399999618530273,141958.0,14.489999771118164,13.600000381469727,13.600000381469727
03-10-2008,12.649999618530273,13.779999732971191,195187.0,13.850000381469727,12.6899995803833,12.6899995803833
06-10-2008,10.819999694824219,12.579999923706055,429974.0,12.75,11.109999656677246,11.109999656677246
07-10-2008,10.229999542236328,11.329999923706055,323624.0,11.432499885559082,10.3100004196167,10.3100004196167
08-10-2008,9.399999618530273,10.119999885559082,432234.0,10.449999809265137,10.039999961853027,10.039999961853027
09-10-2008,9.100000381469727,10.130000114440918,215563.0,10.640000343322754,9.390000343322754,9.390000343322754
10-10-2008,9.069999694824219,9.100000381469727,426201.0,11.0,10.960000038146973,10.960000038146973
13-10-2008,10.15999984741211,11.4399995803833,249932.0,11.5600004196167,11.539999961853027,11.539999961853027
14-10-2008,10.149999618530273,11.930000305175781,99221.0,11.930000305175781,10.34000015258789,10.34000015258789
15-10-2008,9.079999923706055,10.15999984741211,229475.0,10.15999984741211,9.100000381469727,9.100000381469727
16-10-2008,8.399999618530273,9.149999618530273,362412.0,9.770000457763672,9.25,9.25
17-10-2008,8.8100004196167,8.869999885559082,188374.0,9.289999961853027,9.050000190734863,9.050000190734863
20-10-2008,8.300000190734863,9.109999656677246,191365.0,9.109999656677246,8.84000015258789,8.84000015258789
21-10-2008,8.720000267028809,8.720000267028809,376976.0,9.449999809265137,8.949999809265137,8.949999809265137
22-10-2008,8.449999809265137,8.710000038146973,163906.0,9.729999542236328,8.550000190734863,8.550000190734863
23-10-2008,8.229999542236328,8.579999923706055,232566.0,8.859999656677246,8.779999732971191,8.779999732971191
24-10-2008,7.880000114440918,8.260000228881836,119832.0,8.649999618530273,7.880000114440918,7.880000114440918
27-10-2008,7.75,7.75,207873.0,8.739999771118164,7.909999847412109,7.909999847412109
28-10-2008,7.769999980926514,8.0600004196167,214776.0,8.90999984741211,8.869999885559082,8.869999885559082
29-10-2008,8.760000228881836,8.920000076293945,135039.0,9.59000015258789,9.130000114440918,9.130000114440918
30-10-2008,8.989999771118164,9.430000305175781,130863.0,9.609999656677246,9.350000381469727,9.350000381469727
31-10-2008,8.949999809265137,9.319999694824219,138788.0,10.4399995803833,9.789999961853027,9.789999961853027
03-11-2008,9.390000343322754,9.779999732971191,109993.0,10.260000228881836,9.579999923706055,9.579999923706055
04-11-2008,8.119999885559082,9.850000381469727,225021.0,9.960000038146973,8.369999885559082,8.369999885559082
05-11-2008,7.300000190734863,8.239999771118164,183763.0,8.989999771118164,7.489999771118164,7.489999771118164
06-11-2008,6.789999961853027,7.489999771118164,200199.0,7.489999771118164,7.0,7.0
07-11-2008,6.909999847412109,7.079999923706055,67271.0,7.239999771118164,7.139999866485596,7.139999866485596
10-11-2008,6.28000020980835,7.340000152587891,108497.0,7.340000152587891,6.559999942779541,6.559999942779541
11-11-2008,6.070000171661377,6.489999771118164,84231.0,6.489999771118164,6.070000171661377,6.070000171661377
12-11-2008,5.239999771118164,6.070000171661377,124321.0,6.070000171661377,5.269999980926514,5.269999980926514
13-11-2008,3.509999990463257,4.869999885559082,587410.0,4.96999979019165,3.6500000953674316,3.6500000953674316
14-11-2008,3.4000000953674316,3.549999952316284,798558.0,6.019999980926514,4.829999923706055,4.829999923706055
17-11-2008,4.315000057220459,4.829999923706055,435432.0,5.309999942779541,4.760000228881836,4.760000228881836
18-11-2008,4.28000020980835,4.760000228881836,333363.0,5.039999961853027,4.440000057220459,4.440000057220459
19-11-2008,3.5,4.489999771118164,266831.0,4.689899921417236,3.5799999237060547,3.5799999237060547
20-11-2008,3.440000057220459,3.740000009536743,428874.0,5.570000171661377,4.070000171661377,4.070000171661377
21-11-2008,3.940000057220459,4.070000171661377,355750.0,4.659999847412109,4.260000228881836,4.260000228881836
24-11-2008,4.210000038146973,4.25,170931.0,4.840000152587891,4.809999942779541,4.809999942779541
25-11-2008,4.679999828338623,4.849999904632568,191924.0,5.349999904632568,4.739999771118164,4.739999771118164
26-11-2008,4.710000038146973,4.710000038146973,178870.0,5.800000190734863,5.579999923706055,5.579999923706055
28-11-2008,5.179999828338623,5.179999828338623,119564.0,5.860000133514404,5.420000076293945,5.420000076293945
01-12-2008,5.300000190734863,5.409999847412109,343105.0,5.730000019073486,5.369999885559082,5.369999885559082
02-12-2008,5.369999885559082,5.460000038146973,172650.0,5.829999923706055,5.550000190734863,5.550000190734863
03-12-2008,5.409999847412109,5.420000076293945,131041.0,5.789999961853027,5.789999961853027,5.789999961853027
04-12-2008,5.71999979019165,5.789999961853027,143320.0,6.409999847412109,6.239999771118164,6.239999771118164
05-12-2008,5.809999942779541,6.159999847412109,224448.0,7.0,6.820000171661377,6.820000171661377
08-12-2008,6.684999942779541,7.0,246486.0,7.880000114440918,7.610000133514404,7.610000133514404
09-12-2008,6.019999980926514,7.639999866485596,324940.0,7.989999771118164,6.21999979019165,6.21999979019165
10-12-2008,6.295000076293945,6.320000171661377,259982.0,6.980000019073486,6.900000095367432,6.900000095367432
11-12-2008,6.400100231170654,6.789999961853027,207261.0,7.070000171661377,6.570000171661377,6.570000171661377
12-12-2008,6.300000190734863,6.300000190734863,239383.0,7.090000152587891,6.840000152587891,6.840000152587891
15-12-2008,6.559999942779541,6.849999904632568,185063.0,7.074999809265137,6.849999904632568,6.849999904632568
16-12-2008,6.0,7.010000228881836,179389.0,7.130000114440918,6.230000019073486,6.230000019073486
17-12-2008,5.590000152587891,6.239999771118164,173200.0,6.239999771118164,5.590000152587891,5.590000152587891
18-12-2008,5.460000038146973,5.610000133514404,211613.0,5.820000171661377,5.460000038146973,5.460000038146973
19-12-2008,5.510000228881836,5.639999866485596,350947.0,6.460000038146973,6.460000038146973,6.460000038146973
22-12-2008,5.650000095367432,6.519999980926514,200499.0,6.590000152587891,5.900000095367432,5.900000095367432
23-12-2008,5.320000171661377,5.980000019073486,184920.0,6.0,5.480000019073486,5.480000019073486
24-12-2008,5.199999809265137,5.449999809265137,50501.0,5.650000095367432,5.389999866485596,5.389999866485596
26-12-2008,5.420000076293945,5.420000076293945,63902.0,5.989999771118164,5.840000152587891,5.840000152587891
29-12-2008,5.230000019073486,5.800000190734863,74474.0,5.880000114440918,5.239999771118164,5.239999771118164
30-12-2008,5.21999979019165,5.289999961853027,106443.0,5.710000038146973,5.710000038146973,5.710000038146973
31-12-2008,5.699999809265137,5.699999809265137,116999.0,6.460000038146973,6.340000152587891,6.340000152587891
02-01-2009,6.150000095367432,6.349999904632568,104760.0,6.800000190734863,6.420000076293945,6.420000076293945
05-01-2009,6.019999980926514,6.400000095367432,81766.0,6.630000114440918,6.510000228881836,6.510000228881836
06-01-2009,6.25,6.570000171661377,73726.0,6.690000057220459,6.489999771118164,6.489999771118164
07-01-2009,5.119999885559082,5.809999942779541,503941.0,5.829999923706055,5.420000076293945,5.420000076293945
08-01-2009,5.210000038146973,5.340000152587891,81021.0,5.690000057220459,5.670000076293945,5.670000076293945
09-01-2009,5.170000076293945,5.650000095367432,117754.0,5.690000057220459,5.170000076293945,5.170000076293945
12-01-2009,4.5,5.21999979019165,155169.0,5.289999961853027,4.510000228881836,4.510000228881836
13-01-2009,4.570000171661377,4.570000171661377,194456.0,5.079999923706055,4.800000190734863,4.800000190734863
14-01-2009,4.010000228881836,4.670000076293945,201106.0,4.739999771118164,4.079999923706055,4.079999923706055
15-01-2009,4.0,4.130000114440918,170895.0,4.639999866485596,4.619999885559082,4.619999885559082
16-01-2009,4.179999828338623,4.71999979019165,196959.0,4.75,4.400000095367432,4.400000095367432
20-01-2009,4.099999904632568,4.340000152587891,110793.0,4.440000057220459,4.099999904632568,4.099999904632568
21-01-2009,3.9000000953674316,4.130000114440918,187578.0,4.260000228881836,4.03000020980835,4.03000020980835
22-01-2009,3.9800000190734863,3.9800000190734863,96533.0,4.360000133514404,4.170000076293945,4.170000076293945
23-01-2009,4.0,4.03000020980835,113314.0,4.480000019073486,4.429999828338623,4.429999828338623
26-01-2009,4.289999961853027,4.420000076293945,150474.0,4.659999847412109,4.550000190734863,4.550000190734863
27-01-2009,4.010000228881836,4.550000190734863,105557.0,4.690000057220459,4.590000152587891,4.590000152587891
28-01-2009,4.389999866485596,4.639999866485596,64407.0,4.71999979019165,4.519999980926514,4.519999980926514
29-01-2009,4.059999942779541,4.460000038146973,153819.0,4.590000152587891,4.079999923706055,4.079999923706055
30-01-2009,3.8299999237060547,4.099999904632568,110358.0,4.170000076293945,3.8399999141693115,3.8399999141693115
02-02-2009,3.700000047683716,3.7899999618530273,98336.0,3.950000047683716,3.8499999046325684,3.8499999046325684
03-02-2009,3.8399999141693115,3.930000066757202,169261.0,4.079999923706055,3.950000047683716,3.950000047683716
04-02-2009,3.8499999046325684,3.940000057220459,357658.0,4.0,3.880000114440918,3.880000114440918
05-02-2009,3.7899999618530273,3.869999885559082,183897.0,4.005000114440918,3.930000066757202,3.930000066757202
06-02-2009,3.740000009536743,3.990000009536743,213650.0,4.079999923706055,3.9100000858306885,3.9100000858306885
09-02-2009,3.8499999046325684,3.950000047683716,291723.0,4.039999961853027,3.869999885559082,3.869999885559082
10-02-2009,3.869999885559082,3.890000104904175,136236.0,4.054500102996826,3.9700000286102295,3.9700000286102295
11-02-2009,3.9700000286102295,3.9700000286102295,128592.0,4.369999885559082,4.179999828338623,4.179999828338623
12-02-2009,4.110000133514404,4.110000133514404,71609.0,4.559999942779541,4.510000228881836,4.510000228881836
13-02-2009,4.070000171661377,4.489999771118164,260331.0,5.010000228881836,4.389999866485596,4.389999866485596
17-02-2009,4.289999961853027,4.349999904632568,142645.0,4.940000057220459,4.800000190734863,4.800000190734863
18-02-2009,4.699999809265137,4.849999904632568,196654.0,5.230000019073486,5.170000076293945,5.170000076293945
19-02-2009,5.099999904632568,5.199999809265137,79785.0,5.400000095367432,5.130000114440918,5.130000114440918
20-02-2009,4.590000152587891,5.050000190734863,139020.0,5.159999847412109,4.96999979019165,4.96999979019165
23-02-2009,4.659999847412109,5.019999980926514,68771.0,5.130000114440918,4.789999961853027,4.789999961853027
24-02-2009,4.730000019073486,4.829999923706055,99071.0,5.190000057220459,5.179999828338623,5.179999828338623
25-02-2009,4.989999771118164,5.159999847412109,170068.0,5.630000114440918,5.199999809265137,5.199999809265137
26-02-2009,4.950300216674805,5.199999809265137,98072.0,5.619999885559082,5.010000228881836,5.010000228881836
27-02-2009,4.71999979019165,4.960000038146973,59978.0,5.179999828338623,4.75,4.75
02-03-2009,4.159999847412109,4.659999847412109,115675.0,5.070000171661377,4.159999847412109,4.159999847412109
03-03-2009,4.03000020980835,4.28000020980835,102566.0,4.550000190734863,4.03000020980835,4.03000020980835
04-03-2009,4.059999942779541,4.28000020980835,116704.0,4.550000190734863,4.519999980926514,4.519999980926514
05-03-2009,3.859999895095825,4.380000114440918,134767.0,4.550000190734863,3.9000000953674316,3.9000000953674316
06-03-2009,3.8499999046325684,3.930000066757202,125685.0,4.090000152587891,3.940000057220459,3.940000057220459
09-03-2009,3.75,3.930000066757202,60268.0,4.03000020980835,3.75,3.75
10-03-2009,3.819999933242798,3.819999933242798,98090.0,4.320000171661377,3.9800000190734863,3.9800000190734863
11-03-2009,3.819999933242798,3.990000009536743,96439.0,4.190000057220459,3.9000000953674316,3.9000000953674316
12-03-2009,3.7049999237060547,3.869999885559082,116896.0,4.349999904632568,4.349999904632568,4.349999904632568
13-03-2009,4.099999904632568,4.349999904632568,79671.0,4.489999771118164,4.179999828338623,4.179999828338623
16-03-2009,4.230000019073486,4.230000019073486,82562.0,4.610000133514404,4.429999828338623,4.429999828338623
17-03-2009,4.21019983291626,4.400000095367432,52821.0,4.53000020980835,4.53000020980835,4.53000020980835
18-03-2009,4.179999828338623,4.489999771118164,144263.0,4.860000133514404,4.630000114440918,4.630000114440918
19-03-2009,3.6500000953674316,4.539999961853027,298447.0,4.539999961853027,3.950000047683716,3.950000047683716
20-03-2009,3.700000047683716,3.9700000286102295,181506.0,4.03000020980835,3.799999952316284,3.799999952316284
23-03-2009,3.75,3.9100000858306885,157595.0,4.039999961853027,3.950000047683716,3.950000047683716
24-03-2009,3.75,3.890000104904175,54007.0,3.990000009536743,3.7799999713897705,3.7799999713897705
25-03-2009,3.5199999809265137,3.7899999618530273,79610.0,3.9700000286102295,3.640000104904175,3.640000104904175
26-03-2009,3.5299999713897705,3.6700000762939453,85565.0,3.950000047683716,3.9200000762939453,3.9200000762939453
27-03-2009,3.5899999141693115,3.8499999046325684,82387.0,3.8499999046325684,3.5999999046325684,3.5999999046325684
30-03-2009,3.309999942779541,3.5199999809265137,163541.0,3.5999999046325684,3.4800000190734863,3.4800000190734863
31-03-2009,3.4100000858306885,3.490000009536743,76099.0,3.6500000953674316,3.4600000381469727,3.4600000381469727
01-04-2009,3.4075000286102295,3.5999999046325684,53086.0,3.619999885559082,3.609999895095825,3.609999895095825
02-04-2009,3.680000066757202,3.7699999809265137,241966.0,4.099999904632568,3.9200000762939453,3.9200000762939453
03-04-2009,3.799999952316284,4.070000171661377,109330.0,4.179999828338623,4.050000190734863,4.050000190734863
06-04-2009,3.740000009536743,3.930000066757202,84431.0,4.039999961853027,3.9000000953674316,3.9000000953674316
07-04-2009,3.7200000286102295,3.8399999141693115,59800.0,3.869999885559082,3.75,3.75
08-04-2009,3.7100000381469727,3.7799999713897705,84065.0,4.0,3.9800000190734863,3.9800000190734863
09-04-2009,3.9100000858306885,4.070000171661377,191413.0,4.460000038146973,4.420000076293945,4.420000076293945
13-04-2009,4.230000019073486,4.360000133514404,107926.0,4.630000114440918,4.550000190734863,4.550000190734863
14-04-2009,4.300000190734863,4.480000019073486,100753.0,4.590000152587891,4.5,4.5
15-04-2009,4.300000190734863,4.460000038146973,124875.0,4.710000038146973,4.679999828338623,4.679999828338623
16-04-2009,4.650000095367432,4.699999809265137,88199.0,5.0,4.909999847412109,4.909999847412109
17-04-2009,4.650000095367432,4.940000057220459,116971.0,5.039999961853027,4.980000019073486,4.980000019073486
20-04-2009,4.510000228881836,4.860000133514404,65625.0,4.860000133514404,4.579999923706055,4.579999923706055
21-04-2009,4.574999809265137,4.579999923706055,65855.0,5.0,4.889999866485596,4.889999866485596
22-04-2009,4.630000114440918,4.809999942779541,251200.0,6.230000019073486,6.230000019073486,6.230000019073486
23-04-2009,5.730000019073486,6.199999809265137,217205.0,6.199999809265137,5.849999904632568,5.849999904632568
24-04-2009,5.869999885559082,5.869999885559082,207929.0,6.659999847412109,6.460000038146973,6.460000038146973
27-04-2009,6.25,6.349999904632568,242124.0,7.400000095367432,7.139999866485596,7.139999866485596
28-04-2009,6.800000190734863,6.989999771118164,168194.0,7.409999847412109,7.260000228881836,7.260000228881836
29-04-2009,6.909999847412109,7.21999979019165,305169.0,7.440000057220459,7.070000171661377,7.070000171661377
30-04-2009,6.860000133514404,7.139999866485596,191510.0,7.389999866485596,7.329999923706055,7.329999923706055
01-05-2009,7.179999828338623,7.289999961853027,103248.0,7.800000190734863,7.369999885559082,7.369999885559082
04-05-2009,7.170000076293945,7.389999866485596,163188.0,7.670000076293945,7.417500019073486,7.417500019073486
05-05-2009,6.619999885559082,7.400000095367432,296503.0,7.479499816894531,6.929999828338623,6.929999828338623
06-05-2009,6.590000152587891,7.010000228881836,101185.0,7.099999904632568,6.880000114440918,6.880000114440918
07-05-2009,6.059999942779541,6.949999809265137,214356.0,7.210000038146973,6.170000076293945,6.170000076293945
08-05-2009,6.269999980926514,6.360000133514404,89680.0,6.909999847412109,6.860000133514404,6.860000133514404
11-05-2009,6.340000152587891,6.760000228881836,100747.0,6.989999771118164,6.440000057220459,6.440000057220459
12-05-2009,5.920000076293945,6.489999771118164,127403.0,6.610000133514404,6.070000171661377,6.070000171661377
13-05-2009,5.599999904632568,6.010000228881836,152922.0,6.070000171661377,5.599999904632568,5.599999904632568
14-05-2009,5.550000190734863,5.610000133514404,59610.0,6.130000114440918,5.869999885559082,5.869999885559082
15-05-2009,5.639999866485596,5.920000076293945,85680.0,5.940000057220459,5.650000095367432,5.650000095367432
18-05-2009,5.820000171661377,5.820000171661377,45019.0,6.170000076293945,6.090000152587891,6.090000152587891
19-05-2009,5.929999828338623,5.989999771118164,94480.0,6.090000152587891,6.0,6.0
20-05-2009,5.849999904632568,6.059999942779541,46021.0,6.289999961853027,5.909999847412109,5.909999847412109
21-05-2009,5.630000114440918,5.840000152587891,102452.0,6.090000152587891,5.920000076293945,5.920000076293945
22-05-2009,5.900000095367432,5.940000057220459,66660.0,6.400000095367432,6.380000114440918,6.380000114440918
26-05-2009,6.340000152587891,6.340000152587891,231236.0,7.21999979019165,6.789999961853027,6.789999961853027
27-05-2009,6.579999923706055,6.760000228881836,111842.0,6.900000095367432,6.809999942779541,6.809999942779541
28-05-2009,7.800000190734863,8.119999885559082,456542.0,8.529999732971191,8.15999984741211,8.15999984741211
29-05-2009,8.149999618530273,8.210000038146973,284411.0,8.649999618530273,8.170000076293945,8.170000076293945
01-06-2009,8.260000228881836,8.539999961853027,342230.0,8.930000305175781,8.890000343322754,8.890000343322754
02-06-2009,8.510000228881836,8.880000114440918,307106.0,8.960000038146973,8.779999732971191,8.779999732971191
03-06-2009,8.270000457763672,8.539999961853027,160432.0,8.779999732971191,8.34000015258789,8.34000015258789
04-06-2009,7.900000095367432,8.40999984741211,151625.0,8.630000114440918,8.600000381469727,8.600000381469727
05-06-2009,8.319999694824219,8.649999618530273,115665.0,9.020000457763672,9.020000457763672,9.020000457763672
08-06-2009,8.729999542236328,9.029999732971191,95777.0,9.220000267028809,8.930000305175781,8.930000305175781
09-06-2009,8.800000190734863,8.949999809265137,100495.0,9.579999923706055,9.579999923706055,9.579999923706055
10-06-2009,9.359999656677246,9.819999694824219,123796.0,9.949999809265137,9.670000076293945,9.670000076293945
11-06-2009,9.550000190734863,9.720000267028809,78582.0,10.270000457763672,9.720000267028809,9.720000267028809
12-06-2009,9.329999923706055,9.770000457763672,62697.0,9.789999961853027,9.619999885559082,9.619999885559082
15-06-2009,9.0,9.420000076293945,85868.0,9.529999732971191,9.130000114440918,9.130000114440918
16-06-2009,8.550000190734863,9.100000381469727,132567.0,9.399999618530273,8.550000190734863,8.550000190734863
17-06-2009,7.699999809265137,8.4399995803833,273077.0,8.4399995803833,7.869999885559082,7.869999885559082
18-06-2009,7.510000228881836,7.849999904632568,188552.0,7.860000133514404,7.630000114440918,7.630000114440918
19-06-2009,7.579999923706055,7.769999980926514,166226.0,7.849999904632568,7.800000190734863,7.800000190734863
22-06-2009,7.480000019073486,7.639999866485596,181516.0,7.862500190734863,7.610000133514404,7.610000133514404
23-06-2009,7.340000152587891,7.679999828338623,193231.0,7.889999866485596,7.360000133514404,7.360000133514404
24-06-2009,7.260000228881836,7.5,114765.0,7.630000114440918,7.360000133514404,7.360000133514404
25-06-2009,7.099999904632568,7.289999961853027,329061.0,8.050000190734863,7.610000133514404,7.610000133514404
26-06-2009,7.400000095367432,7.550000190734863,366986.0,7.900000095367432,7.400000095367432,7.400000095367432
29-06-2009,6.949999809265137,7.400000095367432,186814.0,7.679999828338623,7.289999961853027,7.289999961853027
30-06-2009,7.150000095367432,7.320000171661377,115597.0,7.489999771118164,7.28000020980835,7.28000020980835
01-07-2009,7.159999847412109,7.449999809265137,178224.0,7.550000190734863,7.449999809265137,7.449999809265137
02-07-2009,6.96999979019165,7.320000171661377,145703.0,7.329999923706055,6.980000019073486,6.980000019073486
06-07-2009,6.650000095367432,6.929999828338623,152686.0,7.090000152587891,6.980000019073486,6.980000019073486
07-07-2009,6.53000020980835,7.019999980926514,127015.0,7.179999828338623,6.599999904632568,6.599999904632568
08-07-2009,6.510000228881836,6.699999809265137,109482.0,6.789999961853027,6.679999828338623,6.679999828338623
09-07-2009,6.650000095367432,6.809999942779541,144097.0,7.060100078582764,6.679999828338623,6.679999828338623
10-07-2009,6.510000228881836,6.659999847412109,94649.0,6.800000190734863,6.690000057220459,6.690000057220459
13-07-2009,6.550000190734863,6.690000057220459,93818.0,7.03000020980835,6.789999961853027,6.789999961853027
14-07-2009,6.639999866485596,6.829999923706055,122698.0,7.019999980926514,7.0,7.0
15-07-2009,7.0,7.099999904632568,141752.0,7.659999847412109,7.46999979019165,7.46999979019165
16-07-2009,7.349999904632568,7.409999847412109,98379.0,7.71999979019165,7.519999980926514,7.519999980926514
17-07-2009,7.159999847412109,7.539999961853027,101706.0,7.670000076293945,7.5,7.5
20-07-2009,7.21999979019165,7.409999847412109,217345.0,7.679999828338623,7.650000095367432,7.650000095367432
21-07-2009,7.210000038146973,7.710000038146973,158099.0,8.25,8.0,8.0
22-07-2009,7.840000152587891,7.940000057220459,86973.0,8.140000343322754,7.920000076293945,7.920000076293945
23-07-2009,7.71999979019165,7.880000114440918,110113.0,8.300000190734863,8.210000038146973,8.210000038146973
24-07-2009,8.149999618530273,8.449999809265137,134230.0,8.960000038146973,8.960000038146973,8.960000038146973
27-07-2009,8.670000076293945,8.680000305175781,116721.0,9.1899995803833,9.180000305175781,9.180000305175781
28-07-2009,9.067999839782715,9.15999984741211,222196.0,10.300000190734863,9.199999809265137,9.199999809265137
29-07-2009,7.659999847412109,8.210000038146973,336744.0,8.40999984741211,7.949999809265137,7.949999809265137
30-07-2009,7.599999904632568,8.0,166138.0,8.5,7.699999809265137,7.699999809265137
31-07-2009,7.659999847412109,7.699999809265137,93588.0,7.909999847412109,7.710000038146973,7.710000038146973
03-08-2009,7.570000171661377,7.829999923706055,70826.0,8.199999809265137,8.0600004196167,8.0600004196167
04-08-2009,7.829999923706055,7.980000019073486,89693.0,8.399999618530273,8.210000038146973,8.210000038146973
05-08-2009,7.9791998863220215,8.1899995803833,48732.0,8.479999542236328,8.170000076293945,8.170000076293945
06-08-2009,7.980299949645996,8.180000305175781,47445.0,8.279999732971191,8.1899995803833,8.1899995803833
07-08-2009,8.319999694824219,8.34000015258789,99898.0,8.890000343322754,8.699999809265137,8.699999809265137
10-08-2009,8.609999656677246,8.670000076293945,59710.0,8.930000305175781,8.850000381469727,8.850000381469727
11-08-2009,8.555000305175781,8.779999732971191,105142.0,9.069999694824219,8.979999542236328,8.979999542236328
12-08-2009,8.890000343322754,8.899999618530273,54759.0,9.25,8.970000267028809,8.970000267028809
13-08-2009,8.6899995803833,8.770000457763672,43080.0,9.010000228881836,8.970000267028809,8.970000267028809
14-08-2009,8.649999618530273,8.979999542236328,101981.0,9.09000015258789,8.850000381469727,8.850000381469727
17-08-2009,8.140000343322754,8.359999656677246,47482.0,8.449999809265137,8.319999694824219,8.319999694824219
18-08-2009,8.180000305175781,8.34000015258789,208171.0,9.229999542236328,8.920000076293945,8.920000076293945
19-08-2009,8.949999809265137,9.020000457763672,474130.0,10.729999542236328,10.449999809265137,10.449999809265137
20-08-2009,10.010000228881836,10.010000228881836,158493.0,11.119099617004395,10.920000076293945,10.920000076293945
21-08-2009,10.720000267028809,11.050000190734863,269491.0,12.350000381469727,12.25,12.25
24-08-2009,11.420000076293945,12.630000114440918,318157.0,13.390000343322754,11.520000457763672,11.520000457763672
25-08-2009,11.539999961853027,11.710000038146973,379767.0,13.020000457763672,12.739999771118164,12.739999771118164
26-08-2009,12.520000457763672,12.600000381469727,171076.0,13.170000076293945,12.989999771118164,12.989999771118164
27-08-2009,12.60200023651123,13.069999694824219,105993.0,13.220000267028809,13.09000015258789,13.09000015258789
28-08-2009,12.760000228881836,13.229999542236328,117895.0,13.430000305175781,12.9399995803833,12.9399995803833
31-08-2009,12.300000190734863,12.899999618530273,140817.0,12.899999618530273,12.489999771118164,12.489999771118164
01-09-2009,11.260000228881836,12.359999656677246,205121.0,12.529999732971191,11.789999961853027,11.789999961853027
02-09-2009,11.539999961853027,11.789999961853027,194404.0,12.520000457763672,12.5,12.5
03-09-2009,12.149999618530273,12.680000305175781,117365.0,12.970000267028809,12.890000343322754,12.890000343322754
04-09-2009,12.5600004196167,12.890000343322754,46320.0,13.0,12.930000305175781,12.930000305175781
08-09-2009,12.300000190734863,13.0,152668.0,13.0,12.539999961853027,12.539999961853027
09-09-2009,12.319999694824219,12.5,76748.0,12.880000114440918,12.819999694824219,12.819999694824219
10-09-2009,12.470000267028809,12.770000457763672,121120.0,13.149999618530273,12.989999771118164,12.989999771118164
11-09-2009,12.829999923706055,13.119999885559082,166516.0,13.399999618530273,13.34000015258789,13.34000015258789
14-09-2009,13.1899995803833,13.289999961853027,258537.0,14.65999984741211,14.350000381469727,14.350000381469727
15-09-2009,14.199999809265137,14.399999618530273,179212.0,15.819999694824219,15.380000114440918,15.380000114440918
16-09-2009,15.0,15.380000114440918,212750.0,16.22599983215332,16.0,16.0
17-09-2009,15.640000343322754,16.059999465942383,201107.0,17.0,15.710000038146973,15.710000038146973
18-09-2009,15.579999923706055,15.789999961853027,213997.0,16.139999389648438,15.979999542236328,15.979999542236328
21-09-2009,15.569999694824219,15.789999961853027,105540.0,16.760000228881836,16.479999542236328,16.479999542236328
22-09-2009,16.040000915527344,16.56999969482422,173954.0,16.84000015258789,16.56999969482422,16.56999969482422
23-09-2009,16.09000015258789,16.639999389648438,95347.0,16.770000457763672,16.15999984741211,16.15999984741211
24-09-2009,15.520000457763672,16.139999389648438,113503.0,16.18199920654297,16.09000015258789,16.09000015258789
25-09-2009,15.119999885559082,16.170000076293945,122241.0,16.43000030517578,15.470000267028809,15.470000267028809
28-09-2009,15.5,15.6899995803833,138555.0,16.690000534057617,16.399999618530273,16.399999618530273
29-09-2009,16.579999923706055,16.59000015258789,169124.0,17.43000030517578,16.950000762939453,16.950000762939453
30-09-2009,15.88010025024414,16.899999618530273,150442.0,16.959999084472656,16.040000915527344,16.040000915527344
01-10-2009,14.960000038146973,15.979999542236328,167392.0,15.989999771118164,15.09000015258789,15.09000015258789
02-10-2009,14.100000381469727,14.880000114440918,104637.0,15.210000038146973,14.710000038146973,14.710000038146973
05-10-2009,14.324600219726562,14.720000267028809,134639.0,15.710000038146973,15.600000381469727,15.600000381469727
06-10-2009,15.600000381469727,15.619999885559082,288157.0,16.549299240112305,16.440000534057617,16.440000534057617
07-10-2009,16.329999923706055,16.329999923706055,228252.0,17.940000534057617,17.440000534057617,17.440000534057617
08-10-2009,17.34000015258789,17.760000228881836,118188.0,18.09000015258789,17.350000381469727,17.350000381469727
09-10-2009,16.899999618530273,17.0,144040.0,17.670000076293945,17.540000915527344,17.540000915527344
12-10-2009,17.59000015258789,17.850000381469727,116739.0,18.170000076293945,17.739999771118164,17.739999771118164
13-10-2009,17.360000610351562,17.760000228881836,203049.0,17.950000762939453,17.790000915527344,17.790000915527344
14-10-2009,17.809999465942383,18.09000015258789,157120.0,19.239999771118164,19.149999618530273,19.149999618530273
15-10-2009,18.770099639892578,18.959999084472656,135746.0,19.299999237060547,19.09000015258789,19.09000015258789
16-10-2009,17.170000076293945,18.860000610351562,248140.0,19.05500030517578,17.799999237060547,17.799999237060547
19-10-2009,17.729999542236328,17.729999542236328,226310.0,18.899999618530273,18.639999389648438,18.639999389648438
20-10-2009,17.200000762939453,18.639999389648438,220006.0,18.760000228881836,17.440000534057617,17.440000534057617
21-10-2009,16.940000534057617,17.450000762939453,160333.0,18.399999618530273,17.06999969482422,17.06999969482422
22-10-2009,16.56999969482422,17.100000381469727,104754.0,17.7549991607666,17.31999969482422,17.31999969482422
23-10-2009,16.049999237060547,17.350000381469727,209132.0,18.149999618530273,16.18000030517578,16.18000030517578
26-10-2009,15.520000457763672,16.18000030517578,170369.0,16.739999771118164,15.619999885559082,15.619999885559082
27-10-2009,14.930000305175781,15.5600004196167,184293.0,15.989999771118164,14.9399995803833,14.9399995803833
28-10-2009,14.119999885559082,14.9399995803833,104708.0,15.319999694824219,14.210000038146973,14.210000038146973
29-10-2009,14.079999923706055,14.300000190734863,92590.0,14.739999771118164,14.460000038146973,14.460000038146973
30-10-2009,13.539999961853027,14.3100004196167,127680.0,14.449999809265137,13.670000076293945,13.670000076293945
02-11-2009,13.220000267028809,13.770000457763672,91486.0,14.0600004196167,13.75,13.75
03-11-2009,13.609999656677246,13.609999656677246,103828.0,14.319999694824219,14.109999656677246,14.109999656677246
04-11-2009,13.675000190734863,14.359999656677246,83530.0,14.569999694824219,13.770000457763672,13.770000457763672
05-11-2009,14.020000457763672,14.020000457763672,97610.0,14.90999984741211,14.829999923706055,14.829999923706055
06-11-2009,13.390000343322754,14.609999656677246,244839.0,14.609999656677246,13.609999656677246,13.609999656677246
09-11-2009,13.8100004196167,13.8100004196167,55811.0,14.550000190734863,14.239999771118164,14.239999771118164
10-11-2009,12.930000305175781,14.119999885559082,296341.0,14.399999618530273,13.479999542236328,13.479999542236328
11-11-2009,13.479999542236328,13.65999984741211,71024.0,13.770000457763672,13.699999809265137,13.699999809265137
12-11-2009,13.34749984741211,13.630000114440918,97923.0,14.829999923706055,13.4399995803833,13.4399995803833
13-11-2009,13.449999809265137,13.470000267028809,64017.0,13.970000267028809,13.59000015258789,13.59000015258789
16-11-2009,13.760000228881836,13.880000114440918,123403.0,14.789999961853027,14.710000038146973,14.710000038146973
17-11-2009,13.979999542236328,14.6899995803833,170662.0,14.890000343322754,14.880000114440918,14.880000114440918
18-11-2009,14.720000267028809,15.850000381469727,299808.0,16.440000534057617,14.989999771118164,14.989999771118164
19-11-2009,13.800000190734863,14.779999732971191,116685.0,14.989999771118164,14.0,14.0
20-11-2009,13.779999732971191,14.229999542236328,83427.0,14.359999656677246,14.069999694824219,14.069999694824219
23-11-2009,14.010000228881836,14.704999923706055,82370.0,14.75,14.229999542236328,14.229999542236328
24-11-2009,13.789999961853027,14.229999542236328,144064.0,14.579999923706055,14.210000038146973,14.210000038146973
25-11-2009,14.029999732971191,14.239999771118164,52010.0,14.34000015258789,14.100000381469727,14.100000381469727
27-11-2009,13.220000267028809,13.760000228881836,73864.0,14.057999610900879,13.920000076293945,13.920000076293945
30-11-2009,13.75,14.050000190734863,161409.0,14.109999656677246,13.979999542236328,13.979999542236328
01-12-2009,14.010000228881836,14.100000381469727,64424.0,14.470000267028809,14.130000114440918,14.130000114440918
02-12-2009,14.199999809265137,14.289999961853027,58255.0,14.579999923706055,14.579999923706055,14.579999923706055
03-12-2009,14.1899995803833,14.539999961853027,185839.0,14.850000381469727,14.279999732971191,14.279999732971191
04-12-2009,14.100000381469727,14.890000343322754,176039.0,15.460000038146973,14.25,14.25
07-12-2009,13.720000267028809,14.170000076293945,91725.0,14.3100004196167,14.0,14.0
08-12-2009,13.345000267028809,13.989999771118164,175844.0,14.079899787902832,13.539999961853027,13.539999961853027
09-12-2009,13.020000457763672,13.600000381469727,67497.0,13.640000343322754,13.479999542236328,13.479999542236328
10-12-2009,13.239999771118164,13.539999961853027,159148.0,13.680000305175781,13.34000015258789,13.34000015258789
11-12-2009,12.789999961853027,13.449999809265137,199069.0,13.510000228881836,13.399999618530273,13.399999618530273
14-12-2009,13.40999984741211,13.720000267028809,85493.0,13.949999809265137,13.9399995803833,13.9399995803833
15-12-2009,13.6899995803833,14.079999923706055,118312.0,14.220000267028809,13.75,13.75
16-12-2009,13.380000114440918,13.710000038146973,82612.0,13.960000038146973,13.770000457763672,13.770000457763672
17-12-2009,13.479999542236328,13.859999656677246,82158.0,13.920000076293945,13.84000015258789,13.84000015258789
18-12-2009,13.579999923706055,14.109999656677246,163053.0,14.109999656677246,13.779999732971191,13.779999732971191
21-12-2009,13.680000305175781,13.680000305175781,66496.0,14.050000190734863,13.979999542236328,13.979999542236328
22-12-2009,13.800000190734863,13.869999885559082,106619.0,14.369999885559082,14.25,14.25
23-12-2009,14.319999694824219,14.5600004196167,120307.0,15.130000114440918,14.869999885559082,14.869999885559082
24-12-2009,14.890000343322754,15.109999656677246,10269.0,15.119999885559082,15.069999694824219,15.069999694824219
28-12-2009,14.789999961853027,15.0600004196167,44612.0,15.170000076293945,14.90999984741211,14.90999984741211
29-12-2009,14.720000267028809,14.800000190734863,40195.0,15.039999961853027,14.90999984741211,14.90999984741211
30-12-2009,14.600000381469727,14.8100004196167,61037.0,15.220000267028809,15.180000305175781,15.180000305175781
31-12-2009,15.037500381469727,15.210000038146973,73021.0,15.289999961853027,15.0600004196167,15.0600004196167
04-01-2010,15.09000015258789,15.260000228881836,80090.0,15.6899995803833,15.600000381469727,15.600000381469727
05-01-2010,15.210000038146973,15.699999809265137,91132.0,16.579999923706055,16.3799991607666,16.3799991607666
06-01-2010,16.18000030517578,16.469999313354492,100584.0,16.700000762939453,16.459999084472656,16.459999084472656
07-01-2010,16.389999389648438,16.559999465942383,74446.0,17.09000015258789,16.920000076293945,16.920000076293945
08-01-2010,16.6200008392334,16.920000076293945,34856.0,16.920000076293945,16.729999542236328,16.729999542236328
11-01-2010,16.5,16.709999084472656,45221.0,16.790000915527344,16.65999984741211,16.65999984741211
12-01-2010,16.0,16.739999771118164,59665.0,16.75,16.09000015258789,16.09000015258789
13-01-2010,16.0,16.0,26618.0,16.479999542236328,16.43000030517578,16.43000030517578
14-01-2010,15.880000114440918,16.440000534057617,51425.0,16.559999465942383,16.290000915527344,16.290000915527344
15-01-2010,15.40999984741211,16.260000228881836,88968.0,16.399999618530273,15.989999771118164,15.989999771118164
19-01-2010,15.449999809265137,16.06999969482422,76510.0,16.18000030517578,15.510000228881836,15.510000228881836
20-01-2010,15.020000457763672,15.430000305175781,43050.0,15.720000267028809,15.149999618530273,15.149999618530273
21-01-2010,14.199999809265137,15.210000038146973,96473.0,15.270000457763672,14.229999542236328,14.229999542236328
22-01-2010,14.649999618530273,15.149999618530273,116894.0,15.1899995803833,14.720000267028809,14.720000267028809
25-01-2010,14.279999732971191,14.770000457763672,70052.0,14.930000305175781,14.899999618530273,14.899999618530273
26-01-2010,14.25,14.8100004196167,77136.0,15.630000114440918,15.229999542236328,15.229999542236328
27-01-2010,15.079999923706055,15.380000114440918,169161.0,16.950000762939453,16.81999969482422,16.81999969482422
28-01-2010,15.90999984741211,16.100000381469727,145368.0,16.860000610351562,16.43000030517578,16.43000030517578
29-01-2010,16.030000686645508,16.549999237060547,90890.0,16.895000457763672,16.030000686645508,16.030000686645508
01-02-2010,16.040000915527344,16.1299991607666,36067.0,16.56999969482422,16.329999923706055,16.329999923706055
02-02-2010,16.139999389648438,16.420000076293945,47557.0,16.850000381469727,16.75,16.75
03-02-2010,16.40999984741211,16.860000610351562,69424.0,17.010000228881836,16.540000915527344,16.540000915527344
04-02-2010,15.220000267028809,16.559999465942383,92048.0,16.639999389648438,15.550000190734863,15.550000190734863
05-02-2010,14.75,15.880000114440918,70705.0,15.899999618530273,15.300000190734863,15.300000190734863
08-02-2010,14.75,15.1899995803833,65975.0,15.329999923706055,14.920000076293945,14.920000076293945
09-02-2010,14.3100004196167,15.199999809265137,126149.0,15.25,15.140000343322754,15.140000343322754
10-02-2010,14.800000190734863,14.960000038146973,36941.0,15.15999984741211,15.149999618530273,15.149999618530273
11-02-2010,15.0,15.010000228881836,44028.0,15.6899995803833,15.649999618530273,15.649999618530273
12-02-2010,15.166000366210938,15.25,70052.0,15.890000343322754,15.880000114440918,15.880000114440918
16-02-2010,15.970000267028809,15.979999542236328,43553.0,16.489999771118164,16.399999618530273,16.399999618530273
17-02-2010,16.75,16.75,587603.0,20.190000534057617,19.90999984741211,19.90999984741211
18-02-2010,19.200000762939453,19.920000076293945,189716.0,19.969999313354492,19.3700008392334,19.3700008392334
19-02-2010,19.110000610351562,19.360000610351562,146550.0,19.989999771118164,19.969999313354492,19.969999313354492
22-02-2010,19.360000610351562,19.950000762939453,166268.0,20.239999771118164,19.520000457763672,19.520000457763672
23-02-2010,18.81999969482422,19.520000457763672,235628.0,19.649900436401367,19.530000686645508,19.530000686645508
24-02-2010,19.31999969482422,19.600000381469727,71050.0,19.93000030517578,19.5,19.5
25-02-2010,19.299999237060547,19.299999237060547,92443.0,19.979999542236328,19.920000076293945,19.920000076293945
26-02-2010,19.40999984741211,19.989999771118164,80221.0,20.059999465942383,19.56999969482422,19.56999969482422
01-03-2010,19.420000076293945,19.6299991607666,86838.0,19.969999313354492,19.93000030517578,19.93000030517578
02-03-2010,19.700000762939453,20.0,45358.0,20.0,19.860000610351562,19.860000610351562
03-03-2010,19.389999389648438,19.959999084472656,62927.0,20.0,19.850000381469727,19.850000381469727
04-03-2010,19.790000915527344,19.899999618530273,130322.0,20.049999237060547,19.969999313354492,19.969999313354492
05-03-2010,19.200000762939453,20.040000915527344,128615.0,20.915000915527344,20.8799991607666,20.8799991607666
08-03-2010,20.93000030517578,20.989999771118164,112330.0,21.489999771118164,21.3799991607666,21.3799991607666
09-03-2010,21.34000015258789,21.34000015258789,132498.0,22.290000915527344,21.709999084472656,21.709999084472656
10-03-2010,21.350000381469727,21.350000381469727,84922.0,22.110000610351562,21.81999969482422,21.81999969482422
11-03-2010,21.43000030517578,21.75,93209.0,21.770000457763672,21.43000030517578,21.43000030517578
12-03-2010,21.010000228881836,21.649999618530273,150731.0,22.030099868774414,21.81999969482422,21.81999969482422
15-03-2010,20.520000457763672,21.399999618530273,152358.0,22.09000015258789,21.959999084472656,21.959999084472656
16-03-2010,21.68000030517578,22.0,120551.0,23.09000015258789,22.309999465942383,22.309999465942383
17-03-2010,22.34000015258789,22.469999313354492,101461.0,23.174999237060547,23.049999237060547,23.049999237060547
18-03-2010,22.610000610351562,22.850000381469727,214695.0,23.209999084472656,22.969999313354492,22.969999313354492
19-03-2010,20.89780044555664,23.420000076293945,466935.0,23.440000534057617,20.899999618530273,20.899999618530273
22-03-2010,19.99250030517578,20.829999923706055,237870.0,22.84000015258789,22.6299991607666,22.6299991607666
23-03-2010,22.139999389648438,22.59000015258789,169784.0,23.399999618530273,23.1200008392334,23.1200008392334
24-03-2010,22.479999542236328,22.799999237060547,152449.0,23.270000457763672,22.829999923706055,22.829999923706055
25-03-2010,22.799999237060547,23.149999618530273,152650.0,23.489999771118164,22.860000610351562,22.860000610351562
26-03-2010,23.020000457763672,23.020000457763672,113636.0,23.579999923706055,23.3700008392334,23.3700008392334
29-03-2010,23.459999084472656,23.559999465942383,108348.0,23.940000534057617,23.829999923706055,23.829999923706055
30-03-2010,23.1200008392334,23.770000457763672,92063.0,24.1299991607666,23.360000610351562,23.360000610351562
31-03-2010,22.649999618530273,23.190000534057617,147275.0,23.719999313354492,22.700000762939453,22.700000762939453
01-04-2010,22.4950008392334,22.860000610351562,116548.0,23.549999237060547,23.43000030517578,23.43000030517578
05-04-2010,23.450000762939453,23.670000076293945,107440.0,24.40999984741211,23.799999237060547,23.799999237060547
06-04-2010,23.420000076293945,23.790000915527344,134698.0,24.809999465942383,24.639999389648438,24.639999389648438
07-04-2010,23.920000076293945,24.549999237060547,163497.0,24.972999572753906,24.260000228881836,24.260000228881836
08-04-2010,24.049999237060547,24.290000915527344,146727.0,24.59000015258789,24.329999923706055,24.329999923706055
09-04-2010,24.200000762939453,24.399999618530273,148690.0,24.670000076293945,24.440000534057617,24.440000534057617
12-04-2010,23.90999984741211,24.25,109851.0,24.559999465942383,24.559999465942383,24.559999465942383
13-04-2010,24.252500534057617,24.3700008392334,162780.0,24.959999084472656,24.700000762939453,24.700000762939453
14-04-2010,24.440000534057617,24.959999084472656,224118.0,25.1299991607666,25.0,25.0
15-04-2010,24.399999618530273,25.0,271038.0,25.0,24.829999923706055,24.829999923706055
16-04-2010,24.360000610351562,24.790000915527344,105089.0,25.149999618530273,24.639999389648438,24.639999389648438
19-04-2010,23.950000762939453,24.40999984741211,93447.0,25.1200008392334,24.93000030517578,24.93000030517578
20-04-2010,25.100000381469727,25.280000686645508,109249.0,25.84000015258789,25.600000381469727,25.600000381469727
21-04-2010,25.6299991607666,25.770000457763672,90383.0,26.211200714111328,25.8799991607666,25.8799991607666
22-04-2010,25.40999984741211,25.600000381469727,76403.0,26.6200008392334,26.559999465942383,26.559999465942383
23-04-2010,26.190000534057617,26.59000015258789,67589.0,26.829999923706055,26.75,26.75
26-04-2010,24.459999084472656,25.209999084472656,228425.0,26.260000228881836,26.190000534057617,26.190000534057617
27-04-2010,25.190000534057617,26.1200008392334,104035.0,26.864999771118164,25.260000228881836,25.260000228881836
28-04-2010,24.770000457763672,25.649999618530273,125768.0,25.739999771118164,25.010000228881836,25.010000228881836
29-04-2010,25.06999969482422,25.3799991607666,144828.0,25.860000610351562,25.729999542236328,25.729999542236328
30-04-2010,24.1299991607666,25.68000030517578,195689.0,25.709999084472656,24.1299991607666,24.1299991607666
03-05-2010,23.809999465942383,24.350000381469727,172864.0,26.18000030517578,25.979999542236328,25.979999542236328
04-05-2010,25.110000610351562,25.540000915527344,206549.0,26.459999084472656,25.530000686645508,25.530000686645508
05-05-2010,24.34000015258789,25.1299991607666,111057.0,25.420000076293945,24.450000762939453,24.450000762939453
06-05-2010,19.639999389648438,24.299999237060547,213518.0,24.399999618530273,21.690000534057617,21.690000534057617
07-05-2010,19.1200008392334,21.049999237060547,405146.0,22.089000701904297,19.829999923706055,19.829999923706055
10-05-2010,20.030000686645508,20.3700008392334,235409.0,22.469999313354492,22.450000762939453,22.450000762939453
11-05-2010,21.670000076293945,22.010000228881836,74827.0,22.950000762939453,22.700000762939453,22.700000762939453
12-05-2010,22.56999969482422,22.899999618530273,100049.0,23.979999542236328,23.899999618530273,23.899999618530273
13-05-2010,22.5762996673584,23.700000762939453,85317.0,23.709999084472656,22.829999923706055,22.829999923706055
14-05-2010,21.549999237060547,22.6200008392334,67143.0,22.639999389648438,22.1200008392334,22.1200008392334
17-05-2010,21.75,22.440000534057617,284754.0,23.65999984741211,23.479999542236328,23.479999542236328
18-05-2010,22.860000610351562,23.969999313354492,181869.0,24.968000411987305,23.190000534057617,23.190000534057617
19-05-2010,22.3700008392334,22.969999313354492,147167.0,23.18000030517578,22.479999542236328,22.479999542236328
20-05-2010,22.010000228881836,22.010000228881836,287912.0,24.0,22.6200008392334,22.6200008392334
21-05-2010,21.6200008392334,22.0,221916.0,23.690000534057617,23.139999389648438,23.139999389648438
24-05-2010,22.93000030517578,23.170000076293945,103203.0,24.299999237060547,23.260000228881836,23.260000228881836
25-05-2010,21.0,22.059999465942383,135846.0,22.979999542236328,22.84000015258789,22.84000015258789
26-05-2010,21.40999984741211,23.0,100114.0,24.059999465942383,22.8700008392334,22.8700008392334
27-05-2010,23.350000381469727,23.440000534057617,220192.0,24.670000076293945,24.56999969482422,24.56999969482422
28-05-2010,24.020000457763672,24.6200008392334,86293.0,25.100000381469727,24.059999465942383,24.059999465942383
01-06-2010,23.270000457763672,23.770000457763672,140096.0,24.420000076293945,23.34000015258789,23.34000015258789
02-06-2010,22.860000610351562,23.489999771118164,133017.0,23.75,23.6299991607666,23.6299991607666
03-06-2010,23.40999984741211,23.729999542236328,115857.0,24.260000228881836,24.1299991607666,24.1299991607666
04-06-2010,22.780000686645508,23.709999084472656,180623.0,24.079999923706055,22.899999618530273,22.899999618530273
07-06-2010,21.649999618530273,23.209999084472656,195536.0,23.209999084472656,21.799999237060547,21.799999237060547
08-06-2010,20.399999618530273,21.899999618530273,254350.0,22.049999237060547,20.510000228881836,20.510000228881836
09-06-2010,20.667499542236328,20.899999618530273,143543.0,21.770000457763672,20.90999984741211,20.90999984741211
10-06-2010,20.700000762939453,20.700000762939453,124787.0,22.09000015258789,22.09000015258789,22.09000015258789
11-06-2010,21.65999984741211,21.65999984741211,101410.0,23.0,22.700000762939453,22.700000762939453
14-06-2010,22.790000915527344,23.0,113993.0,23.549999237060547,22.899999618530273,22.899999618530273
15-06-2010,23.1299991607666,23.299999237060547,147742.0,24.5,24.34000015258789,24.34000015258789
16-06-2010,22.600000381469727,24.030000686645508,114568.0,24.149999618530273,23.950000762939453,23.950000762939453
17-06-2010,22.940000534057617,24.079999923706055,109585.0,24.290000915527344,23.709999084472656,23.709999084472656
18-06-2010,23.600000381469727,23.690000534057617,165998.0,24.65999984741211,24.489999771118164,24.489999771118164
21-06-2010,22.479999542236328,24.760000228881836,198575.0,24.780000686645508,22.8700008392334,22.8700008392334
22-06-2010,21.6200008392334,23.010000228881836,114029.0,23.600000381469727,21.700000762939453,21.700000762939453
23-06-2010,20.8700008392334,21.65999984741211,139650.0,21.8799991607666,21.309999465942383,21.309999465942383
24-06-2010,19.610000610351562,21.1299991607666,131575.0,21.459999084472656,19.639999389648438,19.639999389648438
25-06-2010,19.350000381469727,19.739999771118164,440848.0,21.540000915527344,21.540000915527344,21.540000915527344
28-06-2010,20.770000457763672,21.270000457763672,175462.0,21.600000381469727,21.270000457763672,21.270000457763672
29-06-2010,19.650100708007812,20.700000762939453,168585.0,20.709999084472656,19.93000030517578,19.93000030517578
30-06-2010,19.649999618530273,19.899999618530273,185625.0,20.5,20.200000762939453,20.200000762939453
01-07-2010,18.739999771118164,20.290000915527344,124450.0,20.290000915527344,19.6200008392334,19.6200008392334
02-07-2010,18.59000015258789,19.799999237060547,89603.0,19.910999298095703,18.850000381469727,18.850000381469727
06-07-2010,16.719999313354492,19.600000381469727,204316.0,19.600000381469727,16.850000381469727,16.850000381469727
07-07-2010,16.56999969482422,17.010000228881836,206731.0,19.299999237060547,19.190000534057617,19.190000534057617
08-07-2010,19.360000610351562,19.450000762939453,215271.0,20.239999771118164,20.18000030517578,20.18000030517578
09-07-2010,19.889999389648438,20.209999084472656,87858.0,20.440000534057617,20.40999984741211,20.40999984741211
12-07-2010,19.780000686645508,20.229999542236328,106984.0,20.440000534057617,20.059999465942383,20.059999465942383
13-07-2010,20.209999084472656,20.559999465942383,90776.0,20.889999389648438,20.700000762939453,20.700000762939453
14-07-2010,20.219999313354492,20.56999969482422,58709.0,20.739999771118164,20.479999542236328,20.479999542236328
15-07-2010,19.799999237060547,20.459999084472656,60611.0,20.579999923706055,20.239999771118164,20.239999771118164
16-07-2010,19.559999465942383,20.010000228881836,164775.0,20.229999542236328,19.59000015258789,19.59000015258789
19-07-2010,19.31999969482422,19.6200008392334,122428.0,20.0,19.399999618530273,19.399999618530273
20-07-2010,18.86050033569336,19.1299991607666,94386.0,20.610000610351562,20.489999771118164,20.489999771118164
21-07-2010,19.540000915527344,20.6299991607666,102377.0,21.1200008392334,19.790000915527344,19.790000915527344
22-07-2010,20.06999969482422,20.190000534057617,147863.0,20.889999389648438,20.81999969482422,20.81999969482422
23-07-2010,20.489999771118164,20.610000610351562,80839.0,21.799999237060547,21.610000610351562,21.610000610351562
26-07-2010,21.260000228881836,21.6299991607666,77376.0,22.459999084472656,22.43000030517578,22.43000030517578
27-07-2010,21.440000534057617,22.469999313354492,70654.0,22.559999465942383,21.65999984741211,21.65999984741211
28-07-2010,21.440000534057617,21.5,62449.0,21.950000762939453,21.719999313354492,21.719999313354492
29-07-2010,21.799999237060547,21.950000762939453,88823.0,22.790000915527344,22.3799991607666,22.3799991607666
30-07-2010,21.709999084472656,21.850000381469727,48841.0,22.84000015258789,22.389999389648438,22.389999389648438
02-08-2010,21.989999771118164,22.860000610351562,141190.0,23.329999923706055,22.040000915527344,22.040000915527344
03-08-2010,21.1299991607666,21.8700008392334,111389.0,21.8799991607666,21.209999084472656,21.209999084472656
04-08-2010,21.459999084472656,21.459999084472656,77801.0,22.440000534057617,22.34000015258789,22.34000015258789
05-08-2010,21.049999237060547,22.0,67469.0,22.0,21.459999084472656,21.459999084472656
06-08-2010,20.790000915527344,21.059999465942383,78787.0,21.43000030517578,21.25,21.25
09-08-2010,21.059999465942383,21.549999237060547,56728.0,21.559999465942383,21.280000686645508,21.280000686645508
10-08-2010,20.611299514770508,21.049999237060547,127229.0,21.850000381469727,21.639999389648438,21.639999389648438
11-08-2010,20.06999969482422,20.989999771118164,101170.0,20.989999771118164,20.1200008392334,20.1200008392334
12-08-2010,19.770000457763672,20.06999969482422,130397.0,21.360000610351562,21.31999969482422,21.31999969482422
13-08-2010,21.020000457763672,21.290000915527344,142527.0,22.1200008392334,21.6200008392334,21.6200008392334
16-08-2010,21.19499969482422,21.350000381469727,96931.0,22.15999984741211,21.540000915527344,21.540000915527344
17-08-2010,21.540000915527344,22.010000228881836,125117.0,22.229999542236328,21.639999389648438,21.639999389648438
18-08-2010,21.649999618530273,21.65999984741211,160432.0,22.420000076293945,22.309999465942383,22.309999465942383
19-08-2010,21.579999923706055,22.229999542236328,118984.0,22.68000030517578,21.8799991607666,21.8799991607666
20-08-2010,21.110000610351562,21.670000076293945,66381.0,22.18000030517578,22.100000381469727,22.100000381469727
23-08-2010,21.399999618530273,22.3799991607666,152707.0,22.850000381469727,21.450000762939453,21.450000762939453
24-08-2010,20.299999237060547,21.0,113306.0,21.2549991607666,20.469999313354492,20.469999313354492
25-08-2010,19.90999984741211,20.979999542236328,121989.0,21.43000030517578,21.31999969482422,21.31999969482422
26-08-2010,19.079999923706055,21.399999618530273,250916.0,21.739999771118164,19.469999313354492,19.469999313354492
27-08-2010,19.0,19.860000610351562,120526.0,19.989999771118164,19.600000381469727,19.600000381469727
30-08-2010,18.270000457763672,19.540000915527344,101886.0,19.8700008392334,18.31999969482422,18.31999969482422
31-08-2010,18.25,18.329999923706055,168565.0,18.959999084472656,18.360000610351562,18.360000610351562
01-09-2010,18.84000015258789,18.90999984741211,96054.0,19.770000457763672,19.209999084472656,19.209999084472656
02-09-2010,19.040000915527344,19.34000015258789,76141.0,19.969999313354492,19.860000610351562,19.860000610351562
03-09-2010,19.700000762939453,20.200000762939453,31112.0,20.25,19.950000762939453,19.950000762939453
07-09-2010,19.149999618530273,19.920000076293945,82950.0,20.109899520874023,19.309999465942383,19.309999465942383
08-09-2010,19.43000030517578,19.43000030517578,50628.0,20.149999618530273,19.790000915527344,19.790000915527344
09-09-2010,19.760000228881836,20.190000534057617,111060.0,20.3700008392334,19.979999542236328,19.979999542236328
10-09-2010,19.920000076293945,20.110000610351562,51745.0,20.450000762939453,20.079999923706055,20.079999923706055
13-09-2010,20.165000915527344,20.309999465942383,79048.0,20.700000762939453,20.40999984741211,20.40999984741211
14-09-2010,20.239999771118164,20.479999542236328,87010.0,20.969999313354492,20.90999984741211,20.90999984741211
15-09-2010,20.600000381469727,20.75,37877.0,21.389999389648438,21.229999542236328,21.229999542236328
16-09-2010,21.059999465942383,21.059999465942383,53531.0,21.510000228881836,21.299999237060547,21.299999237060547
17-09-2010,21.299999237060547,21.670000076293945,113723.0,21.889999389648438,21.56999969482422,21.56999969482422
20-09-2010,21.6299991607666,21.690000534057617,62276.0,22.540000915527344,22.459999084472656,22.459999084472656
21-09-2010,21.780000686645508,22.350000381469727,54041.0,22.59000015258789,21.81999969482422,21.81999969482422
22-09-2010,20.43000030517578,21.729999542236328,70400.0,21.8700008392334,20.600000381469727,20.600000381469727
23-09-2010,19.8799991607666,20.459999084472656,100893.0,20.829999923706055,20.6299991607666,20.6299991607666
24-09-2010,20.8799991607666,21.059999465942383,84140.0,21.739999771118164,21.700000762939453,21.700000762939453
27-09-2010,19.829999923706055,21.700000762939453,60908.0,22.0049991607666,21.739999771118164,21.739999771118164
28-09-2010,21.190000534057617,21.889999389648438,74150.0,22.0,21.889999389648438,21.889999389648438
29-09-2010,21.6299991607666,21.719999313354492,64069.0,22.31999969482422,22.309999465942383,22.309999465942383
30-09-2010,21.5,22.6299991607666,77199.0,22.670000076293945,21.850000381469727,21.850000381469727
01-10-2010,21.79800033569336,22.200000762939453,40811.0,22.3799991607666,22.100000381469727,22.100000381469727
04-10-2010,21.399999618530273,22.059999465942383,41342.0,22.399999618530273,21.639999389648438,21.639999389648438
05-10-2010,21.84000015258789,22.040000915527344,102061.0,23.6200008392334,23.610000610351562,23.610000610351562
06-10-2010,22.850099563598633,23.56999969482422,73876.0,23.709999084472656,23.6299991607666,23.6299991607666
07-10-2010,23.350000381469727,23.770000457763672,96331.0,24.010000228881836,23.700000762939453,23.700000762939453
08-10-2010,23.3799991607666,23.780000686645508,54731.0,24.299999237060547,24.110000610351562,24.110000610351562
11-10-2010,23.81999969482422,24.149999618530273,45551.0,24.350000381469727,24.15999984741211,24.15999984741211
12-10-2010,23.219999313354492,23.979999542236328,98079.0,23.979999542236328,23.6200008392334,23.6200008392334
13-10-2010,23.290000915527344,23.850000381469727,46847.0,24.209999084472656,23.459999084472656,23.459999084472656
14-10-2010,23.520000457763672,23.75,79569.0,24.329999923706055,24.299999237060547,24.299999237060547
15-10-2010,23.5,24.489999771118164,82927.0,24.5,24.270000457763672,24.270000457763672
18-10-2010,24.375,24.440000534057617,59449.0,25.059999465942383,25.040000915527344,25.040000915527344
19-10-2010,23.649999618530273,24.399999618530273,111028.0,25.09000015258789,23.739999771118164,23.739999771118164
20-10-2010,23.729999542236328,24.020000457763672,60488.0,24.450000762939453,24.059999465942383,24.059999465942383
21-10-2010,23.100000381469727,24.329999923706055,42537.0,24.450000762939453,23.510000228881836,23.510000228881836
22-10-2010,23.110000610351562,23.559999465942383,54713.0,23.770000457763672,23.5,23.5
25-10-2010,23.779600143432617,23.829999923706055,55553.0,24.489999771118164,24.190000534057617,24.190000534057617
26-10-2010,23.889999389648438,24.09000015258789,84736.0,25.190000534057617,24.709999084472656,24.709999084472656
27-10-2010,23.329999923706055,24.56999969482422,101591.0,24.799999237060547,23.68000030517578,23.68000030517578
28-10-2010,22.690000534057617,23.81999969482422,139715.0,24.389999389648438,22.709999084472656,22.709999084472656
29-10-2010,22.25,22.510000228881836,105128.0,23.040000915527344,22.479999542236328,22.479999542236328
01-11-2010,22.3700008392334,22.6200008392334,80281.0,23.18000030517578,22.639999389648438,22.639999389648438
02-11-2010,22.219999313354492,23.09000015258789,90467.0,23.190000534057617,23.100000381469727,23.100000381469727
03-11-2010,21.719999313354492,23.09000015258789,124690.0,23.15999984741211,21.790000915527344,21.790000915527344
04-11-2010,21.979999542236328,22.350000381469727,64355.0,22.920000076293945,22.579999923706055,22.579999923706055
05-11-2010,22.450000762939453,22.709999084472656,69236.0,23.09000015258789,22.799999237060547,22.799999237060547
08-11-2010,22.450000762939453,22.790000915527344,26564.0,23.219999313354492,23.020000457763672,23.020000457763672
09-11-2010,22.549999237060547,23.190000534057617,58980.0,23.31999969482422,22.68000030517578,22.68000030517578
10-11-2010,22.270000457763672,22.809999465942383,66821.0,22.809999465942383,22.5,22.5
11-11-2010,21.8799991607666,22.209999084472656,55107.0,22.59000015258789,22.420000076293945,22.420000076293945
12-11-2010,21.709999084472656,22.1200008392334,55383.0,22.43000030517578,21.719999313354492,21.719999313354492
15-11-2010,21.68000030517578,21.940000534057617,100122.0,22.399900436401367,21.770000457763672,21.770000457763672
16-11-2010,20.600000381469727,21.43000030517578,199585.0,21.690000534057617,21.350000381469727,21.350000381469727
17-11-2010,22.600000381469727,22.600000381469727,279966.0,23.864999771118164,23.450000762939453,23.450000762939453
18-11-2010,23.600000381469727,24.6200008392334,343328.0,26.360000610351562,25.479999542236328,25.479999542236328
19-11-2010,25.010000228881836,25.489999771118164,181413.0,26.399999618530273,25.579999923706055,25.579999923706055
22-11-2010,25.030000686645508,25.56999969482422,115804.0,26.309999465942383,26.020000457763672,26.020000457763672
23-11-2010,25.56999969482422,25.719999313354492,126992.0,26.31999969482422,26.229999542236328,26.229999542236328
24-11-2010,26.280000686645508,26.56999969482422,92488.0,27.360000610351562,27.170000076293945,27.170000076293945
26-11-2010,26.93000030517578,27.049999237060547,36304.0,27.40999984741211,27.260000228881836,27.260000228881836
29-11-2010,26.201000213623047,27.290000915527344,60712.0,27.290000915527344,26.899999618530273,26.899999618530273
30-11-2010,26.100000381469727,26.559999465942383,108096.0,27.43000030517578,27.209999084472656,27.209999084472656
01-12-2010,27.520000457763672,27.520000457763672,95960.0,28.239999771118164,27.90999984741211,27.90999984741211
02-12-2010,27.260000228881836,28.06999969482422,69071.0,28.260000228881836,27.43000030517578,27.43000030517578
03-12-2010,27.010000228881836,27.34000015258789,51871.0,27.719999313354492,27.59000015258789,27.59000015258789
06-12-2010,26.9950008392334,27.59000015258789,82616.0,27.81999969482422,27.670000076293945,27.670000076293945
07-12-2010,27.820999145507812,28.200000762939453,118161.0,28.649999618530273,28.520000457763672,28.520000457763672
08-12-2010,28.31999969482422,28.790000915527344,62938.0,28.969999313354492,28.350000381469727,28.350000381469727
09-12-2010,27.010000228881836,28.479999542236328,106579.0,28.479999542236328,27.700000762939453,27.700000762939453
10-12-2010,26.8700008392334,27.739999771118164,104625.0,27.739999771118164,27.280000686645508,27.280000686645508
13-12-2010,26.09000015258789,27.469999313354492,114569.0,27.469999313354492,26.1299991607666,26.1299991607666
14-12-2010,25.729999542236328,26.239999771118164,61579.0,26.3700008392334,25.8799991607666,25.8799991607666
15-12-2010,25.489999771118164,25.90999984741211,98955.0,26.329999923706055,26.100000381469727,26.100000381469727
16-12-2010,25.399999618530273,26.239999771118164,82142.0,26.239999771118164,25.420000076293945,25.420000076293945
17-12-2010,24.170000076293945,25.520000457763672,265017.0,25.520000457763672,24.989999771118164,24.989999771118164
20-12-2010,24.010000228881836,25.139999389648438,124847.0,26.399999618530273,26.3700008392334,26.3700008392334
21-12-2010,26.170000076293945,26.450000762939453,97070.0,27.110000610351562,27.049999237060547,27.049999237060547
22-12-2010,26.25,27.0,63218.0,27.0,26.5,26.5
23-12-2010,26.180099487304688,26.520000457763672,53021.0,26.670000076293945,26.360000610351562,26.360000610351562
27-12-2010,26.240999221801758,26.360000610351562,31904.0,27.0,26.809999465942383,26.809999465942383
28-12-2010,26.609899520874023,26.809999465942383,69544.0,27.100000381469727,26.940000534057617,26.940000534057617
29-12-2010,26.837499618530273,27.09000015258789,69627.0,27.760000228881836,27.68000030517578,27.68000030517578
30-12-2010,27.520000457763672,27.520000457763672,80893.0,28.3700008392334,27.899999618530273,27.899999618530273
31-12-2010,27.399999618530273,27.8799991607666,61914.0,28.040000915527344,27.469999313354492,27.469999313354492
03-01-2011,27.641000747680664,27.809999465942383,79572.0,28.579999923706055,28.15999984741211,28.15999984741211
04-01-2011,26.399999618530273,28.350000381469727,54206.0,28.354000091552734,26.760000228881836,26.760000228881836
05-01-2011,25.760000228881836,26.729999542236328,63233.0,27.010000228881836,26.459999084472656,26.459999084472656
06-01-2011,25.490100860595703,26.3799991607666,52566.0,26.850000381469727,26.06999969482422,26.06999969482422
07-01-2011,28.309999465942383,28.309999465942383,595246.0,30.239200592041016,28.84000015258789,28.84000015258789
10-01-2011,28.829999923706055,28.829999923706055,189619.0,30.3799991607666,30.010000228881836,30.010000228881836
11-01-2011,29.010000228881836,30.329999923706055,88193.0,30.479999542236328,29.059999465942383,29.059999465942383
12-01-2011,28.770000457763672,29.280000686645508,62894.0,29.6299991607666,28.790000915527344,28.790000915527344
13-01-2011,28.25,28.899999618530273,61518.0,29.020000457763672,28.440000534057617,28.440000534057617
14-01-2011,28.33799934387207,28.350000381469727,91854.0,29.440000534057617,29.40999984741211,29.40999984741211
18-01-2011,29.09000015258789,29.489999771118164,147797.0,30.1200008392334,30.0,30.0
19-01-2011,28.489999771118164,29.940000534057617,98699.0,30.110000610351562,28.520000457763672,28.520000457763672
20-01-2011,27.68000030517578,28.229999542236328,46506.0,28.68000030517578,27.770000457763672,27.770000457763672
21-01-2011,26.93000030517578,27.959999084472656,65120.0,28.0,27.489999771118164,27.489999771118164
24-01-2011,27.18000030517578,27.6299991607666,41140.0,28.1299991607666,28.079999923706055,28.079999923706055
25-01-2011,27.65999984741211,27.989999771118164,56133.0,28.290000915527344,28.219999313354492,28.219999313354492
26-01-2011,28.059999465942383,28.43000030517578,57523.0,29.06999969482422,29.06999969482422,29.06999969482422
27-01-2011,28.6200008392334,29.1299991607666,40459.0,29.600000381469727,29.06999969482422,29.06999969482422
28-01-2011,28.31999969482422,29.100000381469727,89881.0,29.420000076293945,28.3700008392334,28.3700008392334
31-01-2011,27.790000915527344,28.5,72450.0,28.559999465942383,28.149999618530273,28.149999618530273
01-02-2011,28.239999771118164,28.34000015258789,33374.0,29.43000030517578,29.18000030517578,29.18000030517578
02-02-2011,28.489999771118164,29.1200008392334,34551.0,29.249900817871094,28.56999969482422,28.56999969482422
03-02-2011,28.56999969482422,28.56999969482422,31172.0,29.420000076293945,29.030000686645508,29.030000686645508
04-02-2011,28.68000030517578,28.940000534057617,35183.0,29.25,28.770000457763672,28.770000457763672
07-02-2011,28.809999465942383,28.8700008392334,25216.0,29.559999465942383,29.030000686645508,29.030000686645508
08-02-2011,28.8799991607666,29.049999237060547,27926.0,29.399999618530273,29.3799991607666,29.3799991607666
09-02-2011,28.75,29.260000228881836,19467.0,29.479999542236328,28.979999542236328,28.979999542236328
10-02-2011,28.690000534057617,28.860000610351562,31075.0,29.209999084472656,28.760000228881836,28.760000228881836
11-02-2011,28.30389976501465,28.68000030517578,39435.0,29.110000610351562,28.989999771118164,28.989999771118164
14-02-2011,28.540000915527344,28.959999084472656,46326.0,29.360000610351562,29.280000686645508,29.280000686645508
15-02-2011,30.270000457763672,31.18000030517578,270431.0,32.84000015258789,30.809999465942383,30.809999465942383
16-02-2011,29.290000915527344,31.18000030517578,75623.0,31.18000030517578,29.829999923706055,29.829999923706055
17-02-2011,29.440000534057617,29.84000015258789,47053.0,30.059999465942383,29.790000915527344,29.790000915527344
18-02-2011,29.729999542236328,30.040000915527344,61666.0,30.5,30.479999542236328,30.479999542236328
22-02-2011,28.899999618530273,30.040000915527344,99128.0,30.399999618530273,28.940000534057617,28.940000534057617
23-02-2011,27.110000610351562,29.020000457763672,90790.0,29.020000457763672,28.040000915527344,28.040000915527344
24-02-2011,27.950000762939453,28.100000381469727,68288.0,29.389999389648438,29.299999237060547,29.299999237060547
25-02-2011,29.329999923706055,29.549999237060547,44710.0,30.549999237060547,29.8700008392334,29.8700008392334
28-02-2011,28.56999969482422,29.540000915527344,117789.0,29.6200008392334,29.040000915527344,29.040000915527344
01-03-2011,28.68000030517578,28.989999771118164,217284.0,29.68000030517578,28.809999465942383,28.809999465942383
02-03-2011,28.110000610351562,28.75,81326.0,29.079999923706055,28.81999969482422,28.81999969482422
03-03-2011,27.350000381469727,27.989999771118164,1946319.0,28.25,27.559999465942383,27.559999465942383
04-03-2011,27.5,27.5,444565.0,27.799999237060547,27.780000686645508,27.780000686645508
07-03-2011,27.309999465942383,27.799999237060547,242040.0,27.920000076293945,27.6299991607666,27.6299991607666
08-03-2011,27.3799991607666,27.489999771118164,161374.0,27.989999771118164,27.639999389648438,27.639999389648438
09-03-2011,26.899999618530273,27.450000762939453,442576.0,27.690000534057617,26.950000762939453,26.950000762939453
10-03-2011,26.559999465942383,26.799999237060547,261725.0,27.459999084472656,26.90999984741211,26.90999984741211
11-03-2011,26.530000686645508,26.829999923706055,162914.0,26.950000762939453,26.709999084472656,26.709999084472656
14-03-2011,25.850000381469727,26.43000030517578,184322.0,26.709999084472656,26.440000534057617,26.440000534057617
15-03-2011,25.260000228881836,25.799999237060547,202834.0,26.170000076293945,25.56999969482422,25.56999969482422
16-03-2011,25.299999237060547,25.469999313354492,255754.0,26.299999237060547,25.969999313354492,25.969999313354492
17-03-2011,26.010000228881836,26.399999618530273,408448.0,26.700000762939453,26.299999237060547,26.299999237060547
18-03-2011,24.3799991607666,25.1299991607666,975631.0,26.649999618530273,25.700000762939453,25.700000762939453
21-03-2011,25.149999618530273,25.93000030517578,252165.0,26.049999237060547,25.350000381469727,25.350000381469727
22-03-2011,25.030000686645508,25.3700008392334,163188.0,25.899999618530273,25.860000610351562,25.860000610351562
23-03-2011,25.899999618530273,25.899999618530273,168453.0,26.389999389648438,26.260000228881836,26.260000228881836
24-03-2011,25.889999389648438,26.450000762939453,159779.0,26.489999771118164,26.200000762939453,26.200000762939453
25-03-2011,26.09000015258789,26.25,164749.0,27.1200008392334,26.809999465942383,26.809999465942383
28-03-2011,25.68000030517578,26.8700008392334,124526.0,27.25,25.799999237060547,25.799999237060547
29-03-2011,25.479999542236328,25.8799991607666,218928.0,26.68000030517578,26.469999313354492,26.469999313354492
30-03-2011,26.5,26.700000762939453,114749.0,27.3700008392334,27.190000534057617,27.190000534057617
31-03-2011,26.90999984741211,27.260000228881836,304624.0,27.770000457763672,27.520000457763672,27.520000457763672
01-04-2011,27.56999969482422,27.670000076293945,182060.0,28.399999618530273,28.389999389648438,28.389999389648438
04-04-2011,28.1924991607666,28.299999237060547,151732.0,28.469999313354492,28.34000015258789,28.34000015258789
05-04-2011,28.1200008392334,28.25,175974.0,29.610000610351562,29.079999923706055,29.079999923706055
06-04-2011,28.760000228881836,29.270000457763672,95504.0,29.489999771118164,28.809999465942383,28.809999465942383
07-04-2011,28.389999389648438,28.780000686645508,103107.0,29.290000915527344,28.860000610351562,28.860000610351562
08-04-2011,28.139999389648438,29.010000228881836,132915.0,29.010000228881836,28.719999313354492,28.719999313354492
11-04-2011,28.18000030517578,28.6299991607666,95156.0,28.6299991607666,28.377500534057617,28.377500534057617
12-04-2011,27.829999923706055,27.84000015258789,121524.0,28.760000228881836,28.020000457763672,28.020000457763672
13-04-2011,27.110000610351562,28.31999969482422,125448.0,28.450000762939453,28.399999618530273,28.399999618530273
14-04-2011,27.5,28.0,157268.0,28.049999237060547,28.020000457763672,28.020000457763672
15-04-2011,27.341100692749023,27.8799991607666,102528.0,28.020000457763672,27.989999771118164,27.989999771118164
18-04-2011,26.610000610351562,27.549999237060547,140221.0,27.610000610351562,27.25,27.25
19-04-2011,27.010000228881836,27.270000457763672,174105.0,27.799999237060547,27.649999618530273,27.649999618530273
20-04-2011,28.06999969482422,28.06999969482422,65837.0,28.829999923706055,28.655000686645508,28.655000686645508
21-04-2011,27.899999618530273,28.93000030517578,68243.0,28.969999313354492,28.295000076293945,28.295000076293945
25-04-2011,27.860000610351562,28.209999084472656,99863.0,28.31999969482422,28.299999237060547,28.299999237060547
26-04-2011,28.030000686645508,28.290000915527344,127924.0,29.100000381469727,28.81999969482422,28.81999969482422
27-04-2011,28.34000015258789,29.239999771118164,133647.0,29.489999771118164,29.18000030517578,29.18000030517578
28-04-2011,27.75,29.0,156381.0,29.15999984741211,27.920000076293945,27.920000076293945
29-04-2011,27.670000076293945,27.90999984741211,82151.0,28.299999237060547,28.18000030517578,28.18000030517578
02-05-2011,27.360000610351562,28.25,127941.0,28.469999313354492,27.579999923706055,27.579999923706055
03-05-2011,27.18000030517578,27.559999465942383,82307.0,27.979999542236328,27.489999771118164,27.489999771118164
04-05-2011,27.3799991607666,27.459999084472656,118883.0,27.889999389648438,27.739999771118164,27.739999771118164
05-05-2011,27.459999084472656,27.489999771118164,62889.0,28.31999969482422,27.690000534057617,27.690000534057617
06-05-2011,27.579999923706055,27.989999771118164,116451.0,28.170000076293945,27.985000610351562,27.985000610351562
09-05-2011,27.670000076293945,27.860000610351562,108643.0,29.0,28.6200008392334,28.6200008392334
10-05-2011,28.84000015258789,28.84000015258789,91397.0,29.639999389648438,29.6299991607666,29.6299991607666
11-05-2011,28.68000030517578,29.610000610351562,43948.0,29.610000610351562,29.15999984741211,29.15999984741211
12-05-2011,29.149999618530273,29.149999618530273,143651.0,30.860000610351562,30.3799991607666,30.3799991607666
13-05-2011,29.670000076293945,30.3799991607666,82458.0,30.75,29.709999084472656,29.709999084472656
16-05-2011,28.81999969482422,29.270000457763672,79225.0,29.639999389648438,28.8700008392334,28.8700008392334
17-05-2011,28.709999084472656,28.709999084472656,121926.0,29.739999771118164,29.450000762939453,29.450000762939453
18-05-2011,29.229999542236328,29.549999237060547,127153.0,30.1299991607666,29.829999923706055,29.829999923706055
19-05-2011,29.760000228881836,30.139999389648438,116227.0,30.709999084472656,30.530000686645508,30.530000686645508
20-05-2011,29.020000457763672,30.280000686645508,374727.0,30.280000686645508,29.5,29.5
23-05-2011,27.010000228881836,29.209999084472656,645489.0,29.690000534057617,28.520000457763672,28.520000457763672
24-05-2011,27.639999389648438,28.709999084472656,318997.0,29.450000762939453,29.059999465942383,29.059999465942383
25-05-2011,28.639999389648438,28.639999389648438,162509.0,29.780000686645508,29.520000457763672,29.520000457763672
26-05-2011,29.290000915527344,29.399999618530273,182828.0,29.979999542236328,29.485000610351562,29.485000610351562
27-05-2011,29.309999465942383,29.309999465942383,171786.0,30.309999465942383,30.270000457763672,30.270000457763672
31-05-2011,30.139999389648438,30.6299991607666,475445.0,31.5,31.204999923706055,31.204999923706055
01-06-2011,28.989999771118164,31.1299991607666,96592.0,31.25,29.1299991607666,29.1299991607666
02-06-2011,28.260000228881836,29.06999969482422,105612.0,29.399999618530273,28.5,28.5
03-06-2011,27.420000076293945,27.93000030517578,102860.0,28.450000762939453,27.469999313354492,27.469999313354492
06-06-2011,26.729999542236328,27.610000610351562,98338.0,27.989999771118164,26.790000915527344,26.790000915527344
07-06-2011,27.0,27.030000686645508,111434.0,27.530000686645508,27.100000381469727,27.100000381469727
08-06-2011,25.280000686645508,26.940000534057617,202559.0,27.010000228881836,25.459999084472656,25.459999084472656
09-06-2011,24.920000076293945,25.6200008392334,167080.0,25.850000381469727,25.489999771118164,25.489999771118164
10-06-2011,24.270000457763672,25.260000228881836,204509.0,25.260000228881836,24.649999618530273,24.649999618530273
13-06-2011,24.350000381469727,24.809999465942383,92608.0,25.3700008392334,24.899999618530273,24.899999618530273
14-06-2011,24.579999923706055,25.399999618530273,145384.0,25.549999237060547,24.700000762939453,24.700000762939453
15-06-2011,23.520000457763672,24.34000015258789,220787.0,24.790000915527344,24.31999969482422,24.31999969482422
16-06-2011,23.959999084472656,24.350000381469727,109933.0,24.799999237060547,24.360000610351562,24.360000610351562
17-06-2011,23.920000076293945,24.610000610351562,105108.0,24.940000534057617,24.100000381469727,24.100000381469727
20-06-2011,23.90999984741211,23.90999984741211,79507.0,24.8799991607666,24.639999389648438,24.639999389648438
21-06-2011,24.579999923706055,24.799999237060547,103305.0,25.25,24.729999542236328,24.729999542236328
22-06-2011,24.030000686645508,24.549999237060547,102966.0,24.829999923706055,24.100000381469727,24.100000381469727
23-06-2011,22.8799991607666,23.770000457763672,341855.0,24.1200008392334,24.079999923706055,24.079999923706055
24-06-2011,23.7549991607666,24.100000381469727,276360.0,24.3799991607666,24.110000610351562,24.110000610351562
27-06-2011,24.049999237060547,24.25,220645.0,25.0,24.559999465942383,24.559999465942383
28-06-2011,24.59000015258789,24.760000228881836,122222.0,24.899999618530273,24.700000762939453,24.700000762939453
29-06-2011,24.399999618530273,24.8799991607666,133207.0,25.190000534057617,25.049999237060547,25.049999237060547
30-06-2011,25.06999969482422,25.239999771118164,116980.0,25.440000534057617,25.25,25.25
01-07-2011,25.18000030517578,25.299999237060547,97366.0,25.770000457763672,25.65999984741211,25.65999984741211
05-07-2011,25.559999465942383,25.65999984741211,112882.0,26.209999084472656,26.049999237060547,26.049999237060547
06-07-2011,25.809999465942383,26.049999237060547,88548.0,26.139999389648438,25.93000030517578,25.93000030517578
07-07-2011,25.989999771118164,26.06999969482422,200840.0,26.739999771118164,26.5,26.5
08-07-2011,25.840099334716797,26.040000915527344,90299.0,26.579999923706055,26.440000534057617,26.440000534057617
11-07-2011,25.350000381469727,26.010000228881836,99042.0,26.510000228881836,25.530000686645508,25.530000686645508
12-07-2011,25.159000396728516,25.420000076293945,47400.0,25.850000381469727,25.229999542236328,25.229999542236328
13-07-2011,24.600000381469727,25.3799991607666,209917.0,25.700000762939453,24.709999084472656,24.709999084472656
14-07-2011,23.440000534057617,24.860000610351562,210910.0,24.860000610351562,24.3700008392334,24.3700008392334
15-07-2011,24.459999084472656,24.479999542236328,143617.0,25.0,24.760000228881836,24.760000228881836
18-07-2011,24.139999389648438,24.59000015258789,147619.0,24.829999923706055,24.43000030517578,24.43000030517578
19-07-2011,24.639999389648438,24.639999389648438,262252.0,25.739999771118164,25.600000381469727,25.600000381469727
20-07-2011,25.075000762939453,25.649999618530273,227379.0,25.850000381469727,25.239999771118164,25.239999771118164
21-07-2011,25.190000534057617,25.389999389648438,227054.0,26.229999542236328,25.889999389648438,25.889999389648438
22-07-2011,24.951000213623047,25.920000076293945,156247.0,26.020000457763672,25.100000381469727,25.100000381469727
25-07-2011,24.610000610351562,24.670000076293945,86607.0,25.15999984741211,24.90999984741211,24.90999984741211
26-07-2011,24.489999771118164,24.899999618530273,80170.0,25.309999465942383,24.5,24.5
27-07-2011,23.149999618530273,24.3700008392334,158557.0,24.809999465942383,23.200000762939453,23.200000762939453
28-07-2011,23.18000030517578,23.18000030517578,176004.0,23.8799991607666,23.739999771118164,23.739999771118164
29-07-2011,23.200000762939453,23.440000534057617,136313.0,23.709999084472656,23.3700008392334,23.3700008392334
01-08-2011,23.100000381469727,23.729999542236328,158128.0,23.829999923706055,23.209999084472656,23.209999084472656
02-08-2011,21.540000915527344,22.989999771118164,167096.0,23.309999465942383,21.600000381469727,21.600000381469727
03-08-2011,21.331600189208984,21.700000762939453,211619.0,22.219999313354492,21.860000610351562,21.860000610351562
04-08-2011,19.610000610351562,21.389999389648438,100836.0,21.600000381469727,19.649999618530273,19.649999618530273
05-08-2011,19.5,19.969999313354492,146531.0,20.68000030517578,20.200000762939453,20.200000762939453
08-08-2011,17.780000686645508,19.420000076293945,226449.0,19.989999771118164,17.8799991607666,17.8799991607666
09-08-2011,16.190000534057617,18.510000228881836,245879.0,19.440000534057617,18.09000015258789,18.09000015258789
10-08-2011,16.84000015258789,17.459999084472656,161297.0,18.610000610351562,16.920000076293945,16.920000076293945
11-08-2011,16.6299991607666,16.959999084472656,286161.0,18.170000076293945,17.75,17.75
12-08-2011,17.59000015258789,18.049999237060547,154915.0,18.489999771118164,18.079999923706055,18.079999923706055
15-08-2011,18.280000686645508,18.280000686645508,125006.0,19.450000762939453,19.450000762939453,19.450000762939453
16-08-2011,18.290000915527344,19.139999389648438,304428.0,19.329999923706055,18.579999923706055,18.579999923706055
17-08-2011,17.559999465942383,18.690000534057617,376090.0,18.790000915527344,17.700000762939453,17.700000762939453
18-08-2011,16.690000534057617,16.860000610351562,481184.0,18.15999984741211,18.030000686645508,18.030000686645508
19-08-2011,17.0,17.579999923706055,267479.0,18.639999389648438,17.079999923706055,17.079999923706055
22-08-2011,16.459999084472656,17.670000076293945,201936.0,17.670000076293945,16.540000915527344,16.540000915527344
23-08-2011,16.59000015258789,16.6299991607666,407299.0,18.520000457763672,18.389999389648438,18.389999389648438
24-08-2011,18.290000915527344,18.290000915527344,232459.0,19.610000610351562,19.530000686645508,19.530000686645508
25-08-2011,18.889999389648438,19.739999771118164,278444.0,19.799999237060547,19.25,19.25
26-08-2011,18.790000915527344,19.0,188196.0,19.950000762939453,19.299999237060547,19.299999237060547
29-08-2011,19.3700008392334,19.56999969482422,108620.0,20.75,20.75,20.75
30-08-2011,21.520000457763672,21.530000686645508,253717.0,23.049999237060547,22.729999542236328,22.729999542236328
31-08-2011,22.719999313354492,22.940000534057617,537759.0,23.3799991607666,22.979999542236328,22.979999542236328
01-09-2011,22.01099967956543,22.920000076293945,338011.0,23.18000030517578,22.68000030517578,22.68000030517578
02-09-2011,20.25,22.040000915527344,288381.0,22.040000915527344,20.399999618530273,20.399999618530273
06-09-2011,18.889999389648438,19.530000686645508,235401.0,20.549999237060547,20.15999984741211,20.15999984741211
07-09-2011,20.34000015258789,20.610000610351562,111339.0,21.110000610351562,21.110000610351562,21.110000610351562
08-09-2011,20.75,20.8799991607666,141571.0,21.75,20.850000381469727,20.850000381469727
09-09-2011,20.040000915527344,20.739999771118164,112284.0,21.139999389648438,20.350000381469727,20.350000381469727
12-09-2011,19.360000610351562,19.90999984741211,72657.0,20.579999923706055,20.3799991607666,20.3799991607666
13-09-2011,20.010000228881836,20.43000030517578,148886.0,20.700000762939453,20.31999969482422,20.31999969482422
14-09-2011,19.959999084472656,20.6200008392334,206837.0,20.700000762939453,20.209999084472656,20.209999084472656
15-09-2011,20.139999389648438,20.479999542236328,219288.0,20.540000915527344,20.43000030517578,20.43000030517578
16-09-2011,20.3799991607666,20.59000015258789,233635.0,20.989999771118164,20.829999923706055,20.829999923706055
19-09-2011,20.329999923706055,20.469999313354492,181057.0,20.90999984741211,20.600000381469727,20.600000381469727
20-09-2011,19.860000610351562,20.639999389648438,191669.0,20.639999389648438,20.0,20.0
21-09-2011,19.719999313354492,20.010000228881836,238688.0,20.200000762939453,19.920000076293945,19.920000076293945
22-09-2011,18.190000534057617,19.260000228881836,258940.0,19.610000610351562,18.899999618530273,18.899999618530273
23-09-2011,18.6299991607666,18.950000762939453,214456.0,19.389999389648438,18.81999969482422,18.81999969482422
26-09-2011,18.729999542236328,19.030000686645508,80014.0,19.639999389648438,19.59000015258789,19.59000015258789
27-09-2011,19.399999618530273,20.1299991607666,113815.0,20.280000686645508,19.65999984741211,19.65999984741211
28-09-2011,18.670000076293945,19.639999389648438,102467.0,19.639999389648438,18.68000030517578,18.68000030517578
29-09-2011,18.40999984741211,19.1299991607666,122581.0,19.389999389648438,19.34000015258789,19.34000015258789
30-09-2011,18.639999389648438,19.010000228881836,169846.0,19.3700008392334,18.799999237060547,18.799999237060547
03-10-2011,17.309999465942383,18.700000762939453,142520.0,19.260000228881836,17.329999923706055,17.329999923706055
04-10-2011,16.989999771118164,17.15999984741211,168501.0,19.399999618530273,19.329999923706055,19.329999923706055
05-10-2011,19.06999969482422,19.31999969482422,109708.0,20.290000915527344,20.06999969482422,20.06999969482422
06-10-2011,19.790000915527344,20.06999969482422,84110.0,20.760000228881836,20.709999084472656,20.709999084472656
07-10-2011,20.059999465942383,20.84000015258789,249309.0,21.850000381469727,20.860000610351562,20.860000610351562
10-10-2011,20.8799991607666,21.350000381469727,103708.0,21.81999969482422,21.420000076293945,21.420000076293945
11-10-2011,21.079999923706055,21.149999618530273,100904.0,21.700000762939453,21.309999465942383,21.309999465942383
12-10-2011,21.34000015258789,21.6200008392334,160373.0,22.600000381469727,22.3799991607666,22.3799991607666
13-10-2011,21.56999969482422,22.25,70624.0,22.690000534057617,21.790000915527344,21.790000915527344
14-10-2011,21.899999618530273,22.110000610351562,135842.0,22.489999771118164,22.239999771118164,22.239999771118164
17-10-2011,20.90999984741211,21.950000762939453,96841.0,22.209999084472656,21.399999618530273,21.399999618530273
18-10-2011,20.600000381469727,21.520000457763672,144421.0,22.010000228881836,21.549999237060547,21.549999237060547
19-10-2011,21.3700008392334,21.540000915527344,94276.0,22.020000457763672,21.610000610351562,21.610000610351562
20-10-2011,20.90999984741211,21.65999984741211,81490.0,21.65999984741211,21.5,21.5
21-10-2011,21.579999923706055,21.90999984741211,97144.0,22.299999237060547,22.100000381469727,22.100000381469727
24-10-2011,22.1200008392334,22.239999771118164,114667.0,22.969999313354492,22.639999389648438,22.639999389648438
25-10-2011,21.979999542236328,22.3700008392334,190919.0,23.18000030517578,22.8700008392334,22.8700008392334
26-10-2011,22.520000457763672,23.049999237060547,142901.0,23.309999465942383,23.100000381469727,23.100000381469727
27-10-2011,23.600000381469727,24.040000915527344,147040.0,25.40999984741211,25.3799991607666,25.3799991607666
28-10-2011,24.510000228881836,25.270000457763672,143060.0,25.329999923706055,25.219999313354492,25.219999313354492
31-10-2011,24.3700008392334,24.860000610351562,203637.0,25.440000534057617,25.100000381469727,25.100000381469727
01-11-2011,23.310300827026367,23.979999542236328,281074.0,24.600000381469727,23.799999237060547,23.799999237060547
02-11-2011,23.655000686645508,24.34000015258789,128095.0,24.84000015258789,24.209999084472656,24.209999084472656
03-11-2011,23.489999771118164,24.25,69454.0,24.90999984741211,24.639999389648438,24.639999389648438
04-11-2011,23.889999389648438,24.280000686645508,80733.0,24.450000762939453,24.43000030517578,24.43000030517578
07-11-2011,23.940099716186523,24.510000228881836,113274.0,24.700000762939453,24.59000015258789,24.59000015258789
08-11-2011,24.34000015258789,24.81999969482422,79373.0,25.1200008392334,25.020000457763672,25.020000457763672
09-11-2011,22.510000228881836,24.06999969482422,492556.0,24.329999923706055,22.760000228881836,22.760000228881836
10-11-2011,21.43000030517578,23.260000228881836,326764.0,23.260000228881836,21.93000030517578,21.93000030517578
11-11-2011,22.200000762939453,22.299999237060547,101951.0,23.06999969482422,22.75,22.75
14-11-2011,21.93000030517578,22.559999465942383,162268.0,22.969999313354492,22.1299991607666,22.1299991607666
15-11-2011,21.950000762939453,21.969999313354492,137138.0,22.489999771118164,22.219999313354492,22.219999313354492
16-11-2011,21.399999618530273,21.8799991607666,137514.0,22.260000228881836,21.440000534057617,21.440000534057617
17-11-2011,13.550000190734863,15.510000228881836,2559501.0,15.6899995803833,13.699999809265137,13.699999809265137
18-11-2011,12.479999542236328,13.920000076293945,1277319.0,13.949999809265137,12.539999961853027,12.539999961853027
21-11-2011,12.220000267028809,12.489999771118164,883346.0,13.039999961853027,12.670000076293945,12.670000076293945
22-11-2011,12.270000457763672,12.890000343322754,726851.0,12.930000305175781,12.430000305175781,12.430000305175781
23-11-2011,12.300000190734863,12.300000190734863,436114.0,13.020000457763672,12.850000381469727,12.850000381469727
25-11-2011,12.736000061035156,12.760000228881836,478183.0,13.4399995803833,13.149999618530273,13.149999618530273
28-11-2011,13.40999984741211,13.600000381469727,651646.0,13.699999809265137,13.649999618530273,13.649999618530273
29-11-2011,13.569999694824219,13.8100004196167,582238.0,14.029999732971191,13.979999542236328,13.979999542236328
30-11-2011,14.069999694824219,14.5,456686.0,14.515999794006348,14.300000190734863,14.300000190734863
01-12-2011,14.020000457763672,14.020000457763672,594814.0,14.90999984741211,14.630000114440918,14.630000114440918
02-12-2011,14.670000076293945,14.84000015258789,450967.0,15.369999885559082,15.079999923706055,15.079999923706055
05-12-2011,15.100000381469727,15.399999618530273,319044.0,15.800000190734863,15.270000457763672,15.270000457763672
06-12-2011,14.680000305175781,15.260000228881836,312829.0,15.270000457763672,14.720000267028809,14.720000267028809
07-12-2011,14.029999732971191,14.699999809265137,512264.0,14.904999732971191,14.600000381469727,14.600000381469727
08-12-2011,13.699999809265137,14.460000038146973,474260.0,14.460000038146973,13.970000267028809,13.970000267028809
09-12-2011,13.800000190734863,14.09000015258789,380400.0,14.350000381469727,14.1899995803833,14.1899995803833
12-12-2011,13.550000190734863,14.020000457763672,272384.0,14.149999618530273,14.130000114440918,14.130000114440918
13-12-2011,13.34000015258789,14.180000305175781,195828.0,14.300000190734863,13.510000228881836,13.510000228881836
14-12-2011,12.949999809265137,13.399999618530273,379367.0,13.520000457763672,13.40999984741211,13.40999984741211
15-12-2011,13.149999618530273,13.65999984741211,249443.0,13.770000457763672,13.34000015258789,13.34000015258789
16-12-2011,13.300000190734863,13.510000228881836,467566.0,13.640000343322754,13.4399995803833,13.4399995803833
19-12-2011,12.880000114440918,13.4399995803833,436731.0,13.529999732971191,13.020000457763672,13.020000457763672
20-12-2011,13.210000038146973,13.279999732971191,450466.0,13.859999656677246,13.289999961853027,13.289999961853027
21-12-2011,13.069999694824219,13.229999542236328,250755.0,13.90999984741211,13.84000015258789,13.84000015258789
22-12-2011,13.850000381469727,13.850000381469727,146073.0,14.159000396728516,13.970000267028809,13.970000267028809
23-12-2011,13.899999618530273,13.960000038146973,98851.0,14.270000457763672,14.25,14.25
27-12-2011,13.90999984741211,14.119999885559082,93422.0,14.149999618530273,13.979999542236328,13.979999542236328
28-12-2011,13.84000015258789,13.970000267028809,138163.0,14.109999656677246,13.949999809265137,13.949999809265137
29-12-2011,13.949999809265137,14.0,110950.0,14.119999885559082,14.020000457763672,14.020000457763672
30-12-2011,13.9399995803833,14.0,181969.0,14.489999771118164,14.220000267028809,14.220000267028809
03-01-2012,14.220000267028809,14.449999809265137,230466.0,14.710000038146973,14.380000114440918,14.380000114440918
04-01-2012,14.1899995803833,14.260000228881836,209818.0,14.41100025177002,14.270000457763672,14.270000457763672
05-01-2012,13.75,14.069999694824219,189544.0,14.329999923706055,13.949999809265137,13.949999809265137
06-01-2012,13.819999694824219,13.970000267028809,196062.0,14.279999732971191,14.220000267028809,14.220000267028809
09-01-2012,14.140000343322754,14.34000015258789,265053.0,14.640000343322754,14.600000381469727,14.600000381469727
10-01-2012,14.631600379943848,14.739999771118164,263646.0,15.210000038146973,15.170000076293945,15.170000076293945
11-01-2012,14.229999542236328,14.989999771118164,244738.0,14.989999771118164,14.479999542236328,14.479999542236328
12-01-2012,14.279999732971191,14.460000038146973,104375.0,14.8100004196167,14.59000015258789,14.59000015258789
13-01-2012,14.140000343322754,14.4399995803833,186203.0,14.600000381469727,14.319999694824219,14.319999694824219
17-01-2012,14.0600004196167,14.4399995803833,195580.0,14.649999618530273,14.359999656677246,14.359999656677246
18-01-2012,14.361000061035156,14.369999885559082,60209.0,14.84000015258789,14.84000015258789,14.84000015258789
19-01-2012,14.550000190734863,14.880000114440918,111453.0,14.970000267028809,14.65999984741211,14.65999984741211
20-01-2012,14.550000190734863,14.600000381469727,114990.0,14.75,14.640000343322754,14.640000343322754
23-01-2012,14.60099983215332,14.640000343322754,363206.0,15.220000267028809,15.140000343322754,15.140000343322754
24-01-2012,15.020000457763672,15.100000381469727,153449.0,15.954000473022461,15.850000381469727,15.850000381469727
25-01-2012,15.649999618530273,15.800000190734863,94433.0,16.18000030517578,16.100000381469727,16.100000381469727
26-01-2012,15.41100025177002,16.170000076293945,163618.0,16.170000076293945,15.5,15.5
27-01-2012,15.199999809265137,15.4399995803833,109523.0,15.460000038146973,15.4399995803833,15.4399995803833
30-01-2012,15.29520034790039,15.34000015258789,83399.0,15.890000343322754,15.710000038146973,15.710000038146973
31-01-2012,15.489999771118164,15.850000381469727,216378.0,15.930000305175781,15.539999961853027,15.539999961853027
01-02-2012,15.5600004196167,15.65999984741211,138592.0,16.09000015258789,15.819999694824219,15.819999694824219
02-02-2012,15.600000381469727,15.800000190734863,98761.0,16.020099639892578,15.760000228881836,15.760000228881836
03-02-2012,15.899999618530273,15.930000305175781,137688.0,16.82979965209961,16.760000228881836,16.760000228881836
06-02-2012,16.479999542236328,16.56999969482422,139255.0,16.920000076293945,16.850000381469727,16.850000381469727
07-02-2012,16.600000381469727,16.760000228881836,191181.0,17.229999542236328,17.049999237060547,17.049999237060547
08-02-2012,16.93000030517578,17.139999389648438,103959.0,17.479999542236328,17.010000228881836,17.010000228881836
09-02-2012,16.860000610351562,17.0,224801.0,17.799999237060547,17.700000762939453,17.700000762939453
10-02-2012,17.06999969482422,17.600000381469727,211760.0,17.700000762939453,17.110000610351562,17.110000610351562
13-02-2012,16.75,17.360000610351562,201246.0,17.360000610351562,16.760000228881836,16.760000228881836
14-02-2012,15.319000244140625,16.239999771118164,614104.0,16.420000076293945,16.18000030517578,16.18000030517578
15-02-2012,15.930000305175781,16.389999389648438,493280.0,16.729999542236328,16.649999618530273,16.649999618530273
16-02-2012,16.739999771118164,16.739999771118164,206418.0,17.670000076293945,17.649999618530273,17.649999618530273
17-02-2012,17.350000381469727,17.690000534057617,164922.0,17.93000030517578,17.739999771118164,17.739999771118164
21-02-2012,17.010000228881836,17.809999465942383,156545.0,17.809999465942383,17.3700008392334,17.3700008392334
22-02-2012,16.729999542236328,17.229999542236328,96985.0,17.299999237060547,16.829999923706055,16.829999923706055
23-02-2012,16.729999542236328,16.829999923706055,98895.0,17.337499618530273,17.25,17.25
24-02-2012,17.270000457763672,17.34000015258789,67320.0,17.690000534057617,17.690000534057617,17.690000534057617
27-02-2012,17.40999984741211,17.510000228881836,163698.0,18.25,17.739999771118164,17.739999771118164
28-02-2012,17.639999389648438,17.729999542236328,148374.0,17.969999313354492,17.649999618530273,17.649999618530273
29-02-2012,17.43000030517578,17.739999771118164,131057.0,17.8700008392334,17.43000030517578,17.43000030517578
01-03-2012,17.469999313354492,17.6299991607666,131511.0,18.020000457763672,17.700000762939453,17.700000762939453
02-03-2012,17.260000228881836,17.729999542236328,265601.0,18.209999084472656,17.260000228881836,17.260000228881836
05-03-2012,16.702899932861328,17.219999313354492,475830.0,17.479999542236328,16.75,16.75
06-03-2012,16.540000915527344,16.579999923706055,320882.0,16.899999618530273,16.739999771118164,16.739999771118164
07-03-2012,16.75,16.850000381469727,118883.0,17.110000610351562,16.889999389648438,16.889999389648438
08-03-2012,16.739999771118164,17.059999465942383,139125.0,17.440000534057617,17.329999923706055,17.329999923706055
09-03-2012,17.270000457763672,17.31999969482422,117980.0,18.1200008392334,17.780000686645508,17.780000686645508
12-03-2012,17.541000366210938,17.850000381469727,107914.0,18.350000381469727,18.229999542236328,18.229999542236328
13-03-2012,17.860000610351562,18.350000381469727,224687.0,18.600000381469727,18.559999465942383,18.559999465942383
14-03-2012,18.1200008392334,18.56999969482422,168541.0,18.790000915527344,18.299999237060547,18.299999237060547
15-03-2012,17.93000030517578,18.280000686645508,170244.0,18.360000610351562,18.31999969482422,18.31999969482422
16-03-2012,17.920000076293945,18.299999237060547,182818.0,18.40999984741211,17.920000076293945,17.920000076293945
19-03-2012,17.790000915527344,17.93000030517578,168492.0,18.579999923706055,18.190000534057617,18.190000534057617
20-03-2012,17.75,18.020000457763672,233705.0,18.170000076293945,17.889999389648438,17.889999389648438
21-03-2012,17.75,17.940000534057617,199453.0,18.110000610351562,17.889999389648438,17.889999389648438
22-03-2012,17.0,17.719999313354492,527261.0,19.202999114990234,18.43000030517578,18.43000030517578
23-03-2012,17.639999389648438,18.360000610351562,238013.0,18.450000762939453,17.8799991607666,17.8799991607666
26-03-2012,18.010000228881836,18.059999465942383,214044.0,18.760000228881836,18.649999618530273,18.649999618530273
27-03-2012,18.219999313354492,18.639999389648438,128065.0,18.65999984741211,18.43000030517578,18.43000030517578
28-03-2012,18.190000534057617,18.420000076293945,172068.0,18.959999084472656,18.93000030517578,18.93000030517578
29-03-2012,18.3799991607666,18.75,175708.0,19.0,18.75,18.75
30-03-2012,18.540000915527344,18.799999237060547,259352.0,19.110000610351562,18.670000076293945,18.670000076293945
02-04-2012,18.649999618530273,18.649999618530273,184483.0,19.40999984741211,19.15999984741211,19.15999984741211
03-04-2012,18.709999084472656,19.270000457763672,108508.0,19.469999313354492,18.770000457763672,18.770000457763672
04-04-2012,18.25,18.520000457763672,149674.0,18.670000076293945,18.65999984741211,18.65999984741211
05-04-2012,18.450000762939453,18.450000762939453,130594.0,19.100000381469727,18.81999969482422,18.81999969482422
09-04-2012,17.8799991607666,18.5,157808.0,18.5,18.09000015258789,18.09000015258789
10-04-2012,17.40999984741211,17.979999542236328,284015.0,17.979999542236328,17.799999237060547,17.799999237060547
11-04-2012,17.6200008392334,18.049999237060547,140024.0,18.299999237060547,18.040000915527344,18.040000915527344
12-04-2012,17.860000610351562,17.959999084472656,125602.0,18.360000610351562,18.19499969482422,18.19499969482422
13-04-2012,17.799999237060547,18.149999618530273,62729.0,18.3799991607666,18.100000381469727,18.100000381469727
16-04-2012,17.729999542236328,18.229999542236328,75414.0,18.520000457763672,18.239999771118164,18.239999771118164
17-04-2012,18.510000228881836,18.510000228881836,84237.0,19.06999969482422,18.959999084472656,18.959999084472656
18-04-2012,18.329999923706055,18.90999984741211,76931.0,18.90999984741211,18.700000762939453,18.700000762939453
19-04-2012,18.290000915527344,18.790000915527344,117603.0,19.100000381469727,18.690000534057617,18.690000534057617
20-04-2012,18.600000381469727,19.030000686645508,65603.0,19.030000686645508,18.829999923706055,18.829999923706055
23-04-2012,18.459999084472656,18.489999771118164,110970.0,18.920000076293945,18.760000228881836,18.760000228881836
24-04-2012,18.450000762939453,18.829999923706055,143874.0,18.90999984741211,18.75,18.75
25-04-2012,18.790000915527344,18.959999084472656,121798.0,19.200000762939453,19.15999984741211,19.15999984741211
26-04-2012,18.280000686645508,19.200000762939453,237866.0,19.200000762939453,18.8700008392334,18.8700008392334
27-04-2012,18.510000228881836,19.0,120126.0,19.200000762939453,19.170000076293945,19.170000076293945
30-04-2012,18.56999969482422,19.18000030517578,212120.0,19.18000030517578,18.709999084472656,18.709999084472656
01-05-2012,18.43000030517578,18.700000762939453,128453.0,18.959999084472656,18.5049991607666,18.5049991607666
02-05-2012,18.31999969482422,18.43000030517578,96086.0,18.739999771118164,18.540000915527344,18.540000915527344
03-05-2012,18.020000457763672,18.530000686645508,49578.0,18.579999923706055,18.15999984741211,18.15999984741211
04-05-2012,17.459999084472656,18.059999465942383,99688.0,18.059999465942383,17.549999237060547,17.549999237060547
07-05-2012,17.330799102783203,17.5,70762.0,17.860000610351562,17.600000381469727,17.600000381469727
08-05-2012,16.899999618530273,17.40999984741211,120443.0,17.479999542236328,17.18000030517578,17.18000030517578
09-05-2012,16.950000762939453,17.049999237060547,42710.0,17.3799991607666,17.239999771118164,17.239999771118164
10-05-2012,17.15999984741211,17.389999389648438,114550.0,17.799999237060547,17.489999771118164,17.489999771118164
11-05-2012,17.143999099731445,17.3700008392334,68891.0,17.559999465942383,17.530000686645508,17.530000686645508
14-05-2012,17.149999618530273,17.440000534057617,91830.0,17.440000534057617,17.260000228881836,17.260000228881836
15-05-2012,17.15999984741211,17.229999542236328,116044.0,17.90999984741211,17.59000015258789,17.59000015258789
16-05-2012,17.399999618530273,17.68000030517578,126193.0,17.770000457763672,17.479999542236328,17.479999542236328
17-05-2012,17.420000076293945,17.420000076293945,165495.0,18.530000686645508,17.690000534057617,17.690000534057617
18-05-2012,17.61009979248047,17.719999313354492,115216.0,18.239999771118164,17.8700008392334,17.8700008392334
21-05-2012,17.899999618530273,17.899999618530273,105201.0,18.670000076293945,18.360000610351562,18.360000610351562
22-05-2012,18.399999618530273,18.489999771118164,80826.0,18.809999465942383,18.510000228881836,18.510000228881836
23-05-2012,18.260000228881836,18.270000457763672,46994.0,18.719999313354492,18.6200008392334,18.6200008392334
24-05-2012,18.43000030517578,18.690000534057617,63931.0,18.860000610351562,18.860000610351562,18.860000610351562
25-05-2012,18.75,18.829999923706055,99939.0,19.280000686645508,19.020000457763672,19.020000457763672
29-05-2012,19.0,19.139999389648438,110165.0,19.5,19.280000686645508,19.280000686645508
30-05-2012,18.8799991607666,19.040000915527344,61604.0,19.200000762939453,18.889999389648438,18.889999389648438
31-05-2012,18.309999465942383,18.889999389648438,142356.0,19.06999969482422,18.809999465942383,18.809999465942383
01-06-2012,17.719999313354492,18.459999084472656,54936.0,18.489999771118164,17.75,17.75
04-06-2012,17.350000381469727,17.799999237060547,113927.0,18.059999465942383,17.399999618530273,17.399999618530273
05-06-2012,17.270000457763672,17.329999923706055,91865.0,17.90999984741211,17.850000381469727,17.850000381469727
06-06-2012,17.790000915527344,18.0,53616.0,18.540000915527344,18.540000915527344,18.540000915527344
07-06-2012,17.829999923706055,18.729999542236328,97230.0,18.729999542236328,17.860000610351562,17.860000610351562
08-06-2012,17.68000030517578,17.850000381469727,92359.0,18.34000015258789,18.270000457763672,18.270000457763672
11-06-2012,17.600000381469727,18.489999771118164,40468.0,18.549999237060547,17.600000381469727,17.600000381469727
12-06-2012,17.59000015258789,17.700000762939453,50835.0,18.440000534057617,18.40999984741211,18.40999984741211
13-06-2012,18.110000610351562,18.290000915527344,81935.0,18.719999313354492,18.399999618530273,18.399999618530273
14-06-2012,18.450000762939453,18.469999313354492,71363.0,19.1299991607666,19.0,19.0
15-06-2012,18.950000762939453,19.0,166701.0,19.700000762939453,19.690000534057617,19.690000534057617
18-06-2012,19.479999542236328,19.479999542236328,85477.0,20.020000457763672,19.8799991607666,19.8799991607666
19-06-2012,19.90999984741211,19.979999542236328,127058.0,20.34000015258789,20.170000076293945,20.170000076293945
20-06-2012,20.020000457763672,20.059999465942383,81039.0,20.520000457763672,20.399999618530273,20.399999618530273
21-06-2012,20.079999923706055,20.399999618530273,89710.0,20.399999618530273,20.1299991607666,20.1299991607666
22-06-2012,20.170000076293945,20.200000762939453,112630.0,20.56999969482422,20.469999313354492,20.469999313354492
25-06-2012,19.93000030517578,20.1200008392334,47380.0,20.510000228881836,20.440000534057617,20.440000534057617
26-06-2012,20.0,20.459999084472656,56912.0,20.6200008392334,20.3700008392334,20.3700008392334
27-06-2012,20.440000534057617,20.459999084472656,82248.0,20.989999771118164,20.989999771118164,20.989999771118164
28-06-2012,20.110000610351562,21.0,70123.0,21.09000015258789,20.5,20.5
29-06-2012,20.709999084472656,21.030000686645508,101961.0,21.290000915527344,20.75,20.75
02-07-2012,20.389999389648438,20.889999389648438,223890.0,21.25,20.399999618530273,20.399999618530273
03-07-2012,20.40999984741211,20.40999984741211,63568.0,21.100000381469727,20.84000015258789,20.84000015258789
05-07-2012,20.479999542236328,20.799999237060547,108851.0,21.299999237060547,20.799999237060547,20.799999237060547
06-07-2012,20.530000686645508,20.559999465942383,49234.0,21.100000381469727,20.8700008392334,20.8700008392334
09-07-2012,20.0,20.829999923706055,236624.0,20.8700008392334,20.139999389648438,20.139999389648438
10-07-2012,19.889999389648438,20.219999313354492,79712.0,20.399999618530273,20.010000228881836,20.010000228881836
11-07-2012,19.950000762939453,19.950000762939453,83074.0,20.450000762939453,20.399999618530273,20.399999618530273
12-07-2012,19.680099487304688,20.239999771118164,157012.0,20.239999771118164,19.770000457763672,19.770000457763672
13-07-2012,19.809999465942383,19.90999984741211,152062.0,20.360000610351562,20.010000228881836,20.010000228881836
16-07-2012,19.360000610351562,19.889999389648438,92143.0,20.030000686645508,19.450000762939453,19.450000762939453
17-07-2012,19.350000381469727,19.829999923706055,37570.0,19.940000534057617,19.6200008392334,19.6200008392334
18-07-2012,19.350000381469727,19.639999389648438,39419.0,19.8700008392334,19.809999465942383,19.809999465942383
19-07-2012,19.63010025024414,19.90999984741211,42602.0,20.31999969482422,20.209999084472656,20.209999084472656
20-07-2012,19.399999618530273,20.010000228881836,39873.0,20.209999084472656,19.690000534057617,19.690000534057617
23-07-2012,18.940000534057617,19.329999923706055,32740.0,19.3700008392334,19.190000534057617,19.190000534057617
24-07-2012,18.59000015258789,19.31999969482422,72376.0,19.31999969482422,18.709999084472656,18.709999084472656
25-07-2012,18.489999771118164,18.770000457763672,59551.0,18.959999084472656,18.59000015258789,18.59000015258789
26-07-2012,18.610000610351562,18.850000381469727,23096.0,18.850000381469727,18.790000915527344,18.790000915527344
27-07-2012,18.850000381469727,18.889999389648438,52324.0,19.360000610351562,19.34000015258789,19.34000015258789
30-07-2012,18.799999237060547,19.31999969482422,27971.0,19.459999084472656,19.0,19.0
31-07-2012,18.729999542236328,18.84000015258789,42869.0,19.079999923706055,18.850000381469727,18.850000381469727
01-08-2012,18.399999618530273,18.8799991607666,51627.0,18.8799991607666,18.399999618530273,18.399999618530273
02-08-2012,17.75,18.280000686645508,44597.0,18.420000076293945,17.760000228881836,17.760000228881836
03-08-2012,18.049999237060547,18.139999389648438,65018.0,18.989999771118164,18.81999969482422,18.81999969482422
06-08-2012,18.889999389648438,18.889999389648438,50285.0,19.5,19.170000076293945,19.170000076293945
07-08-2012,19.350000381469727,19.3799991607666,51616.0,19.709999084472656,19.40999984741211,19.40999984741211
08-08-2012,19.030000686645508,19.229999542236328,17834.0,19.6200008392334,19.329999923706055,19.329999923706055
09-08-2012,18.899999618530273,19.260000228881836,27379.0,19.649999618530273,19.510000228881836,19.510000228881836
10-08-2012,19.309999465942383,19.489999771118164,20956.0,19.59000015258789,19.5,19.5
13-08-2012,19.170000076293945,19.520000457763672,122089.0,20.149999618530273,20.079999923706055,20.079999923706055
14-08-2012,19.950000762939453,20.100000381469727,112340.0,20.649999618530273,20.459999084472656,20.459999084472656
15-08-2012,20.440000534057617,20.549999237060547,308303.0,22.270000457763672,22.270000457763672,22.270000457763672
16-08-2012,17.760000228881836,18.049999237060547,481853.0,19.110000610351562,18.799999237060547,18.799999237060547
17-08-2012,18.30500030517578,18.799999237060547,230314.0,18.889999389648438,18.389999389648438,18.389999389648438
20-08-2012,18.100000381469727,18.299999237060547,102469.0,18.780000686645508,18.540000915527344,18.540000915527344
21-08-2012,18.65999984741211,18.65999984741211,161359.0,19.520000457763672,19.299999237060547,19.299999237060547
22-08-2012,19.200000762939453,19.200000762939453,142637.0,19.75,19.389999389648438,19.389999389648438
23-08-2012,19.170000076293945,19.309999465942383,107959.0,19.950000762939453,19.600000381469727,19.600000381469727
24-08-2012,19.3439998626709,19.549999237060547,94934.0,19.65999984741211,19.489999771118164,19.489999771118164
27-08-2012,19.6200008392334,19.6200008392334,43565.0,20.170000076293945,19.809999465942383,19.809999465942383
28-08-2012,19.049999237060547,19.760000228881836,53869.0,20.200000762939453,20.15999984741211,20.15999984741211
29-08-2012,19.920000076293945,20.18000030517578,54227.0,20.600000381469727,20.489999771118164,20.489999771118164
30-08-2012,20.290000915527344,20.389999389648438,35579.0,20.639999389648438,20.600000381469727,20.600000381469727
31-08-2012,20.329999923706055,20.700000762939453,47963.0,20.770000457763672,20.6200008392334,20.6200008392334
04-09-2012,20.469999313354492,20.520000457763672,83605.0,20.90999984741211,20.690000534057617,20.690000534057617
05-09-2012,20.5,20.770000457763672,47268.0,20.850000381469727,20.790000915527344,20.790000915527344
06-09-2012,20.920000076293945,20.920000076293945,73735.0,21.59000015258789,21.389999389648438,21.389999389648438
07-09-2012,21.389999389648438,21.520000457763672,79954.0,21.799999237060547,21.649999618530273,21.649999618530273
10-09-2012,21.56999969482422,21.6200008392334,42817.0,22.0,21.790000915527344,21.790000915527344
11-09-2012,21.780000686645508,21.899999618530273,45571.0,22.200000762939453,22.200000762939453,22.200000762939453
12-09-2012,22.139999389648438,22.200000762939453,49432.0,22.329999923706055,22.329999923706055,22.329999923706055
13-09-2012,22.25,22.3700008392334,69161.0,22.979999542236328,22.5,22.5
14-09-2012,22.59000015258789,22.600000381469727,67347.0,23.25,22.969999313354492,22.969999313354492
17-09-2012,22.420000076293945,22.799999237060547,44081.0,23.18000030517578,23.170000076293945,23.170000076293945
18-09-2012,22.170000076293945,23.020000457763672,73258.0,23.020000457763672,22.459999084472656,22.459999084472656
19-09-2012,22.190000534057617,22.459999084472656,112955.0,22.569900512695312,22.459999084472656,22.459999084472656
20-09-2012,21.010000228881836,22.239999771118164,65025.0,23.030000686645508,22.829999923706055,22.829999923706055
21-09-2012,22.389999389648438,23.149999618530273,173457.0,23.280000686645508,22.579999923706055,22.579999923706055
24-09-2012,22.399999618530273,22.399999618530273,56365.0,23.139999389648438,22.579999923706055,22.579999923706055
25-09-2012,21.84000015258789,22.690000534057617,55388.0,22.84000015258789,21.889999389648438,21.889999389648438
26-09-2012,21.760000228881836,22.049999237060547,65504.0,22.09000015258789,21.989999771118164,21.989999771118164
27-09-2012,21.959999084472656,22.09000015258789,79267.0,22.6200008392334,22.459999084472656,22.459999084472656
28-09-2012,22.020000457763672,22.360000610351562,40846.0,22.440000534057617,22.049999237060547,22.049999237060547
01-10-2012,22.149999618530273,22.149999618530273,41081.0,22.610000610351562,22.399999618530273,22.399999618530273
02-10-2012,22.31999969482422,22.559999465942383,68792.0,22.719999313354492,22.469999313354492,22.469999313354492
03-10-2012,21.510000228881836,22.450000762939453,70870.0,22.549999237060547,21.790000915527344,21.790000915527344
04-10-2012,21.399999618530273,21.950000762939453,89938.0,22.06999969482422,22.040000915527344,22.040000915527344
05-10-2012,21.950000762939453,22.209999084472656,55310.0,22.520000457763672,22.0,22.0
08-10-2012,21.229999542236328,21.860000610351562,66006.0,22.3700008392334,21.299999237060547,21.299999237060547
09-10-2012,20.6200008392334,21.200000762939453,69770.0,21.5,20.690000534057617,20.690000534057617
10-10-2012,20.639999389648438,20.790000915527344,37298.0,20.799999237060547,20.75,20.75
11-10-2012,20.520000457763672,20.81999969482422,44698.0,20.96310043334961,20.649999618530273,20.649999618530273
12-10-2012,20.299999237060547,20.600000381469727,65335.0,20.65999984741211,20.40999984741211,20.40999984741211
15-10-2012,20.25,20.59000015258789,56479.0,20.829999923706055,20.739999771118164,20.739999771118164
16-10-2012,20.799999237060547,20.799999237060547,44208.0,21.15999984741211,21.0,21.0
17-10-2012,20.83099937438965,20.979999542236328,38044.0,21.239999771118164,21.100000381469727,21.100000381469727
18-10-2012,20.639999389648438,21.100000381469727,45602.0,21.209999084472656,20.65999984741211,20.65999984741211
19-10-2012,20.049999237060547,20.530000686645508,36512.0,20.649999618530273,20.290000915527344,20.290000915527344
22-10-2012,19.639999389648438,20.309999465942383,40301.0,20.329999923706055,19.93000030517578,19.93000030517578
23-10-2012,19.540000915527344,19.75,33716.0,19.97719955444336,19.850000381469727,19.850000381469727
24-10-2012,19.75,20.020000457763672,19577.0,20.020000457763672,19.8799991607666,19.8799991607666
25-10-2012,19.68000030517578,20.0,37921.0,20.100000381469727,19.780000686645508,19.780000686645508
26-10-2012,19.84000015258789,19.84000015258789,24602.0,20.11989974975586,19.989999771118164,19.989999771118164
31-10-2012,20.0,20.020000457763672,56706.0,21.18000030517578,20.639999389648438,20.639999389648438
01-11-2012,20.260000228881836,20.700000762939453,53791.0,21.170000076293945,20.520000457763672,20.520000457763672
02-11-2012,20.149999618530273,20.639999389648438,26192.0,20.639999389648438,20.236799240112305,20.236799240112305
05-11-2012,19.761699676513672,20.170000076293945,47359.0,20.239999771118164,20.170000076293945,20.170000076293945
06-11-2012,20.110000610351562,20.149999618530273,23721.0,20.5,20.25,20.25
07-11-2012,19.610000610351562,19.950000762939453,35125.0,20.079999923706055,19.649999618530273,19.649999618530273
08-11-2012,18.71500015258789,19.65999984741211,36600.0,19.65999984741211,18.729999542236328,18.729999542236328
09-11-2012,18.469999313354492,18.56999969482422,27605.0,19.31999969482422,18.84000015258789,18.84000015258789
12-11-2012,18.65999984741211,18.969999313354492,62721.0,19.084999084472656,18.719999313354492,18.719999313354492
13-11-2012,18.600000381469727,18.649999618530273,102083.0,18.969999313354492,18.6299991607666,18.6299991607666
14-11-2012,17.790000915527344,18.940000534057617,177148.0,19.09000015258789,17.8799991607666,17.8799991607666
15-11-2012,18.010000228881836,18.010000228881836,213375.0,20.59000015258789,20.350000381469727,20.350000381469727
16-11-2012,19.90999984741211,20.25,94771.0,20.719999313354492,20.541500091552734,20.541500091552734
19-11-2012,20.829999923706055,20.829999923706055,71837.0,21.3700008392334,21.280000686645508,21.280000686645508
20-11-2012,21.280000686645508,21.280000686645508,40967.0,21.577999114990234,21.389999389648438,21.389999389648438
21-11-2012,21.0,21.510000228881836,39156.0,21.510000228881836,21.06999969482422,21.06999969482422
23-11-2012,20.90999984741211,21.010000228881836,29429.0,21.25,21.06999969482422,21.06999969482422
26-11-2012,20.459999084472656,21.040000915527344,74366.0,21.350000381469727,20.579999923706055,20.579999923706055
27-11-2012,20.450000762939453,20.5,108514.0,21.56999969482422,21.540000915527344,21.540000915527344
28-11-2012,21.489999771118164,21.489999771118164,72622.0,22.0,22.0,22.0
29-11-2012,21.790000915527344,22.270000457763672,46712.0,22.270000457763672,22.040000915527344,22.040000915527344
30-11-2012,21.530000686645508,21.920000076293945,63352.0,22.020000457763672,21.68000030517578,21.68000030517578
03-12-2012,21.06999969482422,21.889999389648438,61601.0,21.889999389648438,21.719999313354492,21.719999313354492
04-12-2012,20.520000457763672,21.809999465942383,86835.0,21.809999465942383,21.049999237060547,21.049999237060547
05-12-2012,20.59000015258789,21.149999618530273,37827.0,21.15999984741211,21.0,21.0
06-12-2012,20.440000534057617,20.940000534057617,79119.0,21.170000076293945,20.989999771118164,20.989999771118164
07-12-2012,20.889999389648438,21.15999984741211,33693.0,21.389999389648438,21.18000030517578,21.18000030517578
10-12-2012,20.40999984741211,21.219999313354492,36038.0,21.239999771118164,20.5314998626709,20.5314998626709
11-12-2012,21.100000381469727,22.09000015258789,164045.0,22.09000015258789,21.81999969482422,21.81999969482422
12-12-2012,21.309999465942383,21.829999923706055,150635.0,21.860000610351562,21.709999084472656,21.709999084472656
13-12-2012,21.100000381469727,21.799999237060547,46910.0,21.809999465942383,21.190000534057617,21.190000534057617
14-12-2012,21.100000381469727,21.100000381469727,91469.0,21.700000762939453,21.399999618530273,21.399999618530273
17-12-2012,21.280000686645508,21.559999465942383,88833.0,21.889999389648438,21.399999618530273,21.399999618530273
18-12-2012,21.280000686645508,21.520000457763672,180182.0,21.809999465942383,21.329999923706055,21.329999923706055
19-12-2012,19.959999084472656,20.5,321446.0,20.559999465942383,20.149999618530273,20.149999618530273
20-12-2012,19.500999450683594,20.09000015258789,128099.0,20.149999618530273,19.979999542236328,19.979999542236328
21-12-2012,19.420000076293945,19.729999542236328,288462.0,20.049999237060547,19.850000381469727,19.850000381469727
24-12-2012,19.520000457763672,19.920000076293945,41895.0,20.049999237060547,20.0,20.0
26-12-2012,19.030000686645508,20.09000015258789,87379.0,20.09000015258789,19.079999923706055,19.079999923706055
27-12-2012,18.75,19.15999984741211,60081.0,19.479999542236328,19.40999984741211,19.40999984741211
28-12-2012,19.15999984741211,19.18000030517578,93057.0,19.770000457763672,19.579999923706055,19.579999923706055
31-12-2012,19.389999389648438,19.600000381469727,144348.0,20.100000381469727,19.950000762939453,19.950000762939453
02-01-2013,19.75,20.399999618530273,166596.0,20.510000228881836,20.06999969482422,20.06999969482422
03-01-2013,19.954999923706055,20.1299991607666,63045.0,20.5,20.219999313354492,20.219999313354492
04-01-2013,19.770000457763672,20.299999237060547,84895.0,20.469999313354492,19.860000610351562,19.860000610351562
07-01-2013,19.34000015258789,19.700000762939453,59857.0,19.8799991607666,19.799999237060547,19.799999237060547
08-01-2013,19.799999237060547,19.799999237060547,60572.0,20.049999237060547,19.940000534057617,19.940000534057617
09-01-2013,19.770000457763672,20.0,50226.0,20.040000915527344,19.93000030517578,19.93000030517578
10-01-2013,19.75,19.950000762939453,56445.0,20.030000686645508,20.0,20.0
11-01-2013,19.889999389648438,20.0,24858.0,20.049999237060547,19.979999542236328,19.979999542236328
14-01-2013,19.8799991607666,19.969999313354492,33504.0,20.020000457763672,19.969999313354492,19.969999313354492
15-01-2013,19.780000686645508,19.84000015258789,57928.0,19.969999313354492,19.8799991607666,19.8799991607666
16-01-2013,19.889999389648438,19.889999389648438,76411.0,20.059999465942383,19.989999771118164,19.989999771118164
17-01-2013,19.950000762939453,20.020000457763672,203166.0,20.21969985961914,20.200000762939453,20.200000762939453
18-01-2013,20.1299991607666,20.209999084472656,233282.0,20.459999084472656,20.31999969482422,20.31999969482422
22-01-2013,20.049999237060547,20.440000534057617,68544.0,20.440000534057617,20.34000015258789,20.34000015258789
23-01-2013,20.18000030517578,20.239999771118164,70551.0,20.420000076293945,20.290000915527344,20.290000915527344
24-01-2013,20.139999389648438,20.299999237060547,109038.0,20.5,20.149999618530273,20.149999618530273
25-01-2013,19.93000030517578,20.290000915527344,73654.0,20.290000915527344,19.989999771118164,19.989999771118164
28-01-2013,19.190000534057617,19.959999084472656,309818.0,20.075000762939453,19.360000610351562,19.360000610351562
29-01-2013,19.239999771118164,19.3700008392334,121863.0,19.579999923706055,19.389999389648438,19.389999389648438
30-01-2013,18.989999771118164,19.420000076293945,126146.0,19.540000915527344,19.0,19.0
31-01-2013,18.915000915527344,19.040000915527344,133649.0,19.559999465942383,19.299999237060547,19.299999237060547
01-02-2013,19.219999313354492,19.350000381469727,114760.0,19.549999237060547,19.360000610351562,19.360000610351562
04-02-2013,18.84000015258789,19.200000762939453,137757.0,19.3700008392334,18.8700008392334,18.8700008392334
05-02-2013,18.81999969482422,18.920000076293945,79587.0,19.31999969482422,19.110000610351562,19.110000610351562
06-02-2013,19.030000686645508,19.09000015258789,72166.0,19.139999389648438,19.100000381469727,19.100000381469727
07-02-2013,19.010000228881836,19.06999969482422,144510.0,19.270000457763672,19.100000381469727,19.100000381469727
08-02-2013,18.959999084472656,19.190000534057617,134119.0,19.280000686645508,19.059999465942383,19.059999465942383
11-02-2013,18.940000534057617,19.020000457763672,88108.0,19.399999618530273,19.34000015258789,19.34000015258789
12-02-2013,19.190099716186523,19.420000076293945,83514.0,19.450000762939453,19.25,19.25
13-02-2013,19.1299991607666,19.209999084472656,75482.0,19.440000534057617,19.260000228881836,19.260000228881836
14-02-2013,18.950000762939453,19.170000076293945,118503.0,19.309999465942383,19.200000762939453,19.200000762939453
15-02-2013,19.219999313354492,19.290000915527344,117561.0,19.59000015258789,19.329999923706055,19.329999923706055
19-02-2013,16.290000915527344,17.5,482014.0,17.5,16.790000915527344,16.790000915527344
20-02-2013,16.899999618530273,16.899999618530273,330643.0,17.5,16.9950008392334,16.9950008392334
21-02-2013,16.3700008392334,17.0,157406.0,17.020000457763672,16.399999618530273,16.399999618530273
22-02-2013,16.479999542236328,16.489999771118164,232585.0,16.75,16.670000076293945,16.670000076293945
25-02-2013,16.34000015258789,16.75,356976.0,16.858999252319336,16.360000610351562,16.360000610351562
26-02-2013,16.020000457763672,16.530000686645508,332966.0,16.530000686645508,16.450000762939453,16.450000762939453
27-02-2013,16.18000030517578,16.399999618530273,116042.0,16.56999969482422,16.209999084472656,16.209999084472656
28-02-2013,16.1200008392334,16.25,197182.0,16.450000762939453,16.219999313354492,16.219999313354492
01-03-2013,16.1299991607666,16.479999542236328,160138.0,16.489999771118164,16.239999771118164,16.239999771118164
04-03-2013,16.149999618530273,16.25,138492.0,16.3700008392334,16.290000915527344,16.290000915527344
05-03-2013,16.34000015258789,16.34000015258789,305498.0,16.78700065612793,16.520000457763672,16.520000457763672
06-03-2013,16.229999542236328,16.479999542236328,76021.0,16.609899520874023,16.280000686645508,16.280000686645508
07-03-2013,16.139999389648438,16.270000457763672,84834.0,16.795000076293945,16.450000762939453,16.450000762939453
08-03-2013,16.260000228881836,16.610000610351562,70966.0,16.780000686645508,16.40999984741211,16.40999984741211
11-03-2013,16.200000762939453,16.399999618530273,59997.0,16.540000915527344,16.239999771118164,16.239999771118164
12-03-2013,16.190000534057617,16.219999313354492,98260.0,16.780000686645508,16.739999771118164,16.739999771118164
13-03-2013,16.704999923706055,16.81999969482422,126833.0,17.0,16.899999618530273,16.899999618530273
14-03-2013,16.8700008392334,16.8700008392334,146191.0,17.15999984741211,17.100000381469727,17.100000381469727
15-03-2013,16.8700008392334,17.100000381469727,112438.0,17.260000228881836,17.09000015258789,17.09000015258789
18-03-2013,16.8799991607666,16.979999542236328,67747.0,17.309999465942383,17.200000762939453,17.200000762939453
19-03-2013,17.06999969482422,17.219999313354492,93085.0,17.399999618530273,17.34000015258789,17.34000015258789
20-03-2013,17.18000030517578,17.450000762939453,122102.0,17.530000686645508,17.399999618530273,17.399999618530273
21-03-2013,17.799999237060547,17.969999313354492,378469.0,18.979999542236328,18.510000228881836,18.510000228881836
22-03-2013,18.540000915527344,18.6200008392334,91303.0,18.780000686645508,18.68000030517578,18.68000030517578
25-03-2013,18.56999969482422,18.739999771118164,70326.0,18.82990074157715,18.729999542236328,18.729999542236328
26-03-2013,18.270000457763672,18.889999389648438,41338.0,18.889999389648438,18.40999984741211,18.40999984741211
27-03-2013,18.079999923706055,18.350000381469727,80128.0,18.459999084472656,18.399999618530273,18.399999618530273
28-03-2013,18.09000015258789,18.389999389648438,76551.0,18.520000457763672,18.190000534057617,18.190000534057617
01-04-2013,17.700000762939453,18.149999618530273,78032.0,18.170000076293945,17.950000762939453,17.950000762939453
02-04-2013,17.770000457763672,17.989999771118164,51424.0,18.149999618530273,17.809999465942383,17.809999465942383
03-04-2013,17.530000686645508,17.790000915527344,30493.0,17.829999923706055,17.610000610351562,17.610000610351562
04-04-2013,17.59000015258789,17.68000030517578,47242.0,17.75,17.700000762939453,17.700000762939453
05-04-2013,17.530000686645508,17.530000686645508,54937.0,17.809999465942383,17.760000228881836,17.760000228881836
08-04-2013,17.40999984741211,17.760000228881836,60846.0,17.889999389648438,17.670000076293945,17.670000076293945
09-04-2013,17.170000076293945,17.600000381469727,80910.0,17.600000381469727,17.219999313354492,17.219999313354492
10-04-2013,17.280000686645508,17.280000686645508,59488.0,17.859899520874023,17.780000686645508,17.780000686645508
11-04-2013,17.63800048828125,17.719999313354492,67289.0,18.145000457763672,18.030000686645508,18.030000686645508
12-04-2013,17.59000015258789,17.969999313354492,33384.0,17.989999771118164,17.93000030517578,17.93000030517578
15-04-2013,16.985000610351562,17.799999237060547,41951.0,17.84000015258789,17.059999465942383,17.059999465942383
16-04-2013,17.100000381469727,17.260000228881836,36194.0,17.389999389648438,17.280000686645508,17.280000686645508
17-04-2013,17.139999389648438,17.309999465942383,72605.0,17.670000076293945,17.56999969482422,17.56999969482422
18-04-2013,17.309999465942383,17.639999389648438,116720.0,17.649999618530273,17.40999984741211,17.40999984741211
19-04-2013,17.229999542236328,17.299999237060547,65035.0,17.940000534057617,17.6299991607666,17.6299991607666
22-04-2013,17.25,17.68000030517578,30233.0,17.684999465942383,17.43000030517578,17.43000030517578
23-04-2013,17.549999237060547,17.549999237060547,30531.0,17.93000030517578,17.889999389648438,17.889999389648438
24-04-2013,17.770000457763672,17.850000381469727,35241.0,18.020000457763672,17.889999389648438,17.889999389648438
25-04-2013,17.93000030517578,17.950000762939453,41022.0,18.34000015258789,18.149999618530273,18.149999618530273
26-04-2013,17.610000610351562,18.139999389648438,39023.0,18.312000274658203,17.670000076293945,17.670000076293945
29-04-2013,17.399999618530273,17.809999465942383,57118.0,17.809999465942383,17.510000228881836,17.510000228881836
30-04-2013,17.440000534057617,17.56999969482422,31527.0,17.770000457763672,17.56999969482422,17.56999969482422
01-05-2013,16.8799991607666,17.43000030517578,105055.0,17.657499313354492,16.90999984741211,16.90999984741211
02-05-2013,16.979999542236328,17.049999237060547,42799.0,17.34000015258789,17.270000457763672,17.270000457763672
03-05-2013,17.5,17.5,72375.0,17.81999969482422,17.549999237060547,17.549999237060547
06-05-2013,17.600000381469727,17.600000381469727,30857.0,17.790000915527344,17.709999084472656,17.709999084472656
07-05-2013,17.549999237060547,17.65999984741211,43302.0,17.940000534057617,17.899999618530273,17.899999618530273
08-05-2013,17.690000534057617,17.90999984741211,42878.0,17.959999084472656,17.81999969482422,17.81999969482422
09-05-2013,17.8799991607666,17.8799991607666,49406.0,18.219999313354492,18.040000915527344,18.040000915527344
10-05-2013,18.049999237060547,18.1200008392334,112479.0,18.260000228881836,18.190000534057617,18.190000534057617
13-05-2013,18.100000381469727,18.219999313354492,124172.0,18.329999923706055,18.270000457763672,18.270000457763672
14-05-2013,18.239999771118164,18.239999771118164,50299.0,18.790000915527344,18.75,18.75
15-05-2013,18.65999984741211,18.719999313354492,61535.0,19.06999969482422,18.950000762939453,18.950000762939453
16-05-2013,18.719999313354492,18.979999542236328,93379.0,19.020000457763672,18.899999618530273,18.899999618530273
17-05-2013,18.950000762939453,18.979999542236328,49092.0,19.440000534057617,19.40999984741211,19.40999984741211
20-05-2013,19.209999084472656,19.440000534057617,62470.0,19.483999252319336,19.459999084472656,19.459999084472656
21-05-2013,19.40999984741211,19.43000030517578,138341.0,19.739999771118164,19.559999465942383,19.559999465942383
22-05-2013,19.479999542236328,19.479999542236328,118016.0,19.950000762939453,19.709999084472656,19.709999084472656
23-05-2013,17.850000381469727,19.479999542236328,69395.0,19.700000762939453,19.579999923706055,19.579999923706055
24-05-2013,19.25,19.420000076293945,52582.0,20.030000686645508,19.940000534057617,19.940000534057617
28-05-2013,19.809999465942383,20.079999923706055,80325.0,20.459999084472656,20.200000762939453,20.200000762939453
29-05-2013,20.0,20.030000686645508,61020.0,20.700000762939453,20.65999984741211,20.65999984741211
30-05-2013,20.719999313354492,20.719999313354492,81634.0,21.184999465942383,21.149999618530273,21.149999618530273
31-05-2013,20.829999923706055,20.979999542236328,68575.0,21.274999618530273,21.110000610351562,21.110000610351562
03-06-2013,20.8799991607666,21.079999923706055,85637.0,21.6299991607666,21.559999465942383,21.559999465942383
04-06-2013,21.079999923706055,21.520000457763672,77180.0,21.829999923706055,21.3799991607666,21.3799991607666
05-06-2013,21.200000762939453,21.3799991607666,81742.0,21.75,21.68000030517578,21.68000030517578
06-06-2013,21.200000762939453,21.6200008392334,59655.0,21.690000534057617,21.43000030517578,21.43000030517578
07-06-2013,21.3700008392334,21.75,42932.0,21.899999618530273,21.68000030517578,21.68000030517578
10-06-2013,21.649999618530273,21.68000030517578,36019.0,22.06999969482422,22.040000915527344,22.040000915527344
11-06-2013,21.739999771118164,21.739999771118164,51967.0,22.030000686645508,21.93000030517578,21.93000030517578
12-06-2013,21.639999389648438,22.0,75453.0,22.0,21.799999237060547,21.799999237060547
13-06-2013,21.65999984741211,21.81999969482422,38056.0,22.0,21.959999084472656,21.959999084472656
14-06-2013,21.700000762939453,22.0,44109.0,22.0,21.850000381469727,21.850000381469727
17-06-2013,21.600000381469727,21.979999542236328,131248.0,22.190000534057617,21.8799991607666,21.8799991607666
18-06-2013,21.81999969482422,21.950000762939453,45906.0,22.027000427246094,21.940000534057617,21.940000534057617
19-06-2013,21.700000762939453,22.010000228881836,39259.0,22.010000228881836,21.770000457763672,21.770000457763672
20-06-2013,21.420000076293945,21.520000457763672,54486.0,21.600000381469727,21.520000457763672,21.520000457763672
21-06-2013,20.920000076293945,21.549999237060547,133697.0,21.549999237060547,21.270000457763672,21.270000457763672
24-06-2013,20.520000457763672,20.950000762939453,53655.0,20.979999542236328,20.8799991607666,20.8799991607666
25-06-2013,20.500099182128906,20.989999771118164,57642.0,20.989999771118164,20.729999542236328,20.729999542236328
26-06-2013,20.329999923706055,20.799999237060547,41405.0,20.8799991607666,20.3799991607666,20.3799991607666
27-06-2013,20.3799991607666,20.510000228881836,56975.0,20.674999237060547,20.549999237060547,20.549999237060547
28-06-2013,20.290000915527344,20.469999313354492,211201.0,20.530000686645508,20.309999465942383,20.309999465942383
01-07-2013,20.360000610351562,20.361000061035156,46209.0,20.959999084472656,20.700000762939453,20.700000762939453
02-07-2013,20.299999237060547,20.6200008392334,78871.0,20.81999969482422,20.450000762939453,20.450000762939453
03-07-2013,20.309999465942383,20.43000030517578,14834.0,20.459999084472656,20.40999984741211,20.40999984741211
05-07-2013,20.290000915527344,20.739999771118164,39833.0,20.75,20.489999771118164,20.489999771118164
08-07-2013,20.3799991607666,20.510000228881836,62255.0,20.649999618530273,20.389999389648438,20.389999389648438
09-07-2013,20.3700008392334,20.450000762939453,73148.0,20.549999237060547,20.450000762939453,20.450000762939453
10-07-2013,20.299999237060547,20.479999542236328,115517.0,20.489999771118164,20.34000015258789,20.34000015258789
11-07-2013,20.329999923706055,20.479999542236328,147839.0,20.889999389648438,20.84000015258789,20.84000015258789
12-07-2013,20.590099334716797,20.75,39123.0,20.850000381469727,20.68000030517578,20.68000030517578
15-07-2013,20.610000610351562,20.6299991607666,52577.0,21.030000686645508,20.68000030517578,20.68000030517578
16-07-2013,20.56999969482422,20.6299991607666,114131.0,21.040000915527344,20.729999542236328,20.729999542236328
17-07-2013,20.6200008392334,20.760000228881836,37322.0,20.920000076293945,20.700000762939453,20.700000762939453
18-07-2013,20.559999465942383,20.690000534057617,22916.0,20.899999618530273,20.600000381469727,20.600000381469727
19-07-2013,20.309999465942383,20.610000610351562,182288.0,20.850000381469727,20.700000762939453,20.700000762939453
22-07-2013,20.6200008392334,20.6200008392334,23705.0,21.0,20.790000915527344,20.790000915527344
23-07-2013,20.360000610351562,20.850000381469727,27978.0,20.854999542236328,20.489999771118164,20.489999771118164
24-07-2013,20.350000381469727,20.6200008392334,29209.0,20.889999389648438,20.6299991607666,20.6299991607666
25-07-2013,20.440000534057617,20.56999969482422,30547.0,21.049999237060547,21.040000915527344,21.040000915527344
26-07-2013,20.0310001373291,20.850000381469727,20631.0,20.850000381469727,20.489999771118164,20.489999771118164
29-07-2013,19.899999618530273,20.399999618530273,35479.0,20.399999618530273,19.969999313354492,19.969999313354492
30-07-2013,19.579999923706055,20.100000381469727,28563.0,20.100000381469727,19.799999237060547,19.799999237060547
31-07-2013,19.709999084472656,19.799999237060547,45061.0,20.440000534057617,20.100000381469727,20.100000381469727
01-08-2013,19.989999771118164,20.290000915527344,37081.0,20.450000762939453,20.260000228881836,20.260000228881836
02-08-2013,19.889999389648438,20.1200008392334,38058.0,20.38360023498535,20.229999542236328,20.229999542236328
05-08-2013,20.149999618530273,20.149999618530273,89059.0,21.032499313354492,20.729999542236328,20.729999542236328
06-08-2013,20.250999450683594,20.649999618530273,36094.0,20.649999618530273,20.56999969482422,20.56999969482422
07-08-2013,20.139999389648438,20.459999084472656,26774.0,20.479999542236328,20.270000457763672,20.270000457763672
08-08-2013,20.0,20.399999618530273,124612.0,20.399999618530273,20.1299991607666,20.1299991607666
09-08-2013,19.450000762939453,20.020000457763672,59411.0,20.139999389648438,19.700000762939453,19.700000762939453
12-08-2013,19.469999313354492,19.469999313354492,43220.0,19.979999542236328,19.770000457763672,19.770000457763672
13-08-2013,19.67799949645996,19.799999237060547,59781.0,19.989999771118164,19.860000610351562,19.860000610351562
14-08-2013,19.530000686645508,19.850000381469727,65891.0,19.850000381469727,19.559999465942383,19.559999465942383
15-08-2013,19.18000030517578,19.440000534057617,56078.0,19.469999313354492,19.350000381469727,19.350000381469727
16-08-2013,18.8700008392334,19.239999771118164,36938.0,19.3799991607666,18.93000030517578,18.93000030517578
19-08-2013,19.0,19.0,29642.0,19.200000762939453,19.170000076293945,19.170000076293945
20-08-2013,19.010000228881836,19.149999618530273,77658.0,19.59980010986328,19.520000457763672,19.520000457763672
21-08-2013,19.079999923706055,19.510000228881836,47063.0,19.625,19.459999084472656,19.459999084472656
22-08-2013,18.8700008392334,19.399999618530273,92077.0,19.399999618530273,19.010000228881836,19.010000228881836
23-08-2013,18.59000015258789,18.979999542236328,84122.0,19.208999633789062,18.670000076293945,18.670000076293945
26-08-2013,18.510000228881836,18.709999084472656,52047.0,18.858999252319336,18.520000457763672,18.520000457763672
27-08-2013,18.209999084472656,18.420000076293945,332922.0,18.940000534057617,18.8700008392334,18.8700008392334
28-08-2013,18.450000762939453,18.809999465942383,82122.0,18.920000076293945,18.5,18.5
29-08-2013,18.34000015258789,18.530000686645508,94400.0,18.622499465942383,18.440000534057617,18.440000534057617
30-08-2013,18.299999237060547,18.3700008392334,103016.0,18.389999389648438,18.31999969482422,18.31999969482422
03-09-2013,18.469999313354492,18.510000228881836,278384.0,19.165000915527344,18.799999237060547,18.799999237060547
04-09-2013,18.799999237060547,18.799999237060547,51481.0,19.260000228881836,18.899999618530273,18.899999618530273
05-09-2013,18.520000457763672,18.950000762939453,52742.0,18.989999771118164,18.549999237060547,18.549999237060547
06-09-2013,18.200000762939453,18.6299991607666,58225.0,18.729999542236328,18.40999984741211,18.40999984741211
09-09-2013,18.389999389648438,18.40999984741211,49986.0,18.649999618530273,18.540000915527344,18.540000915527344
10-09-2013,18.280000686645508,18.40999984741211,70879.0,18.600000381469727,18.459999084472656,18.459999084472656
11-09-2013,18.0,18.350000381469727,94777.0,18.509000778198242,18.149999618530273,18.149999618530273
12-09-2013,18.06999969482422,18.06999969482422,255402.0,18.6200008392334,18.209999084472656,18.209999084472656
13-09-2013,18.15999984741211,18.260000228881836,107518.0,18.399999618530273,18.309999465942383,18.309999465942383
16-09-2013,18.170000076293945,18.360000610351562,107651.0,18.520000457763672,18.270000457763672,18.270000457763672
17-09-2013,18.209999084472656,18.209999084472656,118222.0,18.600000381469727,18.56999969482422,18.56999969482422
18-09-2013,18.389999389648438,18.559999465942383,72401.0,18.920000076293945,18.65999984741211,18.65999984741211
19-09-2013,18.479999542236328,18.65999984741211,253497.0,18.90999984741211,18.8700008392334,18.8700008392334
20-09-2013,18.760000228881836,19.010000228881836,199156.0,19.709999084472656,19.520000457763672,19.520000457763672
23-09-2013,19.34000015258789,19.530000686645508,62858.0,19.729999542236328,19.719999313354492,19.719999313354492
24-09-2013,19.079999923706055,19.670000076293945,166716.0,19.670000076293945,19.209999084472656,19.209999084472656
25-09-2013,18.75,19.170000076293945,365740.0,19.30900001525879,18.899999618530273,18.899999618530273
26-09-2013,18.65999984741211,18.889999389648438,87270.0,18.940000534057617,18.729999542236328,18.729999542236328
27-09-2013,18.43000030517578,18.649999618530273,86493.0,18.86199951171875,18.639999389648438,18.639999389648438
30-09-2013,18.360000610351562,18.459999084472656,84415.0,18.8700008392334,18.84000015258789,18.84000015258789
01-10-2013,18.760000228881836,18.829999923706055,62549.0,19.139999389648438,19.139999389648438,19.139999389648438
02-10-2013,18.549999237060547,18.850000381469727,160701.0,18.850000381469727,18.610000610351562,18.610000610351562
03-10-2013,18.149999618530273,18.65999984741211,115042.0,18.725000381469727,18.200000762939453,18.200000762939453
04-10-2013,18.040000915527344,18.15999984741211,120343.0,18.368000030517578,18.059999465942383,18.059999465942383
07-10-2013,17.899999618530273,18.0,109961.0,18.079999923706055,18.059999465942383,18.059999465942383
08-10-2013,17.584999084472656,18.110000610351562,99356.0,18.110000610351562,17.59000015258789,17.59000015258789
09-10-2013,17.639999389648438,17.68000030517578,68990.0,18.010000228881836,17.959999084472656,17.959999084472656
10-10-2013,17.959999084472656,18.1299991607666,58312.0,18.389999389648438,18.18000030517578,18.18000030517578
11-10-2013,17.889999389648438,17.989999771118164,41609.0,18.40999984741211,18.399999618530273,18.399999618530273
14-10-2013,18.170000076293945,18.280000686645508,36919.0,18.450000762939453,18.40999984741211,18.40999984741211
15-10-2013,18.309999465942383,18.31999969482422,44154.0,18.489999771118164,18.420000076293945,18.420000076293945
16-10-2013,18.25,18.5,27699.0,18.670000076293945,18.5,18.5
17-10-2013,18.280000686645508,18.479999542236328,67761.0,18.520000457763672,18.40999984741211,18.40999984741211
18-10-2013,18.399999618530273,18.579999923706055,59198.0,18.969999313354492,18.610000610351562,18.610000610351562
21-10-2013,18.520000457763672,18.68000030517578,57079.0,18.84000015258789,18.700000762939453,18.700000762939453
22-10-2013,18.270999908447266,18.700000762939453,79001.0,18.88990020751953,18.540000915527344,18.540000915527344
23-10-2013,18.459999084472656,18.459999084472656,52260.0,18.920000076293945,18.81999969482422,18.81999969482422
24-10-2013,18.639999389648438,18.81999969482422,118786.0,18.950000762939453,18.84000015258789,18.84000015258789
25-10-2013,18.469999313354492,18.889999389648438,62082.0,18.969999313354492,18.540000915527344,18.540000915527344
28-10-2013,18.540000915527344,18.579999923706055,44974.0,18.889999389648438,18.690000534057617,18.690000534057617
29-10-2013,18.559999465942383,18.700000762939453,79737.0,19.389999389648438,19.329999923706055,19.329999923706055
30-10-2013,19.19529914855957,19.309999465942383,40932.0,19.450000762939453,19.299999237060547,19.299999237060547
31-10-2013,19.0,19.360000610351562,46120.0,19.360000610351562,19.010000228881836,19.010000228881836
01-11-2013,18.510000228881836,18.959999084472656,65013.0,19.0,18.8700008392334,18.8700008392334
04-11-2013,18.850000381469727,18.8700008392334,49456.0,19.420000076293945,19.239999771118164,19.239999771118164
05-11-2013,19.040000915527344,19.200000762939453,40299.0,19.43000030517578,19.229999542236328,19.229999542236328
06-11-2013,19.200000762939453,19.299999237060547,55514.0,19.469999313354492,19.260000228881836,19.260000228881836
07-11-2013,19.190000534057617,19.31999969482422,51274.0,19.3700008392334,19.290000915527344,19.290000915527344
08-11-2013,19.1299991607666,19.260000228881836,88501.0,19.579999923706055,19.489999771118164,19.489999771118164
11-11-2013,19.280000686645508,19.40999984741211,46445.0,19.68000030517578,19.549999237060547,19.549999237060547
12-11-2013,19.44499969482422,19.450000762939453,28692.0,19.579999923706055,19.469999313354492,19.469999313354492
13-11-2013,14.90999984741211,15.710000038146973,1405353.0,15.970000267028809,15.0,15.0
14-11-2013,14.739899635314941,15.119999885559082,503064.0,15.119999885559082,14.899999618530273,14.899999618530273
15-11-2013,14.640000343322754,14.890000343322754,309314.0,14.890000343322754,14.739999771118164,14.739999771118164
18-11-2013,14.760000228881836,14.84000015258789,175450.0,15.15999984741211,14.930000305175781,14.930000305175781
19-11-2013,14.819999694824219,14.949999809265137,175401.0,15.130000114440918,15.09000015258789,15.09000015258789
20-11-2013,15.010100364685059,15.109999656677246,337729.0,15.420000076293945,15.350000381469727,15.350000381469727
21-11-2013,15.050000190734863,15.420000076293945,240195.0,15.550000190734863,15.420000076293945,15.420000076293945
22-11-2013,15.399999618530273,15.399999618530273,125908.0,15.6899995803833,15.670000076293945,15.670000076293945
25-11-2013,15.350000381469727,15.640000343322754,74864.0,15.829999923706055,15.420000076293945,15.420000076293945
26-11-2013,15.25,15.390000343322754,108531.0,15.61989974975586,15.34000015258789,15.34000015258789
27-11-2013,15.34000015258789,15.390000343322754,54797.0,15.6899995803833,15.5,15.5
29-11-2013,15.239999771118164,15.579999923706055,50324.0,15.600000381469727,15.529999732971191,15.529999732971191
02-12-2013,15.239999771118164,15.449999809265137,142000.0,15.529999732971191,15.470000267028809,15.470000267028809
03-12-2013,15.25,15.420000076293945,68310.0,15.517499923706055,15.289999961853027,15.289999961853027
04-12-2013,15.079999923706055,15.289999961853027,83663.0,15.40999984741211,15.199999809265137,15.199999809265137
05-12-2013,14.899999618530273,15.25,43899.0,15.25,15.029999732971191,15.029999732971191
06-12-2013,14.800000190734863,15.079999923706055,99389.0,15.079999923706055,14.859999656677246,14.859999656677246
09-12-2013,14.711000442504883,14.819999694824219,169127.0,14.949999809265137,14.760000228881836,14.760000228881836
10-12-2013,14.699999809265137,14.699999809265137,167744.0,14.859999656677246,14.75,14.75
11-12-2013,14.140000343322754,14.75,352465.0,14.779999732971191,14.350000381469727,14.350000381469727
12-12-2013,14.3100004196167,14.3100004196167,427362.0,14.930000305175781,14.850000381469727,14.850000381469727
13-12-2013,14.640000343322754,14.869999885559082,141829.0,15.149999618530273,14.800000190734863,14.800000190734863
16-12-2013,14.829999923706055,14.829999923706055,158316.0,15.420000076293945,15.199999809265137,15.199999809265137
17-12-2013,15.210000038146973,15.25,132182.0,15.469900131225586,15.260000228881836,15.260000228881836
18-12-2013,14.869999885559082,15.220000267028809,104752.0,15.25,15.09000015258789,15.09000015258789
19-12-2013,15.020000457763672,15.0600004196167,197295.0,15.449999809265137,15.079999923706055,15.079999923706055
20-12-2013,15.119999885559082,15.15999984741211,395772.0,16.0,15.920000076293945,15.920000076293945
23-12-2013,15.369999885559082,15.90999984741211,197406.0,16.09000015258789,15.899999618530273,15.899999618530273
24-12-2013,15.710000038146973,15.850000381469727,78874.0,16.077499389648438,15.90999984741211,15.90999984741211
26-12-2013,15.859999656677246,15.989999771118164,68379.0,16.100000381469727,15.979999542236328,15.979999542236328
27-12-2013,15.90999984741211,15.960000038146973,52336.0,16.041000366210938,15.9399995803833,15.9399995803833
30-12-2013,15.567999839782715,15.859999656677246,233433.0,15.949999809265137,15.75,15.75
31-12-2013,15.531999588012695,15.800000190734863,93124.0,15.890000343322754,15.789999961853027,15.789999961853027
02-01-2014,15.609999656677246,15.699999809265137,75820.0,15.90999984741211,15.760000228881836,15.760000228881836
03-01-2014,15.600000381469727,15.75,79339.0,16.09000015258789,15.979999542236328,15.979999542236328
06-01-2014,15.800000190734863,16.030000686645508,105032.0,16.079999923706055,15.9399995803833,15.9399995803833
07-01-2014,15.869999885559082,15.9399995803833,148360.0,16.09000015258789,16.049999237060547,16.049999237060547
08-01-2014,15.954999923706055,15.989999771118164,172130.0,16.31999969482422,16.209999084472656,16.209999084472656
09-01-2014,16.149999618530273,16.290000915527344,121208.0,16.3700008392334,16.34000015258789,16.34000015258789
10-01-2014,16.209999084472656,16.280000686645508,105302.0,16.38800048828125,16.25,16.25
13-01-2014,15.729999542236328,16.25,109517.0,16.25,16.15999984741211,16.15999984741211
14-01-2014,16.15999984741211,16.260000228881836,160453.0,16.479999542236328,16.399999618530273,16.399999618530273
15-01-2014,16.3700008392334,16.399999618530273,137098.0,16.58989906311035,16.420000076293945,16.420000076293945
16-01-2014,16.290000915527344,16.399999618530273,61844.0,16.59000015258789,16.440000534057617,16.440000534057617
17-01-2014,16.229999542236328,16.399999618530273,116988.0,16.56999969482422,16.399999618530273,16.399999618530273
21-01-2014,16.270000457763672,16.40999984741211,89588.0,16.537500381469727,16.489999771118164,16.489999771118164
22-01-2014,16.299999237060547,16.469999313354492,76850.0,16.6200008392334,16.540000915527344,16.540000915527344
23-01-2014,16.270000457763672,16.510000228881836,90244.0,16.610000610351562,16.549999237060547,16.549999237060547
24-01-2014,16.200000762939453,16.510000228881836,75084.0,16.700000762939453,16.239999771118164,16.239999771118164
27-01-2014,15.670000076293945,16.219999313354492,85731.0,17.440000534057617,15.960000038146973,15.960000038146973
28-01-2014,15.760000228881836,16.049999237060547,149050.0,16.149999618530273,16.139999389648438,16.139999389648438
29-01-2014,15.770099639892578,16.059999465942383,112721.0,16.059999465942383,15.899999618530273,15.899999618530273
30-01-2014,15.579999923706055,16.0,69626.0,16.059999465942383,16.010000228881836,16.010000228881836
31-01-2014,15.521499633789062,15.819999694824219,56020.0,15.829999923706055,15.670000076293945,15.670000076293945
03-02-2014,14.670000076293945,15.720000267028809,98613.0,15.720000267028809,14.779999732971191,14.779999732971191
04-02-2014,14.520000457763672,14.90999984741211,92559.0,14.989999771118164,14.680000305175781,14.680000305175781
05-02-2014,14.229999542236328,14.710000038146973,113411.0,14.710000038146973,14.300000190734863,14.300000190734863
06-02-2014,14.279999732971191,14.390000343322754,80863.0,14.739999771118164,14.350000381469727,14.350000381469727
07-02-2014,14.239999771118164,14.329999923706055,85108.0,14.649999618530273,14.649999618530273,14.649999618530273
10-02-2014,14.380000114440918,14.680000305175781,65922.0,14.729999542236328,14.699999809265137,14.699999809265137
11-02-2014,14.699999809265137,14.720000267028809,36037.0,14.930000305175781,14.880000114440918,14.880000114440918
12-02-2014,14.899999618530273,14.979999542236328,61819.0,15.239999771118164,15.170000076293945,15.170000076293945
13-02-2014,15.119999885559082,15.119999885559082,44448.0,15.529999732971191,15.5,15.5
14-02-2014,15.25,15.380000114440918,37661.0,15.430000305175781,15.270000457763672,15.270000457763672
18-02-2014,15.220100402832031,15.239999771118164,39558.0,15.539999961853027,15.40999984741211,15.40999984741211
19-02-2014,15.25,15.3100004196167,40140.0,15.579999923706055,15.40999984741211,15.40999984741211
20-02-2014,15.289999961853027,15.390000343322754,36805.0,15.529999732971191,15.489999771118164,15.489999771118164
21-02-2014,15.25,15.5,67473.0,15.600000381469727,15.270000457763672,15.270000457763672
24-02-2014,15.3100004196167,15.350000381469727,65291.0,15.850000381469727,15.680000305175781,15.680000305175781
25-02-2014,12.369999885559082,12.760000228881836,1168004.0,13.3100004196167,12.930000305175781,12.930000305175781
26-02-2014,13.0,13.0,358473.0,13.739999771118164,13.670000076293945,13.670000076293945
27-02-2014,13.25,13.6899995803833,171954.0,13.791999816894531,13.630000114440918,13.630000114440918
28-02-2014,13.430000305175781,13.670000076293945,168683.0,14.069999694824219,13.949999809265137,13.949999809265137
03-03-2014,13.630000114440918,13.890000343322754,137289.0,14.069999694824219,13.930000305175781,13.930000305175781
04-03-2014,13.767499923706055,14.09000015258789,145227.0,14.4399995803833,14.3100004196167,14.3100004196167
05-03-2014,14.030099868774414,14.3100004196167,61736.0,14.420000076293945,14.380000114440918,14.380000114440918
06-03-2014,14.199999809265137,14.369999885559082,111953.0,14.569999694824219,14.449999809265137,14.449999809265137
07-03-2014,14.3100004196167,14.5600004196167,55017.0,14.630000114440918,14.489999771118164,14.489999771118164
10-03-2014,14.289999961853027,14.430000305175781,57077.0,14.616000175476074,14.470000267028809,14.470000267028809
11-03-2014,14.300000190734863,14.430000305175781,86616.0,14.529999732971191,14.40999984741211,14.40999984741211
12-03-2014,14.270000457763672,14.34000015258789,32450.0,14.482000350952148,14.380000114440918,14.380000114440918
13-03-2014,13.6899995803833,14.369999885559082,98931.0,14.380000114440918,13.800000190734863,13.800000190734863
14-03-2014,13.57450008392334,13.710000038146973,72073.0,13.949999809265137,13.880000114440918,13.880000114440918
17-03-2014,13.84000015258789,13.989999771118164,38971.0,14.287199974060059,13.899999618530273,13.899999618530273
18-03-2014,13.880000114440918,13.90999984741211,88829.0,14.180000305175781,14.010000228881836,14.010000228881836
19-03-2014,13.609999656677246,14.0,90818.0,14.079999923706055,13.75,13.75
20-03-2014,13.650699615478516,13.75,35770.0,14.0600004196167,13.739999771118164,13.739999771118164
21-03-2014,13.680000305175781,13.859999656677246,85105.0,13.989999771118164,13.960000038146973,13.960000038146973
24-03-2014,13.84000015258789,14.0,63616.0,14.489999771118164,14.109999656677246,14.109999656677246
25-03-2014,13.600000381469727,14.170000076293945,54646.0,14.170000076293945,13.640000343322754,13.640000343322754
26-03-2014,13.430000305175781,13.75,117463.0,14.029999732971191,13.449999809265137,13.449999809265137
27-03-2014,13.4399995803833,13.529999732971191,41722.0,13.699999809265137,13.539999961853027,13.539999961853027
28-03-2014,13.460000038146973,13.520000457763672,46758.0,13.640000343322754,13.529999732971191,13.529999732971191
31-03-2014,13.479999542236328,13.529999732971191,116790.0,14.130000114440918,13.739999771118164,13.739999771118164
01-04-2014,13.699999809265137,13.800000190734863,65350.0,13.989999771118164,13.800000190734863,13.800000190734863
02-04-2014,13.800000190734863,13.8100004196167,171809.0,14.300000190734863,14.25,14.25
03-04-2014,14.0,14.600000381469727,551717.0,15.510000228881836,14.6899995803833,14.6899995803833
04-04-2014,14.15999984741211,14.6899995803833,125443.0,15.010000228881836,14.369999885559082,14.369999885559082
07-04-2014,13.880000114440918,14.369999885559082,261090.0,14.369999885559082,14.055000305175781,14.055000305175781
08-04-2014,13.979999542236328,14.020000457763672,340942.0,14.40999984741211,14.100000381469727,14.100000381469727
09-04-2014,14.119999885559082,14.149999618530273,78770.0,14.350000381469727,14.25,14.25
10-04-2014,14.0,14.25,121599.0,14.295000076293945,14.069999694824219,14.069999694824219
11-04-2014,13.720999717712402,13.979999542236328,127664.0,14.046500205993652,13.899999618530273,13.899999618530273
14-04-2014,13.899999618530273,14.050000190734863,100571.0,14.119999885559082,13.960000038146973,13.960000038146973
15-04-2014,13.859999656677246,14.0,203838.0,14.34000015258789,13.890000343322754,13.890000343322754
16-04-2014,13.914600372314453,14.0,102964.0,14.3100004196167,14.25,14.25
17-04-2014,14.210000038146973,14.210000038146973,55886.0,14.640000343322754,14.539999961853027,14.539999961853027
21-04-2014,14.5,14.510000228881836,115086.0,15.0,14.859999656677246,14.859999656677246
22-04-2014,14.819999694824219,14.890000343322754,174443.0,15.279999732971191,15.180000305175781,15.180000305175781
23-04-2014,14.9399995803833,15.15999984741211,78306.0,15.258000373840332,14.989999771118164,14.989999771118164
24-04-2014,14.75,15.100000381469727,86535.0,15.100000381469727,14.9399995803833,14.9399995803833
25-04-2014,14.649999618530273,14.9399995803833,85938.0,14.949999809265137,14.75,14.75
28-04-2014,14.670000076293945,14.829999923706055,81489.0,14.930000305175781,14.859999656677246,14.859999656677246
29-04-2014,14.8100004196167,14.989999771118164,49588.0,15.25,14.920000076293945,14.920000076293945
30-04-2014,14.779999732971191,14.829999923706055,77100.0,15.130000114440918,15.100000381469727,15.100000381469727
01-05-2014,14.869999885559082,15.100000381469727,108752.0,15.220000267028809,15.1899995803833,15.1899995803833
02-05-2014,14.970000267028809,15.239999771118164,116655.0,15.5,15.069999694824219,15.069999694824219
05-05-2014,14.8100004196167,14.920000076293945,80330.0,15.069999694824219,14.930000305175781,14.930000305175781
06-05-2014,14.819999694824219,14.899999618530273,66036.0,14.960000038146973,14.859999656677246,14.859999656677246
07-05-2014,14.460000038146973,14.5,78699.0,14.920000076293945,14.84000015258789,14.84000015258789
08-05-2014,14.520000457763672,14.800000190734863,87885.0,15.100000381469727,14.649999618530273,14.649999618530273
09-05-2014,14.51099967956543,14.649999618530273,82108.0,14.993000030517578,14.640000343322754,14.640000343322754
12-05-2014,14.640000343322754,14.770000457763672,106301.0,15.039999961853027,14.930000305175781,14.930000305175781
13-05-2014,14.770000457763672,14.949999809265137,117168.0,14.989999771118164,14.789999961853027,14.789999961853027
14-05-2014,14.619999885559082,14.680000305175781,94204.0,14.960000038146973,14.670000076293945,14.670000076293945
15-05-2014,14.430000305175781,14.569999694824219,79451.0,14.729999542236328,14.5600004196167,14.5600004196167
16-05-2014,14.399999618530273,14.529999732971191,69682.0,14.75,14.739999771118164,14.739999771118164
19-05-2014,14.649999618530273,14.729999542236328,57577.0,14.890000343322754,14.739999771118164,14.739999771118164
20-05-2014,14.539999961853027,14.65999984741211,92291.0,14.75,14.6899995803833,14.6899995803833
21-05-2014,14.579999923706055,14.649999618530273,134056.0,14.829999923706055,14.789999961853027,14.789999961853027
22-05-2014,15.800000190734863,15.800000190734863,697102.0,17.3799991607666,17.049999237060547,17.049999237060547
23-05-2014,16.924999237060547,17.1299991607666,191845.0,17.239999771118164,17.079999923706055,17.079999923706055
27-05-2014,16.989999771118164,17.280000686645508,173035.0,17.489999771118164,17.030000686645508,17.030000686645508
28-05-2014,16.850000381469727,17.049999237060547,163222.0,17.368999481201172,16.90999984741211,16.90999984741211
29-05-2014,16.75,16.969999313354492,118298.0,17.170000076293945,16.850000381469727,16.850000381469727
30-05-2014,16.729999542236328,16.809999465942383,223144.0,17.079999923706055,16.93000030517578,16.93000030517578
02-06-2014,16.59000015258789,16.93000030517578,163090.0,17.200000762939453,17.059999465942383,17.059999465942383
03-06-2014,16.775999069213867,16.959999084472656,118365.0,17.309999465942383,17.170000076293945,17.170000076293945
04-06-2014,16.95199966430664,17.049999237060547,92344.0,17.639999389648438,17.520000457763672,17.520000457763672
05-06-2014,17.329999923706055,17.459999084472656,174104.0,17.81999969482422,17.709999084472656,17.709999084472656
06-06-2014,17.610000610351562,17.75,89939.0,17.889999389648438,17.799999237060547,17.799999237060547
09-06-2014,17.591999053955078,17.809999465942383,101795.0,18.3799991607666,18.329999923706055,18.329999923706055
10-06-2014,18.059999465942383,18.270000457763672,90205.0,18.34000015258789,18.1299991607666,18.1299991607666
11-06-2014,17.575000762939453,18.110000610351562,99519.0,18.110000610351562,17.670000076293945,17.670000076293945
12-06-2014,17.170000076293945,17.729999542236328,85591.0,17.729999542236328,17.34000015258789,17.34000015258789
13-06-2014,17.190000534057617,17.399999618530273,48447.0,17.440000534057617,17.260000228881836,17.260000228881836
16-06-2014,16.90999984741211,17.219999313354492,82921.0,17.31599998474121,17.200000762939453,17.200000762939453
17-06-2014,16.97439956665039,17.15999984741211,59297.0,17.459999084472656,17.424999237060547,17.424999237060547
18-06-2014,17.239999771118164,17.479999542236328,71851.0,17.5,17.479999542236328,17.479999542236328
19-06-2014,17.299999237060547,17.610000610351562,81804.0,17.610000610351562,17.469999313354492,17.469999313354492
20-06-2014,17.360000610351562,17.40999984741211,123794.0,17.530000686645508,17.5,17.5
23-06-2014,17.209999084472656,17.520000457763672,68959.0,17.520000457763672,17.489999771118164,17.489999771118164
24-06-2014,17.1200008392334,17.520000457763672,75095.0,17.600000381469727,17.200000762939453,17.200000762939453
25-06-2014,17.1200008392334,17.1200008392334,37919.0,17.440000534057617,17.415000915527344,17.415000915527344
26-06-2014,17.239999771118164,17.479999542236328,50855.0,17.610000610351562,17.510000228881836,17.510000228881836
27-06-2014,17.389999389648438,17.389999389648438,183730.0,17.639999389648438,17.559999465942383,17.559999465942383
30-06-2014,17.3700008392334,17.579999923706055,84646.0,17.600000381469727,17.440000534057617,17.440000534057617
01-07-2014,17.290000915527344,17.489999771118164,115502.0,17.68000030517578,17.43000030517578,17.43000030517578
02-07-2014,17.364999771118164,17.389999389648438,83955.0,17.559999465942383,17.440000534057617,17.440000534057617
03-07-2014,17.260000228881836,17.270000457763672,98211.0,17.540000915527344,17.540000915527344,17.540000915527344
07-07-2014,17.1200008392334,17.389999389648438,142963.0,17.399999618530273,17.31999969482422,17.31999969482422
08-07-2014,17.0,17.25,400066.0,17.420000076293945,17.100000381469727,17.100000381469727
09-07-2014,16.8700008392334,17.149999618530273,77828.0,17.545000076293945,17.469999313354492,17.469999313354492
10-07-2014,16.81999969482422,17.1299991607666,105892.0,17.420000076293945,17.229999542236328,17.229999542236328
11-07-2014,17.059999465942383,17.15999984741211,96864.0,17.31999969482422,17.299999237060547,17.299999237060547
14-07-2014,17.280000686645508,17.389999389648438,119384.0,17.549999237060547,17.420000076293945,17.420000076293945
15-07-2014,17.360000610351562,17.399999618530273,177973.0,17.565000534057617,17.479999542236328,17.479999542236328
16-07-2014,17.309999465942383,17.559999465942383,102012.0,17.729999542236328,17.3700008392334,17.3700008392334
17-07-2014,17.06999969482422,17.06999969482422,151985.0,17.719999313354492,17.479999542236328,17.479999542236328
18-07-2014,17.510000228881836,17.530000686645508,234297.0,18.309999465942383,18.209999084472656,18.209999084472656
21-07-2014,17.81999969482422,18.06999969482422,126102.0,18.170000076293945,17.90999984741211,17.90999984741211
22-07-2014,18.0,18.049999237060547,118516.0,18.384000778198242,18.1299991607666,18.1299991607666
23-07-2014,18.040300369262695,18.139999389648438,90465.0,18.488000869750977,18.200000762939453,18.200000762939453
24-07-2014,18.149999618530273,18.290000915527344,73815.0,18.420000076293945,18.270000457763672,18.270000457763672
25-07-2014,18.0,18.110000610351562,82691.0,18.260000228881836,18.209999084472656,18.209999084472656
28-07-2014,18.09000015258789,18.299999237060547,84319.0,18.489999771118164,18.469999313354492,18.469999313354492
29-07-2014,18.510000228881836,18.510000228881836,99305.0,18.92300033569336,18.729999542236328,18.729999542236328
30-07-2014,18.5049991607666,18.809999465942383,182820.0,18.850000381469727,18.65999984741211,18.65999984741211
31-07-2014,17.959999084472656,18.489999771118164,122835.0,18.6200008392334,18.399999618530273,18.399999618530273
01-08-2014,18.299999237060547,18.510000228881836,179902.0,18.90999984741211,18.8700008392334,18.8700008392334
04-08-2014,18.829999923706055,18.90999984741211,138986.0,19.110000610351562,19.079999923706055,19.079999923706055
05-08-2014,18.8799991607666,19.040000915527344,98042.0,19.239999771118164,19.219999313354492,19.219999313354492
06-08-2014,19.06999969482422,19.06999969482422,668271.0,20.8799991607666,20.729999542236328,20.729999542236328
07-08-2014,20.389999389648438,20.420000076293945,648391.0,20.809999465942383,20.649999618530273,20.649999618530273
08-08-2014,17.110000610351562,20.6299991607666,256001.0,20.979999542236328,20.93000030517578,20.93000030517578
11-08-2014,20.209999084472656,21.0,311870.0,21.18269920349121,20.40999984741211,20.40999984741211
12-08-2014,19.84000015258789,20.3799991607666,121889.0,20.68000030517578,19.969999313354492,19.969999313354492
13-08-2014,18.836000442504883,20.0,227329.0,20.0,19.059999465942383,19.059999465942383
14-08-2014,18.459999084472656,19.15999984741211,152900.0,19.3799991607666,18.65999984741211,18.65999984741211
15-08-2014,18.25,18.850000381469727,199162.0,18.850000381469727,18.56999969482422,18.56999969482422
18-08-2014,18.539899826049805,18.690000534057617,142794.0,18.95989990234375,18.93000030517578,18.93000030517578
19-08-2014,18.700000762939453,18.950000762939453,115725.0,18.950000762939453,18.850000381469727,18.850000381469727
20-08-2014,18.739999771118164,19.06999969482422,296055.0,19.575000762939453,19.290000915527344,19.290000915527344
21-08-2014,19.0,19.0,560086.0,21.290000915527344,20.25,20.25
22-08-2014,19.010000228881836,19.81999969482422,301151.0,20.059999465942383,19.6299991607666,19.6299991607666
25-08-2014,19.700000762939453,19.729999542236328,128970.0,20.0,19.8799991607666,19.8799991607666
26-08-2014,19.899999618530273,19.899999618530273,257207.0,20.399999618530273,20.200000762939453,20.200000762939453
27-08-2014,20.0,20.329999923706055,76900.0,20.329999923706055,20.020000457763672,20.020000457763672
28-08-2014,19.940000534057617,20.049999237060547,107896.0,20.299999237060547,19.989999771118164,19.989999771118164
29-08-2014,19.860000610351562,20.030000686645508,75743.0,20.15999984741211,20.06999969482422,20.06999969482422
02-09-2014,20.110000610351562,20.1200008392334,124838.0,20.739999771118164,20.639999389648438,20.639999389648438
03-09-2014,20.1299991607666,20.739999771118164,69145.0,20.739999771118164,20.200000762939453,20.200000762939453
04-09-2014,19.999900817871094,20.34000015258789,50264.0,20.79400062561035,20.40999984741211,20.40999984741211
05-09-2014,20.010000228881836,20.309999465942383,45905.0,20.31999969482422,20.18000030517578,20.18000030517578
08-09-2014,20.010000228881836,20.049999237060547,56410.0,20.3700008392334,20.18000030517578,20.18000030517578
09-09-2014,19.940000534057617,20.200000762939453,66491.0,20.219999313354492,20.1200008392334,20.1200008392334
10-09-2014,19.940000534057617,20.139999389648438,53535.0,20.299999237060547,20.270000457763672,20.270000457763672
11-09-2014,20.1299991607666,20.1299991607666,76490.0,20.3799991607666,20.34000015258789,20.34000015258789
12-09-2014,20.3700008392334,20.700000762939453,72812.0,20.915000915527344,20.68000030517578,20.68000030517578
15-09-2014,20.329999923706055,20.944000244140625,55767.0,20.944000244140625,20.81999969482422,20.81999969482422
16-09-2014,20.59000015258789,20.8700008392334,99180.0,21.149999618530273,21.1200008392334,21.1200008392334
17-09-2014,20.90999984741211,21.149999618530273,159378.0,21.540000915527344,21.43000030517578,21.43000030517578
18-09-2014,21.22599983215332,21.659000396728516,81908.0,21.659000396728516,21.239999771118164,21.239999771118164
19-09-2014,20.700000762939453,21.25,185483.0,21.290000915527344,21.1299991607666,21.1299991607666
22-09-2014,20.489999771118164,21.0,83551.0,21.100000381469727,20.649999618530273,20.649999618530273
23-09-2014,20.6200008392334,20.700000762939453,67064.0,21.0,20.899999618530273,20.899999618530273
24-09-2014,20.860000610351562,20.950000762939453,108141.0,21.709999084472656,21.559999465942383,21.559999465942383
25-09-2014,20.84000015258789,21.31999969482422,108912.0,21.469999313354492,20.950000762939453,20.950000762939453
26-09-2014,20.649999618530273,21.15999984741211,88896.0,21.15999984741211,20.860000610351562,20.860000610351562
29-09-2014,20.559999465942383,20.799999237060547,96648.0,20.799999237060547,20.760000228881836,20.760000228881836
30-09-2014,20.31999969482422,20.7549991607666,213605.0,20.7549991607666,20.350000381469727,20.350000381469727
01-10-2014,19.709999084472656,20.43000030517578,139410.0,20.469999313354492,19.719999313354492,19.719999313354492
02-10-2014,19.56999969482422,19.700000762939453,78729.0,20.260000228881836,20.200000762939453,20.200000762939453
03-10-2014,20.31999969482422,20.489999771118164,87604.0,20.670000076293945,20.440000534057617,20.440000534057617
06-10-2014,20.030000686645508,20.270000457763672,52355.0,20.420000076293945,20.06999969482422,20.06999969482422
07-10-2014,19.639999389648438,20.149999618530273,61613.0,20.149999618530273,19.649999618530273,19.649999618530273
08-10-2014,19.270000457763672,19.799999237060547,141528.0,20.389999389648438,20.31999969482422,20.31999969482422
09-10-2014,19.799999237060547,19.989999771118164,94841.0,20.350000381469727,20.010000228881836,20.010000228881836
10-10-2014,19.889999389648438,20.299999237060547,129865.0,20.309999465942383,19.969999313354492,19.969999313354492
13-10-2014,19.729999542236328,19.979999542236328,101961.0,20.219999313354492,19.81999969482422,19.81999969482422
14-10-2014,20.040000915527344,20.040000915527344,103877.0,20.670000076293945,20.34000015258789,20.34000015258789
15-10-2014,19.700000762939453,20.030000686645508,149578.0,20.56999969482422,20.489999771118164,20.489999771118164
16-10-2014,20.229999542236328,20.229999542236328,220725.0,21.674999237060547,20.850000381469727,20.850000381469727
17-10-2014,20.1299991607666,20.770000457763672,172639.0,21.1299991607666,20.18000030517578,20.18000030517578
20-10-2014,20.15999984741211,20.3700008392334,85574.0,21.15999984741211,21.010000228881836,21.010000228881836
21-10-2014,20.979999542236328,21.170000076293945,61009.0,21.34000015258789,21.34000015258789,21.34000015258789
22-10-2014,21.139999389648438,21.34000015258789,69450.0,21.59000015258789,21.18000030517578,21.18000030517578
23-10-2014,20.469999313354492,21.149999618530273,142401.0,21.290000915527344,20.579999923706055,20.579999923706055
24-10-2014,20.229999542236328,20.59000015258789,92776.0,20.725000381469727,20.309999465942383,20.309999465942383
27-10-2014,19.850000381469727,20.18000030517578,97585.0,20.559999465942383,20.450000762939453,20.450000762939453
28-10-2014,20.010000228881836,20.450000762939453,155584.0,20.670000076293945,20.3799991607666,20.3799991607666
29-10-2014,20.25,20.440000534057617,71953.0,20.709999084472656,20.3700008392334,20.3700008392334
30-10-2014,20.079999923706055,20.09000015258789,84606.0,20.450000762939453,20.260000228881836,20.260000228881836
31-10-2014,19.75,20.309999465942383,178051.0,20.700000762939453,20.450000762939453,20.450000762939453
03-11-2014,20.114999771118164,20.489999771118164,83975.0,20.489999771118164,20.209999084472656,20.209999084472656
04-11-2014,20.0,20.334999084472656,108697.0,20.3700008392334,20.34000015258789,20.34000015258789
05-11-2014,20.350000381469727,20.399999618530273,40577.0,20.670000076293945,20.520000457763672,20.520000457763672
06-11-2014,20.400100708007812,20.400100708007812,249297.0,21.984399795532227,21.829999923706055,21.829999923706055
07-11-2014,21.6200008392334,21.70400047302246,144193.0,22.190000534057617,22.0,22.0
10-11-2014,21.829999923706055,21.985000610351562,87737.0,22.280000686645508,21.950000762939453,21.950000762939453
11-11-2014,21.799999237060547,22.049999237060547,349398.0,22.59000015258789,22.440000534057617,22.440000534057617
12-11-2014,22.489999771118164,22.510000228881836,98410.0,23.0,23.0,23.0
13-11-2014,22.90999984741211,23.16080093383789,112029.0,23.280000686645508,22.950000762939453,22.950000762939453
14-11-2014,22.6299991607666,22.860000610351562,631742.0,24.3700008392334,23.579999923706055,23.579999923706055
17-11-2014,23.450000762939453,23.56999969482422,120928.0,24.053800582885742,23.889999389648438,23.889999389648438
18-11-2014,23.389999389648438,24.535999298095703,120323.0,24.535999298095703,23.440000534057617,23.440000534057617
19-11-2014,23.549999237060547,23.889999389648438,176307.0,24.219999313354492,23.959999084472656,23.959999084472656
20-11-2014,23.780000686645508,24.680099487304688,299526.0,25.770000457763672,24.489999771118164,24.489999771118164
21-11-2014,24.389999389648438,24.93000030517578,206477.0,25.200000762939453,25.010000228881836,25.010000228881836
24-11-2014,24.8799991607666,25.290000915527344,233744.0,25.739999771118164,25.530000686645508,25.530000686645508
25-11-2014,25.280000686645508,25.850000381469727,167979.0,25.93000030517578,25.8700008392334,25.8700008392334
26-11-2014,25.649999618530273,25.649999618530273,151905.0,26.360000610351562,25.979999542236328,25.979999542236328
28-11-2014,25.959999084472656,26.020000457763672,127333.0,26.59000015258789,26.389999389648438,26.389999389648438
01-12-2014,26.197999954223633,26.642000198364258,179931.0,26.860000610351562,26.5,26.5
02-12-2014,26.219999313354492,26.510000228881836,108937.0,26.81999969482422,26.239999771118164,26.239999771118164
03-12-2014,25.979999542236328,26.04199981689453,173830.0,26.68000030517578,26.170000076293945,26.170000076293945
04-12-2014,25.450000762939453,26.1299991607666,139593.0,26.139999389648438,25.579999923706055,25.579999923706055
05-12-2014,24.450000762939453,25.540000915527344,252576.0,25.700000762939453,24.579999923706055,24.579999923706055
08-12-2014,24.3700008392334,24.489999771118164,115822.0,24.950000762939453,24.59000015258789,24.59000015258789
09-12-2014,23.8700008392334,24.270000457763672,149445.0,25.459999084472656,25.3799991607666,25.3799991607666
10-12-2014,24.170000076293945,25.270000457763672,129874.0,25.3700008392334,24.329999923706055,24.329999923706055
11-12-2014,24.0,24.209999084472656,161121.0,24.8799991607666,24.020000457763672,24.020000457763672
12-12-2014,23.780000686645508,24.040000915527344,183438.0,24.450000762939453,24.260000228881836,24.260000228881836
15-12-2014,24.110000610351562,24.110000610351562,177161.0,25.155000686645508,25.0,25.0
16-12-2014,24.440000534057617,24.989999771118164,183586.0,25.420000076293945,24.540000915527344,24.540000915527344
17-12-2014,24.3799991607666,24.450000762939453,213938.0,25.299999237060547,25.219999313354492,25.219999313354492
18-12-2014,24.889999389648438,25.3700008392334,136240.0,25.5,25.139999389648438,25.139999389648438
19-12-2014,24.75,25.149999618530273,358842.0,25.34000015258789,24.81999969482422,24.81999969482422
22-12-2014,24.5,24.601999282836914,211732.0,25.899999618530273,25.540000915527344,25.540000915527344
23-12-2014,25.459999084472656,25.68000030517578,81814.0,25.850000381469727,25.489999771118164,25.489999771118164
24-12-2014,25.299999237060547,25.495500564575195,70890.0,25.729999542236328,25.65999984741211,25.65999984741211
26-12-2014,25.479999542236328,25.950000762939453,83902.0,25.959999084472656,25.81999969482422,25.81999969482422
29-12-2014,25.719999313354492,25.81999969482422,77291.0,26.09000015258789,25.93000030517578,25.93000030517578
30-12-2014,25.709999084472656,25.899999618530273,90633.0,26.219999313354492,26.06999969482422,26.06999969482422
31-12-2014,25.899999618530273,26.170000076293945,142075.0,26.309999465942383,25.93000030517578,25.93000030517578
02-01-2015,25.3700008392334,26.06999969482422,116479.0,26.309999465942383,25.459999084472656,25.459999084472656
05-01-2015,25.149999618530273,25.450000762939453,137152.0,25.93000030517578,25.469999313354492,25.469999313354492
06-01-2015,24.969999313354492,25.110000610351562,152924.0,25.739999771118164,25.43000030517578,25.43000030517578
07-01-2015,25.489999771118164,25.5,82838.0,25.950000762939453,25.84000015258789,25.84000015258789
08-01-2015,25.5,26.0,84801.0,26.229999542236328,25.790000915527344,25.790000915527344
09-01-2015,25.030000686645508,25.68000030517578,109002.0,25.760000228881836,25.299999237060547,25.299999237060547
12-01-2015,25.18000030517578,25.440000534057617,187841.0,26.15999984741211,26.049999237060547,26.049999237060547
13-01-2015,25.8799991607666,26.290000915527344,141137.0,27.0,26.670000076293945,26.670000076293945
14-01-2015,26.31999969482422,26.489999771118164,133971.0,26.979900360107422,26.799999237060547,26.799999237060547
15-01-2015,25.809999465942383,26.940000534057617,130669.0,26.940000534057617,26.18000030517578,26.18000030517578
16-01-2015,25.600000381469727,26.079999923706055,103838.0,26.6299991607666,25.81999969482422,25.81999969482422
20-01-2015,24.84000015258789,25.829999923706055,112687.0,25.90999984741211,25.010000228881836,25.010000228881836
21-01-2015,24.649999618530273,24.891199111938477,79302.0,25.229999542236328,24.959999084472656,24.959999084472656
22-01-2015,24.764999389648438,24.854999542236328,78045.0,25.329999923706055,25.100000381469727,25.100000381469727
23-01-2015,24.600000381469727,25.049999237060547,69644.0,25.049999237060547,24.6299991607666,24.6299991607666
26-01-2015,24.309999465942383,24.6299991607666,87754.0,24.860000610351562,24.649999618530273,24.649999618530273
27-01-2015,24.299999237060547,24.420000076293945,86763.0,24.770000457763672,24.729999542236328,24.729999542236328
28-01-2015,24.559999465942383,24.940000534057617,108116.0,25.088899612426758,24.65999984741211,24.65999984741211
29-01-2015,24.469999313354492,24.469999313354492,124451.0,24.959999084472656,24.700000762939453,24.700000762939453
30-01-2015,23.610000610351562,24.030000686645508,163959.0,24.690000534057617,23.90999984741211,23.90999984741211
02-02-2015,23.700000762939453,23.899999618530273,139784.0,24.2450008392334,24.059999465942383,24.059999465942383
03-02-2015,24.110000610351562,24.29990005493164,68363.0,24.399999618530273,24.190000534057617,24.190000534057617
04-02-2015,23.719999313354492,24.110000610351562,58154.0,24.25,23.850000381469727,23.850000381469727
05-02-2015,23.579999923706055,23.6299991607666,124690.0,24.100000381469727,23.93000030517578,23.93000030517578
06-02-2015,23.649999618530273,23.700000762939453,155872.0,23.989900588989258,23.850000381469727,23.850000381469727
09-02-2015,23.579999923706055,23.639999389648438,89654.0,24.219999313354492,23.739999771118164,23.739999771118164
10-02-2015,23.700000762939453,23.920000076293945,85132.0,24.139999389648438,23.829999923706055,23.829999923706055
11-02-2015,23.829999923706055,23.989999771118164,95327.0,24.290000915527344,23.950000762939453,23.950000762939453
12-02-2015,23.510000228881836,23.809999465942383,215626.0,24.399999618530273,24.209999084472656,24.209999084472656
13-02-2015,24.219999313354492,24.280000686645508,81774.0,24.600000381469727,24.3799991607666,24.3799991607666
17-02-2015,23.729999542236328,24.329999923706055,158909.0,24.420000076293945,23.93000030517578,23.93000030517578
18-02-2015,21.5,22.0,611530.0,23.0,22.3799991607666,22.3799991607666
19-02-2015,22.25,22.290000915527344,306060.0,22.770000457763672,22.5,22.5
20-02-2015,22.350000381469727,22.700000762939453,156645.0,23.329999923706055,23.030000686645508,23.030000686645508
23-02-2015,22.6299991607666,23.079999923706055,112482.0,23.200000762939453,23.15999984741211,23.15999984741211
24-02-2015,22.850000381469727,22.950000762939453,89344.0,23.219999313354492,23.1299991607666,23.1299991607666
25-02-2015,22.860000610351562,23.34000015258789,148565.0,23.450000762939453,23.34000015258789,23.34000015258789
26-02-2015,23.25,23.416000366210938,94651.0,23.68000030517578,23.579999923706055,23.579999923706055
27-02-2015,23.260000228881836,23.709999084472656,112040.0,23.969999313354492,23.600000381469727,23.600000381469727
02-03-2015,23.56999969482422,24.729999542236328,59720.0,24.790000915527344,23.6200008392334,23.6200008392334
03-03-2015,23.079999923706055,23.780000686645508,73293.0,23.780000686645508,23.280000686645508,23.280000686645508
04-03-2015,23.030000686645508,23.25,87626.0,23.299999237060547,23.200000762939453,23.200000762939453
05-03-2015,23.020000457763672,24.648000717163086,141882.0,24.648000717163086,23.309999465942383,23.309999465942383
06-03-2015,22.579999923706055,23.29400062561035,42936.0,23.360000610351562,22.6200008392334,22.6200008392334
09-03-2015,22.459999084472656,22.709999084472656,50090.0,22.81999969482422,22.59000015258789,22.59000015258789
10-03-2015,22.239999771118164,22.43000030517578,66852.0,22.65999984741211,22.25,22.25
11-03-2015,22.170000076293945,22.34000015258789,74995.0,22.399999618530273,22.350000381469727,22.350000381469727
12-03-2015,22.315000534057617,22.450000762939453,150546.0,22.809999465942383,22.59000015258789,22.59000015258789
13-03-2015,22.43000030517578,23.25,63518.0,23.25,22.709999084472656,22.709999084472656
16-03-2015,22.290000915527344,22.290000915527344,67375.0,22.8700008392334,22.549999237060547,22.549999237060547
17-03-2015,22.450000762939453,22.600000381469727,70129.0,22.780000686645508,22.719999313354492,22.719999313354492
18-03-2015,22.559999465942383,22.829999923706055,65492.0,23.149999618530273,23.110000610351562,23.110000610351562
19-03-2015,23.059999465942383,23.420000076293945,69827.0,23.469999313354492,23.139999389648438,23.139999389648438
20-03-2015,22.75,23.329999923706055,156931.0,23.719999313354492,22.760000228881836,22.760000228881836
23-03-2015,22.81999969482422,22.950000762939453,97447.0,23.110000610351562,23.020000457763672,23.020000457763672
24-03-2015,23.100000381469727,23.11009979248047,59051.0,23.6200008392334,23.579999923706055,23.579999923706055
25-03-2015,22.770000457763672,23.584999084472656,85033.0,23.780000686645508,22.790000915527344,22.790000915527344
26-03-2015,22.610000610351562,22.6200008392334,56413.0,23.010000228881836,22.799999237060547,22.799999237060547
27-03-2015,22.808000564575195,22.940000534057617,37974.0,23.009899139404297,22.90999984741211,22.90999984741211
30-03-2015,22.920000076293945,22.940000534057617,61953.0,23.1200008392334,23.020000457763672,23.020000457763672
31-03-2015,22.809999465942383,23.010000228881836,108738.0,23.379199981689453,23.15999984741211,23.15999984741211
01-04-2015,22.969999313354492,23.200000762939453,148154.0,23.790000915527344,23.649999618530273,23.649999618530273
02-04-2015,22.530000686645508,23.600000381469727,369926.0,24.06999969482422,23.75,23.75
06-04-2015,23.739999771118164,23.84000015258789,179728.0,25.40999984741211,25.219999313354492,25.219999313354492
07-04-2015,24.479999542236328,25.200000762939453,233083.0,26.079999923706055,24.489999771118164,24.489999771118164
08-04-2015,24.274900436401367,24.274900436401367,142609.0,24.950000762939453,24.610000610351562,24.610000610351562
09-04-2015,24.020000457763672,24.551000595092773,77415.0,24.68000030517578,24.56999969482422,24.56999969482422
10-04-2015,24.299999237060547,24.389999389648438,119359.0,24.700000762939453,24.559999465942383,24.559999465942383
13-04-2015,24.415000915527344,24.790000915527344,97376.0,25.149999618530273,24.59000015258789,24.59000015258789
14-04-2015,24.34000015258789,24.729999542236328,73026.0,24.809999465942383,24.3700008392334,24.3700008392334
15-04-2015,24.440000534057617,24.555999755859375,70185.0,24.75,24.530000686645508,24.530000686645508
16-04-2015,24.3700008392334,24.59000015258789,33778.0,24.610000610351562,24.399999618530273,24.399999618530273
17-04-2015,24.149999618530273,24.190000534057617,64523.0,24.709999084472656,24.549999237060547,24.549999237060547
20-04-2015,24.40999984741211,24.559999465942383,119457.0,25.3799991607666,25.040000915527344,25.040000915527344
21-04-2015,24.969999313354492,25.049999237060547,69675.0,25.25,25.190000534057617,25.190000534057617
22-04-2015,24.65999984741211,25.010000228881836,50784.0,25.15999984741211,24.969999313354492,24.969999313354492
23-04-2015,24.84000015258789,24.959999084472656,57724.0,25.1299991607666,24.959999084472656,24.959999084472656
24-04-2015,24.75,25.440000534057617,35867.0,25.440000534057617,24.799999237060547,24.799999237060547
27-04-2015,24.649999618530273,24.850000381469727,72321.0,25.290000915527344,24.81999969482422,24.81999969482422
28-04-2015,24.469999313354492,24.81999969482422,70451.0,25.270000457763672,24.739999771118164,24.739999771118164
29-04-2015,24.149999618530273,24.420000076293945,96204.0,24.700000762939453,24.549999237060547,24.549999237060547
30-04-2015,23.799999237060547,24.420000076293945,103509.0,24.739999771118164,23.920000076293945,23.920000076293945
01-05-2015,23.459999084472656,23.985000610351562,73739.0,24.079999923706055,23.760000228881836,23.760000228881836
04-05-2015,23.440000534057617,23.8799991607666,87130.0,24.209999084472656,23.610000610351562,23.610000610351562
05-05-2015,23.389999389648438,23.540000915527344,59186.0,23.799999237060547,23.530000686645508,23.530000686645508
06-05-2015,23.309999465942383,23.799999237060547,45997.0,23.799999237060547,23.540000915527344,23.540000915527344
07-05-2015,23.059999465942383,23.059999465942383,171569.0,24.40999984741211,24.049999237060547,24.049999237060547
08-05-2015,24.15999984741211,24.81800079345703,98724.0,25.0,24.270000457763672,24.270000457763672
11-05-2015,23.799999237060547,24.09000015258789,83448.0,24.461000442504883,24.0,24.0
12-05-2015,23.211999893188477,23.211999893188477,110564.0,24.239999771118164,23.860000610351562,23.860000610351562
13-05-2015,23.790000915527344,23.829999923706055,131984.0,24.219999313354492,24.030000686645508,24.030000686645508
14-05-2015,25.049999237060547,27.0,534203.0,27.0,26.09000015258789,26.09000015258789
15-05-2015,25.969999313354492,26.0,373620.0,27.5,26.760000228881836,26.760000228881836
18-05-2015,26.760000228881836,26.760000228881836,301998.0,28.190000534057617,27.549999237060547,27.549999237060547
19-05-2015,27.520000457763672,27.829999923706055,115862.0,28.100000381469727,27.670000076293945,27.670000076293945
20-05-2015,26.329999923706055,28.09000015258789,184925.0,28.09000015258789,26.5,26.5
21-05-2015,26.3700008392334,26.649999618530273,109318.0,26.84000015258789,26.639999389648438,26.639999389648438
22-05-2015,26.100000381469727,26.525100708007812,129810.0,26.665000915527344,26.389999389648438,26.389999389648438
26-05-2015,25.049999237060547,26.65999984741211,184451.0,26.65999984741211,25.239999771118164,25.239999771118164
27-05-2015,24.559999465942383,25.270000457763672,191342.0,25.420000076293945,25.190000534057617,25.190000534057617
28-05-2015,24.84000015258789,25.309999465942383,91596.0,25.309999465942383,24.979999542236328,24.979999542236328
29-05-2015,24.299999237060547,24.860000610351562,128268.0,24.860000610351562,24.559999465942383,24.559999465942383
01-06-2015,24.172100067138672,24.69499969482422,104630.0,24.770000457763672,24.520000457763672,24.520000457763672
02-06-2015,24.489999771118164,24.530000686645508,97560.0,24.8799991607666,24.540000915527344,24.540000915527344
03-06-2015,24.450000762939453,24.56999969482422,92996.0,25.15999984741211,24.899999618530273,24.899999618530273
04-06-2015,24.5,24.65999984741211,84944.0,24.84000015258789,24.760000228881836,24.760000228881836
05-06-2015,24.500099182128906,24.950000762939453,88299.0,25.40999984741211,25.229999542236328,25.229999542236328
08-06-2015,24.940000534057617,25.40999984741211,146886.0,25.799999237060547,24.969999313354492,24.969999313354492
09-06-2015,24.56999969482422,24.799999237060547,57119.0,25.299999237060547,24.8700008392334,24.8700008392334
10-06-2015,24.049999237060547,24.950000762939453,167925.0,25.170000076293945,24.079999923706055,24.079999923706055
11-06-2015,24.110000610351562,24.18000030517578,48544.0,24.479999542236328,24.34000015258789,24.34000015258789
12-06-2015,24.0,24.139999389648438,83898.0,24.3700008392334,24.31999969482422,24.31999969482422
15-06-2015,23.530000686645508,23.809999465942383,179004.0,24.088699340820312,23.6200008392334,23.6200008392334
16-06-2015,23.639999389648438,23.65999984741211,142190.0,24.780000686645508,24.510000228881836,24.510000228881836
17-06-2015,23.93000030517578,24.5,70360.0,24.579999923706055,24.06999969482422,24.06999969482422
18-06-2015,24.110000610351562,24.260000228881836,73481.0,24.610000610351562,24.34000015258789,24.34000015258789
19-06-2015,24.280000686645508,24.290000915527344,144724.0,24.600000381469727,24.5,24.5
22-06-2015,24.110000610351562,24.739999771118164,184259.0,24.920000076293945,24.15999984741211,24.15999984741211
23-06-2015,24.079999923706055,24.079999923706055,107789.0,24.559999465942383,24.459999084472656,24.459999084472656
24-06-2015,24.25,24.389999389648438,36418.0,24.510099411010742,24.309999465942383,24.309999465942383
25-06-2015,24.149999618530273,24.309999465942383,59436.0,24.6200008392334,24.59000015258789,24.59000015258789
26-06-2015,24.489999771118164,24.600000381469727,195712.0,25.020000457763672,24.829999923706055,24.829999923706055
29-06-2015,23.649999618530273,24.65999984741211,95943.0,24.65999984741211,23.68000030517578,23.68000030517578
30-06-2015,23.540000915527344,23.770000457763672,109188.0,24.030000686645508,23.770000457763672,23.770000457763672
01-07-2015,23.799999237060547,23.969999313354492,69595.0,24.18000030517578,24.15999984741211,24.15999984741211
02-07-2015,24.049999237060547,24.049999237060547,103673.0,24.864999771118164,24.790000915527344,24.790000915527344
06-07-2015,24.301000595092773,24.700000762939453,131650.0,24.850000381469727,24.649999618530273,24.649999618530273
07-07-2015,24.229999542236328,24.639999389648438,67440.0,24.649999618530273,24.56999969482422,24.56999969482422
08-07-2015,23.760000228881836,24.389999389648438,99402.0,24.591999053955078,24.260000228881836,24.260000228881836
09-07-2015,23.700000762939453,24.5,75699.0,24.579999923706055,23.81999969482422,23.81999969482422
10-07-2015,23.799999237060547,24.049999237060547,44402.0,24.579999923706055,24.3799991607666,24.3799991607666
13-07-2015,24.489999771118164,24.559999465942383,93777.0,25.06999969482422,24.809999465942383,24.809999465942383
14-07-2015,24.639999389648438,24.780000686645508,91889.0,25.1200008392334,25.030000686645508,25.030000686645508
15-07-2015,24.170000076293945,25.0,51727.0,25.040000915527344,24.239999771118164,24.239999771118164
16-07-2015,23.81999969482422,24.450000762939453,77022.0,24.450000762939453,24.059999465942383,24.059999465942383
17-07-2015,23.350000381469727,24.110000610351562,73722.0,24.139999389648438,23.3799991607666,23.3799991607666
20-07-2015,23.280000686645508,23.3799991607666,127521.0,24.108999252319336,23.610000610351562,23.610000610351562
21-07-2015,23.1299991607666,23.690000534057617,49736.0,24.100000381469727,23.3700008392334,23.3700008392334
22-07-2015,23.610000610351562,23.670000076293945,106595.0,24.309999465942383,24.049999237060547,24.049999237060547
23-07-2015,23.840099334716797,24.18000030517578,121196.0,24.389999389648438,24.049999237060547,24.049999237060547
24-07-2015,23.209999084472656,24.030000686645508,61550.0,24.049999237060547,23.68000030517578,23.68000030517578
27-07-2015,23.049999237060547,23.68000030517578,66058.0,23.850000381469727,23.329999923706055,23.329999923706055
28-07-2015,23.25,23.5,93329.0,23.649999618530273,23.579999923706055,23.579999923706055
29-07-2015,23.5,23.579999923706055,109299.0,23.940000534057617,23.790000915527344,23.790000915527344
30-07-2015,23.739999771118164,23.790000915527344,93780.0,24.269899368286133,23.93000030517578,23.93000030517578
31-07-2015,23.719999313354492,23.93000030517578,71689.0,24.2549991607666,24.09000015258789,24.09000015258789
03-08-2015,22.510000228881836,23.989999771118164,193114.0,24.0,22.979999542236328,22.979999542236328
04-08-2015,22.940000534057617,23.020000457763672,53204.0,23.5,23.229999542236328,23.229999542236328
05-08-2015,22.8700008392334,23.43000030517578,55459.0,23.75,23.329999923706055,23.329999923706055
06-08-2015,22.75,23.299999237060547,66769.0,23.329999923706055,22.8700008392334,22.8700008392334
07-08-2015,22.600099563598633,22.81999969482422,129521.0,23.65999984741211,23.549999237060547,23.549999237060547
10-08-2015,23.239999771118164,23.579999923706055,110556.0,23.920000076293945,23.56999969482422,23.56999969482422
11-08-2015,23.299999237060547,23.309999465942383,63532.0,23.860000610351562,23.84000015258789,23.84000015258789
12-08-2015,23.15999984741211,23.700000762939453,68720.0,23.700000762939453,23.299999237060547,23.299999237060547
13-08-2015,22.610000610351562,23.270000457763672,114819.0,23.459999084472656,22.670000076293945,22.670000076293945
14-08-2015,22.719999313354492,22.719999313354492,55867.0,23.770000457763672,23.459999084472656,23.459999084472656
17-08-2015,23.010000228881836,23.31999969482422,90918.0,23.56999969482422,23.440000534057617,23.440000534057617
18-08-2015,23.09000015258789,23.479999542236328,75484.0,23.510000228881836,23.309999465942383,23.309999465942383
19-08-2015,22.889999389648438,23.079999923706055,96258.0,23.609899520874023,23.479999542236328,23.479999542236328
20-08-2015,23.06999969482422,24.079999923706055,630903.0,25.549999237060547,25.18000030517578,25.18000030517578
21-08-2015,24.700000762939453,24.729999542236328,268442.0,25.41990089416504,24.959999084472656,24.959999084472656
24-08-2015,23.15999984741211,23.389999389648438,266778.0,24.209999084472656,23.600000381469727,23.600000381469727
25-08-2015,23.239999771118164,24.40999984741211,142138.0,24.729999542236328,23.350000381469727,23.350000381469727
26-08-2015,23.68000030517578,23.780000686645508,207975.0,24.5,24.0,24.0
27-08-2015,23.649999618530273,24.229999542236328,130244.0,24.31999969482422,24.15999984741211,24.15999984741211
28-08-2015,23.8700008392334,24.030000686645508,154558.0,24.475000381469727,24.010000228881836,24.010000228881836
31-08-2015,23.979999542236328,23.989999771118164,150572.0,25.049999237060547,24.760000228881836,24.760000228881836
01-09-2015,23.959999084472656,24.420000076293945,81034.0,24.719999313354492,24.219999313354492,24.219999313354492
02-09-2015,24.010000228881836,24.649999618530273,91492.0,24.889999389648438,24.6299991607666,24.6299991607666
03-09-2015,24.639999389648438,24.809999465942383,119997.0,25.170000076293945,24.729999542236328,24.729999542236328
04-09-2015,24.469999313354492,24.520000457763672,72851.0,25.209999084472656,24.829999923706055,24.829999923706055
08-09-2015,24.45009994506836,25.139999389648438,148299.0,25.25,24.920000076293945,24.920000076293945
09-09-2015,24.610000610351562,24.989999771118164,86739.0,25.170000076293945,24.65999984741211,24.65999984741211
10-09-2015,24.260000228881836,24.6200008392334,145697.0,24.690000534057617,24.59000015258789,24.59000015258789
11-09-2015,24.200000762939453,24.43000030517578,170179.0,24.545000076293945,24.489999771118164,24.489999771118164
14-09-2015,22.8799991607666,24.450000762939453,304472.0,24.47800064086914,23.5,23.5
15-09-2015,23.43000030517578,23.579999923706055,104770.0,23.799999237060547,23.639999389648438,23.639999389648438
16-09-2015,23.709999084472656,23.709999084472656,108349.0,24.329999923706055,23.979999542236328,23.979999542236328
17-09-2015,23.530000686645508,24.010000228881836,101867.0,24.010000228881836,23.65999984741211,23.65999984741211
18-09-2015,23.389999389648438,23.389999389648438,297054.0,24.260000228881836,23.59000015258789,23.59000015258789
21-09-2015,23.2450008392334,23.860000610351562,118715.0,24.019899368286133,23.540000915527344,23.540000915527344
22-09-2015,22.989999771118164,23.309999465942383,122620.0,23.5,23.09000015258789,23.09000015258789
23-09-2015,22.600000381469727,23.149999618530273,90166.0,23.40999984741211,22.790000915527344,22.790000915527344
24-09-2015,22.329999923706055,22.670000076293945,90016.0,23.06999969482422,22.979999542236328,22.979999542236328
25-09-2015,22.190000534057617,23.18000030517578,124949.0,23.34000015258789,22.56999969482422,22.56999969482422
28-09-2015,21.665000915527344,22.459999084472656,151651.0,22.540000915527344,21.799999237060547,21.799999237060547
29-09-2015,21.25,21.90999984741211,138958.0,21.90999984741211,21.420000076293945,21.420000076293945
30-09-2015,21.420000076293945,21.6200008392334,82288.0,22.100000381469727,21.959999084472656,21.959999084472656
01-10-2015,21.079999923706055,22.049999237060547,84809.0,22.049999237060547,21.56999969482422,21.56999969482422
02-10-2015,21.059999465942383,21.389999389648438,70879.0,21.709999084472656,21.68000030517578,21.68000030517578
05-10-2015,21.738000869750977,21.799999237060547,66807.0,22.1200008392334,21.989999771118164,21.989999771118164
06-10-2015,21.079999923706055,22.040000915527344,87730.0,22.06999969482422,21.299999237060547,21.299999237060547
07-10-2015,21.149999618530273,21.469999313354492,73854.0,21.679500579833984,21.34000015258789,21.34000015258789
08-10-2015,21.260000228881836,21.360000610351562,63400.0,21.700000762939453,21.6299991607666,21.6299991607666
09-10-2015,21.459999084472656,21.68000030517578,85809.0,22.010000228881836,21.950000762939453,21.950000762939453
12-10-2015,21.520000457763672,21.93000030517578,44727.0,22.049999237060547,21.65999984741211,21.65999984741211
13-10-2015,21.59000015258789,21.610000610351562,84638.0,22.170000076293945,22.010000228881836,22.010000228881836
14-10-2015,21.5,22.0,162746.0,22.149999618530273,21.899999618530273,21.899999618530273
15-10-2015,21.770000457763672,21.940000534057617,91632.0,22.079999923706055,22.06999969482422,22.06999969482422
16-10-2015,21.829999923706055,22.049999237060547,34055.0,22.34000015258789,22.100000381469727,22.100000381469727
19-10-2015,21.719999313354492,21.969999313354492,73521.0,22.299999237060547,22.010000228881836,22.010000228881836
20-10-2015,21.799999237060547,21.959999084472656,73410.0,22.280000686645508,22.239999771118164,22.239999771118164
21-10-2015,21.739999771118164,22.290000915527344,133605.0,22.559999465942383,21.8799991607666,21.8799991607666
22-10-2015,21.84000015258789,21.950000762939453,44928.0,22.450000762939453,22.25,22.25
23-10-2015,21.110000610351562,22.260000228881836,134958.0,22.260000228881836,21.209999084472656,21.209999084472656
26-10-2015,20.700000762939453,21.239999771118164,66217.0,21.3700008392334,21.299999237060547,21.299999237060547
27-10-2015,20.84000015258789,21.260000228881836,172929.0,21.439899444580078,20.90999984741211,20.90999984741211
28-10-2015,20.90999984741211,20.90999984741211,91418.0,21.90999984741211,21.790000915527344,21.790000915527344
29-10-2015,21.59000015258789,21.81999969482422,38375.0,21.959999084472656,21.68000030517578,21.68000030517578
30-10-2015,21.299999237060547,21.739999771118164,54970.0,21.940000534057617,21.469999313354492,21.469999313354492
02-11-2015,20.899999618530273,21.520000457763672,60741.0,21.65999984741211,21.43000030517578,21.43000030517578
03-11-2015,21.350000381469727,21.510000228881836,60143.0,22.09000015258789,21.90999984741211,21.90999984741211
04-11-2015,21.639999389648438,22.0,49311.0,22.040000915527344,21.829999923706055,21.829999923706055
05-11-2015,21.729999542236328,21.93000030517578,29183.0,22.1200008392334,21.850000381469727,21.850000381469727
06-11-2015,21.450000762939453,21.739999771118164,41317.0,21.979999542236328,21.6299991607666,21.6299991607666
09-11-2015,21.0,21.6299991607666,57044.0,21.6299991607666,21.229999542236328,21.229999542236328
10-11-2015,20.84000015258789,21.3700008392334,54748.0,21.450000762939453,21.309999465942383,21.309999465942383
11-11-2015,20.260000228881836,21.34000015258789,198105.0,21.34000015258789,20.510000228881836,20.510000228881836
12-11-2015,20.43000030517578,20.43000030517578,82466.0,21.020000457763672,20.579999923706055,20.579999923706055
13-11-2015,18.40999984741211,20.399999618530273,299730.0,20.399999618530273,18.579999923706055,18.579999923706055
16-11-2015,17.6299991607666,18.25,199894.0,18.520000457763672,17.68000030517578,17.68000030517578
17-11-2015,17.149999618530273,17.799999237060547,167622.0,17.80500030517578,17.75,17.75
18-11-2015,17.450000762939453,17.760000228881836,169865.0,18.106000900268555,17.790000915527344,17.790000915527344
19-11-2015,18.090099334716797,19.209999084472656,600452.0,21.190000534057617,20.56999969482422,20.56999969482422
20-11-2015,20.65999984741211,20.65999984741211,234373.0,21.040000915527344,20.889999389648438,20.889999389648438
23-11-2015,20.6200008392334,20.780000686645508,131780.0,21.209999084472656,20.84000015258789,20.84000015258789
24-11-2015,20.65999984741211,20.75,205560.0,21.290000915527344,20.959999084472656,20.959999084472656
25-11-2015,20.947999954223633,21.040000915527344,69869.0,21.68000030517578,21.399999618530273,21.399999618530273
27-11-2015,21.270000457763672,21.510000228881836,31948.0,21.65999984741211,21.549999237060547,21.549999237060547
30-11-2015,20.709999084472656,21.469999313354492,73194.0,21.469999313354492,20.739999771118164,20.739999771118164
01-12-2015,20.209999084472656,20.670000076293945,83955.0,20.809999465942383,20.489999771118164,20.489999771118164
02-12-2015,20.336999893188477,20.530000686645508,61624.0,20.790000915527344,20.389999389648438,20.389999389648438
03-12-2015,19.6200008392334,20.559999465942383,77807.0,20.559999465942383,19.90999984741211,19.90999984741211
04-12-2015,19.90999984741211,19.959999084472656,54459.0,20.260000228881836,20.139999389648438,20.139999389648438
07-12-2015,19.739999771118164,20.139999389648438,106419.0,20.139999389648438,19.950000762939453,19.950000762939453
08-12-2015,19.704999923706055,19.809999465942383,48462.0,20.21500015258789,19.90999984741211,19.90999984741211
09-12-2015,19.290000915527344,19.90999984741211,87370.0,20.469999313354492,19.530000686645508,19.530000686645508
10-12-2015,19.190000534057617,19.459999084472656,66856.0,19.719999313354492,19.450000762939453,19.450000762939453
11-12-2015,19.09000015258789,19.139999389648438,75503.0,19.450000762939453,19.25,19.25
14-12-2015,19.1200008392334,19.200000762939453,147447.0,19.4325008392334,19.290000915527344,19.290000915527344
15-12-2015,19.31999969482422,19.479999542236328,128005.0,19.829999923706055,19.559999465942383,19.559999465942383
16-12-2015,19.34000015258789,19.68000030517578,72423.0,19.829999923706055,19.469999313354492,19.469999313354492
17-12-2015,18.809999465942383,19.510000228881836,157291.0,19.559999465942383,19.299999237060547,19.299999237060547
18-12-2015,18.360000610351562,19.190000534057617,331111.0,19.299999237060547,18.729999542236328,18.729999542236328
21-12-2015,18.829999923706055,18.829999923706055,117007.0,19.18000030517578,19.15999984741211,19.15999984741211
22-12-2015,19.079999923706055,19.309999465942383,90992.0,19.3700008392334,19.299999237060547,19.299999237060547
23-12-2015,18.993000030517578,19.3799991607666,90201.0,19.540000915527344,19.030000686645508,19.030000686645508
24-12-2015,18.899999618530273,19.010000228881836,18691.0,19.25,19.149999618530273,19.149999618530273
28-12-2015,18.6200008392334,18.899999618530273,108750.0,19.09000015258789,18.959999084472656,18.959999084472656
29-12-2015,18.709999084472656,19.030000686645508,78261.0,19.270000457763672,18.959999084472656,18.959999084472656
30-12-2015,18.84000015258789,18.959999084472656,74864.0,19.149999618530273,18.8700008392334,18.8700008392334
31-12-2015,18.389999389648438,18.860000610351562,81612.0,19.05500030517578,18.420000076293945,18.420000076293945
04-01-2016,17.690000534057617,18.170000076293945,102573.0,18.219999313354492,18.18000030517578,18.18000030517578
05-01-2016,17.899999618530273,18.290000915527344,62055.0,18.350000381469727,17.979999542236328,17.979999542236328
06-01-2016,17.639999389648438,17.639999389648438,62826.0,18.110000610351562,18.030000686645508,18.030000686645508
07-01-2016,17.290000915527344,17.790000915527344,40420.0,17.915000915527344,17.350000381469727,17.350000381469727
08-01-2016,16.6200008392334,17.299999237060547,114364.0,17.309999465942383,16.780000686645508,16.780000686645508
11-01-2016,16.469999313354492,16.709999084472656,79995.0,16.90999984741211,16.809999465942383,16.809999465942383
12-01-2016,17.049999237060547,17.049999237060547,257637.0,17.93000030517578,17.75,17.75
13-01-2016,17.34000015258789,17.780000686645508,112603.0,18.540000915527344,17.440000534057617,17.440000534057617
14-01-2016,17.139999389648438,17.440000534057617,115726.0,18.110000610351562,17.899999618530273,17.899999618530273
15-01-2016,16.809999465942383,17.469999313354492,112425.0,18.0,17.6200008392334,17.6200008392334
19-01-2016,16.770000457763672,17.790000915527344,101744.0,17.96500015258789,16.809999465942383,16.809999465942383
20-01-2016,16.540000915527344,16.6200008392334,101826.0,17.739999771118164,17.6200008392334,17.6200008392334
21-01-2016,17.450000762939453,17.719999313354492,177529.0,18.360000610351562,18.059999465942383,18.059999465942383
22-01-2016,17.84000015258789,18.290000915527344,82157.0,18.510000228881836,17.989999771118164,17.989999771118164
25-01-2016,17.45009994506836,17.790000915527344,113959.0,18.149999618530273,17.530000686645508,17.530000686645508
26-01-2016,17.479999542236328,17.510000228881836,77481.0,18.040000915527344,17.940000534057617,17.940000534057617
27-01-2016,17.524999618530273,17.524999618530273,68904.0,18.06999969482422,17.709999084472656,17.709999084472656
28-01-2016,17.524999618530273,17.8700008392334,50333.0,18.299999237060547,18.200000762939453,18.200000762939453
29-01-2016,17.670000076293945,18.190000534057617,122656.0,19.079999923706055,19.010000228881836,19.010000228881836
01-02-2016,17.590099334716797,18.84000015258789,117733.0,19.56999969482422,19.219999313354492,19.219999313354492
02-02-2016,18.229999542236328,19.219999313354492,69030.0,19.24920082092285,18.260000228881836,18.260000228881836
03-02-2016,17.799999237060547,18.479999542236328,71832.0,19.159000396728516,18.329999923706055,18.329999923706055
04-02-2016,17.5,18.15999984741211,58727.0,18.299999237060547,17.59000015258789,17.59000015258789
05-02-2016,17.06999969482422,17.600000381469727,101049.0,17.770000457763672,17.329999923706055,17.329999923706055
08-02-2016,16.90999984741211,17.15999984741211,43938.0,17.3799991607666,17.280000686645508,17.280000686645508
09-02-2016,16.860000610351562,17.149999618530273,53825.0,17.280000686645508,16.90999984741211,16.90999984741211
10-02-2016,16.68199920654297,17.0,61652.0,17.95989990234375,16.809999465942383,16.809999465942383
11-02-2016,15.949999809265137,16.510000228881836,62128.0,16.639999389648438,16.09000015258789,16.09000015258789
12-02-2016,15.729999542236328,16.25,199683.0,17.719999313354492,17.649999618530273,17.649999618530273
16-02-2016,17.260000228881836,17.760000228881836,70207.0,17.799999237060547,17.40999984741211,17.40999984741211
17-02-2016,17.014999389648438,17.670000076293945,88440.0,18.09000015258789,17.84000015258789,17.84000015258789
18-02-2016,17.770000457763672,17.799999237060547,98135.0,18.34000015258789,18.34000015258789,18.34000015258789
19-02-2016,18.0,18.25,131838.0,19.0,18.90999984741211,18.90999984741211
22-02-2016,18.25,19.010000228881836,96169.0,19.329999923706055,18.280000686645508,18.280000686645508
23-02-2016,17.920000076293945,18.280000686645508,57933.0,18.43000030517578,17.959999084472656,17.959999084472656
24-02-2016,17.690000534057617,17.899999618530273,37350.0,18.530000686645508,18.479999542236328,18.479999542236328
25-02-2016,18.209999084472656,18.40999984741211,128866.0,18.84000015258789,18.639999389648438,18.639999389648438
26-02-2016,18.5,18.65999984741211,88732.0,19.075000762939453,18.68000030517578,18.68000030517578
29-02-2016,18.43000030517578,18.700000762939453,80527.0,18.8700008392334,18.469999313354492,18.469999313354492
01-03-2016,18.440000534057617,18.59000015258789,147812.0,19.200000762939453,19.15999984741211,19.15999984741211
02-03-2016,19.1200008392334,19.149999618530273,57870.0,19.549999237060547,19.510000228881836,19.510000228881836
03-03-2016,19.370100021362305,19.420000076293945,92053.0,19.899999618530273,19.850000381469727,19.850000381469727
04-03-2016,19.139999389648438,19.760000228881836,72819.0,19.915000915527344,19.690000534057617,19.690000534057617
07-03-2016,19.309999465942383,19.309999465942383,64544.0,19.917999267578125,19.719999313354492,19.719999313354492
08-03-2016,17.219999313354492,17.81999969482422,373660.0,18.799999237060547,18.010000228881836,18.010000228881836
09-03-2016,17.770000457763672,18.25,96144.0,18.5487003326416,18.25,18.25
10-03-2016,18.25,18.270000457763672,134834.0,18.579999923706055,18.56999969482422,18.56999969482422
11-03-2016,18.489999771118164,18.6299991607666,126134.0,20.079999923706055,19.5,19.5
14-03-2016,19.3799991607666,19.420000076293945,72621.0,19.760000228881836,19.469999313354492,19.469999313354492
15-03-2016,19.170000076293945,19.299999237060547,57392.0,19.700000762939453,19.190000534057617,19.190000534057617
16-03-2016,18.940000534057617,19.06999969482422,33485.0,19.31999969482422,19.139999389648438,19.139999389648438
17-03-2016,19.010000228881836,19.049999237060547,45188.0,19.459999084472656,19.25,19.25
18-03-2016,19.040000915527344,19.350000381469727,96844.0,19.399999618530273,19.190000534057617,19.190000534057617
21-03-2016,18.59000015258789,19.139999389648438,103470.0,19.639999389648438,19.06999969482422,19.06999969482422
22-03-2016,18.65999984741211,18.920000076293945,35141.0,19.230100631713867,18.709999084472656,18.709999084472656
23-03-2016,18.31999969482422,18.739999771118164,39877.0,18.739999771118164,18.360000610351562,18.360000610351562
24-03-2016,18.040000915527344,18.309999465942383,33803.0,18.579999923706055,18.56999969482422,18.56999969482422
28-03-2016,18.459999084472656,18.610000610351562,37737.0,18.899999618530273,18.549999237060547,18.549999237060547
29-03-2016,18.200000762939453,18.579999923706055,78615.0,19.450000762939453,19.34000015258789,19.34000015258789
30-03-2016,18.709999084472656,19.479999542236328,50109.0,19.479999542236328,18.940000534057617,18.940000534057617
31-03-2016,18.15999984741211,18.899999618530273,90741.0,19.200000762939453,18.40999984741211,18.40999984741211
01-04-2016,17.8799991607666,18.209999084472656,106011.0,18.860000610351562,18.829999923706055,18.829999923706055
04-04-2016,18.09000015258789,18.760000228881836,130808.0,19.0,18.170000076293945,18.170000076293945
05-04-2016,17.940000534057617,18.010000228881836,64155.0,18.489999771118164,18.059999465942383,18.059999465942383
06-04-2016,17.899999618530273,18.1299991607666,73471.0,18.450000762939453,18.40999984741211,18.40999984741211
07-04-2016,17.90999984741211,18.350000381469727,63508.0,18.389999389648438,18.079999923706055,18.079999923706055
08-04-2016,17.899999618530273,18.170000076293945,133127.0,18.43000030517578,18.079999923706055,18.079999923706055
11-04-2016,17.809999465942383,18.1200008392334,106412.0,18.420000076293945,17.84000015258789,17.84000015258789
12-04-2016,17.850000381469727,18.299999237060547,169819.0,18.71500015258789,18.010000228881836,18.010000228881836
13-04-2016,17.964000701904297,18.049999237060547,71116.0,18.5,18.450000762939453,18.450000762939453
14-04-2016,18.209999084472656,18.40999984741211,41497.0,18.479999542236328,18.3799991607666,18.3799991607666
15-04-2016,18.0049991607666,18.209999084472656,40412.0,18.6299991607666,18.420000076293945,18.420000076293945
18-04-2016,18.0,18.329999923706055,49515.0,18.649999618530273,18.59000015258789,18.59000015258789
19-04-2016,18.510000228881836,18.510000228881836,47098.0,18.950000762939453,18.559999465942383,18.559999465942383
20-04-2016,18.25,18.559999465942383,71726.0,19.149999618530273,18.8799991607666,18.8799991607666
21-04-2016,18.520000457763672,19.020000457763672,63402.0,19.25,19.100000381469727,19.100000381469727
22-04-2016,19.139999389648438,19.190000534057617,50397.0,19.489999771118164,19.25,19.25
25-04-2016,18.760000228881836,19.280000686645508,80204.0,19.280000686645508,19.209999084472656,19.209999084472656
26-04-2016,19.170000076293945,19.329999923706055,69182.0,19.75,19.6200008392334,19.6200008392334
27-04-2016,19.299999237060547,19.68000030517578,97795.0,19.729999542236328,19.579999923706055,19.579999923706055
28-04-2016,19.339000701904297,19.520000457763672,66062.0,19.799999237060547,19.3799991607666,19.3799991607666
29-04-2016,18.940000534057617,19.389999389648438,60605.0,19.420000076293945,19.049999237060547,19.049999237060547
02-05-2016,18.850000381469727,19.18000030517578,70163.0,19.450000762939453,19.420000076293945,19.420000076293945
03-05-2016,18.920000076293945,19.329999923706055,69249.0,19.540000915527344,19.149999618530273,19.149999618530273
04-05-2016,18.850000381469727,18.969999313354492,73923.0,19.5,18.969999313354492,18.969999313354492
05-05-2016,18.459999084472656,18.989999771118164,65315.0,18.989999771118164,18.5,18.5
06-05-2016,18.29800033569336,18.5,130603.0,18.940000534057617,18.6200008392334,18.6200008392334
09-05-2016,18.56999969482422,18.649999618530273,63297.0,19.049999237060547,18.770000457763672,18.770000457763672
10-05-2016,18.565000534057617,18.780000686645508,61283.0,19.1200008392334,18.690000534057617,18.690000534057617
11-05-2016,16.799999237060547,18.510000228881836,169196.0,18.700000762939453,16.950000762939453,16.950000762939453
12-05-2016,16.600000381469727,17.06999969482422,99314.0,17.311599731445312,16.850000381469727,16.850000381469727
13-05-2016,16.419599533081055,16.75,70127.0,16.950000762939453,16.459999084472656,16.459999084472656
16-05-2016,16.31999969482422,16.3799991607666,74297.0,16.719999313354492,16.389999389648438,16.389999389648438
17-05-2016,16.239999771118164,16.350000381469727,106595.0,16.950000762939453,16.540000915527344,16.540000915527344
18-05-2016,16.25,16.5,105953.0,16.790000915527344,16.450000762939453,16.450000762939453
19-05-2016,17.954999923706055,18.18000030517578,471369.0,19.479999542236328,18.610000610351562,18.610000610351562
20-05-2016,18.674999237060547,18.780000686645508,147988.0,19.299999237060547,19.270000457763672,19.270000457763672
23-05-2016,19.170000076293945,19.34000015258789,144765.0,19.950000762939453,19.270000457763672,19.270000457763672
24-05-2016,19.059999465942383,19.34000015258789,95857.0,19.68000030517578,19.68000030517578,19.68000030517578
25-05-2016,19.3700008392334,19.799999237060547,62353.0,19.989999771118164,19.709999084472656,19.709999084472656
26-05-2016,19.479999542236328,19.690000534057617,45203.0,19.969999313354492,19.489999771118164,19.489999771118164
27-05-2016,19.56999969482422,19.56999969482422,57318.0,19.979999542236328,19.690000534057617,19.690000534057617
31-05-2016,19.280000686645508,19.6299991607666,63732.0,19.670000076293945,19.360000610351562,19.360000610351562
01-06-2016,19.540000915527344,19.549999237060547,124630.0,20.6299991607666,20.40999984741211,20.40999984741211
02-06-2016,20.280000686645508,20.3700008392334,133360.0,20.860000610351562,20.739999771118164,20.739999771118164
03-06-2016,20.389999389648438,20.709999084472656,98808.0,21.0,20.809999465942383,20.809999465942383
06-06-2016,20.70009994506836,20.799999237060547,63073.0,21.149999618530273,20.8799991607666,20.8799991607666
07-06-2016,20.520000457763672,20.739999771118164,63697.0,20.920000076293945,20.610000610351562,20.610000610351562
08-06-2016,20.350000381469727,20.610000610351562,50215.0,20.969999313354492,20.84000015258789,20.84000015258789
09-06-2016,20.350000381469727,20.829999923706055,62867.0,20.829999923706055,20.690000534057617,20.690000534057617
10-06-2016,20.139999389648438,20.270000457763672,61880.0,20.510000228881836,20.219999313354492,20.219999313354492
13-06-2016,19.88599967956543,19.93000030517578,64837.0,20.399999618530273,20.06999969482422,20.06999969482422
14-06-2016,19.600000381469727,20.010000228881836,64757.0,20.184999465942383,19.959999084472656,19.959999084472656
15-06-2016,19.899999618530273,19.899999618530273,81715.0,20.989999771118164,20.520000457763672,20.520000457763672
16-06-2016,19.809999465942383,20.43000030517578,70764.0,20.520000457763672,20.139999389648438,20.139999389648438
17-06-2016,20.1299991607666,20.18000030517578,136378.0,20.579999923706055,20.34000015258789,20.34000015258789
20-06-2016,20.610000610351562,20.68000030517578,62591.0,21.31999969482422,20.81999969482422,20.81999969482422
21-06-2016,20.520000457763672,21.270000457763672,52065.0,21.489999771118164,20.809999465942383,20.809999465942383
22-06-2016,20.40999984741211,20.8700008392334,47351.0,20.889999389648438,20.440000534057617,20.440000534057617
23-06-2016,20.549999237060547,20.709999084472656,31956.0,20.950000762939453,20.760000228881836,20.760000228881836
24-06-2016,19.469999313354492,19.989999771118164,151450.0,20.040000915527344,19.920000076293945,19.920000076293945
27-06-2016,18.75,19.59000015258789,82328.0,19.6299991607666,19.170000076293945,19.170000076293945
28-06-2016,19.100000381469727,19.299999237060547,59302.0,19.610000610351562,19.3799991607666,19.3799991607666
29-06-2016,19.59000015258789,19.59000015258789,66590.0,20.329999923706055,20.270000457763672,20.270000457763672
30-06-2016,19.6200008392334,20.309999465942383,49880.0,20.309999465942383,20.1200008392334,20.1200008392334
01-07-2016,19.700000762939453,20.100000381469727,70234.0,20.510000228881836,19.989999771118164,19.989999771118164
05-07-2016,18.920000076293945,19.829999923706055,72232.0,20.209999084472656,19.139999389648438,19.139999389648438
06-07-2016,18.969999313354492,19.149999618530273,139842.0,20.079999923706055,19.889999389648438,19.889999389648438
07-07-2016,19.854999542236328,20.010000228881836,76945.0,20.479999542236328,20.43000030517578,20.43000030517578
08-07-2016,20.329999923706055,20.56999969482422,126543.0,21.25,20.469999313354492,20.469999313354492
11-07-2016,20.6299991607666,20.670000076293945,52009.0,20.979999542236328,20.920000076293945,20.920000076293945
12-07-2016,20.989999771118164,20.989999771118164,139041.0,22.030000686645508,21.799999237060547,21.799999237060547
13-07-2016,21.649999618530273,21.829999923706055,109974.0,22.170000076293945,22.020000457763672,22.020000457763672
14-07-2016,21.719999313354492,22.1299991607666,132716.0,22.709999084472656,21.969999313354492,21.969999313354492
15-07-2016,21.679899215698242,22.040000915527344,91897.0,22.264999389648438,21.969999313354492,21.969999313354492
18-07-2016,21.698200225830078,21.8799991607666,113925.0,22.389999389648438,21.969999313354492,21.969999313354492
19-07-2016,21.59000015258789,21.959999084472656,30906.0,22.079999923706055,21.90999984741211,21.90999984741211
20-07-2016,21.737600326538086,21.90999984741211,93281.0,22.399999618530273,22.040000915527344,22.040000915527344
21-07-2016,21.93000030517578,22.100000381469727,57004.0,22.43000030517578,21.979999542236328,21.979999542236328
22-07-2016,21.464399337768555,21.899999618530273,50646.0,22.209999084472656,21.969999313354492,21.969999313354492
25-07-2016,21.56999969482422,21.959999084472656,77324.0,22.165000915527344,22.010000228881836,22.010000228881836
26-07-2016,21.6200008392334,22.09000015258789,55394.0,22.09000015258789,21.829999923706055,21.829999923706055
27-07-2016,21.270000457763672,21.790000915527344,51199.0,21.969999313354492,21.559999465942383,21.559999465942383
28-07-2016,21.219999313354492,21.530000686645508,33363.0,21.59000015258789,21.469999313354492,21.469999313354492
29-07-2016,21.06999969482422,21.489999771118164,65445.0,21.540000915527344,21.420000076293945,21.420000076293945
01-08-2016,21.149999618530273,21.420000076293945,82041.0,21.530000686645508,21.360000610351562,21.360000610351562
02-08-2016,20.510000228881836,21.329999923706055,56577.0,21.329999923706055,20.540000915527344,20.540000915527344
03-08-2016,20.3700008392334,20.43000030517578,59922.0,20.850000381469727,20.81999969482422,20.81999969482422
04-08-2016,20.56999969482422,20.611000061035156,43059.0,21.06999969482422,20.610000610351562,20.610000610351562
05-08-2016,20.3799991607666,20.809999465942383,125910.0,21.43000030517578,21.1299991607666,21.1299991607666
08-08-2016,20.84000015258789,20.969999313354492,76146.0,21.479999542236328,20.989999771118164,20.989999771118164
09-08-2016,20.479999542236328,20.979999542236328,59289.0,21.040000915527344,20.5,20.5
10-08-2016,20.510000228881836,20.510000228881836,45005.0,21.15999984741211,20.940000534057617,20.940000534057617
11-08-2016,21.079999923706055,21.100000381469727,83840.0,21.5,21.239999771118164,21.239999771118164
12-08-2016,20.809999465942383,21.170000076293945,42140.0,21.40999984741211,21.260000228881836,21.260000228881836
15-08-2016,21.31999969482422,21.43000030517578,60513.0,21.729999542236328,21.469999313354492,21.469999313354492
16-08-2016,21.200000762939453,21.43000030517578,103127.0,21.649900436401367,21.420000076293945,21.420000076293945
17-08-2016,21.170000076293945,21.299999237060547,130508.0,21.520000457763672,21.260000228881836,21.260000228881836
18-08-2016,18.809999465942383,20.030000686645508,361089.0,20.520000457763672,19.09000015258789,19.09000015258789
19-08-2016,18.6200008392334,19.0,157344.0,19.052499771118164,18.940000534057617,18.940000534057617
22-08-2016,18.100000381469727,18.829999923706055,141878.0,18.829999923706055,18.280000686645508,18.280000686645508
23-08-2016,18.059999465942383,18.329999923706055,116211.0,18.899999618530273,18.700000762939453,18.700000762939453
24-08-2016,18.440000534057617,18.649999618530273,80056.0,19.049999237060547,18.729999542236328,18.729999542236328
25-08-2016,18.520000457763672,18.649999618530273,117852.0,18.790000915527344,18.610000610351562,18.610000610351562
26-08-2016,18.549999237060547,18.56999969482422,118572.0,19.06999969482422,18.8700008392334,18.8700008392334
29-08-2016,18.559999465942383,18.850000381469727,81370.0,19.06999969482422,18.940000534057617,18.940000534057617
30-08-2016,18.700000762939453,18.8700008392334,92264.0,18.920000076293945,18.8799991607666,18.8799991607666
31-08-2016,18.56999969482422,18.889999389648438,99554.0,19.09000015258789,18.639999389648438,18.639999389648438
01-09-2016,18.399999618530273,18.600000381469727,49258.0,18.75,18.75,18.75
02-09-2016,18.610000610351562,18.68000030517578,45412.0,18.959999084472656,18.850000381469727,18.850000381469727
06-09-2016,18.860000610351562,18.920000076293945,81730.0,19.190000534057617,19.1200008392334,19.1200008392334
07-09-2016,19.049999237060547,19.079999923706055,105377.0,19.93000030517578,19.8700008392334,19.8700008392334
08-09-2016,19.549999237060547,19.770000457763672,81061.0,20.040000915527344,19.780000686645508,19.780000686645508
09-09-2016,19.399999618530273,19.549999237060547,74239.0,19.774999618530273,19.559999465942383,19.559999465942383
12-09-2016,19.229999542236328,19.420000076293945,102045.0,19.700000762939453,19.690000534057617,19.690000534057617
13-09-2016,19.200000762939453,19.520000457763672,116742.0,19.729999542236328,19.690000534057617,19.690000534057617
14-09-2016,19.475000381469727,19.670000076293945,88038.0,19.859899520874023,19.579999923706055,19.579999923706055
15-09-2016,19.34000015258789,19.56999969482422,99203.0,20.020000457763672,19.889999389648438,19.889999389648438
16-09-2016,19.360000610351562,19.889999389648438,141031.0,19.889999389648438,19.469999313354492,19.469999313354492
19-09-2016,19.440000534057617,19.5,71445.0,19.8700008392334,19.610000610351562,19.610000610351562
20-09-2016,19.520000457763672,19.770000457763672,50673.0,19.920000076293945,19.530000686645508,19.530000686645508
21-09-2016,19.540000915527344,19.540000915527344,79775.0,19.860000610351562,19.799999237060547,19.799999237060547
22-09-2016,19.959999084472656,20.0,68377.0,20.270000457763672,20.09000015258789,20.09000015258789
23-09-2016,19.889999389648438,19.969999313354492,45173.0,20.200000762939453,20.030000686645508,20.030000686645508
26-09-2016,19.399999618530273,19.84000015258789,46441.0,19.84000015258789,19.399999618530273,19.399999618530273
27-09-2016,19.135000228881836,19.399999618530273,47657.0,19.604999542236328,19.479999542236328,19.479999542236328
28-09-2016,19.200000762939453,19.43000030517578,52033.0,19.6200008392334,19.420000076293945,19.420000076293945
29-09-2016,19.020000457763672,19.440000534057617,26793.0,19.520000457763672,19.030000686645508,19.030000686645508
30-09-2016,19.149999618530273,19.18000030517578,47821.0,19.3799991607666,19.280000686645508,19.280000686645508
03-10-2016,18.969999313354492,19.06999969482422,41661.0,19.270000457763672,19.219999313354492,19.219999313354492
04-10-2016,18.920000076293945,19.270000457763672,89983.0,19.440000534057617,18.989999771118164,18.989999771118164
05-10-2016,18.959999084472656,19.110000610351562,109726.0,19.399999618530273,19.040000915527344,19.040000915527344
06-10-2016,18.90999984741211,19.100000381469727,26316.0,19.31999969482422,19.229999542236328,19.229999542236328
07-10-2016,19.065000534057617,19.200000762939453,31976.0,19.299999237060547,19.270000457763672,19.270000457763672
10-10-2016,19.36400032043457,19.40999984741211,47142.0,19.790000915527344,19.65999984741211,19.65999984741211
11-10-2016,19.079999923706055,19.649999618530273,50169.0,19.729999542236328,19.1299991607666,19.1299991607666
12-10-2016,18.920000076293945,19.1200008392334,63645.0,19.440000534057617,19.209999084472656,19.209999084472656
13-10-2016,18.84000015258789,19.110000610351562,29669.0,19.110000610351562,18.920000076293945,18.920000076293945
14-10-2016,18.790000915527344,19.059999465942383,75877.0,19.350000381469727,18.989999771118164,18.989999771118164
17-10-2016,18.75,19.0,40053.0,19.260000228881836,18.780000686645508,18.780000686645508
18-10-2016,18.670000076293945,18.799999237060547,40647.0,19.15999984741211,18.950000762939453,18.950000762939453
19-10-2016,18.770000457763672,18.899999618530273,73838.0,19.010000228881836,19.0,19.0
20-10-2016,18.719999313354492,19.0,45175.0,19.170000076293945,18.75,18.75
21-10-2016,18.328500747680664,18.540000915527344,33487.0,18.649999618530273,18.579999923706055,18.579999923706055
24-10-2016,18.639999389648438,18.65999984741211,48281.0,19.1200008392334,18.899999618530273,18.899999618530273
25-10-2016,18.6200008392334,18.690000534057617,69569.0,19.09000015258789,18.889999389648438,18.889999389648438
26-10-2016,18.3799991607666,18.84000015258789,49989.0,18.93000030517578,18.43000030517578,18.43000030517578
27-10-2016,18.350000381469727,18.469999313354492,46252.0,18.90999984741211,18.59000015258789,18.59000015258789
28-10-2016,18.440000534057617,18.6299991607666,26115.0,19.040000915527344,18.610000610351562,18.610000610351562
31-10-2016,18.309999465942383,18.670000076293945,54232.0,18.670000076293945,18.59000015258789,18.59000015258789
01-11-2016,18.5,18.59000015258789,33284.0,18.8799991607666,18.6200008392334,18.6200008392334
02-11-2016,18.3799991607666,18.510000228881836,73211.0,18.729999542236328,18.40999984741211,18.40999984741211
03-11-2016,18.219999313354492,18.450000762939453,41567.0,18.607500076293945,18.270000457763672,18.270000457763672
04-11-2016,18.219999313354492,18.25,57705.0,18.575000762939453,18.270000457763672,18.270000457763672
07-11-2016,18.43000030517578,18.610000610351562,47542.0,18.989999771118164,18.959999084472656,18.959999084472656
08-11-2016,18.719999313354492,18.860000610351562,58400.0,19.030000686645508,18.8700008392334,18.8700008392334
09-11-2016,17.139999389648438,18.760000228881836,60830.0,19.28499984741211,19.200000762939453,19.200000762939453
10-11-2016,19.364999771118164,19.440000534057617,94772.0,20.270000457763672,20.219999313354492,20.219999313354492
11-11-2016,19.700000762939453,20.25,111725.0,21.280000686645508,21.18000030517578,21.18000030517578
14-11-2016,21.229999542236328,21.299999237060547,94624.0,22.010000228881836,21.25,21.25
15-11-2016,21.125,21.309999465942383,78463.0,21.979999542236328,21.790000915527344,21.790000915527344
16-11-2016,21.309999465942383,21.649999618530273,98160.0,22.019899368286133,21.850000381469727,21.850000381469727
17-11-2016,22.350000381469727,22.700000762939453,267657.0,24.40999984741211,24.40999984741211,24.40999984741211
18-11-2016,23.600000381469727,24.420000076293945,125764.0,24.625,23.899999618530273,23.899999618530273
21-11-2016,23.950000762939453,24.0,175375.0,24.829999923706055,24.200000762939453,24.200000762939453
22-11-2016,24.25,24.469999313354492,148162.0,25.75,25.700000762939453,25.700000762939453
23-11-2016,23.729999542236328,25.3799991607666,111367.0,25.68000030517578,25.530000686645508,25.530000686645508
25-11-2016,25.450000762939453,25.68000030517578,20977.0,25.739999771118164,25.579999923706055,25.579999923706055
28-11-2016,25.399999618530273,25.600000381469727,95356.0,25.959999084472656,25.6299991607666,25.6299991607666
29-11-2016,25.56999969482422,25.829999923706055,139752.0,26.280000686645508,26.139999389648438,26.139999389648438
30-11-2016,25.350000381469727,26.200000762939453,99056.0,26.200000762939453,25.520000457763672,25.520000457763672
01-12-2016,25.091999053955078,25.440000534057617,70324.0,26.200000762939453,25.59000015258789,25.59000015258789
02-12-2016,25.329999923706055,25.489999771118164,61556.0,25.75,25.479999542236328,25.479999542236328
05-12-2016,25.3799991607666,25.3799991607666,104280.0,26.56999969482422,26.549999237060547,26.549999237060547
06-12-2016,25.884000778198242,26.649999618530273,119229.0,27.079999923706055,26.780000686645508,26.780000686645508
07-12-2016,26.530000686645508,26.600000381469727,166327.0,27.165000915527344,26.8799991607666,26.8799991607666
08-12-2016,27.149999618530273,27.149999618530273,284422.0,28.5,28.31999969482422,28.31999969482422
09-12-2016,27.950000762939453,28.110000610351562,143019.0,28.950000762939453,28.799999237060547,28.799999237060547
12-12-2016,27.149999618530273,28.93000030517578,337401.0,29.0,27.530000686645508,27.530000686645508
13-12-2016,26.75,27.639999389648438,131769.0,27.725000381469727,27.579999923706055,27.579999923706055
14-12-2016,26.459999084472656,27.600000381469727,105884.0,27.780000686645508,26.59000015258789,26.59000015258789
15-12-2016,26.020000457763672,26.610000610351562,131772.0,26.899999618530273,26.290000915527344,26.290000915527344
16-12-2016,25.740999221801758,26.290000915527344,217515.0,26.540000915527344,26.030000686645508,26.030000686645508
19-12-2016,25.389999389648438,26.0,149010.0,26.170000076293945,25.5,25.5
20-12-2016,25.22100067138672,25.489999771118164,180116.0,26.06999969482422,26.0,26.0
21-12-2016,25.209999084472656,26.030000686645508,80833.0,26.030000686645508,25.579999923706055,25.579999923706055
22-12-2016,24.8799991607666,25.670000076293945,83539.0,25.670000076293945,25.239999771118164,25.239999771118164
23-12-2016,24.700000762939453,25.15999984741211,67860.0,25.75,24.969999313354492,24.969999313354492
27-12-2016,24.760099411010742,24.969999313354492,52645.0,25.239999771118164,24.950000762939453,24.950000762939453
28-12-2016,24.65999984741211,24.989999771118164,86469.0,25.25,25.18000030517578,25.18000030517578
29-12-2016,24.90999984741211,25.200000762939453,133748.0,25.670000076293945,25.299999237060547,25.299999237060547
30-12-2016,24.739999771118164,25.15999984741211,65163.0,25.219999313354492,24.90999984741211,24.90999984741211
03-01-2017,24.5,25.15999984741211,92762.0,25.389999389648438,25.149999618530273,25.149999618530273
04-01-2017,25.200000762939453,25.200000762939453,70241.0,25.739999771118164,25.469999313354492,25.469999313354492
05-01-2017,24.135000228881836,25.170000076293945,84223.0,25.290000915527344,24.56999969482422,24.56999969482422
06-01-2017,24.0,24.690000534057617,43912.0,24.690000534057617,24.020000457763672,24.020000457763672
09-01-2017,23.59000015258789,24.0,51786.0,24.010000228881836,23.75,23.75
10-01-2017,23.549999237060547,23.68000030517578,104548.0,24.510000228881836,23.790000915527344,23.790000915527344
11-01-2017,23.6299991607666,23.860000610351562,97684.0,24.670000076293945,24.56999969482422,24.56999969482422
12-01-2017,23.954999923706055,24.639999389648438,106600.0,24.860000610351562,24.399999618530273,24.399999618530273
13-01-2017,24.540000915527344,24.540000915527344,48301.0,24.825000762939453,24.770000457763672,24.770000457763672
17-01-2017,24.204200744628906,24.719999313354492,60685.0,25.190000534057617,24.559999465942383,24.559999465942383
18-01-2017,23.65999984741211,24.760000228881836,73188.0,24.760000228881836,24.280000686645508,24.280000686645508
19-01-2017,23.299999237060547,24.229999542236328,75027.0,24.260000228881836,23.489999771118164,23.489999771118164
20-01-2017,23.299999237060547,23.479999542236328,111990.0,23.635000228881836,23.389999389648438,23.389999389648438
23-01-2017,22.940000534057617,23.5,86080.0,23.84000015258789,23.760000228881836,23.760000228881836
24-01-2017,23.59000015258789,23.860000610351562,60589.0,24.139999389648438,24.040000915527344,24.040000915527344
25-01-2017,24.155000686645508,24.280000686645508,49115.0,24.989999771118164,24.510000228881836,24.510000228881836
26-01-2017,23.954999923706055,24.459999084472656,76448.0,24.719999313354492,24.149999618530273,24.149999618530273
27-01-2017,23.44499969482422,24.100000381469727,64895.0,24.100000381469727,23.5,23.5
30-01-2017,22.763999938964844,23.3700008392334,108176.0,23.510000228881836,23.209999084472656,23.209999084472656
31-01-2017,22.8700008392334,22.899999618530273,89225.0,23.68000030517578,23.59000015258789,23.59000015258789
01-02-2017,23.010000228881836,23.709999084472656,71493.0,23.920000076293945,23.139999389648438,23.139999389648438
02-02-2017,22.875,23.1200008392334,130019.0,23.799999237060547,23.56999969482422,23.56999969482422
03-02-2017,22.56999969482422,23.639999389648438,138512.0,23.639999389648438,22.65999984741211,22.65999984741211
06-02-2017,22.579999923706055,22.600000381469727,74925.0,23.014999389648438,22.729999542236328,22.729999542236328
07-02-2017,21.770000457763672,22.940000534057617,101457.0,22.940000534057617,21.829999923706055,21.829999923706055
08-02-2017,21.770000457763672,22.0,90218.0,22.329999923706055,22.049999237060547,22.049999237060547
09-02-2017,22.270000457763672,22.329999923706055,109164.0,22.780000686645508,22.68000030517578,22.68000030517578
10-02-2017,22.889999389648438,22.90999984741211,60562.0,23.5,23.450000762939453,23.450000762939453
13-02-2017,22.110000610351562,23.540000915527344,111374.0,23.700000762939453,22.209999084472656,22.209999084472656
14-02-2017,22.225000381469727,22.239999771118164,79883.0,23.020000457763672,22.579999923706055,22.579999923706055
15-02-2017,22.049999237060547,22.4950008392334,81422.0,22.59000015258789,22.280000686645508,22.280000686645508
16-02-2017,22.079999923706055,22.34000015258789,97257.0,23.139999389648438,22.329999923706055,22.329999923706055
17-02-2017,22.149999618530273,22.350000381469727,115252.0,22.950000762939453,22.93000030517578,22.93000030517578
21-02-2017,22.610000610351562,23.1299991607666,74318.0,23.239999771118164,22.780000686645508,22.780000686645508
22-02-2017,22.710100173950195,22.860000610351562,67728.0,23.270000457763672,23.229999542236328,23.229999542236328
23-02-2017,22.610000610351562,23.350000381469727,45116.0,23.549999237060547,22.670000076293945,22.670000076293945
24-02-2017,22.469999313354492,22.510000228881836,116048.0,23.5,23.479999542236328,23.479999542236328
27-02-2017,23.20009994506836,23.5,93549.0,23.729999542236328,23.610000610351562,23.610000610351562
28-02-2017,22.809999465942383,23.3700008392334,155879.0,23.399999618530273,23.290000915527344,23.290000915527344
01-03-2017,23.3700008392334,23.579999923706055,149419.0,24.100000381469727,23.829999923706055,23.829999923706055
02-03-2017,23.309999465942383,23.790000915527344,38089.0,23.93000030517578,23.350000381469727,23.350000381469727
03-03-2017,22.7549991607666,23.40999984741211,56209.0,23.989999771118164,23.010000228881836,23.010000228881836
06-03-2017,22.139999389648438,22.8799991607666,91680.0,22.8799991607666,22.399999618530273,22.399999618530273
07-03-2017,22.190000534057617,22.309999465942383,82602.0,22.79990005493164,22.700000762939453,22.700000762939453
08-03-2017,22.264999389648438,22.899999618530273,48298.0,23.06999969482422,22.93000030517578,22.93000030517578
09-03-2017,22.1200008392334,22.950000762939453,65106.0,22.950000762939453,22.25,22.25
10-03-2017,22.15999984741211,22.420000076293945,61904.0,22.829999923706055,22.6200008392334,22.6200008392334
13-03-2017,21.924999237060547,22.479999542236328,61981.0,22.700000762939453,22.020000457763672,22.020000457763672
14-03-2017,22.0,22.030000686645508,35599.0,22.260000228881836,22.170000076293945,22.170000076293945
15-03-2017,22.15999984741211,22.34000015258789,59097.0,22.920000076293945,22.850000381469727,22.850000381469727
16-03-2017,22.969999313354492,22.969999313354492,101151.0,23.59000015258789,23.290000915527344,23.290000915527344
17-03-2017,23.309999465942383,23.309999465942383,156618.0,24.0,23.920000076293945,23.920000076293945
20-03-2017,22.700000762939453,23.920000076293945,265268.0,23.920000076293945,23.40999984741211,23.40999984741211
21-03-2017,22.5,23.479999542236328,208467.0,23.479999542236328,22.81999969482422,22.81999969482422
22-03-2017,20.920000076293945,22.219999313354492,343042.0,23.04949951171875,21.239999771118164,21.239999771118164
23-03-2017,20.729999542236328,21.25,174493.0,22.3799991607666,21.229999542236328,21.229999542236328
24-03-2017,20.709999084472656,21.389999389648438,151550.0,21.5,20.989999771118164,20.989999771118164
27-03-2017,20.650100708007812,20.739999771118164,120516.0,20.9950008392334,20.8799991607666,20.8799991607666
28-03-2017,20.459999084472656,20.459999084472656,190597.0,21.1200008392334,20.950000762939453,20.950000762939453
29-03-2017,20.940000534057617,20.940000534057617,170432.0,21.709999084472656,21.31999969482422,21.31999969482422
30-03-2017,21.209999084472656,21.3799991607666,76737.0,21.809999465942383,21.760000228881836,21.760000228881836
31-03-2017,21.3799991607666,21.81999969482422,72959.0,21.8700008392334,21.479999542236328,21.479999542236328
03-04-2017,20.799999237060547,21.549999237060547,87860.0,21.59000015258789,20.850000381469727,20.850000381469727
04-04-2017,20.350000381469727,20.829999923706055,104239.0,20.920000076293945,20.559999465942383,20.559999465942383
05-04-2017,20.006999969482422,20.670000076293945,112749.0,20.8799991607666,20.25,20.25
06-04-2017,20.25,20.25,62068.0,20.579999923706055,20.530000686645508,20.530000686645508
07-04-2017,20.121599197387695,20.43000030517578,74638.0,20.600000381469727,20.299999237060547,20.299999237060547
10-04-2017,20.18000030517578,20.229999542236328,88994.0,20.809999465942383,20.3799991607666,20.3799991607666
11-04-2017,20.110000610351562,20.309999465942383,102521.0,20.469999313354492,20.3700008392334,20.3700008392334
12-04-2017,20.020000457763672,20.31999969482422,162406.0,20.440000534057617,20.360000610351562,20.360000610351562
13-04-2017,20.030000686645508,20.299999237060547,88366.0,20.530000686645508,20.1299991607666,20.1299991607666
17-04-2017,19.71500015258789,20.15999984741211,188796.0,20.5,20.420000076293945,20.420000076293945
18-04-2017,20.09000015258789,20.31999969482422,224616.0,20.81999969482422,20.389999389648438,20.389999389648438
19-04-2017,20.280000686645508,20.420000076293945,156144.0,20.979999542236328,20.860000610351562,20.860000610351562
20-04-2017,20.959999084472656,21.0,252089.0,22.350000381469727,22.239999771118164,22.239999771118164
21-04-2017,21.200000762939453,22.31999969482422,80490.0,22.31999969482422,21.25,21.25
24-04-2017,21.06999969482422,21.709999084472656,88770.0,21.81999969482422,21.239999771118164,21.239999771118164
25-04-2017,21.059999465942383,21.450000762939453,74603.0,21.670000076293945,21.229999542236328,21.229999542236328
26-04-2017,21.190000534057617,21.219999313354492,83979.0,21.75,21.34000015258789,21.34000015258789
27-04-2017,21.040000915527344,21.389999389648438,79624.0,21.469999313354492,21.450000762939453,21.450000762939453
28-04-2017,20.31999969482422,21.389999389648438,139019.0,21.389999389648438,20.520000457763672,20.520000457763672
01-05-2017,19.93000030517578,20.700000762939453,100669.0,20.700000762939453,20.079999923706055,20.079999923706055
02-05-2017,19.959999084472656,20.25,64385.0,20.549999237060547,20.469999313354492,20.469999313354492
03-05-2017,19.959999084472656,20.3799991607666,37658.0,20.43000030517578,20.040000915527344,20.040000915527344
04-05-2017,20.020000457763672,20.059999465942383,49524.0,20.450000762939453,20.34000015258789,20.34000015258789
05-05-2017,19.989999771118164,20.389999389648438,56869.0,20.469999313354492,20.09000015258789,20.09000015258789
08-05-2017,20.06999969482422,20.200000762939453,80871.0,20.59000015258789,20.440000534057617,20.440000534057617
09-05-2017,20.280000686645508,20.479999542236328,207148.0,21.239999771118164,20.649999618530273,20.649999618530273
10-05-2017,20.190000534057617,20.5,63024.0,20.594999313354492,20.549999237060547,20.549999237060547
11-05-2017,19.594999313354492,20.299999237060547,61769.0,20.299999237060547,20.18000030517578,20.18000030517578
12-05-2017,18.8700008392334,20.1299991607666,156544.0,20.1299991607666,18.899999618530273,18.899999618530273
15-05-2017,18.899999618530273,18.920000076293945,172163.0,19.719999313354492,19.690000534057617,19.690000534057617
16-05-2017,18.56999969482422,19.610000610351562,158923.0,19.610000610351562,18.739999771118164,18.739999771118164
17-05-2017,17.8700008392334,18.420000076293945,117196.0,18.5,18.1200008392334,18.1200008392334
18-05-2017,18.799999237060547,19.049999237060547,333872.0,20.350000381469727,19.649999618530273,19.649999618530273
19-05-2017,18.350000381469727,19.34000015258789,177513.0,19.46969985961914,18.65999984741211,18.65999984741211
22-05-2017,18.299999237060547,18.700000762939453,112736.0,18.940000534057617,18.649999618530273,18.649999618530273
23-05-2017,18.09000015258789,18.739999771118164,80368.0,18.739999771118164,18.190000534057617,18.190000534057617
24-05-2017,17.790000915527344,18.170000076293945,101731.0,18.674999237060547,18.354999542236328,18.354999542236328
25-05-2017,18.389999389648438,18.549999237060547,82520.0,19.0,18.950000762939453,18.950000762939453
26-05-2017,18.690000534057617,18.90999984741211,59743.0,19.030000686645508,18.84000015258789,18.84000015258789
30-05-2017,18.663999557495117,18.790000915527344,51973.0,19.0,18.760000228881836,18.760000228881836
31-05-2017,18.209999084472656,18.889999389648438,105186.0,18.889999389648438,18.34000015258789,18.34000015258789
01-06-2017,18.149999618530273,18.43000030517578,68451.0,18.889999389648438,18.75,18.75
02-06-2017,18.770999908447266,18.940000534057617,63026.0,19.25,18.84000015258789,18.84000015258789
05-06-2017,18.56999969482422,18.84000015258789,65384.0,19.280000686645508,18.80500030517578,18.80500030517578
06-06-2017,18.559999465942383,18.690000534057617,79307.0,19.239999771118164,19.079999923706055,19.079999923706055
07-06-2017,18.740999221801758,19.09000015258789,89242.0,19.1299991607666,18.959999084472656,18.959999084472656
08-06-2017,18.860000610351562,19.049999237060547,66996.0,19.459999084472656,19.040000915527344,19.040000915527344
09-06-2017,18.84000015258789,18.969999313354492,122016.0,19.5,19.200000762939453,19.200000762939453
12-06-2017,19.15999984741211,19.209999084472656,50415.0,19.81999969482422,19.229999542236328,19.229999542236328
13-06-2017,18.899999618530273,19.260000228881836,42509.0,19.421499252319336,18.969999313354492,18.969999313354492
14-06-2017,18.540000915527344,18.979999542236328,49424.0,19.1299991607666,18.600000381469727,18.600000381469727
15-06-2017,18.389999389648438,18.5,43669.0,19.06999969482422,19.049999237060547,19.049999237060547
16-06-2017,18.020000457763672,18.729999542236328,114498.0,18.81999969482422,18.399999618530273,18.399999618530273
19-06-2017,18.100000381469727,18.469999313354492,62107.0,18.729999542236328,18.579999923706055,18.579999923706055
20-06-2017,17.770000457763672,18.579999923706055,45627.0,18.719999313354492,17.8799991607666,17.8799991607666
21-06-2017,17.5,17.940000534057617,41304.0,18.010000228881836,17.559999465942383,17.559999465942383
22-06-2017,17.549999237060547,17.549999237060547,64519.0,18.174999237060547,18.1200008392334,18.1200008392334
23-06-2017,17.959999084472656,18.110000610351562,128924.0,18.56999969482422,18.530000686645508,18.530000686645508
26-06-2017,18.399999618530273,18.6200008392334,77172.0,18.829999923706055,18.639999389648438,18.639999389648438
27-06-2017,18.399999618530273,18.639999389648438,86885.0,19.149999618530273,18.969999313354492,18.969999313354492
28-06-2017,18.93000030517578,18.989999771118164,126737.0,19.5,19.43000030517578,19.43000030517578
29-06-2017,19.149999618530273,19.420000076293945,92453.0,19.860000610351562,19.68000030517578,19.68000030517578
30-06-2017,19.0,19.780000686645508,101919.0,19.780000686645508,19.459999084472656,19.459999084472656
03-07-2017,19.3700008392334,19.459999084472656,39237.0,19.709999084472656,19.43000030517578,19.43000030517578
05-07-2017,18.959999084472656,19.40999984741211,139911.0,19.670000076293945,19.59000015258789,19.59000015258789
06-07-2017,18.687999725341797,19.420000076293945,120653.0,19.614999771118164,18.829999923706055,18.829999923706055
07-07-2017,18.690000534057617,18.829999923706055,59332.0,19.260000228881836,18.850000381469727,18.850000381469727
10-07-2017,18.290000915527344,18.719999313354492,52061.0,18.719999313354492,18.309999465942383,18.309999465942383
11-07-2017,17.729999542236328,18.239999771118164,76489.0,18.420000076293945,18.350000381469727,18.350000381469727
12-07-2017,18.420000076293945,18.469999313354492,50740.0,18.700000762939453,18.469999313354492,18.469999313354492
13-07-2017,18.600000381469727,18.600000381469727,57275.0,19.139799118041992,19.084999084472656,19.084999084472656
14-07-2017,18.850000381469727,19.1299991607666,77720.0,19.639999389648438,19.270000457763672,19.270000457763672
17-07-2017,19.139999389648438,19.200000762939453,80896.0,19.620100021362305,19.364999771118164,19.364999771118164
18-07-2017,19.075000762939453,19.309999465942383,66056.0,19.56999969482422,19.450000762939453,19.450000762939453
19-07-2017,19.469999313354492,19.469999313354492,75094.0,19.989999771118164,19.899999618530273,19.899999618530273
20-07-2017,19.59000015258789,19.979999542236328,62273.0,20.1299991607666,20.059999465942383,20.059999465942383
21-07-2017,19.469999313354492,20.149999618530273,124732.0,20.149999618530273,19.90999984741211,19.90999984741211
24-07-2017,19.200000762939453,19.770000457763672,51891.0,19.770000457763672,19.459999084472656,19.459999084472656
25-07-2017,19.43000030517578,19.559999465942383,103753.0,19.887500762939453,19.440000534057617,19.440000534057617
26-07-2017,19.15999984741211,19.5,96247.0,19.540000915527344,19.299999237060547,19.299999237060547
27-07-2017,19.15999984741211,19.329999923706055,53017.0,19.645000457763672,19.43000030517578,19.43000030517578
28-07-2017,19.18000030517578,19.40999984741211,25745.0,19.56999969482422,19.56999969482422,19.56999969482422
31-07-2017,19.190000534057617,19.579999923706055,74713.0,19.7450008392334,19.639999389648438,19.639999389648438
01-08-2017,19.40999984741211,19.6299991607666,64108.0,19.934999465942383,19.530000686645508,19.530000686645508
02-08-2017,19.040000915527344,19.610000610351562,37917.0,19.649999618530273,19.25,19.25
03-08-2017,19.110000610351562,19.260000228881836,83273.0,19.579999923706055,19.149999618530273,19.149999618530273
04-08-2017,19.09000015258789,19.149999618530273,61964.0,19.5,19.260000228881836,19.260000228881836
07-08-2017,19.170000076293945,19.309999465942383,64785.0,19.829999923706055,19.309999465942383,19.309999465942383
08-08-2017,19.399999618530273,19.399999618530273,107148.0,20.43000030517578,19.84000015258789,19.84000015258789
09-08-2017,18.399999618530273,19.700000762939453,107459.0,19.770000457763672,18.700000762939453,18.700000762939453
10-08-2017,18.329999923706055,18.440000534057617,76086.0,18.770000457763672,18.719999313354492,18.719999313354492
11-08-2017,18.459999084472656,18.75,78151.0,19.059999465942383,18.489999771118164,18.489999771118164
14-08-2017,18.190000534057617,18.739999771118164,69898.0,18.739999771118164,18.399999618530273,18.399999618530273
15-08-2017,17.90999984741211,18.389999389648438,45962.0,18.389999389648438,18.010000228881836,18.010000228881836
16-08-2017,17.709999084472656,18.100000381469727,57908.0,18.18000030517578,17.850000381469727,17.850000381469727
17-08-2017,17.530000686645508,17.799999237060547,71152.0,17.8700008392334,17.739999771118164,17.739999771118164
18-08-2017,17.309999465942383,17.6299991607666,69109.0,17.75,17.719999313354492,17.719999313354492
21-08-2017,16.75,17.649999618530273,162134.0,17.75,16.969999313354492,16.969999313354492
22-08-2017,16.440000534057617,17.040000915527344,98328.0,17.360000610351562,16.540000915527344,16.540000915527344
23-08-2017,16.350000381469727,16.540000915527344,130650.0,17.489999771118164,17.31999969482422,17.31999969482422
24-08-2017,18.719999313354492,19.049999237060547,318769.0,20.270000457763672,19.920000076293945,19.920000076293945
25-08-2017,19.674999237060547,19.799999237060547,305767.0,21.690000534057617,21.350000381469727,21.350000381469727
28-08-2017,21.139999389648438,21.34000015258789,276741.0,22.34000015258789,22.290000915527344,22.290000915527344
29-08-2017,21.59000015258789,21.969999313354492,154823.0,22.149999618530273,21.780000686645508,21.780000686645508
30-08-2017,21.399999618530273,21.889999389648438,83795.0,22.0,21.450000762939453,21.450000762939453
31-08-2017,21.3799991607666,21.450000762939453,65756.0,21.975000381469727,21.829999923706055,21.829999923706055
01-09-2017,21.6200008392334,21.809999465942383,89150.0,22.399999618530273,22.139999389648438,22.139999389648438
05-09-2017,21.950000762939453,22.200000762939453,114201.0,22.719999313354492,22.34000015258789,22.34000015258789
06-09-2017,22.329999923706055,22.329999923706055,79332.0,23.100000381469727,22.719999313354492,22.719999313354492
07-09-2017,22.450000762939453,22.8700008392334,96145.0,23.045000076293945,22.56999969482422,22.56999969482422
08-09-2017,21.8799991607666,22.6200008392334,72249.0,22.850000381469727,21.969999313354492,21.969999313354492
11-09-2017,22.09000015258789,22.31999969482422,97823.0,23.229999542236328,22.579999923706055,22.579999923706055
12-09-2017,21.93000030517578,22.739999771118164,84246.0,22.850000381469727,22.299999237060547,22.299999237060547
13-09-2017,22.280000686645508,22.469999313354492,90329.0,22.959999084472656,22.950000762939453,22.950000762939453
14-09-2017,22.041000366210938,22.889999389648438,78723.0,22.889999389648438,22.329999923706055,22.329999923706055
15-09-2017,21.60099983215332,22.31999969482422,176253.0,22.469999313354492,22.34000015258789,22.34000015258789
18-09-2017,21.950000762939453,22.270000457763672,108353.0,22.700000762939453,22.290000915527344,22.290000915527344
19-09-2017,22.25,22.25,72193.0,22.739999771118164,22.299999237060547,22.299999237060547
20-09-2017,21.559999465942383,22.229999542236328,137965.0,22.450000762939453,21.8700008392334,21.8700008392334
21-09-2017,21.540000915527344,21.549999237060547,66179.0,22.43000030517578,22.170000076293945,22.170000076293945
22-09-2017,22.020000457763672,22.09000015258789,39135.0,22.43000030517578,22.350000381469727,22.350000381469727
25-09-2017,22.100000381469727,22.299999237060547,64196.0,23.0,22.3700008392334,22.3700008392334
26-09-2017,22.479999542236328,22.479999542236328,100743.0,23.299999237060547,22.920000076293945,22.920000076293945
27-09-2017,22.760000228881836,23.1299991607666,110140.0,23.34000015258789,23.25,23.25
28-09-2017,22.93000030517578,23.309999465942383,91084.0,23.799999237060547,23.510000228881836,23.510000228881836
29-09-2017,22.649999618530273,23.450000762939453,108431.0,23.979999542236328,23.65999984741211,23.65999984741211
02-10-2017,23.010000228881836,23.93000030517578,107874.0,23.93000030517578,23.93000030517578,23.93000030517578
03-10-2017,23.0,23.889999389648438,90099.0,23.93000030517578,23.260000228881836,23.260000228881836
04-10-2017,23.100000381469727,23.190000534057617,85380.0,23.459999084472656,23.219999313354492,23.219999313354492
05-10-2017,23.0,23.200000762939453,96221.0,23.40999984741211,23.309999465942383,23.309999465942383
06-10-2017,22.68000030517578,23.219999313354492,111832.0,23.280000686645508,23.110000610351562,23.110000610351562
09-10-2017,22.729999542236328,23.100000381469727,57367.0,23.149999618530273,22.850000381469727,22.850000381469727
10-10-2017,22.93000030517578,22.93000030517578,88838.0,23.25,23.06999969482422,23.06999969482422
11-10-2017,21.850000381469727,23.010000228881836,149632.0,23.010000228881836,22.290000915527344,22.290000915527344
12-10-2017,21.530000686645508,22.25,197904.0,22.34000015258789,21.799999237060547,21.799999237060547
13-10-2017,21.459999084472656,21.889999389648438,157191.0,22.360000610351562,21.799999237060547,21.799999237060547
16-10-2017,21.719999313354492,21.809999465942383,78403.0,22.399999618530273,22.329999923706055,22.329999923706055
17-10-2017,22.219999313354492,22.43000030517578,100174.0,22.770000457763672,22.31999969482422,22.31999969482422
18-10-2017,22.31999969482422,22.510000228881836,79257.0,22.649999618530273,22.40999984741211,22.40999984741211
19-10-2017,22.209999084472656,22.350000381469727,43675.0,22.6299991607666,22.510000228881836,22.510000228881836
20-10-2017,22.579999923706055,22.709999084472656,117501.0,23.52199935913086,22.860000610351562,22.860000610351562
23-10-2017,22.809999465942383,22.969999313354492,127319.0,23.809999465942383,22.950000762939453,22.950000762939453
24-10-2017,22.764999389648438,23.0,66604.0,23.290000915527344,23.139999389648438,23.139999389648438
25-10-2017,22.810100555419922,23.1299991607666,104547.0,23.28499984741211,22.969999313354492,22.969999313354492
26-10-2017,22.860000610351562,23.049999237060547,36151.0,23.329999923706055,23.15999984741211,23.15999984741211
27-10-2017,22.94969940185547,23.1200008392334,79401.0,23.59000015258789,23.5,23.5
30-10-2017,22.709999084472656,23.309999465942383,87646.0,23.309999465942383,22.75,22.75
31-10-2017,22.75,22.75,105154.0,23.600000381469727,23.290000915527344,23.290000915527344
01-11-2017,22.459999084472656,23.299999237060547,73441.0,23.350000381469727,22.799999237060547,22.799999237060547
02-11-2017,22.350000381469727,22.90999984741211,69246.0,22.926000595092773,22.510000228881836,22.510000228881836
03-11-2017,22.25,22.5,108525.0,22.989999771118164,22.489999771118164,22.489999771118164
06-11-2017,22.559999465942383,22.6200008392334,82469.0,23.049999237060547,22.850000381469727,22.850000381469727
07-11-2017,22.239999771118164,22.90999984741211,81175.0,23.049999237060547,22.520000457763672,22.520000457763672
08-11-2017,22.290000915527344,22.469999313354492,72880.0,22.969999313354492,22.950000762939453,22.950000762939453
09-11-2017,22.56999969482422,22.850000381469727,74397.0,23.139999389648438,23.059999465942383,23.059999465942383
10-11-2017,23.059999465942383,23.059999465942383,96924.0,23.709999084472656,23.389999389648438,23.389999389648438
13-11-2017,23.010000228881836,23.399999618530273,75419.0,23.499000549316406,23.239999771118164,23.239999771118164
14-11-2017,23.0049991607666,23.25,59614.0,23.350000381469727,23.229999542236328,23.229999542236328
15-11-2017,22.9906005859375,23.229999542236328,94904.0,23.90999984741211,23.809999465942383,23.809999465942383
16-11-2017,23.018400192260742,23.950000762939453,119946.0,24.59000015258789,24.520000457763672,24.520000457763672
17-11-2017,24.3700008392334,24.510000228881836,83040.0,24.809999465942383,24.600000381469727,24.600000381469727
20-11-2017,24.559999465942383,24.639999389648438,81959.0,24.899999618530273,24.790000915527344,24.790000915527344
21-11-2017,24.520000457763672,24.809999465942383,76502.0,24.8700008392334,24.780000686645508,24.780000686645508
22-11-2017,24.31999969482422,24.739999771118164,45753.0,25.184999465942383,24.770000457763672,24.770000457763672
24-11-2017,24.68000030517578,24.860000610351562,57497.0,25.350000381469727,25.030000686645508,25.030000686645508
27-11-2017,24.670000076293945,25.09000015258789,68979.0,25.697799682617188,24.770000457763672,24.770000457763672
28-11-2017,23.6200008392334,24.790000915527344,92104.0,24.850000381469727,24.690000534057617,24.690000534057617
29-11-2017,23.030000686645508,24.799999237060547,125468.0,25.459999084472656,25.059999465942383,25.059999465942383
30-11-2017,23.45009994506836,25.739999771118164,240217.0,25.989999771118164,24.469999313354492,24.469999313354492
01-12-2017,23.614999771118164,24.6299991607666,135985.0,25.670000076293945,25.440000534057617,25.440000534057617
04-12-2017,24.610000610351562,25.649999618530273,107806.0,25.979999542236328,24.719999313354492,24.719999313354492
05-12-2017,24.31999969482422,24.729999542236328,81965.0,25.0,24.3700008392334,24.3700008392334
06-12-2017,24.149999618530273,24.399999618530273,92044.0,24.799999237060547,24.209999084472656,24.209999084472656
07-12-2017,24.309999465942383,24.309999465942383,66363.0,24.950000762939453,24.459999084472656,24.459999084472656
08-12-2017,22.920000076293945,24.5,61255.0,24.549999237060547,24.170000076293945,24.170000076293945
11-12-2017,24.309999465942383,24.309999465942383,84043.0,25.139999389648438,24.790000915527344,24.790000915527344
12-12-2017,24.299999237060547,24.84000015258789,72802.0,25.049999237060547,24.40999984741211,24.40999984741211
13-12-2017,24.43000030517578,24.450000762939453,61217.0,24.924999237060547,24.760000228881836,24.760000228881836
14-12-2017,24.229999542236328,24.760000228881836,77437.0,24.950000762939453,24.399999618530273,24.399999618530273
15-12-2017,24.5,24.510000228881836,289900.0,25.299999237060547,24.940000534057617,24.940000534057617
18-12-2017,24.75,25.100000381469727,51969.0,25.559999465942383,25.1200008392334,25.1200008392334
19-12-2017,24.719999313354492,25.15999984741211,78842.0,25.479999542236328,25.270000457763672,25.270000457763672
20-12-2017,25.200000762939453,25.34000015258789,52709.0,25.639999389648438,25.290000915527344,25.290000915527344
21-12-2017,25.139999389648438,25.3700008392334,36114.0,25.75,25.690000534057617,25.690000534057617
22-12-2017,25.31999969482422,25.709999084472656,37447.0,25.920000076293945,25.559999465942383,25.559999465942383
26-12-2017,25.420000076293945,25.559999465942383,22901.0,25.84000015258789,25.670000076293945,25.670000076293945
27-12-2017,25.440000534057617,25.75,23488.0,25.920000076293945,25.479999542236328,25.479999542236328
28-12-2017,25.25,25.5,62757.0,25.729999542236328,25.420000076293945,25.420000076293945
29-12-2017,25.010000228881836,25.40999984741211,67468.0,25.850000381469727,25.040000915527344,25.040000915527344
02-01-2018,24.989999771118164,25.040000915527344,85040.0,25.607500076293945,25.420000076293945,25.420000076293945
03-01-2018,25.030000686645508,25.479999542236328,49061.0,25.670000076293945,25.100000381469727,25.100000381469727
04-01-2018,24.950000762939453,25.209999084472656,69030.0,25.56999969482422,25.389999389648438,25.389999389648438
05-01-2018,25.079999923706055,25.3799991607666,44514.0,25.549999237060547,25.3799991607666,25.3799991607666
08-01-2018,24.93000030517578,25.3700008392334,71849.0,25.91990089416504,25.229999542236328,25.229999542236328
09-01-2018,24.610000610351562,25.309999465942383,87744.0,25.84000015258789,25.049999237060547,25.049999237060547
10-01-2018,24.899999618530273,25.040000915527344,73180.0,25.479999542236328,25.110000610351562,25.110000610351562
11-01-2018,25.110000610351562,25.110000610351562,50072.0,25.860000610351562,25.549999237060547,25.549999237060547
12-01-2018,25.125,25.559999465942383,44695.0,25.970199584960938,25.420000076293945,25.420000076293945
16-01-2018,24.969999313354492,25.40999984741211,47019.0,25.84000015258789,25.079999923706055,25.079999923706055
17-01-2018,24.93000030517578,25.149999618530273,37617.0,25.389999389648438,25.209999084472656,25.209999084472656
18-01-2018,25.049999237060547,25.209999084472656,58377.0,25.399999618530273,25.260000228881836,25.260000228881836
19-01-2018,25.209999084472656,25.350000381469727,105269.0,26.09000015258789,25.989999771118164,25.989999771118164
22-01-2018,25.399999618530273,25.989999771118164,54909.0,25.989999771118164,25.540000915527344,25.540000915527344
23-01-2018,25.06999969482422,25.579999923706055,41452.0,25.719999313354492,25.280000686645508,25.280000686645508
24-01-2018,24.690000534057617,25.3799991607666,95247.0,25.514999389648438,24.860000610351562,24.860000610351562
25-01-2018,24.619300842285156,24.950000762939453,129240.0,25.3799991607666,25.260000228881836,25.260000228881836
26-01-2018,24.420000076293945,25.31999969482422,73469.0,25.530000686645508,24.90999984741211,24.90999984741211
29-01-2018,24.405000686645508,24.860000610351562,148931.0,25.049999237060547,24.469999313354492,24.469999313354492
30-01-2018,24.200000762939453,24.450000762939453,78643.0,24.662099838256836,24.3799991607666,24.3799991607666
31-01-2018,23.860000610351562,24.3700008392334,48030.0,24.450000762939453,23.979999542236328,23.979999542236328
01-02-2018,23.5,23.790000915527344,83940.0,24.280000686645508,24.0,24.0
02-02-2018,23.489999771118164,23.889999389648438,67639.0,24.09000015258789,23.6299991607666,23.6299991607666
05-02-2018,22.5,23.559999465942383,45182.0,23.819900512695312,22.6200008392334,22.6200008392334
06-02-2018,22.0,22.280000686645508,84974.0,23.548900604248047,23.18000030517578,23.18000030517578
07-02-2018,25.239999771118164,25.239999771118164,498213.0,27.270000457763672,27.059999465942383,27.059999465942383
08-02-2018,25.22100067138672,27.049999237060547,357392.0,27.09000015258789,26.510000228881836,26.510000228881836
09-02-2018,25.895000457763672,26.770000457763672,203529.0,26.770000457763672,26.209999084472656,26.209999084472656
12-02-2018,26.260000228881836,26.290000915527344,145670.0,26.860000610351562,26.709999084472656,26.709999084472656
13-02-2018,26.530000686645508,26.530000686645508,101879.0,27.049999237060547,26.770000457763672,26.770000457763672
14-02-2018,26.384599685668945,26.6200008392334,107217.0,26.989999771118164,26.68000030517578,26.68000030517578
15-02-2018,26.34000015258789,26.889999389648438,152496.0,26.889999389648438,26.770000457763672,26.770000457763672
16-02-2018,26.604999542236328,26.770000457763672,66059.0,27.110000610351562,26.84000015258789,26.84000015258789
20-02-2018,26.045000076293945,26.75,75811.0,26.799999237060547,26.31999969482422,26.31999969482422
21-02-2018,26.06999969482422,26.34000015258789,65925.0,26.799999237060547,26.260000228881836,26.260000228881836
22-02-2018,26.020000457763672,26.329999923706055,77729.0,26.610000610351562,26.510000228881836,26.510000228881836
23-02-2018,26.155000686645508,26.65999984741211,35181.0,26.91900062561035,26.450000762939453,26.450000762939453
26-02-2018,26.290000915527344,26.6200008392334,73987.0,27.059999465942383,26.979999542236328,26.979999542236328
27-02-2018,26.3700008392334,27.059999465942383,92965.0,27.299999237060547,26.829999923706055,26.829999923706055
28-02-2018,26.30500030517578,26.760000228881836,67250.0,27.049999237060547,26.670000076293945,26.670000076293945
01-03-2018,26.010000228881836,26.6200008392334,70629.0,26.770000457763672,26.399999618530273,26.399999618530273
02-03-2018,26.184999465942383,26.3799991607666,51474.0,26.90999984741211,26.700000762939453,26.700000762939453
05-03-2018,26.56999969482422,26.56999969482422,28722.0,26.959999084472656,26.6200008392334,26.6200008392334
06-03-2018,26.020000457763672,26.639999389648438,49812.0,27.049999237060547,26.719999313354492,26.719999313354492
07-03-2018,26.15999984741211,26.510000228881836,99554.0,26.985000610351562,26.530000686645508,26.530000686645508
08-03-2018,26.41069984436035,26.670000076293945,94690.0,26.93000030517578,26.780000686645508,26.780000686645508
09-03-2018,26.6200008392334,26.950000762939453,49374.0,27.170000076293945,27.110000610351562,27.110000610351562
12-03-2018,26.479999542236328,27.110000610351562,72759.0,27.299999237060547,26.81999969482422,26.81999969482422
13-03-2018,26.579999923706055,26.81999969482422,65545.0,27.030000686645508,26.6200008392334,26.6200008392334
14-03-2018,26.260000228881836,26.719999313354492,83093.0,26.819900512695312,26.520000457763672,26.520000457763672
15-03-2018,26.59000015258789,26.59000015258789,95931.0,27.229999542236328,27.040000915527344,27.040000915527344
16-03-2018,24.729999542236328,25.670000076293945,303314.0,27.09000015258789,27.040000915527344,27.040000915527344
19-03-2018,25.309999465942383,26.489999771118164,112866.0,26.489999771118164,26.3799991607666,26.3799991607666
20-03-2018,25.739999771118164,26.350000381469727,77808.0,26.5,26.049999237060547,26.049999237060547
21-03-2018,25.844999313354492,26.059999465942383,99654.0,26.5,25.93000030517578,25.93000030517578
22-03-2018,25.343399047851562,25.780000686645508,106452.0,26.25,25.700000762939453,25.700000762939453
23-03-2018,25.0,25.690000534057617,73363.0,25.940000534057617,25.260000228881836,25.260000228881836
26-03-2018,25.149999618530273,25.610000610351562,60635.0,26.690000534057617,25.549999237060547,25.549999237060547
27-03-2018,25.489999771118164,25.530000686645508,69166.0,26.06999969482422,25.739999771118164,25.739999771118164
28-03-2018,25.290000915527344,25.75,71125.0,26.3799991607666,26.229999542236328,26.229999542236328
29-03-2018,25.760000228881836,26.239999771118164,70388.0,26.5,25.799999237060547,25.799999237060547
02-04-2018,25.3799991607666,25.639999389648438,50103.0,25.760000228881836,25.549999237060547,25.549999237060547
03-04-2018,25.579999923706055,25.579999923706055,72108.0,26.18000030517578,26.100000381469727,26.100000381469727
04-04-2018,25.850000381469727,25.850000381469727,73316.0,26.90999984741211,26.59000015258789,26.59000015258789
05-04-2018,26.18000030517578,26.709999084472656,90647.0,27.299999237060547,27.239999771118164,27.239999771118164
06-04-2018,26.709999084472656,27.09000015258789,75585.0,27.999900817871094,27.09000015258789,27.09000015258789
09-04-2018,26.389999389648438,27.200000762939453,80471.0,27.459999084472656,26.40999984741211,26.40999984741211
10-04-2018,26.0,26.68000030517578,61505.0,26.709999084472656,26.540000915527344,26.540000915527344
11-04-2018,26.242399215698242,26.469999313354492,53115.0,26.8799991607666,26.729999542236328,26.729999542236328
12-04-2018,26.799999237060547,26.8799991607666,50019.0,27.25,26.979999542236328,26.979999542236328
13-04-2018,25.950000762939453,27.139999389648438,73549.0,27.139999389648438,26.149999618530273,26.149999618530273
16-04-2018,26.049999237060547,26.399999618530273,46698.0,26.655000686645508,26.309999465942383,26.309999465942383
17-04-2018,26.3700008392334,26.520000457763672,36657.0,26.75,26.559999465942383,26.559999465942383
18-04-2018,26.479999542236328,26.59000015258789,37045.0,26.94499969482422,26.489999771118164,26.489999771118164
19-04-2018,26.06999969482422,26.479999542236328,50983.0,26.709999084472656,26.3700008392334,26.3700008392334
20-04-2018,25.40999984741211,26.329999923706055,140946.0,26.760000228881836,25.739999771118164,25.739999771118164
23-04-2018,25.719999313354492,25.84000015258789,32705.0,26.18000030517578,25.780000686645508,25.780000686645508
24-04-2018,25.549999237060547,25.959999084472656,61898.0,25.959999084472656,25.770000457763672,25.770000457763672
25-04-2018,25.579999923706055,25.719999313354492,79574.0,25.899999618530273,25.709999084472656,25.709999084472656
26-04-2018,25.549999237060547,25.75,105461.0,26.510000228881836,26.139999389648438,26.139999389648438
27-04-2018,26.149999618530273,26.149999618530273,26871.0,26.649999618530273,26.3700008392334,26.3700008392334
30-04-2018,25.860000610351562,26.389999389648438,29328.0,26.469999313354492,25.950000762939453,25.950000762939453
01-05-2018,25.0,25.899999618530273,58359.0,25.899999618530273,25.8700008392334,25.8700008392334
02-05-2018,25.68000030517578,25.860000610351562,28677.0,26.280000686645508,26.040000915527344,26.040000915527344
03-05-2018,25.649999618530273,26.010000228881836,49477.0,26.09000015258789,25.969999313354492,25.969999313354492
04-05-2018,25.090099334716797,25.860000610351562,38405.0,26.139999389648438,25.81999969482422,25.81999969482422
07-05-2018,25.309999465942383,25.84000015258789,64194.0,25.877500534057617,25.729999542236328,25.729999542236328
08-05-2018,25.559999465942383,25.770000457763672,30313.0,26.040000915527344,25.709999084472656,25.709999084472656
09-05-2018,25.329999923706055,25.729999542236328,68942.0,25.93000030517578,25.5,25.5
10-05-2018,25.5,25.59000015258789,53314.0,26.139999389648438,25.989999771118164,25.989999771118164
11-05-2018,25.799999237060547,25.8799991607666,48042.0,26.349000930786133,26.110000610351562,26.110000610351562
14-05-2018,25.940000534057617,26.15999984741211,50180.0,26.670000076293945,25.989999771118164,25.989999771118164
15-05-2018,25.700000762939453,25.989999771118164,40589.0,26.40999984741211,26.299999237060547,26.299999237060547
16-05-2018,26.329999923706055,26.329999923706055,51861.0,26.959999084472656,26.690000534057617,26.690000534057617
17-05-2018,26.15999984741211,26.760000228881836,112146.0,27.139999389648438,26.229999542236328,26.229999542236328
18-05-2018,26.229999542236328,26.5,83286.0,27.1200008392334,27.06999969482422,27.06999969482422
21-05-2018,27.190000534057617,27.190000534057617,44154.0,27.700000762939453,27.479999542236328,27.479999542236328
22-05-2018,26.755199432373047,27.469999313354492,38721.0,27.479999542236328,26.829999923706055,26.829999923706055
23-05-2018,26.658100128173828,26.760000228881836,41038.0,27.239999771118164,26.790000915527344,26.790000915527344
24-05-2018,26.399999618530273,26.780000686645508,31420.0,27.100000381469727,26.889999389648438,26.889999389648438
25-05-2018,26.600000381469727,26.799999237060547,58135.0,27.020000457763672,26.850000381469727,26.850000381469727
29-05-2018,26.322599411010742,26.670000076293945,40422.0,27.165000915527344,26.899999618530273,26.899999618530273
30-05-2018,26.579999923706055,26.899999618530273,62807.0,27.299999237060547,26.709999084472656,26.709999084472656
31-05-2018,27.264999389648438,27.899999618530273,156744.0,28.540000915527344,27.5,27.5
01-06-2018,23.81999969482422,24.6299991607666,254249.0,27.350000381469727,27.18000030517578,27.18000030517578
04-06-2018,26.989999771118164,27.239999771118164,225549.0,28.450000762939453,28.030000686645508,28.030000686645508
05-06-2018,27.149999618530273,28.110000610351562,109365.0,28.25,27.709999084472656,27.709999084472656
06-06-2018,27.5,27.81999969482422,61398.0,28.1200008392334,27.770000457763672,27.770000457763672
07-06-2018,27.53030014038086,27.8799991607666,54345.0,28.204999923706055,27.8700008392334,27.8700008392334
08-06-2018,27.610000610351562,27.8799991607666,44593.0,28.200000762939453,27.899999618530273,27.899999618530273
11-06-2018,27.90999984741211,27.969999313354492,82100.0,28.5,28.1299991607666,28.1299991607666
12-06-2018,27.990100860595703,28.149999618530273,49476.0,28.31999969482422,28.309999465942383,28.309999465942383
13-06-2018,27.579999923706055,28.31999969482422,55384.0,28.479999542236328,27.68000030517578,27.68000030517578
14-06-2018,27.260000228881836,27.68000030517578,55213.0,27.950000762939453,27.729999542236328,27.729999542236328
15-06-2018,27.459999084472656,27.579999923706055,214876.0,28.23240089416504,27.969999313354492,27.969999313354492
18-06-2018,27.149999618530273,27.450000762939453,604934.0,27.450000762939453,27.219999313354492,27.219999313354492
19-06-2018,27.149999618530273,27.149999618530273,310901.0,27.350000381469727,27.299999237060547,27.299999237060547
20-06-2018,27.209999084472656,27.350000381469727,124119.0,27.350000381469727,27.280000686645508,27.280000686645508
21-06-2018,27.174999237060547,27.25,170959.0,27.309999465942383,27.270000457763672,27.270000457763672
22-06-2018,27.149999618530273,27.260000228881836,423071.0,27.350000381469727,27.299999237060547,27.299999237060547
25-06-2018,27.18000030517578,27.209999084472656,199694.0,27.350000381469727,27.290000915527344,27.290000915527344
26-06-2018,27.18000030517578,27.280000686645508,176102.0,27.350000381469727,27.209999084472656,27.209999084472656
27-06-2018,27.18000030517578,27.260000228881836,283768.0,27.280000686645508,27.190000534057617,27.190000534057617
28-06-2018,27.149999618530273,27.200000762939453,213365.0,27.299999237060547,27.18000030517578,27.18000030517578
29-06-2018,27.149999618530273,27.239999771118164,174996.0,27.350000381469727,27.170000076293945,27.170000076293945
02-07-2018,28.34000015258789,28.5,742690.0,29.350000381469727,29.329999923706055,29.329999923706055
03-07-2018,29.040000915527344,29.200000762939453,286938.0,29.59000015258789,29.280000686645508,29.280000686645508
05-07-2018,28.219999313354492,29.459999084472656,405256.0,29.485599517822266,28.399999618530273,28.399999618530273
06-07-2018,28.239999771118164,28.309999465942383,212035.0,28.549999237060547,28.3700008392334,28.3700008392334
09-07-2018,28.299999237060547,28.510000228881836,143263.0,28.670000076293945,28.600000381469727,28.600000381469727
10-07-2018,28.459999084472656,28.540000915527344,165831.0,29.229999542236328,28.700000762939453,28.700000762939453
11-07-2018,28.530000686645508,28.6200008392334,105837.0,29.030000686645508,28.649999618530273,28.649999618530273
12-07-2018,28.459999084472656,28.709999084472656,141689.0,28.889999389648438,28.530000686645508,28.530000686645508
13-07-2018,28.479999542236328,28.59000015258789,67933.0,28.850000381469727,28.739999771118164,28.739999771118164
16-07-2018,28.17009925842285,28.829999923706055,70306.0,29.190000534057617,28.299999237060547,28.299999237060547
17-07-2018,28.25,28.299999237060547,62649.0,28.645000457763672,28.270000457763672,28.270000457763672
18-07-2018,28.209999084472656,28.270000457763672,40324.0,28.579999923706055,28.290000915527344,28.290000915527344
19-07-2018,28.139999389648438,28.209999084472656,90740.0,28.440000534057617,28.299999237060547,28.299999237060547
20-07-2018,28.200000762939453,28.200000762939453,47686.0,28.459999084472656,28.290000915527344,28.290000915527344
23-07-2018,28.120100021362305,28.31999969482422,44602.0,28.350000381469727,28.239999771118164,28.239999771118164
24-07-2018,27.739999771118164,28.25,41227.0,28.329999923706055,27.8700008392334,27.8700008392334
25-07-2018,27.68000030517578,27.809999465942383,61489.0,28.190000534057617,28.06999969482422,28.06999969482422
26-07-2018,27.790000915527344,28.100000381469727,44974.0,28.200000762939453,28.1200008392334,28.1200008392334
27-07-2018,27.760000228881836,28.1200008392334,60522.0,28.1200008392334,27.93000030517578,27.93000030517578
30-07-2018,27.700000762939453,27.93000030517578,96689.0,28.520999908447266,28.079999923706055,28.079999923706055
31-07-2018,27.94499969482422,28.1200008392334,61192.0,28.579999923706055,28.040000915527344,28.040000915527344
01-08-2018,27.889999389648438,28.049999237060547,89597.0,28.43000030517578,28.010000228881836,28.010000228881836
02-08-2018,27.559999465942383,28.0,99678.0,28.329999923706055,27.790000915527344,27.790000915527344
03-08-2018,29.010000228881836,29.100000381469727,203826.0,29.389999389648438,29.100000381469727,29.100000381469727
06-08-2018,28.989999771118164,28.989999771118164,79724.0,29.284400939941406,29.09000015258789,29.09000015258789
07-08-2018,29.100000381469727,29.149999618530273,59586.0,29.270000457763672,29.190000534057617,29.190000534057617
08-08-2018,29.100000381469727,29.18000030517578,54721.0,29.280000686645508,29.1200008392334,29.1200008392334
09-08-2018,29.065000534057617,29.209999084472656,93026.0,29.299999237060547,29.100000381469727,29.100000381469727
10-08-2018,29.0,29.010000228881836,102484.0,29.510000228881836,29.1200008392334,29.1200008392334
13-08-2018,29.059999465942383,29.18000030517578,73242.0,29.190000534057617,29.100000381469727,29.100000381469727
14-08-2018,27.40999984741211,27.56999969482422,415240.0,27.89889907836914,27.520000457763672,27.520000457763672
15-08-2018,27.479999542236328,27.479999542236328,85591.0,27.639999389648438,27.639999389648438,27.639999389648438
16-08-2018,27.559999465942383,27.6299991607666,42336.0,27.760000228881836,27.690000534057617,27.690000534057617
17-08-2018,27.59000015258789,27.65999984741211,51292.0,27.770000457763672,27.610000610351562,27.610000610351562
20-08-2018,27.450000762939453,27.639999389648438,87964.0,27.770000457763672,27.559999465942383,27.559999465942383
21-08-2018,27.479999542236328,27.559999465942383,88253.0,27.600000381469727,27.540000915527344,27.540000915527344
22-08-2018,27.469999313354492,27.540000915527344,143947.0,27.670000076293945,27.530000686645508,27.530000686645508
23-08-2018,27.450000762939453,27.5,135183.0,27.610000610351562,27.579999923706055,27.579999923706055
24-08-2018,27.5,27.549999237060547,48463.0,27.8799991607666,27.700000762939453,27.700000762939453
27-08-2018,27.520000457763672,27.700000762939453,36675.0,27.799999237060547,27.6200008392334,27.6200008392334
28-08-2018,27.469999313354492,27.6200008392334,58051.0,27.75,27.540000915527344,27.540000915527344
29-08-2018,27.469999313354492,27.549999237060547,78489.0,27.65999984741211,27.530000686645508,27.530000686645508
30-08-2018,27.450000762939453,27.479999542236328,93542.0,27.75,27.540000915527344,27.540000915527344
31-08-2018,27.31999969482422,27.469999313354492,106275.0,27.56999969482422,27.530000686645508,27.530000686645508
04-09-2018,27.450000762939453,27.530000686645508,91126.0,27.549999237060547,27.540000915527344,27.540000915527344
05-09-2018,27.440000534057617,27.489999771118164,128201.0,27.639999389648438,27.520000457763672,27.520000457763672
06-09-2018,27.520000457763672,27.68000030517578,131826.0,27.829999923706055,27.530000686645508,27.530000686645508
07-09-2018,27.5,27.530000686645508,65534.0,27.56999969482422,27.530000686645508,27.530000686645508
10-09-2018,27.059999465942383,27.450000762939453,342000.0,27.600000381469727,27.399999618530273,27.399999618530273
11-09-2018,27.329999923706055,27.43000030517578,124132.0,27.584999084472656,27.479999542236328,27.479999542236328
12-09-2018,27.31999969482422,27.389999389648438,137499.0,27.459999084472656,27.399999618530273,27.399999618530273
13-09-2018,27.31999969482422,27.440000534057617,98615.0,27.700000762939453,27.459999084472656,27.459999084472656
14-09-2018,27.329999923706055,27.350000381469727,76626.0,27.649999618530273,27.479999542236328,27.479999542236328
17-09-2018,27.31999969482422,27.520000457763672,118926.0,27.549999237060547,27.450000762939453,27.450000762939453
18-09-2018,27.3700008392334,27.450000762939453,61918.0,27.59000015258789,27.5,27.5
19-09-2018,27.350000381469727,27.459999084472656,81144.0,27.65999984741211,27.40999984741211,27.40999984741211
20-09-2018,27.270000457763672,27.459999084472656,92442.0,27.93000030517578,27.479999542236328,27.479999542236328
21-09-2018,27.299999237060547,27.40999984741211,215912.0,27.5,27.309999465942383,27.309999465942383
24-09-2018,27.219999313354492,27.3799991607666,357090.0,27.5,27.329999923706055,27.329999923706055
25-09-2018,27.299999237060547,27.3799991607666,91718.0,27.43000030517578,27.360000610351562,27.360000610351562
26-09-2018,27.309999465942383,27.329999923706055,92983.0,27.709999084472656,27.510000228881836,27.510000228881836
27-09-2018,26.920000076293945,27.520000457763672,1041637.0,27.559999465942383,27.34000015258789,27.34000015258789
28-09-2018,27.040000915527344,27.329999923706055,393952.0,27.43000030517578,27.329999923706055,27.329999923706055
01-10-2018,27.125,27.420000076293945,553211.0,27.489999771118164,27.270000457763672,27.270000457763672
02-10-2018,27.290000915527344,27.290000915527344,87640.0,27.40999984741211,27.34000015258789,27.34000015258789
03-10-2018,27.350000381469727,27.350000381469727,169755.0,27.489999771118164,27.420000076293945,27.420000076293945
04-10-2018,27.3700008392334,27.3700008392334,75216.0,27.450000762939453,27.420000076293945,27.420000076293945
05-10-2018,27.399999618530273,27.40999984741211,60068.0,27.459999084472656,27.399999618530273,27.399999618530273
08-10-2018,27.40999984741211,27.440000534057617,92765.0,27.5,27.450000762939453,27.450000762939453
09-10-2018,27.40999984741211,27.420000076293945,101754.0,27.479999542236328,27.450000762939453,27.450000762939453
10-10-2018,27.399999618530273,27.399999618530273,173011.0,27.459999084472656,27.43000030517578,27.43000030517578
11-10-2018,27.399999618530273,27.420000076293945,142803.0,27.79990005493164,27.43000030517578,27.43000030517578
12-10-2018,27.420000076293945,27.5,107645.0,27.559999465942383,27.420000076293945,27.420000076293945
15-10-2018,27.40999984741211,27.420000076293945,92152.0,27.489999771118164,27.440000534057617,27.440000534057617
16-10-2018,27.420000076293945,27.489999771118164,281367.0,27.5,27.459999084472656,27.459999084472656
17-10-2018,27.43000030517578,27.43000030517578,42943.0,27.469999313354492,27.450000762939453,27.450000762939453
18-10-2018,27.450000762939453,27.450000762939453,178565.0,27.489999771118164,27.459999084472656,27.459999084472656
19-10-2018,27.479999542236328,27.479999542236328,167730.0,27.510000228881836,27.5,27.5
22-10-2018,27.5,27.5,0.0,27.5,27.5,27.5
23-10-2018,27.5,27.5,0.0,27.5,27.5,27.5
24-10-2018,,,,,,
25-10-2018,,,,,,
26-10-2018,,,,,,
29-10-2018,,,,,,
30-10-2018,,,,,,
31-10-2018,,,,,,
01-11-2018,,,,,,
02-11-2018,,,,,,
05-11-2018,,,,,,
06-11-2018,,,,,,
07-11-2018,,,,,,
08-11-2018,,,,,,
09-11-2018,,,,,,
12-11-2018,,,,,,
13-11-2018,,,,,,
14-11-2018,,,,,,
15-11-2018,,,,,,
16-11-2018,,,,,,
19-11-2018,,,,,,
20-11-2018,,,,,,
21-11-2018,,,,,,
23-11-2018,,,,,,
26-11-2018,,,,,,
27-11-2018,,,,,,
28-11-2018,,,,,,
29-11-2018,,,,,,
30-11-2018,,,,,,
03-12-2018,,,,,,
04-12-2018,,,,,,
06-12-2018,,,,,,
07-12-2018,,,,,,
10-12-2018,,,,,,
11-12-2018,,,,,,
12-12-2018,,,,,,
13-12-2018,,,,,,
14-12-2018,,,,,,
17-12-2018,,,,,,
18-12-2018,,,,,,
19-12-2018,,,,,,
20-12-2018,,,,,,
21-12-2018,,,,,,
24-12-2018,,,,,,
26-12-2018,,,,,,
27-12-2018,,,,,,
28-12-2018,,,,,,
31-12-2018,,,,,,
02-01-2019,,,,,,
03-01-2019,,,,,,
04-01-2019,,,,,,
07-01-2019,,,,,,
08-01-2019,,,,,,
09-01-2019,,,,,,
10-01-2019,,,,,,
11-01-2019,,,,,,
14-01-2019,,,,,,
15-01-2019,,,,,,
16-01-2019,,,,,,
17-01-2019,,,,,,
18-01-2019,,,,,,
22-01-2019,,,,,,
23-01-2019,,,,,,
24-01-2019,,,,,,
25-01-2019,,,,,,
28-01-2019,,,,,,
29-01-2019,,,,,,
30-01-2019,,,,,,
31-01-2019,,,,,,
01-02-2019,,,,,,
04-02-2019,,,,,,
05-02-2019,,,,,,
06-02-2019,,,,,,
07-02-2019,,,,,,
08-02-2019,,,,,,
11-02-2019,,,,,,
12-02-2019,,,,,,
13-02-2019,,,,,,
14-02-2019,,,,,,
15-02-2019,,,,,,
19-02-2019,,,,,,
20-02-2019,,,,,,
21-02-2019,,,,,,
22-02-2019,,,,,,
25-02-2019,,,,,,
26-02-2019,,,,,,
27-02-2019,,,,,,
28-02-2019,,,,,,
01-03-2019,,,,,,
04-03-2019,,,,,,
05-03-2019,,,,,,
06-03-2019,,,,,,
07-03-2019,,,,,,
08-03-2019,,,,,,
11-03-2019,,,,,,
12-03-2019,,,,,,
13-03-2019,,,,,,
14-03-2019,,,,,,
15-03-2019,,,,,,
18-03-2019,,,,,,
19-03-2019,,,,,,
20-03-2019,,,,,,
21-03-2019,,,,,,
22-03-2019,,,,,,
25-03-2019,,,,,,
26-03-2019,,,,,,
27-03-2019,,,,,,
28-03-2019,,,,,,
29-03-2019,,,,,,
01-04-2019,,,,,,
02-04-2019,,,,,,
03-04-2019,,,,,,
04-04-2019,,,,,,
05-04-2019,,,,,,
08-04-2019,,,,,,
09-04-2019,,,,,,
10-04-2019,,,,,,
11-04-2019,,,,,,
12-04-2019,,,,,,
15-04-2019,,,,,,
16-04-2019,,,,,,
17-04-2019,,,,,,
18-04-2019,,,,,,
22-04-2019,,,,,,
23-04-2019,,,,,,
24-04-2019,,,,,,
25-04-2019,,,,,,
26-04-2019,,,,,,
29-04-2019,,,,,,
30-04-2019,,,,,,
01-05-2019,,,,,,
02-05-2019,,,,,,
03-05-2019,,,,,,
06-05-2019,,,,,,
07-05-2019,,,,,,
08-05-2019,,,,,,
09-05-2019,,,,,,
10-05-2019,,,,,,
13-05-2019,,,,,,
14-05-2019,,,,,,
15-05-2019,,,,,,
16-05-2019,,,,,,
17-05-2019,,,,,,
20-05-2019,,,,,,
21-05-2019,,,,,,
22-05-2019,,,,,,
23-05-2019,,,,,,
24-05-2019,,,,,,
28-05-2019,,,,,,
29-05-2019,,,,,,
30-05-2019,,,,,,
31-05-2019,,,,,,
03-06-2019,,,,,,
04-06-2019,,,,,,
05-06-2019,,,,,,
06-06-2019,,,,,,
07-06-2019,,,,,,
10-06-2019,,,,,,
11-06-2019,,,,,,
12-06-2019,,,,,,
13-06-2019,,,,,,
14-06-2019,,,,,,
17-06-2019,,,,,,
18-06-2019,,,,,,
19-06-2019,,,,,,
20-06-2019,,,,,,
21-06-2019,,,,,,
24-06-2019,,,,,,
25-06-2019,,,,,,
26-06-2019,,,,,,
27-06-2019,,,,,,
28-06-2019,,,,,,
01-07-2019,,,,,,
02-07-2019,,,,,,
03-07-2019,,,,,,
05-07-2019,,,,,,
08-07-2019,,,,,,
09-07-2019,,,,,,
10-07-2019,,,,,,
11-07-2019,,,,,,
12-07-2019,,,,,,
15-07-2019,,,,,,
16-07-2019,,,,,,
17-07-2019,,,,,,
18-07-2019,,,,,,
19-07-2019,,,,,,
22-07-2019,,,,,,
23-07-2019,,,,,,
24-07-2019,,,,,,
25-07-2019,,,,,,
26-07-2019,,,,,,
29-07-2019,,,,,,
30-07-2019,,,,,,
31-07-2019,,,,,,
01-08-2019,,,,,,
02-08-2019,,,,,,
05-08-2019,,,,,,
06-08-2019,,,,,,
07-08-2019,,,,,,
08-08-2019,,,,,,
09-08-2019,,,,,,
12-08-2019,,,,,,
13-08-2019,,,,,,
14-08-2019,,,,,,
15-08-2019,,,,,,
16-08-2019,,,,,,
19-08-2019,,,,,,
20-08-2019,,,,,,
21-08-2019,,,,,,
22-08-2019,,,,,,
23-08-2019,,,,,,
26-08-2019,,,,,,
27-08-2019,,,,,,
28-08-2019,,,,,,
29-08-2019,,,,,,
30-08-2019,,,,,,
03-09-2019,,,,,,
04-09-2019,,,,,,
05-09-2019,,,,,,
06-09-2019,,,,,,
09-09-2019,,,,,,
10-09-2019,,,,,,
11-09-2019,,,,,,
12-09-2019,,,,,,
13-09-2019,,,,,,
16-09-2019,,,,,,
17-09-2019,,,,,,
18-09-2019,,,,,,
19-09-2019,,,,,,
20-09-2019,,,,,,
23-09-2019,,,,,,
24-09-2019,,,,,,
25-09-2019,,,,,,
26-09-2019,,,,,,
27-09-2019,,,,,,
30-09-2019,,,,,,
01-10-2019,,,,,,
02-10-2019,,,,,,
03-10-2019,,,,,,
04-10-2019,,,,,,
07-10-2019,,,,,,
08-10-2019,,,,,,
09-10-2019,,,,,,
10-10-2019,,,,,,
11-10-2019,,,,,,
14-10-2019,,,,,,
15-10-2019,,,,,,
16-10-2019,,,,,,
17-10-2019,,,,,,
18-10-2019,,,,,,
21-10-2019,,,,,,
22-10-2019,,,,,,
23-10-2019,,,,,,
24-10-2019,,,,,,
25-10-2019,,,,,,
28-10-2019,,,,,,
29-10-2019,,,,,,
30-10-2019,,,,,,
31-10-2019,,,,,,
01-11-2019,,,,,,
04-11-2019,,,,,,
05-11-2019,,,,,,
06-11-2019,,,,,,
07-11-2019,,,,,,
08-11-2019,,,,,,
11-11-2019,,,,,,
12-11-2019,,,,,,
13-11-2019,,,,,,
14-11-2019,,,,,,
15-11-2019,,,,,,
18-11-2019,,,,,,
19-11-2019,,,,,,
20-11-2019,,,,,,
21-11-2019,,,,,,
22-11-2019,,,,,,
25-11-2019,,,,,,
26-11-2019,,,,,,
27-11-2019,,,,,,
29-11-2019,,,,,,
02-12-2019,,,,,,
03-12-2019,,,,,,
04-12-2019,,,,,,
05-12-2019,,,,,,
06-12-2019,,,,,,
09-12-2019,,,,,,
10-12-2019,,,,,,
11-12-2019,,,,,,
12-12-2019,,,,,,
13-12-2019,,,,,,
16-12-2019,,,,,,
17-12-2019,,,,,,
18-12-2019,,,,,,
19-12-2019,,,,,,
20-12-2019,,,,,,
23-12-2019,,,,,,
24-12-2019,,,,,,
26-12-2019,,,,,,
27-12-2019,,,,,,
30-12-2019,,,,,,
31-12-2019,,,,,,
02-01-2020,,,,,,
03-01-2020,,,,,,
06-01-2020,,,,,,
07-01-2020,,,,,,
08-01-2020,,,,,,
09-01-2020,,,,,,
10-01-2020,,,,,,
13-01-2020,,,,,,
14-01-2020,,,,,,
15-01-2020,,,,,,
16-01-2020,,,,,,
17-01-2020,,,,,,
21-01-2020,,,,,,
22-01-2020,,,,,,
23-01-2020,,,,,,
24-01-2020,,,,,,
27-01-2020,,,,,,
28-01-2020,,,,,,
29-01-2020,,,,,,
30-01-2020,,,,,,
31-01-2020,,,,,,
03-02-2020,,,,,,
04-02-2020,,,,,,
05-02-2020,,,,,,
06-02-2020,,,,,,
07-02-2020,,,,,,
10-02-2020,,,,,,
11-02-2020,,,,,,
12-02-2020,,,,,,
13-02-2020,,,,,,
14-02-2020,,,,,,
18-02-2020,,,,,,
19-02-2020,,,,,,
20-02-2020,,,,,,
21-02-2020,,,,,,
24-02-2020,,,,,,
25-02-2020,,,,,,
26-02-2020,,,,,,
27-02-2020,,,,,,
28-02-2020,,,,,,
02-03-2020,,,,,,
03-03-2020,,,,,,
04-03-2020,,,,,,
05-03-2020,,,,,,
06-03-2020,,,,,,
09-03-2020,,,,,,
10-03-2020,,,,,,
11-03-2020,,,,,,
12-03-2020,,,,,,
13-03-2020,,,,,,
16-03-2020,,,,,,
17-03-2020,,,,,,
18-03-2020,,,,,,
19-03-2020,,,,,,
20-03-2020,,,,,,
23-03-2020,,,,,,
24-03-2020,,,,,,
25-03-2020,,,,,,
26-03-2020,,,,,,
27-03-2020,,,,,,
30-03-2020,,,,,,
31-03-2020,,,,,,
01-04-2020,,,,,,
02-04-2020,,,,,,
03-04-2020,,,,,,
06-04-2020,,,,,,
07-04-2020,,,,,,
08-04-2020,,,,,,
09-04-2020,,,,,,
13-04-2020,,,,,,
14-04-2020,,,,,,
15-04-2020,,,,,,
16-04-2020,,,,,,
17-04-2020,,,,,,
20-04-2020,,,,,,
21-04-2020,,,,,,
22-04-2020,,,,,,
23-04-2020,,,,,,
24-04-2020,,,,,,
27-04-2020,,,,,,
28-04-2020,,,,,,
29-04-2020,,,,,,
30-04-2020,,,,,,
01-05-2020,,,,,,
04-05-2020,,,,,,
05-05-2020,,,,,,
06-05-2020,,,,,,
07-05-2020,,,,,,
08-05-2020,,,,,,
11-05-2020,,,,,,
12-05-2020,,,,,,
13-05-2020,,,,,,
14-05-2020,,,,,,
15-05-2020,,,,,,
18-05-2020,,,,,,
19-05-2020,,,,,,
20-05-2020,,,,,,
21-05-2020,,,,,,
22-05-2020,,,,,,
26-05-2020,,,,,,
27-05-2020,,,,,,
28-05-2020,,,,,,
29-05-2020,,,,,,
01-06-2020,,,,,,
02-06-2020,,,,,,
03-06-2020,,,,,,
04-06-2020,,,,,,
05-06-2020,,,,,,
08-06-2020,,,,,,
09-06-2020,,,,,,
10-06-2020,,,,,,
11-06-2020,,,,,,
12-06-2020,,,,,,
15-06-2020,,,,,,
16-06-2020,,,,,,
17-06-2020,,,,,,
18-06-2020,,,,,,
19-06-2020,,,,,,
22-06-2020,,,,,,
23-06-2020,,,,,,
24-06-2020,,,,,,
25-06-2020,,,,,,
26-06-2020,,,,,,
29-06-2020,,,,,,
30-06-2020,,,,,,
01-07-2020,,,,,,
02-07-2020,,,,,,
06-07-2020,,,,,,
07-07-2020,,,,,,
08-07-2020,,,,,,
09-07-2020,,,,,,
10-07-2020,,,,,,
13-07-2020,,,,,,
14-07-2020,,,,,,
15-07-2020,,,,,,
16-07-2020,,,,,,
17-07-2020,,,,,,
20-07-2020,,,,,,
21-07-2020,,,,,,
22-07-2020,,,,,,
23-07-2020,,,,,,
24-07-2020,,,,,,
27-07-2020,,,,,,
28-07-2020,,,,,,
29-07-2020,,,,,,
30-07-2020,,,,,,
31-07-2020,,,,,,
03-08-2020,,,,,,
04-08-2020,,,,,,
05-08-2020,,,,,,
06-08-2020,,,,,,
07-08-2020,,,,,,
10-08-2020,,,,,,
11-08-2020,,,,,,
12-08-2020,,,,,,
13-08-2020,,,,,,
14-08-2020,,,,,,
17-08-2020,,,,,,
18-08-2020,,,,,,
19-08-2020,,,,,,
20-08-2020,,,,,,
21-08-2020,,,,,,
24-08-2020,,,,,,
25-08-2020,,,,,,
26-08-2020,,,,,,
27-08-2020,,,,,,
28-08-2020,,,,,,
31-08-2020,,,,,,
01-09-2020,,,,,,
02-09-2020,,,,,,
03-09-2020,,,,,,
04-09-2020,,,,,,
08-09-2020,,,,,,
09-09-2020,,,,,,
10-09-2020,,,,,,
11-09-2020,,,,,,
14-09-2020,,,,,,
15-09-2020,,,,,,
16-09-2020,,,,,,
17-09-2020,,,,,,
18-09-2020,,,,,,
21-09-2020,,,,,,
22-09-2020,,,,,,
23-09-2020,,,,,,
24-09-2020,,,,,,
25-09-2020,,,,,,
28-09-2020,,,,,,
29-09-2020,,,,,,
30-09-2020,,,,,,
01-10-2020,,,,,,
02-10-2020,,,,,,
05-10-2020,,,,,,
06-10-2020,,,,,,
07-10-2020,,,,,,
08-10-2020,,,,,,
09-10-2020,,,,,,
12-10-2020,,,,,,
13-10-2020,,,,,,
14-10-2020,,,,,,
15-10-2020,,,,,,
16-10-2020,,,,,,
19-10-2020,,,,,,
20-10-2020,,,,,,
21-10-2020,,,,,,
22-10-2020,,,,,,
23-10-2020,,,,,,
26-10-2020,,,,,,
27-10-2020,,,,,,
28-10-2020,,,,,,
29-10-2020,,,,,,
30-10-2020,,,,,,
02-11-2020,,,,,,
03-11-2020,,,,,,
04-11-2020,,,,,,
05-11-2020,,,,,,
06-11-2020,,,,,,
09-11-2020,,,,,,
10-11-2020,,,,,,
11-11-2020,,,,,,
12-11-2020,,,,,,
13-11-2020,,,,,,
16-11-2020,,,,,,
17-11-2020,,,,,,
18-11-2020,,,,,,
19-11-2020,,,,,,
20-11-2020,,,,,,
23-11-2020,,,,,,
24-11-2020,,,,,,
25-11-2020,,,,,,
27-11-2020,,,,,,
30-11-2020,,,,,,
01-12-2020,,,,,,
02-12-2020,,,,,,
03-12-2020,,,,,,
04-12-2020,,,,,,
07-12-2020,,,,,,
08-12-2020,,,,,,
09-12-2020,,,,,,
10-12-2020,,,,,,
11-12-2020,,,,,,
14-12-2020,,,,,,
15-12-2020,,,,,,
16-12-2020,,,,,,
17-12-2020,,,,,,
18-12-2020,,,,,,
21-12-2020,,,,,,
22-12-2020,,,,,,
23-12-2020,,,,,,
24-12-2020,,,,,,
28-12-2020,,,,,,
29-12-2020,,,,,,
30-12-2020,,,,,,
31-12-2020,,,,,,
04-01-2021,,,,,,
05-01-2021,,,,,,
06-01-2021,,,,,,
07-01-2021,,,,,,
08-01-2021,,,,,,
11-01-2021,,,,,,
12-01-2021,,,,,,
13-01-2021,,,,,,
14-01-2021,,,,,,
15-01-2021,,,,,,
19-01-2021,,,,,,
20-01-2021,,,,,,
21-01-2021,,,,,,
22-01-2021,,,,,,
25-01-2021,,,,,,
26-01-2021,,,,,,
27-01-2021,,,,,,
28-01-2021,,,,,,
29-01-2021,,,,,,
01-02-2021,,,,,,
02-02-2021,,,,,,
03-02-2021,,,,,,
04-02-2021,,,,,,
05-02-2021,,,,,,
08-02-2021,,,,,,
09-02-2021,,,,,,
10-02-2021,,,,,,
11-02-2021,,,,,,
12-02-2021,,,,,,
16-02-2021,,,,,,
17-02-2021,,,,,,
18-02-2021,,,,,,
19-02-2021,,,,,,
22-02-2021,,,,,,
23-02-2021,,,,,,
24-02-2021,,,,,,
25-02-2021,,,,,,
26-02-2021,,,,,,
01-03-2021,,,,,,
02-03-2021,,,,,,
03-03-2021,,,,,,
04-03-2021,,,,,,
05-03-2021,,,,,,
08-03-2021,,,,,,
09-03-2021,,,,,,
10-03-2021,,,,,,
11-03-2021,,,,,,
12-03-2021,,,,,,
15-03-2021,,,,,,
16-03-2021,,,,,,
17-03-2021,,,,,,
18-03-2021,,,,,,
19-03-2021,,,,,,
22-03-2021,,,,,,
23-03-2021,,,,,,
24-03-2021,,,,,,
25-03-2021,,,,,,
26-03-2021,,,,,,
29-03-2021,,,,,,
30-03-2021,,,,,,
31-03-2021,,,,,,
01-04-2021,,,,,,
05-04-2021,,,,,,
06-04-2021,,,,,,
07-04-2021,,,,,,
08-04-2021,,,,,,
09-04-2021,,,,,,
12-04-2021,,,,,,
13-04-2021,,,,,,
14-04-2021,,,,,,
15-04-2021,,,,,,
16-04-2021,,,,,,
19-04-2021,,,,,,
20-04-2021,,,,,,
21-04-2021,,,,,,
22-04-2021,,,,,,
23-04-2021,,,,,,
26-04-2021,,,,,,
27-04-2021,,,,,,
28-04-2021,,,,,,
29-04-2021,,,,,,
30-04-2021,,,,,,
03-05-2021,,,,,,
04-05-2021,,,,,,
05-05-2021,,,,,,
06-05-2021,,,,,,
07-05-2021,,,,,,
10-05-2021,,,,,,
11-05-2021,,,,,,
12-05-2021,,,,,,
13-05-2021,,,,,,
14-05-2021,,,,,,
17-05-2021,,,,,,
18-05-2021,,,,,,
19-05-2021,,,,,,
20-05-2021,,,,,,
21-05-2021,,,,,,
24-05-2021,,,,,,
25-05-2021,,,,,,
26-05-2021,,,,,,
27-05-2021,,,,,,
28-05-2021,,,,,,
01-06-2021,,,,,,
02-06-2021,,,,,,
03-06-2021,,,,,,
04-06-2021,,,,,,
07-06-2021,,,,,,
08-06-2021,,,,,,
09-06-2021,,,,,,
10-06-2021,,,,,,
11-06-2021,,,,,,
14-06-2021,,,,,,
15-06-2021,,,,,,
16-06-2021,,,,,,
17-06-2021,,,,,,
18-06-2021,,,,,,
21-06-2021,,,,,,
22-06-2021,,,,,,
23-06-2021,,,,,,
24-06-2021,,,,,,
25-06-2021,,,,,,
28-06-2021,,,,,,
29-06-2021,,,,,,
30-06-2021,,,,,,
01-07-2021,,,,,,
02-07-2021,,,,,,
06-07-2021,,,,,,
07-07-2021,,,,,,
08-07-2021,,,,,,
09-07-2021,,,,,,
12-07-2021,,,,,,
13-07-2021,,,,,,
14-07-2021,,,,,,
15-07-2021,,,,,,
16-07-2021,,,,,,
19-07-2021,,,,,,
20-07-2021,,,,,,
21-07-2021,,,,,,
22-07-2021,,,,,,
23-07-2021,,,,,,
26-07-2021,,,,,,
27-07-2021,,,,,,
28-07-2021,,,,,,
29-07-2021,,,,,,
30-07-2021,,,,,,
02-08-2021,,,,,,
03-08-2021,,,,,,
04-08-2021,,,,,,
05-08-2021,,,,,,
06-08-2021,,,,,,
09-08-2021,,,,,,
10-08-2021,,,,,,
11-08-2021,,,,,,
12-08-2021,,,,,,
13-08-2021,,,,,,
16-08-2021,,,,,,
17-08-2021,,,,,,
18-08-2021,,,,,,
19-08-2021,,,,,,
20-08-2021,,,,,,
23-08-2021,,,,,,
24-08-2021,,,,,,
25-08-2021,,,,,,
26-08-2021,,,,,,
27-08-2021,,,,,,
30-08-2021,,,,,,
31-08-2021,,,,,,
01-09-2021,,,,,,
02-09-2021,,,,,,
03-09-2021,,,,,,
07-09-2021,,,,,,
08-09-2021,,,,,,
09-09-2021,,,,,,
10-09-2021,,,,,,
13-09-2021,,,,,,
14-09-2021,,,,,,
15-09-2021,,,,,,
16-09-2021,,,,,,
17-09-2021,,,,,,
20-09-2021,,,,,,
21-09-2021,,,,,,
22-09-2021,,,,,,
23-09-2021,,,,,,
24-09-2021,,,,,,
27-09-2021,,,,,,
28-09-2021,,,,,,
29-09-2021,,,,,,
30-09-2021,,,,,,
01-10-2021,,,,,,
04-10-2021,,,,,,
05-10-2021,,,,,,
06-10-2021,,,,,,
07-10-2021,,,,,,
08-10-2021,,,,,,
11-10-2021,,,,,,
12-10-2021,,,,,,
13-10-2021,,,,,,
14-10-2021,,,,,,
15-10-2021,,,,,,
18-10-2021,,,,,,
19-10-2021,,,,,,
20-10-2021,,,,,,
21-10-2021,,,,,,
22-10-2021,,,,,,
25-10-2021,,,,,,
26-10-2021,,,,,,
