Date,Low,Open,Volume,High,Close,Adjusted Close
24-06-2008,22.643333435058594,22.643333435058594,0,22.643333435058594,22.643333435058594,19.33428192138672
25-06-2008,22.643333435058594,22.643333435058594,0,22.643333435058594,22.643333435058594,19.33428192138672
26-06-2008,22.643333435058594,22.643333435058594,0,22.643333435058594,22.643333435058594,19.33428192138672
27-06-2008,22.643333435058594,22.643333435058594,0,22.643333435058594,22.643333435058594,19.33428192138672
30-06-2008,22.643333435058594,22.643333435058594,0,22.643333435058594,22.643333435058594,19.33428192138672
01-07-2008,22.643333435058594,22.643333435058594,0,22.643333435058594,22.643333435058594,19.33428192138672
02-07-2008,22.643333435058594,22.643333435058594,0,22.643333435058594,22.643333435058594,19.33428192138672
03-07-2008,22.643333435058594,22.643333435058594,0,22.643333435058594,22.643333435058594,19.33428192138672
07-07-2008,22.643333435058594,22.643333435058594,0,22.643333435058594,22.643333435058594,19.33428192138672
08-07-2008,22.643333435058594,22.643333435058594,0,22.643333435058594,22.643333435058594,19.33428192138672
09-07-2008,22.643333435058594,22.643333435058594,0,22.643333435058594,22.643333435058594,19.33428192138672
10-07-2008,22.643333435058594,22.643333435058594,0,22.643333435058594,22.643333435058594,19.33428192138672
11-07-2008,22.643333435058594,22.643333435058594,0,22.643333435058594,22.643333435058594,19.33428192138672
14-07-2008,22.643333435058594,22.643333435058594,0,22.643333435058594,22.643333435058594,19.33428192138672
15-07-2008,17.950000762939453,17.950000762939453,1500,17.950000762939453,17.950000762939453,15.326826095581055
16-07-2008,17.950000762939453,17.950000762939453,0,17.950000762939453,17.950000762939453,15.326826095581055
17-07-2008,17.950000762939453,17.950000762939453,0,17.950000762939453,17.950000762939453,15.326826095581055
18-07-2008,17.950000762939453,17.950000762939453,0,17.950000762939453,17.950000762939453,15.326826095581055
21-07-2008,19.333332061767578,19.333332061767578,2100,19.333332061767578,19.333332061767578,16.50800132751465
22-07-2008,19.333332061767578,19.333332061767578,0,19.333332061767578,19.333332061767578,16.50800132751465
23-07-2008,19.333332061767578,19.333332061767578,0,19.333332061767578,19.333332061767578,16.50800132751465
24-07-2008,19.333332061767578,19.333332061767578,0,19.333332061767578,19.333332061767578,16.50800132751465
25-07-2008,19.333332061767578,19.333332061767578,0,19.333332061767578,19.333332061767578,16.50800132751465
28-07-2008,19.333332061767578,19.333332061767578,0,19.333332061767578,19.333332061767578,16.50800132751465
29-07-2008,19.333332061767578,19.333332061767578,0,19.333332061767578,19.333332061767578,16.50800132751465
30-07-2008,19.333332061767578,19.333332061767578,0,19.333332061767578,19.333332061767578,16.50800132751465
31-07-2008,19.333332061767578,19.333332061767578,0,19.333332061767578,19.333332061767578,16.50800132751465
01-08-2008,19.333332061767578,19.333332061767578,0,19.333332061767578,19.333332061767578,16.50800132751465
04-08-2008,19.333332061767578,19.333332061767578,0,19.333332061767578,19.333332061767578,16.50800132751465
05-08-2008,19.333332061767578,19.333332061767578,0,19.333332061767578,19.333332061767578,16.50800132751465
06-08-2008,19.333332061767578,19.333332061767578,0,19.333332061767578,19.333332061767578,16.50800132751465
07-08-2008,19.333332061767578,19.333332061767578,0,19.333332061767578,19.333332061767578,16.50800132751465
08-08-2008,19.333332061767578,19.333332061767578,0,19.333332061767578,19.333332061767578,16.50800132751465
11-08-2008,19.333332061767578,19.333332061767578,0,19.333332061767578,19.333332061767578,16.50800132751465
12-08-2008,19.333332061767578,19.333332061767578,0,19.333332061767578,19.333332061767578,16.50800132751465
13-08-2008,19.333332061767578,19.333332061767578,0,19.333332061767578,19.333332061767578,16.50800132751465
14-08-2008,19.333332061767578,19.333332061767578,0,19.333332061767578,19.333332061767578,16.50800132751465
15-08-2008,17.333332061767578,17.333332061767578,600,17.333332061767578,17.333332061767578,14.800274848937988
18-08-2008,17.333332061767578,17.333332061767578,0,17.333332061767578,17.333332061767578,14.800274848937988
19-08-2008,17.333332061767578,17.333332061767578,0,17.333332061767578,17.333332061767578,14.800274848937988
20-08-2008,17.333332061767578,17.333332061767578,0,17.333332061767578,17.333332061767578,14.800274848937988
21-08-2008,20.066667556762695,20.066667556762695,13800,20.100000381469727,20.066667556762695,17.134164810180664
22-08-2008,20.100000381469727,20.100000381469727,5100,20.100000381469727,20.100000381469727,17.162628173828125
25-08-2008,20.100000381469727,20.100000381469727,0,20.100000381469727,20.100000381469727,17.162628173828125
26-08-2008,20.100000381469727,20.100000381469727,0,20.100000381469727,20.100000381469727,17.162628173828125
27-08-2008,20.100000381469727,20.100000381469727,0,20.100000381469727,20.100000381469727,17.162628173828125
28-08-2008,20.100000381469727,20.100000381469727,0,20.100000381469727,20.100000381469727,17.162628173828125
29-08-2008,20.100000381469727,20.100000381469727,0,20.100000381469727,20.100000381469727,17.162628173828125
02-09-2008,20.100000381469727,20.100000381469727,0,20.100000381469727,20.100000381469727,17.162628173828125
03-09-2008,20.100000381469727,20.100000381469727,0,20.100000381469727,20.100000381469727,17.162628173828125
04-09-2008,20.100000381469727,20.100000381469727,0,20.100000381469727,20.100000381469727,17.162628173828125
05-09-2008,20.100000381469727,20.100000381469727,0,20.100000381469727,20.100000381469727,17.162628173828125
08-09-2008,20.100000381469727,20.100000381469727,0,20.100000381469727,20.100000381469727,17.162628173828125
09-09-2008,20.100000381469727,20.100000381469727,0,20.100000381469727,20.100000381469727,17.162628173828125
10-09-2008,20.100000381469727,20.100000381469727,0,20.100000381469727,20.100000381469727,17.162628173828125
11-09-2008,20.100000381469727,20.100000381469727,0,20.100000381469727,20.100000381469727,17.162628173828125
12-09-2008,20.100000381469727,20.100000381469727,0,20.100000381469727,20.100000381469727,17.162628173828125
15-09-2008,20.100000381469727,20.100000381469727,0,20.100000381469727,20.100000381469727,17.162628173828125
16-09-2008,20.100000381469727,20.100000381469727,0,20.100000381469727,20.100000381469727,17.162628173828125
17-09-2008,20.100000381469727,20.100000381469727,0,20.100000381469727,20.100000381469727,17.162628173828125
18-09-2008,20.100000381469727,20.100000381469727,0,20.100000381469727,20.100000381469727,17.162628173828125
19-09-2008,20.100000381469727,20.100000381469727,0,20.100000381469727,20.100000381469727,17.162628173828125
22-09-2008,20.100000381469727,20.100000381469727,0,20.100000381469727,20.100000381469727,17.162628173828125
23-09-2008,20.100000381469727,20.100000381469727,0,20.100000381469727,20.100000381469727,17.162628173828125
24-09-2008,20.100000381469727,20.100000381469727,0,20.100000381469727,20.100000381469727,17.162628173828125
25-09-2008,20.100000381469727,20.100000381469727,0,20.100000381469727,20.100000381469727,17.162628173828125
26-09-2008,20.100000381469727,20.100000381469727,0,20.100000381469727,20.100000381469727,17.162628173828125
29-09-2008,20.100000381469727,20.100000381469727,0,20.100000381469727,20.100000381469727,17.162628173828125
30-09-2008,20.100000381469727,20.100000381469727,0,20.100000381469727,20.100000381469727,17.162628173828125
01-10-2008,20.100000381469727,20.100000381469727,0,20.100000381469727,20.100000381469727,17.162628173828125
02-10-2008,20.100000381469727,20.100000381469727,0,20.100000381469727,20.100000381469727,17.162628173828125
03-10-2008,20.100000381469727,20.100000381469727,0,20.100000381469727,20.100000381469727,17.162628173828125
06-10-2008,20.100000381469727,20.100000381469727,0,20.100000381469727,20.100000381469727,17.162628173828125
07-10-2008,20.100000381469727,20.100000381469727,0,20.100000381469727,20.100000381469727,17.162628173828125
08-10-2008,20.100000381469727,20.100000381469727,0,20.100000381469727,20.100000381469727,17.162628173828125
09-10-2008,20.100000381469727,20.100000381469727,0,20.100000381469727,20.100000381469727,17.162628173828125
10-10-2008,20.100000381469727,20.100000381469727,0,20.100000381469727,20.100000381469727,17.162628173828125
13-10-2008,20.100000381469727,20.100000381469727,0,20.100000381469727,20.100000381469727,17.162628173828125
14-10-2008,20.100000381469727,20.100000381469727,0,20.100000381469727,20.100000381469727,17.162628173828125
15-10-2008,20.100000381469727,20.100000381469727,0,20.100000381469727,20.100000381469727,17.162628173828125
16-10-2008,20.100000381469727,20.100000381469727,0,20.100000381469727,20.100000381469727,17.162628173828125
17-10-2008,20.100000381469727,20.100000381469727,0,20.100000381469727,20.100000381469727,17.162628173828125
20-10-2008,10.40666675567627,10.40666675567627,750,10.40666675567627,10.40666675567627,8.885858535766602
21-10-2008,10.40666675567627,10.40666675567627,0,10.40666675567627,10.40666675567627,8.885858535766602
22-10-2008,10.40666675567627,10.40666675567627,0,10.40666675567627,10.40666675567627,8.885858535766602
23-10-2008,10.40666675567627,10.40666675567627,0,10.40666675567627,10.40666675567627,8.885858535766602
24-10-2008,10.40666675567627,10.40666675567627,0,10.40666675567627,10.40666675567627,8.885858535766602
27-10-2008,10.40666675567627,10.40666675567627,0,10.40666675567627,10.40666675567627,8.885858535766602
28-10-2008,10.40666675567627,10.40666675567627,0,10.40666675567627,10.40666675567627,8.885858535766602
29-10-2008,10.40666675567627,10.40666675567627,0,10.40666675567627,10.40666675567627,8.885858535766602
30-10-2008,11.333333015441895,11.333333015441895,7800,11.333333015441895,11.333333015441895,9.677103996276855
31-10-2008,11.333333015441895,11.333333015441895,0,11.333333015441895,11.333333015441895,9.677103996276855
03-11-2008,11.333333015441895,11.333333015441895,0,11.333333015441895,11.333333015441895,9.677103996276855
04-11-2008,14.0,14.0,750,14.0,14.0,11.954071044921875
05-11-2008,14.0,14.0,0,14.0,14.0,11.954071044921875
06-11-2008,14.0,14.0,0,14.0,14.0,11.954071044921875
07-11-2008,14.0,14.0,0,14.0,14.0,11.954071044921875
10-11-2008,13.066666603088379,13.066666603088379,300,13.066666603088379,13.066666603088379,11.157130241394043
11-11-2008,13.066666603088379,13.066666603088379,0,13.066666603088379,13.066666603088379,11.157130241394043
12-11-2008,13.066666603088379,13.066666603088379,0,13.066666603088379,13.066666603088379,11.157130241394043
13-11-2008,13.066666603088379,13.066666603088379,0,13.066666603088379,13.066666603088379,11.157130241394043
14-11-2008,13.066666603088379,13.066666603088379,0,13.066666603088379,13.066666603088379,11.157130241394043
17-11-2008,13.066666603088379,13.066666603088379,0,13.066666603088379,13.066666603088379,11.157130241394043
18-11-2008,13.066666603088379,13.066666603088379,0,13.066666603088379,13.066666603088379,11.157130241394043
19-11-2008,13.066666603088379,13.066666603088379,0,13.066666603088379,13.066666603088379,11.157130241394043
20-11-2008,13.066666603088379,13.066666603088379,0,13.066666603088379,13.066666603088379,11.157130241394043
21-11-2008,13.066666603088379,13.066666603088379,0,13.066666603088379,13.066666603088379,11.157130241394043
24-11-2008,13.066666603088379,13.066666603088379,0,13.066666603088379,13.066666603088379,11.157130241394043
25-11-2008,13.066666603088379,13.066666603088379,0,13.066666603088379,13.066666603088379,11.157130241394043
26-11-2008,13.066666603088379,13.066666603088379,0,13.066666603088379,13.066666603088379,11.157130241394043
28-11-2008,9.0,9.0,600,9.0,9.0,7.684759140014648
01-12-2008,9.0,9.0,0,9.0,9.0,7.684759140014648
02-12-2008,9.0,9.0,0,9.0,9.0,7.684759140014648
03-12-2008,9.333333015441895,9.333333015441895,1350,9.333333015441895,9.333333015441895,7.969379901885986
04-12-2008,10.0,10.0,900,10.0,10.0,8.538619995117188
05-12-2008,10.0,10.0,0,10.0,10.0,8.538619995117188
08-12-2008,10.0,10.0,0,10.0,10.0,8.538619995117188
09-12-2008,10.0,10.0,0,10.0,10.0,8.538619995117188
10-12-2008,10.0,10.0,0,10.0,10.0,8.538619995117188
11-12-2008,10.0,10.0,0,10.0,10.0,8.538619995117188
12-12-2008,10.0,10.0,0,10.0,10.0,8.538619995117188
15-12-2008,10.0,10.0,0,10.0,10.0,8.538619995117188
16-12-2008,11.279999732971191,11.279999732971191,8100,11.279999732971191,11.279999732971191,9.631563186645508
17-12-2008,11.279999732971191,11.279999732971191,0,11.279999732971191,11.279999732971191,9.631563186645508
18-12-2008,11.279999732971191,11.279999732971191,0,11.279999732971191,11.279999732971191,9.631563186645508
19-12-2008,11.279999732971191,11.279999732971191,0,11.279999732971191,11.279999732971191,9.631563186645508
22-12-2008,11.279999732971191,11.279999732971191,0,11.279999732971191,11.279999732971191,9.631563186645508
23-12-2008,11.279999732971191,11.279999732971191,0,11.279999732971191,11.279999732971191,9.631563186645508
24-12-2008,11.279999732971191,11.279999732971191,0,11.279999732971191,11.279999732971191,9.631563186645508
26-12-2008,11.279999732971191,11.279999732971191,0,11.279999732971191,11.279999732971191,9.631563186645508
29-12-2008,10.5,10.5,150,10.5,10.5,8.965550422668457
30-12-2008,10.5,10.5,0,10.5,10.5,8.965550422668457
31-12-2008,10.5,10.5,0,10.5,10.5,8.965550422668457
02-01-2009,10.5,10.5,0,10.5,10.5,8.965550422668457
05-01-2009,10.5,10.5,0,10.5,10.5,8.965550422668457
06-01-2009,10.5,10.5,0,10.5,10.5,8.965550422668457
07-01-2009,10.5,10.5,0,10.5,10.5,8.965550422668457
08-01-2009,10.5,10.5,0,10.5,10.5,8.965550422668457
09-01-2009,10.5,10.5,0,10.5,10.5,8.965550422668457
12-01-2009,9.5,9.5,9900,9.5,9.5,8.111689567565918
13-01-2009,9.333333015441895,9.333333015441895,600,9.333333015441895,9.333333015441895,7.969379901885986
14-01-2009,9.333333015441895,9.333333015441895,0,9.333333015441895,9.333333015441895,7.969379901885986
15-01-2009,9.333333015441895,9.333333015441895,0,9.333333015441895,9.333333015441895,7.969379901885986
16-01-2009,9.333333015441895,9.333333015441895,0,9.333333015441895,9.333333015441895,7.969379901885986
20-01-2009,9.333333015441895,9.333333015441895,0,9.333333015441895,9.333333015441895,7.969379901885986
21-01-2009,9.333333015441895,9.333333015441895,0,9.333333015441895,9.333333015441895,7.969379901885986
22-01-2009,9.333333015441895,9.333333015441895,0,9.333333015441895,9.333333015441895,7.969379901885986
23-01-2009,8.166666984558105,8.166666984558105,750,8.166666984558105,8.166666984558105,6.973206520080566
26-01-2009,8.233332633972168,8.233332633972168,150,8.233332633972168,8.233332633972168,7.030130386352539
27-01-2009,8.233332633972168,8.233332633972168,0,8.233332633972168,8.233332633972168,7.030130386352539
28-01-2009,8.233332633972168,8.233332633972168,0,8.233332633972168,8.233332633972168,7.030130386352539
29-01-2009,8.233332633972168,8.233332633972168,0,8.233332633972168,8.233332633972168,7.030130386352539
30-01-2009,9.333333015441895,9.333333015441895,12000,9.333333015441895,9.333333015441895,7.969379901885986
02-02-2009,9.333333015441895,9.333333015441895,0,9.333333015441895,9.333333015441895,7.969379901885986
03-02-2009,9.333333015441895,9.333333015441895,0,9.333333015441895,9.333333015441895,7.969379901885986
04-02-2009,8.666666984558105,8.666666984558105,600,8.666666984558105,8.666666984558105,7.4001383781433105
05-02-2009,8.666666984558105,8.666666984558105,0,8.666666984558105,8.666666984558105,7.4001383781433105
06-02-2009,8.666666984558105,8.666666984558105,0,8.666666984558105,8.666666984558105,7.4001383781433105
09-02-2009,8.666666984558105,8.666666984558105,0,8.666666984558105,8.666666984558105,7.4001383781433105
10-02-2009,8.666666984558105,8.666666984558105,0,8.666666984558105,8.666666984558105,7.4001383781433105
11-02-2009,8.666666984558105,8.666666984558105,0,8.666666984558105,8.666666984558105,7.4001383781433105
12-02-2009,8.666666984558105,8.666666984558105,0,8.666666984558105,8.666666984558105,7.4001383781433105
13-02-2009,8.666666984558105,8.666666984558105,0,8.666666984558105,8.666666984558105,7.4001383781433105
17-02-2009,8.666666984558105,8.666666984558105,0,8.666666984558105,8.666666984558105,7.4001383781433105
18-02-2009,8.666666984558105,8.666666984558105,0,8.666666984558105,8.666666984558105,7.4001383781433105
19-02-2009,8.666666984558105,8.666666984558105,0,8.666666984558105,8.666666984558105,7.4001383781433105
20-02-2009,8.666666984558105,8.666666984558105,0,8.666666984558105,8.666666984558105,7.4001383781433105
23-02-2009,8.0,8.066666603088379,1350,8.066666603088379,8.0,6.830897331237793
24-02-2009,8.0,8.0,0,8.0,8.0,6.830897331237793
25-02-2009,8.0,8.0,0,8.0,8.0,6.830897331237793
26-02-2009,8.0,8.0,0,8.0,8.0,6.830897331237793
27-02-2009,8.0,8.0,0,8.0,8.0,6.830897331237793
02-03-2009,8.0,8.0,0,8.0,8.0,6.830897331237793
03-03-2009,8.0,8.0,0,8.0,8.0,6.830897331237793
04-03-2009,8.0,8.0,0,8.0,8.0,6.830897331237793
05-03-2009,8.0,8.0,0,8.0,8.0,6.830897331237793
06-03-2009,8.0,8.0,0,8.0,8.0,6.830897331237793
09-03-2009,8.0,8.0,0,8.0,8.0,6.830897331237793
10-03-2009,8.0,8.0,0,8.0,8.0,6.830897331237793
11-03-2009,8.0,8.0,0,8.0,8.0,6.830897331237793
12-03-2009,8.0,8.0,0,8.0,8.0,6.830897331237793
13-03-2009,7.900000095367432,7.900000095367432,450,7.900000095367432,7.900000095367432,6.745510578155518
16-03-2009,7.900000095367432,7.900000095367432,0,7.900000095367432,7.900000095367432,6.745510578155518
17-03-2009,7.599999904632568,7.599999904632568,750,7.599999904632568,7.599999904632568,6.489351749420166
18-03-2009,7.599999904632568,7.599999904632568,0,7.599999904632568,7.599999904632568,6.489351749420166
19-03-2009,7.599999904632568,7.599999904632568,0,7.599999904632568,7.599999904632568,6.489351749420166
20-03-2009,7.599999904632568,7.599999904632568,0,7.599999904632568,7.599999904632568,6.489351749420166
23-03-2009,7.599999904632568,7.599999904632568,0,7.599999904632568,7.599999904632568,6.489351749420166
24-03-2009,7.599999904632568,7.599999904632568,0,7.599999904632568,7.599999904632568,6.489351749420166
25-03-2009,7.599999904632568,7.599999904632568,0,7.599999904632568,7.599999904632568,6.489351749420166
26-03-2009,7.599999904632568,7.599999904632568,0,7.599999904632568,7.599999904632568,6.489351749420166
27-03-2009,7.599999904632568,7.599999904632568,0,7.599999904632568,7.599999904632568,6.489351749420166
30-03-2009,7.599999904632568,7.599999904632568,0,7.599999904632568,7.599999904632568,6.489351749420166
31-03-2009,7.599999904632568,7.599999904632568,0,7.599999904632568,7.599999904632568,6.489351749420166
01-04-2009,7.599999904632568,7.599999904632568,0,7.599999904632568,7.599999904632568,6.489351749420166
02-04-2009,7.599999904632568,7.599999904632568,0,7.599999904632568,7.599999904632568,6.489351749420166
03-04-2009,7.599999904632568,7.599999904632568,0,7.599999904632568,7.599999904632568,6.489351749420166
06-04-2009,7.599999904632568,7.599999904632568,0,7.599999904632568,7.599999904632568,6.489351749420166
07-04-2009,7.599999904632568,7.599999904632568,0,7.599999904632568,7.599999904632568,6.489351749420166
08-04-2009,7.599999904632568,7.599999904632568,0,7.599999904632568,7.599999904632568,6.489351749420166
09-04-2009,11.066666603088379,11.066666603088379,24000,11.066666603088379,11.066666603088379,9.449406623840332
13-04-2009,11.066666603088379,11.066666603088379,0,11.066666603088379,11.066666603088379,9.449406623840332
14-04-2009,11.066666603088379,11.066666603088379,0,11.066666603088379,11.066666603088379,9.449406623840332
15-04-2009,11.066666603088379,11.066666603088379,0,11.066666603088379,11.066666603088379,9.449406623840332
16-04-2009,11.066666603088379,11.066666603088379,0,11.066666603088379,11.066666603088379,9.449406623840332
17-04-2009,12.0,12.0,600,12.0,12.0,10.246343612670898
20-04-2009,12.0,12.0,0,12.0,12.0,10.246343612670898
21-04-2009,12.0,12.0,0,12.0,12.0,10.246343612670898
22-04-2009,12.0,12.0,0,12.0,12.0,10.246343612670898
23-04-2009,12.0,12.0,0,12.0,12.0,10.246343612670898
24-04-2009,12.0,12.0,0,12.0,12.0,10.246343612670898
27-04-2009,12.0,12.0,0,12.0,12.0,10.246343612670898
28-04-2009,12.0,12.0,0,12.0,12.0,10.246343612670898
29-04-2009,11.666666984558105,11.666666984558105,3000,11.666666984558105,11.666666984558105,9.961724281311035
30-04-2009,11.666666984558105,11.666666984558105,0,11.666666984558105,11.666666984558105,9.961724281311035
01-05-2009,12.233332633972168,12.233332633972168,750,12.233332633972168,12.233332633972168,10.445575714111328
04-05-2009,12.233332633972168,12.233332633972168,0,12.233332633972168,12.233332633972168,10.445575714111328
05-05-2009,12.833333015441895,12.833333015441895,300,12.833333015441895,12.833333015441895,10.95789623260498
06-05-2009,12.833333015441895,12.833333015441895,0,12.833333015441895,12.833333015441895,10.95789623260498
07-05-2009,13.020000457763672,13.020000457763672,10800,13.020000457763672,13.020000457763672,11.117284774780273
08-05-2009,13.020000457763672,13.020000457763672,0,13.020000457763672,13.020000457763672,11.117284774780273
11-05-2009,13.166666984558105,13.166666984558105,300,13.166666984558105,13.166666984558105,11.242518424987793
12-05-2009,13.166666984558105,13.166666984558105,0,13.166666984558105,13.166666984558105,11.242518424987793
13-05-2009,13.166666984558105,13.166666984558105,0,13.166666984558105,13.166666984558105,11.242518424987793
14-05-2009,13.166666984558105,13.166666984558105,0,13.166666984558105,13.166666984558105,11.242518424987793
15-05-2009,13.166666984558105,13.166666984558105,0,13.166666984558105,13.166666984558105,11.242518424987793
18-05-2009,13.166666984558105,13.166666984558105,0,13.166666984558105,13.166666984558105,11.242518424987793
19-05-2009,13.166666984558105,13.166666984558105,0,13.166666984558105,13.166666984558105,11.242518424987793
20-05-2009,13.166666984558105,13.166666984558105,0,13.166666984558105,13.166666984558105,11.242518424987793
21-05-2009,13.166666984558105,13.166666984558105,0,13.166666984558105,13.166666984558105,11.242518424987793
22-05-2009,13.166666984558105,13.166666984558105,0,13.166666984558105,13.166666984558105,11.242518424987793
26-05-2009,17.600000381469727,17.600000381469727,1500,17.600000381469727,17.600000381469727,15.027973175048828
27-05-2009,17.600000381469727,17.600000381469727,0,17.600000381469727,17.600000381469727,15.027973175048828
28-05-2009,17.600000381469727,17.600000381469727,0,17.600000381469727,17.600000381469727,15.027973175048828
29-05-2009,19.833332061767578,19.833332061767578,300,19.833332061767578,19.833332061767578,16.93492889404297
01-06-2009,19.833332061767578,19.833332061767578,0,19.833332061767578,19.833332061767578,16.93492889404297
02-06-2009,19.833332061767578,19.833332061767578,0,19.833332061767578,19.833332061767578,16.93492889404297
03-06-2009,19.833332061767578,19.833332061767578,0,19.833332061767578,19.833332061767578,16.93492889404297
04-06-2009,21.200000762939453,22.0,600,22.0,21.200000762939453,18.10187339782715
05-06-2009,21.200000762939453,21.200000762939453,0,21.200000762939453,21.200000762939453,18.10187339782715
08-06-2009,21.200000762939453,21.200000762939453,0,21.200000762939453,21.200000762939453,18.10187339782715
09-06-2009,22.0,22.0,300,22.0,22.0,18.78496551513672
10-06-2009,22.0,22.0,0,22.0,22.0,18.78496551513672
11-06-2009,22.0,22.0,0,22.0,22.0,18.78496551513672
12-06-2009,22.0,22.0,0,22.0,22.0,18.78496551513672
15-06-2009,22.0,22.0,0,22.0,22.0,18.78496551513672
16-06-2009,22.0,22.0,0,22.0,22.0,18.78496551513672
17-06-2009,20.200000762939453,20.200000762939453,600,20.219999313354492,20.219999313354492,17.265090942382812
18-06-2009,20.219999313354492,20.219999313354492,0,20.219999313354492,20.219999313354492,17.265090942382812
19-06-2009,20.219999313354492,20.219999313354492,0,20.219999313354492,20.219999313354492,17.265090942382812
22-06-2009,20.219999313354492,20.219999313354492,0,20.219999313354492,20.219999313354492,17.265090942382812
23-06-2009,20.219999313354492,20.219999313354492,0,20.219999313354492,20.219999313354492,17.265090942382812
24-06-2009,20.219999313354492,20.219999313354492,0,20.219999313354492,20.219999313354492,17.265090942382812
25-06-2009,20.219999313354492,20.219999313354492,0,20.219999313354492,20.219999313354492,17.265090942382812
26-06-2009,20.666667938232422,20.666667938232422,150,20.666667938232422,20.666667938232422,17.646482467651367
29-06-2009,20.666667938232422,20.666667938232422,0,20.666667938232422,20.666667938232422,17.646482467651367
30-06-2009,20.666667938232422,20.666667938232422,0,20.666667938232422,20.666667938232422,17.646482467651367
01-07-2009,20.666667938232422,20.666667938232422,0,20.666667938232422,20.666667938232422,17.646482467651367
02-07-2009,20.666667938232422,20.666667938232422,0,20.666667938232422,20.666667938232422,17.646482467651367
06-07-2009,20.666667938232422,20.666667938232422,0,20.666667938232422,20.666667938232422,17.646482467651367
07-07-2009,20.666667938232422,20.666667938232422,0,20.666667938232422,20.666667938232422,17.646482467651367
08-07-2009,20.666667938232422,20.666667938232422,0,20.666667938232422,20.666667938232422,17.646482467651367
09-07-2009,19.0,19.0,300,19.0,19.0,16.223379135131836
10-07-2009,18.833332061767578,18.833332061767578,300,18.833332061767578,18.833332061767578,16.081069946289062
13-07-2009,18.833332061767578,18.833332061767578,0,18.833332061767578,18.833332061767578,16.081069946289062
14-07-2009,18.833332061767578,18.833332061767578,0,18.833332061767578,18.833332061767578,16.081069946289062
15-07-2009,18.833332061767578,18.833332061767578,0,18.833332061767578,18.833332061767578,16.081069946289062
16-07-2009,18.833332061767578,18.833332061767578,0,18.833332061767578,18.833332061767578,16.081069946289062
17-07-2009,18.833332061767578,18.833332061767578,0,18.833332061767578,18.833332061767578,16.081069946289062
20-07-2009,18.833332061767578,18.833332061767578,0,18.833332061767578,18.833332061767578,16.081069946289062
21-07-2009,20.833332061767578,20.833332061767578,2400,20.833332061767578,20.833332061767578,17.78879165649414
22-07-2009,20.833332061767578,20.833332061767578,0,20.833332061767578,20.833332061767578,17.78879165649414
23-07-2009,20.833332061767578,20.833332061767578,0,20.833332061767578,20.833332061767578,17.78879165649414
24-07-2009,20.666667938232422,20.666667938232422,1200,20.666667938232422,20.666667938232422,17.646482467651367
27-07-2009,20.666667938232422,20.666667938232422,0,20.666667938232422,20.666667938232422,17.646482467651367
28-07-2009,20.666667938232422,20.666667938232422,0,20.666667938232422,20.666667938232422,17.646482467651367
29-07-2009,20.666667938232422,20.666667938232422,0,20.666667938232422,20.666667938232422,17.646482467651367
30-07-2009,20.666667938232422,20.666667938232422,0,20.666667938232422,20.666667938232422,17.646482467651367
31-07-2009,20.666667938232422,20.666667938232422,0,20.666667938232422,20.666667938232422,17.646482467651367
03-08-2009,20.666667938232422,20.666667938232422,0,20.666667938232422,20.666667938232422,17.646482467651367
04-08-2009,20.666667938232422,20.666667938232422,0,20.666667938232422,20.666667938232422,17.646482467651367
05-08-2009,20.666667938232422,20.666667938232422,0,20.666667938232422,20.666667938232422,17.646482467651367
06-08-2009,20.666667938232422,20.666667938232422,0,20.666667938232422,20.666667938232422,17.646482467651367
07-08-2009,20.666667938232422,20.666667938232422,0,20.666667938232422,20.666667938232422,17.646482467651367
10-08-2009,20.666667938232422,20.666667938232422,0,20.666667938232422,20.666667938232422,17.646482467651367
11-08-2009,20.666667938232422,20.666667938232422,0,20.666667938232422,20.666667938232422,17.646482467651367
12-08-2009,20.666667938232422,20.666667938232422,0,20.666667938232422,20.666667938232422,17.646482467651367
13-08-2009,20.666667938232422,20.666667938232422,0,20.666667938232422,20.666667938232422,17.646482467651367
14-08-2009,20.666667938232422,20.666667938232422,0,20.666667938232422,20.666667938232422,17.646482467651367
17-08-2009,20.666667938232422,20.666667938232422,0,20.666667938232422,20.666667938232422,17.646482467651367
18-08-2009,20.333332061767578,20.333332061767578,2250,20.333332061767578,20.333332061767578,17.361865997314453
19-08-2009,20.333332061767578,20.333332061767578,0,20.333332061767578,20.333332061767578,17.361865997314453
20-08-2009,20.53333282470703,20.53333282470703,150,20.53333282470703,20.53333282470703,17.657102584838867
21-08-2009,20.53333282470703,20.53333282470703,0,20.53333282470703,20.53333282470703,17.657102584838867
24-08-2009,20.53333282470703,20.53333282470703,0,20.53333282470703,20.53333282470703,17.657102584838867
25-08-2009,20.53333282470703,20.53333282470703,0,20.53333282470703,20.53333282470703,17.657102584838867
26-08-2009,20.53333282470703,20.53333282470703,0,20.53333282470703,20.53333282470703,17.657102584838867
27-08-2009,20.53333282470703,20.53333282470703,0,20.53333282470703,20.53333282470703,17.657102584838867
28-08-2009,20.53333282470703,20.53333282470703,0,20.53333282470703,20.53333282470703,17.657102584838867
31-08-2009,20.53333282470703,20.53333282470703,0,20.53333282470703,20.53333282470703,17.657102584838867
01-09-2009,20.53333282470703,20.53333282470703,0,20.53333282470703,20.53333282470703,17.657102584838867
02-09-2009,20.333332061767578,20.333332061767578,450,20.333332061767578,20.333332061767578,17.485116958618164
03-09-2009,20.333332061767578,20.333332061767578,0,20.333332061767578,20.333332061767578,17.485116958618164
04-09-2009,20.333332061767578,20.333332061767578,0,20.333332061767578,20.333332061767578,17.485116958618164
08-09-2009,20.333332061767578,20.333332061767578,0,20.333332061767578,20.333332061767578,17.485116958618164
09-09-2009,20.333332061767578,20.333332061767578,0,20.333332061767578,20.333332061767578,17.485116958618164
10-09-2009,20.333332061767578,20.333332061767578,0,20.333332061767578,20.333332061767578,17.485116958618164
11-09-2009,20.333332061767578,20.333332061767578,0,20.333332061767578,20.333332061767578,17.485116958618164
14-09-2009,20.333332061767578,20.333332061767578,0,20.333332061767578,20.333332061767578,17.485116958618164
15-09-2009,20.333332061767578,20.333332061767578,0,20.333332061767578,20.333332061767578,17.485116958618164
16-09-2009,20.333332061767578,20.333332061767578,0,20.333332061767578,20.333332061767578,17.485116958618164
17-09-2009,20.333332061767578,20.333332061767578,0,20.333332061767578,20.333332061767578,17.485116958618164
18-09-2009,23.053333282470703,23.053333282470703,12450,23.053333282470703,23.053333282470703,19.824108123779297
21-09-2009,23.053333282470703,23.053333282470703,0,23.053333282470703,23.053333282470703,19.824108123779297
22-09-2009,23.053333282470703,23.053333282470703,0,23.053333282470703,23.053333282470703,19.824108123779297
23-09-2009,23.053333282470703,23.053333282470703,0,23.053333282470703,23.053333282470703,19.824108123779297
24-09-2009,23.053333282470703,23.053333282470703,0,23.053333282470703,23.053333282470703,19.824108123779297
25-09-2009,23.053333282470703,23.053333282470703,0,23.053333282470703,23.053333282470703,19.824108123779297
28-09-2009,22.700000762939453,22.700000762939453,30000,22.833332061767578,22.833332061767578,19.634923934936523
29-09-2009,23.133333206176758,23.133333206176758,450,23.133333206176758,23.133333206176758,19.892898559570312
30-09-2009,24.0,24.0,4500,24.0,24.0,20.638168334960938
01-10-2009,24.0,24.0,0,24.0,24.0,20.638168334960938
02-10-2009,24.0,24.0,0,24.0,24.0,20.638168334960938
05-10-2009,24.0,24.0,0,24.0,24.0,20.638168334960938
06-10-2009,23.733333587646484,23.733333587646484,1050,23.98666763305664,23.98666763305664,20.6267032623291
07-10-2009,23.98666763305664,23.98666763305664,0,23.98666763305664,23.98666763305664,20.6267032623291
08-10-2009,23.98666763305664,23.98666763305664,0,23.98666763305664,23.98666763305664,20.6267032623291
09-10-2009,23.98666763305664,23.98666763305664,0,23.98666763305664,23.98666763305664,20.6267032623291
12-10-2009,23.98666763305664,23.98666763305664,0,23.98666763305664,23.98666763305664,20.6267032623291
13-10-2009,24.0,24.18000030517578,3000,24.18000030517578,24.0,20.638168334960938
14-10-2009,25.333332061767578,25.333332061767578,300,25.333332061767578,25.333332061767578,21.78473472595215
15-10-2009,25.333332061767578,25.333332061767578,0,25.333332061767578,25.333332061767578,21.78473472595215
16-10-2009,25.333332061767578,25.333332061767578,0,25.333332061767578,25.333332061767578,21.78473472595215
19-10-2009,25.333332061767578,25.333332061767578,0,25.333332061767578,25.333332061767578,21.78473472595215
20-10-2009,25.333332061767578,25.333332061767578,0,25.333332061767578,25.333332061767578,21.78473472595215
21-10-2009,25.333332061767578,25.333332061767578,0,25.333332061767578,25.333332061767578,21.78473472595215
22-10-2009,24.0,24.0,2100,24.0,24.0,20.638168334960938
23-10-2009,24.0,24.0,0,24.0,24.0,20.638168334960938
26-10-2009,24.0,24.0,0,24.0,24.0,20.638168334960938
27-10-2009,24.0,24.0,0,24.0,24.0,20.638168334960938
28-10-2009,24.0,24.0,0,24.0,24.0,20.638168334960938
29-10-2009,24.0,24.0,0,24.0,24.0,20.638168334960938
30-10-2009,24.0,24.0,0,24.0,24.0,20.638168334960938
02-11-2009,24.0,24.0,0,24.0,24.0,20.638168334960938
03-11-2009,22.666667938232422,22.666667938232422,150,22.666667938232422,22.666667938232422,19.491605758666992
04-11-2009,22.666667938232422,22.666667938232422,0,22.666667938232422,22.666667938232422,19.491605758666992
05-11-2009,22.666667938232422,22.666667938232422,0,22.666667938232422,22.666667938232422,19.491605758666992
06-11-2009,22.666667938232422,22.666667938232422,0,22.666667938232422,22.666667938232422,19.491605758666992
09-11-2009,22.666667938232422,22.666667938232422,0,22.666667938232422,22.666667938232422,19.491605758666992
10-11-2009,22.666667938232422,22.666667938232422,0,22.666667938232422,22.666667938232422,19.491605758666992
11-11-2009,22.666667938232422,22.666667938232422,0,22.666667938232422,22.666667938232422,19.491605758666992
12-11-2009,22.666667938232422,22.666667938232422,0,22.666667938232422,22.666667938232422,19.491605758666992
13-11-2009,22.666667938232422,22.666667938232422,0,22.666667938232422,22.666667938232422,19.491605758666992
16-11-2009,24.333332061767578,24.333332061767578,8700,24.53333282470703,24.53333282470703,21.09679412841797
17-11-2009,24.53333282470703,24.53333282470703,0,24.53333282470703,24.53333282470703,21.09679412841797
18-11-2009,23.666667938232422,23.666667938232422,150,23.666667938232422,23.666667938232422,20.351530075073242
19-11-2009,23.666667938232422,23.666667938232422,0,23.666667938232422,23.666667938232422,20.351530075073242
20-11-2009,23.666667938232422,23.666667938232422,0,23.666667938232422,23.666667938232422,20.351530075073242
23-11-2009,23.666667938232422,23.666667938232422,0,23.666667938232422,23.666667938232422,20.351530075073242
24-11-2009,23.666667938232422,23.666667938232422,0,23.666667938232422,23.666667938232422,20.351530075073242
25-11-2009,23.666667938232422,23.666667938232422,0,23.666667938232422,23.666667938232422,20.351530075073242
27-11-2009,23.666667938232422,23.666667938232422,0,23.666667938232422,23.666667938232422,20.351530075073242
30-11-2009,23.666667938232422,23.666667938232422,0,23.666667938232422,23.666667938232422,20.351530075073242
01-12-2009,23.666667938232422,23.666667938232422,0,23.666667938232422,23.666667938232422,20.351530075073242
02-12-2009,23.666667938232422,23.666667938232422,0,23.666667938232422,23.666667938232422,20.351530075073242
03-12-2009,23.666667938232422,23.666667938232422,0,23.666667938232422,23.666667938232422,20.351530075073242
04-12-2009,23.666667938232422,23.666667938232422,0,23.666667938232422,23.666667938232422,20.351530075073242
07-12-2009,23.666667938232422,23.666667938232422,0,23.666667938232422,23.666667938232422,20.351530075073242
08-12-2009,23.666667938232422,23.666667938232422,0,23.666667938232422,23.666667938232422,20.351530075073242
09-12-2009,23.666667938232422,23.666667938232422,0,23.666667938232422,23.666667938232422,20.351530075073242
10-12-2009,23.666667938232422,23.666667938232422,0,23.666667938232422,23.666667938232422,20.351530075073242
11-12-2009,23.666667938232422,23.666667938232422,0,23.666667938232422,23.666667938232422,20.351530075073242
14-12-2009,23.666667938232422,23.666667938232422,0,23.666667938232422,23.666667938232422,20.351530075073242
15-12-2009,23.666667938232422,23.666667938232422,0,23.666667938232422,23.666667938232422,20.351530075073242
16-12-2009,23.666667938232422,23.666667938232422,0,23.666667938232422,23.666667938232422,20.351530075073242
17-12-2009,23.833332061767578,23.833332061767578,900,23.866666793823242,23.866666793823242,20.52351188659668
18-12-2009,24.166667938232422,24.333332061767578,1950,24.333332061767578,24.166667938232422,20.781490325927734
21-12-2009,23.333332061767578,23.333332061767578,900,23.333332061767578,23.333332061767578,20.06488800048828
22-12-2009,23.333332061767578,23.666667938232422,900,23.666667938232422,23.333332061767578,20.06488800048828
23-12-2009,23.333332061767578,23.333332061767578,0,23.333332061767578,23.333332061767578,20.06488800048828
24-12-2009,23.333332061767578,23.333332061767578,0,23.333332061767578,23.333332061767578,20.06488800048828
28-12-2009,23.333332061767578,23.333332061767578,0,23.333332061767578,23.333332061767578,20.06488800048828
29-12-2009,23.333332061767578,23.333332061767578,0,23.333332061767578,23.333332061767578,20.06488800048828
30-12-2009,23.333332061767578,23.333332061767578,450,23.333332061767578,23.333332061767578,20.06488800048828
31-12-2009,23.333332061767578,23.333332061767578,0,23.333332061767578,23.333332061767578,20.06488800048828
04-01-2010,24.799999237060547,24.799999237060547,150,24.799999237060547,24.799999237060547,21.32610511779785
05-01-2010,24.799999237060547,24.799999237060547,0,24.799999237060547,24.799999237060547,21.32610511779785
06-01-2010,23.866666793823242,23.866666793823242,450,25.0,25.0,21.498092651367188
07-01-2010,25.0,25.0,0,25.0,25.0,21.498092651367188
08-01-2010,25.0,25.0,0,25.0,25.0,21.498092651367188
11-01-2010,25.333332061767578,25.333332061767578,750,25.333332061767578,25.333332061767578,21.78473472595215
12-01-2010,24.100000381469727,24.333332061767578,750,24.333332061767578,24.100000381469727,20.72416114807129
13-01-2010,24.559999465942383,24.559999465942383,19200,24.559999465942383,24.559999465942383,21.119722366333008
14-01-2010,24.559999465942383,24.559999465942383,0,24.559999465942383,24.559999465942383,21.119722366333008
15-01-2010,24.559999465942383,24.559999465942383,0,24.559999465942383,24.559999465942383,21.119722366333008
19-01-2010,24.559999465942383,24.559999465942383,0,24.559999465942383,24.559999465942383,21.119722366333008
20-01-2010,23.700000762939453,23.700000762939453,150,23.700000762939453,23.700000762939453,20.38019561767578
21-01-2010,21.979999542236328,22.666667938232422,60900,22.666667938232422,21.979999542236328,18.901123046875
22-01-2010,21.360000610351562,21.360000610351562,22500,21.360000610351562,21.360000610351562,18.367969512939453
25-01-2010,21.979999542236328,21.979999542236328,0,21.979999542236328,21.979999542236328,18.901123046875
26-01-2010,21.34666633605957,23.333332061767578,1050,23.333332061767578,21.34666633605957,18.356502532958984
27-01-2010,20.5,21.333332061767578,77550,21.333332061767578,20.5,17.628433227539062
28-01-2010,20.5,20.5,0,20.5,20.5,17.628433227539062
29-01-2010,20.5,20.5,0,20.5,20.5,17.628433227539062
01-02-2010,21.333332061767578,21.333332061767578,150,21.333332061767578,21.333332061767578,18.34503936767578
02-02-2010,21.333332061767578,21.333332061767578,0,21.333332061767578,21.333332061767578,18.34503936767578
03-02-2010,21.333332061767578,21.333332061767578,0,21.333332061767578,21.333332061767578,18.34503936767578
04-02-2010,21.333332061767578,21.333332061767578,0,21.333332061767578,21.333332061767578,18.34503936767578
05-02-2010,20.53333282470703,20.53333282470703,300,20.53333282470703,20.53333282470703,17.657102584838867
08-02-2010,20.53333282470703,20.53333282470703,0,20.53333282470703,20.53333282470703,17.657102584838867
09-02-2010,20.53333282470703,20.53333282470703,0,20.53333282470703,20.53333282470703,17.657102584838867
10-02-2010,20.53333282470703,20.53333282470703,0,20.53333282470703,20.53333282470703,17.657102584838867
11-02-2010,20.53333282470703,20.53333282470703,0,20.53333282470703,20.53333282470703,17.657102584838867
12-02-2010,20.53333282470703,20.53333282470703,0,20.53333282470703,20.53333282470703,17.657102584838867
16-02-2010,21.433332443237305,21.433332443237305,300,21.433332443237305,21.433332443237305,18.431032180786133
17-02-2010,21.433332443237305,21.433332443237305,0,21.433332443237305,21.433332443237305,18.431032180786133
18-02-2010,21.433332443237305,21.433332443237305,0,21.433332443237305,21.433332443237305,18.431032180786133
19-02-2010,21.433332443237305,21.433332443237305,0,21.433332443237305,21.433332443237305,18.431032180786133
22-02-2010,21.399999618530273,21.399999618530273,4800,21.453332901000977,21.453332901000977,18.448226928710938
23-02-2010,21.453332901000977,21.453332901000977,0,21.453332901000977,21.453332901000977,18.448226928710938
24-02-2010,21.453332901000977,21.453332901000977,0,21.453332901000977,21.453332901000977,18.448226928710938
25-02-2010,21.453332901000977,21.453332901000977,0,21.453332901000977,21.453332901000977,18.448226928710938
26-02-2010,23.166667938232422,23.166667938232422,2250,23.166667938232422,23.166667938232422,19.921567916870117
01-03-2010,24.0,24.0,2100,24.0,24.0,20.638168334960938
02-03-2010,23.5,23.5,150,23.5,23.5,20.20820426940918
03-03-2010,23.5,23.5,0,23.5,23.5,20.20820426940918
04-03-2010,23.5,23.5,0,23.5,23.5,20.20820426940918
05-03-2010,23.166667938232422,23.166667938232422,450,23.166667938232422,23.166667938232422,19.921567916870117
08-03-2010,23.96666717529297,23.96666717529297,1350,23.96666717529297,23.96666717529297,20.609506607055664
09-03-2010,23.96666717529297,23.96666717529297,0,23.96666717529297,23.96666717529297,20.609506607055664
10-03-2010,23.96666717529297,23.96666717529297,0,23.96666717529297,23.96666717529297,20.609506607055664
11-03-2010,23.96666717529297,23.96666717529297,0,23.96666717529297,23.96666717529297,20.609506607055664
12-03-2010,23.96666717529297,23.96666717529297,0,23.96666717529297,23.96666717529297,20.609506607055664
15-03-2010,23.96666717529297,23.96666717529297,0,23.96666717529297,23.96666717529297,20.609506607055664
16-03-2010,23.96666717529297,23.96666717529297,0,23.96666717529297,23.96666717529297,20.609506607055664
17-03-2010,23.96666717529297,23.96666717529297,0,23.96666717529297,23.96666717529297,20.609506607055664
18-03-2010,23.96666717529297,23.96666717529297,0,23.96666717529297,23.96666717529297,20.609506607055664
19-03-2010,23.166667938232422,23.166667938232422,150,23.166667938232422,23.166667938232422,19.921567916870117
22-03-2010,24.0,24.0,300,24.0,24.0,20.638168334960938
23-03-2010,24.0,24.0,0,24.0,24.0,20.638168334960938
24-03-2010,24.0,24.0,0,24.0,24.0,20.638168334960938
25-03-2010,24.0,24.0,0,24.0,24.0,20.638168334960938
26-03-2010,24.0,24.0,0,24.0,24.0,20.638168334960938
29-03-2010,24.0,24.0,0,24.0,24.0,20.638168334960938
30-03-2010,23.666667938232422,23.666667938232422,450,23.666667938232422,23.666667938232422,20.351530075073242
31-03-2010,23.666667938232422,23.666667938232422,0,23.666667938232422,23.666667938232422,20.351530075073242
01-04-2010,23.666667938232422,23.666667938232422,0,23.666667938232422,23.666667938232422,20.351530075073242
05-04-2010,23.666667938232422,23.666667938232422,0,23.666667938232422,23.666667938232422,20.351530075073242
06-04-2010,24.833332061767578,24.833332061767578,750,24.833332061767578,24.833332061767578,21.354774475097656
07-04-2010,24.833332061767578,24.833332061767578,0,24.833332061767578,24.833332061767578,21.354774475097656
08-04-2010,25.0,25.0,450,25.333332061767578,25.333332061767578,21.78473472595215
09-04-2010,25.333332061767578,25.333332061767578,0,25.333332061767578,25.333332061767578,21.78473472595215
12-04-2010,25.333332061767578,25.333332061767578,0,25.333332061767578,25.333332061767578,21.78473472595215
13-04-2010,25.333332061767578,25.333332061767578,0,25.333332061767578,25.333332061767578,21.78473472595215
14-04-2010,23.833332061767578,23.833332061767578,750,23.833332061767578,23.833332061767578,20.494848251342773
15-04-2010,23.833332061767578,23.833332061767578,0,23.833332061767578,23.833332061767578,20.494848251342773
16-04-2010,23.833332061767578,23.833332061767578,0,23.833332061767578,23.833332061767578,20.494848251342773
19-04-2010,23.833332061767578,23.833332061767578,0,23.833332061767578,23.833332061767578,20.494848251342773
20-04-2010,23.833332061767578,23.833332061767578,0,23.833332061767578,23.833332061767578,20.494848251342773
21-04-2010,23.833332061767578,23.833332061767578,0,23.833332061767578,23.833332061767578,20.494848251342773
22-04-2010,23.833332061767578,23.833332061767578,0,23.833332061767578,23.833332061767578,20.494848251342773
23-04-2010,24.299999237060547,24.299999237060547,150,24.299999237060547,24.299999237060547,20.896142959594727
26-04-2010,24.299999237060547,24.299999237060547,0,24.299999237060547,24.299999237060547,20.896142959594727
27-04-2010,24.299999237060547,24.299999237060547,0,24.299999237060547,24.299999237060547,20.896142959594727
28-04-2010,24.299999237060547,24.299999237060547,0,24.299999237060547,24.299999237060547,20.896142959594727
29-04-2010,24.299999237060547,24.299999237060547,0,24.299999237060547,24.299999237060547,20.896142959594727
30-04-2010,24.299999237060547,24.299999237060547,0,24.299999237060547,24.299999237060547,20.896142959594727
03-05-2010,24.299999237060547,24.299999237060547,0,24.299999237060547,24.299999237060547,20.896142959594727
04-05-2010,24.299999237060547,24.299999237060547,0,24.299999237060547,24.299999237060547,20.896142959594727
05-05-2010,23.333332061767578,23.333332061767578,600,23.333332061767578,23.333332061767578,20.06488800048828
06-05-2010,23.333332061767578,23.333332061767578,0,23.333332061767578,23.333332061767578,20.06488800048828
07-05-2010,23.333332061767578,23.333332061767578,0,23.333332061767578,23.333332061767578,20.06488800048828
10-05-2010,23.333332061767578,23.333332061767578,0,23.333332061767578,23.333332061767578,20.06488800048828
11-05-2010,23.333332061767578,23.333332061767578,0,23.333332061767578,23.333332061767578,20.06488800048828
12-05-2010,23.333332061767578,23.333332061767578,0,23.333332061767578,23.333332061767578,20.06488800048828
13-05-2010,23.333332061767578,23.333332061767578,0,23.333332061767578,23.333332061767578,20.06488800048828
14-05-2010,23.333332061767578,23.333332061767578,0,23.333332061767578,23.333332061767578,20.06488800048828
17-05-2010,23.333332061767578,23.333332061767578,0,23.333332061767578,23.333332061767578,20.06488800048828
18-05-2010,23.333332061767578,23.333332061767578,0,23.333332061767578,23.333332061767578,20.06488800048828
19-05-2010,23.333332061767578,23.333332061767578,0,23.333332061767578,23.333332061767578,20.06488800048828
20-05-2010,23.333332061767578,23.333332061767578,0,23.333332061767578,23.333332061767578,20.06488800048828
21-05-2010,23.333332061767578,23.333332061767578,0,23.333332061767578,23.333332061767578,20.06488800048828
24-05-2010,23.333332061767578,23.333332061767578,0,23.333332061767578,23.333332061767578,20.06488800048828
25-05-2010,22.200000762939453,22.433332443237305,450,22.433332443237305,22.200000762939453,19.090307235717773
26-05-2010,22.200000762939453,22.200000762939453,0,22.200000762939453,22.200000762939453,19.090307235717773
27-05-2010,22.200000762939453,22.200000762939453,0,22.200000762939453,22.200000762939453,19.090307235717773
28-05-2010,22.200000762939453,22.200000762939453,0,22.200000762939453,22.200000762939453,19.090307235717773
01-06-2010,22.200000762939453,22.200000762939453,0,22.200000762939453,22.200000762939453,19.090307235717773
02-06-2010,22.200000762939453,22.200000762939453,0,22.200000762939453,22.200000762939453,19.090307235717773
03-06-2010,22.200000762939453,22.200000762939453,0,22.200000762939453,22.200000762939453,19.090307235717773
04-06-2010,22.200000762939453,22.200000762939453,0,22.200000762939453,22.200000762939453,19.090307235717773
07-06-2010,22.666667938232422,22.666667938232422,150,22.666667938232422,22.666667938232422,19.491605758666992
08-06-2010,23.200000762939453,23.200000762939453,300,23.200000762939453,23.200000762939453,19.95022964477539
09-06-2010,23.200000762939453,23.200000762939453,0,23.200000762939453,23.200000762939453,19.95022964477539
10-06-2010,23.200000762939453,23.200000762939453,0,23.200000762939453,23.200000762939453,19.95022964477539
11-06-2010,23.200000762939453,23.200000762939453,0,23.200000762939453,23.200000762939453,19.95022964477539
14-06-2010,23.200000762939453,23.200000762939453,0,23.200000762939453,23.200000762939453,19.95022964477539
15-06-2010,24.666667938232422,24.666667938232422,7500,24.666667938232422,24.666667938232422,21.21145248413086
16-06-2010,24.666667938232422,24.666667938232422,0,24.666667938232422,24.666667938232422,21.21145248413086
17-06-2010,24.666667938232422,24.666667938232422,0,24.666667938232422,24.666667938232422,21.21145248413086
18-06-2010,24.666667938232422,24.666667938232422,0,24.666667938232422,24.666667938232422,21.21145248413086
21-06-2010,24.666667938232422,24.666667938232422,0,24.666667938232422,24.666667938232422,21.21145248413086
22-06-2010,24.666667938232422,24.666667938232422,0,24.666667938232422,24.666667938232422,21.21145248413086
23-06-2010,24.666667938232422,24.666667938232422,0,24.666667938232422,24.666667938232422,21.21145248413086
24-06-2010,24.666667938232422,24.666667938232422,0,24.666667938232422,24.666667938232422,21.21145248413086
25-06-2010,24.666667938232422,24.666667938232422,0,24.666667938232422,24.666667938232422,21.21145248413086
28-06-2010,24.666667938232422,24.666667938232422,0,24.666667938232422,24.666667938232422,21.21145248413086
29-06-2010,24.666667938232422,24.666667938232422,0,24.666667938232422,24.666667938232422,21.21145248413086
30-06-2010,24.666667938232422,24.666667938232422,0,24.666667938232422,24.666667938232422,21.21145248413086
01-07-2010,24.666667938232422,24.666667938232422,0,24.666667938232422,24.666667938232422,21.21145248413086
02-07-2010,24.666667938232422,24.666667938232422,0,24.666667938232422,24.666667938232422,21.21145248413086
06-07-2010,24.666667938232422,24.666667938232422,0,24.666667938232422,24.666667938232422,21.21145248413086
07-07-2010,24.666667938232422,24.666667938232422,0,24.666667938232422,24.666667938232422,21.21145248413086
08-07-2010,24.666667938232422,24.666667938232422,0,24.666667938232422,24.666667938232422,21.21145248413086
09-07-2010,24.666667938232422,24.666667938232422,0,24.666667938232422,24.666667938232422,21.21145248413086
12-07-2010,24.666667938232422,24.666667938232422,0,24.666667938232422,24.666667938232422,21.21145248413086
13-07-2010,24.666667938232422,24.666667938232422,0,24.666667938232422,24.666667938232422,21.21145248413086
14-07-2010,24.666667938232422,24.666667938232422,0,24.666667938232422,24.666667938232422,21.21145248413086
15-07-2010,26.166667938232422,26.166667938232422,450,26.166667938232422,26.166667938232422,22.50133514404297
16-07-2010,26.166667938232422,26.166667938232422,300,26.166667938232422,26.166667938232422,22.50133514404297
19-07-2010,26.666667938232422,26.866666793823242,750,26.866666793823242,26.666667938232422,22.931299209594727
20-07-2010,26.666667938232422,26.666667938232422,0,26.666667938232422,26.666667938232422,22.931299209594727
21-07-2010,26.666667938232422,26.666667938232422,0,26.666667938232422,26.666667938232422,22.931299209594727
22-07-2010,27.633333206176758,27.633333206176758,900,27.633333206176758,27.633333206176758,23.762556076049805
23-07-2010,27.166667938232422,27.333332061767578,2250,28.0,27.166667938232422,23.36125946044922
26-07-2010,27.166667938232422,27.166667938232422,0,27.166667938232422,27.166667938232422,23.36125946044922
27-07-2010,27.166667938232422,27.166667938232422,0,27.166667938232422,27.166667938232422,23.36125946044922
28-07-2010,27.166667938232422,27.166667938232422,0,27.166667938232422,27.166667938232422,23.36125946044922
29-07-2010,27.166667938232422,27.166667938232422,0,27.166667938232422,27.166667938232422,23.36125946044922
30-07-2010,27.166667938232422,27.166667938232422,0,27.166667938232422,27.166667938232422,23.36125946044922
02-08-2010,27.166667938232422,27.166667938232422,0,27.166667938232422,27.166667938232422,23.36125946044922
03-08-2010,27.166667938232422,27.166667938232422,0,27.166667938232422,27.166667938232422,23.36125946044922
04-08-2010,27.166667938232422,27.166667938232422,0,27.166667938232422,27.166667938232422,23.36125946044922
05-08-2010,27.166667938232422,27.166667938232422,0,27.166667938232422,27.166667938232422,23.36125946044922
06-08-2010,27.166667938232422,27.166667938232422,0,27.166667938232422,27.166667938232422,23.36125946044922
09-08-2010,27.166667938232422,27.166667938232422,0,27.166667938232422,27.166667938232422,23.36125946044922
10-08-2010,27.166667938232422,27.166667938232422,0,27.166667938232422,27.166667938232422,23.36125946044922
11-08-2010,27.166667938232422,27.166667938232422,0,27.166667938232422,27.166667938232422,23.36125946044922
12-08-2010,27.166667938232422,27.166667938232422,0,27.166667938232422,27.166667938232422,23.36125946044922
13-08-2010,27.166667938232422,27.166667938232422,0,27.166667938232422,27.166667938232422,23.36125946044922
16-08-2010,27.166667938232422,27.166667938232422,0,27.166667938232422,27.166667938232422,23.36125946044922
17-08-2010,27.166667938232422,27.166667938232422,0,27.166667938232422,27.166667938232422,23.36125946044922
18-08-2010,27.166667938232422,27.166667938232422,0,27.166667938232422,27.166667938232422,23.36125946044922
19-08-2010,27.166667938232422,27.166667938232422,0,27.166667938232422,27.166667938232422,23.36125946044922
20-08-2010,27.166667938232422,27.166667938232422,0,27.166667938232422,27.166667938232422,23.36125946044922
23-08-2010,27.166667938232422,27.166667938232422,0,27.166667938232422,27.166667938232422,23.36125946044922
24-08-2010,27.166667938232422,27.166667938232422,0,27.166667938232422,27.166667938232422,23.36125946044922
25-08-2010,27.166667938232422,27.166667938232422,0,27.166667938232422,27.166667938232422,23.36125946044922
26-08-2010,27.166667938232422,27.166667938232422,0,27.166667938232422,27.166667938232422,23.515336990356445
27-08-2010,27.166667938232422,27.166667938232422,0,27.166667938232422,27.166667938232422,23.515336990356445
30-08-2010,27.166667938232422,27.166667938232422,0,27.166667938232422,27.166667938232422,23.515336990356445
31-08-2010,27.166667938232422,27.166667938232422,0,27.166667938232422,27.166667938232422,23.515336990356445
01-09-2010,27.166667938232422,27.166667938232422,0,27.166667938232422,27.166667938232422,23.515336990356445
02-09-2010,27.166667938232422,27.166667938232422,0,27.166667938232422,27.166667938232422,23.515336990356445
03-09-2010,27.166667938232422,27.166667938232422,0,27.166667938232422,27.166667938232422,23.515336990356445
07-09-2010,27.166667938232422,27.166667938232422,0,27.166667938232422,27.166667938232422,23.515336990356445
08-09-2010,27.166667938232422,27.166667938232422,0,27.166667938232422,27.166667938232422,23.515336990356445
09-09-2010,27.166667938232422,27.166667938232422,0,27.166667938232422,27.166667938232422,23.515336990356445
10-09-2010,27.166667938232422,27.166667938232422,0,27.166667938232422,27.166667938232422,23.515336990356445
13-09-2010,27.166667938232422,27.166667938232422,0,27.166667938232422,27.166667938232422,23.515336990356445
14-09-2010,27.166667938232422,27.166667938232422,0,27.166667938232422,27.166667938232422,23.515336990356445
15-09-2010,27.166667938232422,27.166667938232422,0,27.166667938232422,27.166667938232422,23.515336990356445
16-09-2010,27.166667938232422,27.166667938232422,0,27.166667938232422,27.166667938232422,23.515336990356445
17-09-2010,27.166667938232422,27.166667938232422,0,27.166667938232422,27.166667938232422,23.515336990356445
20-09-2010,27.166667938232422,27.166667938232422,0,27.166667938232422,27.166667938232422,23.515336990356445
21-09-2010,27.166667938232422,27.166667938232422,0,27.166667938232422,27.166667938232422,23.515336990356445
22-09-2010,27.166667938232422,27.166667938232422,0,27.166667938232422,27.166667938232422,23.515336990356445
23-09-2010,27.166667938232422,27.166667938232422,0,27.166667938232422,27.166667938232422,23.515336990356445
24-09-2010,27.166667938232422,27.166667938232422,0,27.166667938232422,27.166667938232422,23.515336990356445
27-09-2010,27.166667938232422,27.166667938232422,0,27.166667938232422,27.166667938232422,23.515336990356445
28-09-2010,27.166667938232422,27.166667938232422,0,27.166667938232422,27.166667938232422,23.515336990356445
29-09-2010,27.166667938232422,27.166667938232422,0,27.166667938232422,27.166667938232422,23.515336990356445
30-09-2010,27.166667938232422,27.166667938232422,0,27.166667938232422,27.166667938232422,23.515336990356445
01-10-2010,27.166667938232422,27.166667938232422,0,27.166667938232422,27.166667938232422,23.515336990356445
04-10-2010,27.166667938232422,27.166667938232422,0,27.166667938232422,27.166667938232422,23.515336990356445
05-10-2010,27.166667938232422,27.166667938232422,0,27.166667938232422,27.166667938232422,23.515336990356445
06-10-2010,31.0,31.0,300,31.0,31.0,26.833454132080078
07-10-2010,31.0,31.0,0,31.0,31.0,26.833454132080078
08-10-2010,31.0,31.0,0,31.0,31.0,26.833454132080078
11-10-2010,30.666667938232422,30.666667938232422,1650,30.666667938232422,30.666667938232422,26.544921875
12-10-2010,30.14666748046875,30.14666748046875,12150,30.14666748046875,30.14666748046875,26.094812393188477
13-10-2010,30.14666748046875,30.14666748046875,0,30.14666748046875,30.14666748046875,26.094812393188477
14-10-2010,30.14666748046875,30.14666748046875,0,30.14666748046875,30.14666748046875,26.094812393188477
15-10-2010,30.02666664123535,30.02666664123535,21000,30.02666664123535,30.02666664123535,25.990942001342773
18-10-2010,30.02666664123535,30.02666664123535,0,30.02666664123535,30.02666664123535,25.990942001342773
19-10-2010,30.02666664123535,30.02666664123535,0,30.02666664123535,30.02666664123535,25.990942001342773
20-10-2010,30.666667938232422,30.666667938232422,150,30.666667938232422,30.666667938232422,26.544921875
21-10-2010,30.666667938232422,30.666667938232422,0,30.666667938232422,30.666667938232422,26.544921875
22-10-2010,30.666667938232422,30.666667938232422,0,30.666667938232422,30.666667938232422,26.544921875
25-10-2010,30.666667938232422,30.666667938232422,0,30.666667938232422,30.666667938232422,26.544921875
26-10-2010,30.666667938232422,30.666667938232422,0,30.666667938232422,30.666667938232422,26.544921875
27-10-2010,30.666667938232422,30.666667938232422,0,30.666667938232422,30.666667938232422,26.544921875
28-10-2010,30.666667938232422,30.666667938232422,0,30.666667938232422,30.666667938232422,26.544921875
29-10-2010,30.666667938232422,30.666667938232422,0,30.666667938232422,30.666667938232422,26.544921875
01-11-2010,30.666667938232422,30.666667938232422,0,30.666667938232422,30.666667938232422,26.544921875
02-11-2010,30.666667938232422,30.666667938232422,0,30.666667938232422,30.666667938232422,26.544921875
03-11-2010,30.666667938232422,30.666667938232422,0,30.666667938232422,30.666667938232422,26.544921875
04-11-2010,30.666667938232422,30.666667938232422,0,30.666667938232422,30.666667938232422,26.544921875
05-11-2010,30.666667938232422,30.666667938232422,0,30.666667938232422,30.666667938232422,26.544921875
08-11-2010,30.666667938232422,30.666667938232422,0,30.666667938232422,30.666667938232422,26.544921875
09-11-2010,33.16666793823242,33.16666793823242,150,33.16666793823242,33.16666793823242,28.708913803100586
10-11-2010,33.16666793823242,33.16666793823242,0,33.16666793823242,33.16666793823242,28.708913803100586
11-11-2010,33.16666793823242,33.16666793823242,0,33.16666793823242,33.16666793823242,28.708913803100586
12-11-2010,33.16666793823242,33.16666793823242,0,33.16666793823242,33.16666793823242,28.708913803100586
15-11-2010,33.16666793823242,33.16666793823242,0,33.16666793823242,33.16666793823242,28.708913803100586
16-11-2010,30.0,30.0,150,30.0,30.0,25.96785545349121
17-11-2010,30.0,30.0,0,30.0,30.0,25.96785545349121
18-11-2010,30.0,30.0,0,30.0,30.0,25.96785545349121
19-11-2010,30.0,30.0,0,30.0,30.0,25.96785545349121
22-11-2010,30.0,30.0,0,30.0,30.0,25.96785545349121
23-11-2010,30.0,30.0,0,30.0,30.0,25.96785545349121
24-11-2010,30.0,30.0,0,30.0,30.0,25.96785545349121
26-11-2010,30.0,30.0,0,30.0,30.0,25.96785545349121
29-11-2010,30.0,30.0,0,30.0,30.0,25.96785545349121
30-11-2010,30.0,30.0,0,30.0,30.0,25.96785545349121
01-12-2010,30.0,30.0,0,30.0,30.0,25.96785545349121
02-12-2010,30.0,30.0,0,30.0,30.0,25.96785545349121
03-12-2010,30.0,30.0,0,30.0,30.0,25.96785545349121
06-12-2010,30.0,30.0,0,30.0,30.0,25.96785545349121
07-12-2010,30.200000762939453,30.200000762939453,450,30.200000762939453,30.200000762939453,26.140975952148438
08-12-2010,30.200000762939453,30.200000762939453,0,30.200000762939453,30.200000762939453,26.140975952148438
09-12-2010,28.866666793823242,28.866666793823242,27750,28.866666793823242,28.866666793823242,24.986846923828125
10-12-2010,28.866666793823242,28.866666793823242,0,28.866666793823242,28.866666793823242,24.986846923828125
13-12-2010,28.99333381652832,28.99333381652832,22500,28.99333381652832,28.99333381652832,25.096487045288086
14-12-2010,31.333332061767578,31.333332061767578,150,31.333332061767578,31.333332061767578,27.121984481811523
15-12-2010,31.333332061767578,31.333332061767578,0,31.333332061767578,31.333332061767578,27.121984481811523
16-12-2010,31.333332061767578,31.333332061767578,0,31.333332061767578,31.333332061767578,27.121984481811523
17-12-2010,31.333332061767578,31.333332061767578,0,31.333332061767578,31.333332061767578,27.121984481811523
20-12-2010,31.333332061767578,31.333332061767578,0,31.333332061767578,31.333332061767578,27.121984481811523
21-12-2010,31.333332061767578,31.333332061767578,0,31.333332061767578,31.333332061767578,27.121984481811523
22-12-2010,31.333332061767578,31.333332061767578,0,31.333332061767578,31.333332061767578,27.121984481811523
23-12-2010,29.0,29.0,300,29.0,29.0,25.10226058959961
27-12-2010,29.0,29.0,0,29.0,29.0,25.10226058959961
28-12-2010,29.0,29.0,0,29.0,29.0,25.10226058959961
29-12-2010,29.0,29.0,0,29.0,29.0,25.10226058959961
30-12-2010,29.0,29.0,0,29.0,29.0,25.10226058959961
31-12-2010,29.0,29.0,0,29.0,29.0,25.10226058959961
03-01-2011,30.0,30.0,300,30.0,30.0,25.96785545349121
04-01-2011,29.5,29.5,300,29.5,29.5,25.535057067871094
05-01-2011,29.5,29.5,0,29.5,29.5,25.535057067871094
06-01-2011,29.5,29.5,0,29.5,29.5,25.535057067871094
07-01-2011,29.5,29.5,0,29.5,29.5,25.535057067871094
10-01-2011,26.666667938232422,26.666667938232422,600,26.666667938232422,26.666667938232422,23.08254051208496
11-01-2011,26.666667938232422,26.666667938232422,0,26.666667938232422,26.666667938232422,23.08254051208496
12-01-2011,26.666667938232422,26.666667938232422,0,26.666667938232422,26.666667938232422,23.08254051208496
13-01-2011,26.666667938232422,26.666667938232422,0,26.666667938232422,26.666667938232422,23.08254051208496
14-01-2011,26.666667938232422,26.666667938232422,0,26.666667938232422,26.666667938232422,23.08254051208496
18-01-2011,26.666667938232422,26.666667938232422,0,26.666667938232422,26.666667938232422,23.08254051208496
19-01-2011,26.666667938232422,26.666667938232422,0,26.666667938232422,26.666667938232422,23.08254051208496
20-01-2011,23.666667938232422,23.666667938232422,5100,24.333332061767578,24.0,20.77428436279297
21-01-2011,24.46666717529297,24.46666717529297,300,24.46666717529297,24.46666717529297,21.178226470947266
24-01-2011,24.333332061767578,24.333332061767578,150,24.333332061767578,24.333332061767578,21.062816619873047
25-01-2011,23.5,23.5,300,23.5,23.5,20.34148597717285
26-01-2011,23.5,23.5,0,23.5,23.5,20.34148597717285
27-01-2011,23.5,23.5,0,23.5,23.5,20.34148597717285
28-01-2011,23.5,23.5,0,23.5,23.5,20.34148597717285
31-01-2011,23.5,23.5,0,23.5,23.5,20.34148597717285
01-02-2011,23.5,23.5,0,23.5,23.5,20.34148597717285
02-02-2011,23.5,23.5,0,23.5,23.5,20.34148597717285
03-02-2011,23.5,23.5,0,23.5,23.5,20.34148597717285
04-02-2011,23.666667938232422,23.666667938232422,300,23.666667938232422,23.666667938232422,20.485755920410156
07-02-2011,23.666667938232422,23.666667938232422,0,23.666667938232422,23.666667938232422,20.485755920410156
08-02-2011,23.166667938232422,23.166667938232422,450,23.166667938232422,23.166667938232422,20.05295753479004
09-02-2011,22.053333282470703,22.053333282470703,3300,22.053333282470703,22.053333282470703,19.08926010131836
10-02-2011,22.053333282470703,22.053333282470703,900,22.066667556762695,22.066667556762695,19.10080337524414
11-02-2011,22.166667938232422,22.166667938232422,900,22.166667938232422,22.166667938232422,19.187360763549805
14-02-2011,24.200000762939453,24.200000762939453,600,24.666667938232422,24.666667938232422,21.351350784301758
15-02-2011,24.666667938232422,24.666667938232422,0,24.666667938232422,24.666667938232422,21.351350784301758
16-02-2011,24.666667938232422,24.666667938232422,0,24.666667938232422,24.666667938232422,21.351350784301758
17-02-2011,24.666667938232422,24.666667938232422,0,24.666667938232422,24.666667938232422,21.351350784301758
18-02-2011,24.666667938232422,24.666667938232422,0,24.666667938232422,24.666667938232422,21.351350784301758
22-02-2011,24.666667938232422,24.666667938232422,0,24.666667938232422,24.666667938232422,21.351350784301758
23-02-2011,24.666667938232422,24.666667938232422,0,24.666667938232422,24.666667938232422,21.351350784301758
24-02-2011,24.666667938232422,24.666667938232422,0,24.666667938232422,24.666667938232422,21.351350784301758
25-02-2011,24.666667938232422,24.666667938232422,0,24.666667938232422,24.666667938232422,21.351350784301758
28-02-2011,24.666667938232422,24.666667938232422,0,24.666667938232422,24.666667938232422,21.351350784301758
01-03-2011,24.666667938232422,24.666667938232422,0,24.666667938232422,24.666667938232422,21.351350784301758
02-03-2011,24.666667938232422,24.666667938232422,0,24.666667938232422,24.666667938232422,21.351350784301758
03-03-2011,24.666667938232422,24.666667938232422,0,24.666667938232422,24.666667938232422,21.351350784301758
04-03-2011,24.666667938232422,24.666667938232422,0,24.666667938232422,24.666667938232422,21.351350784301758
07-03-2011,23.666667938232422,23.666667938232422,300,23.666667938232422,23.666667938232422,20.485755920410156
08-03-2011,23.666667938232422,23.666667938232422,0,23.666667938232422,23.666667938232422,20.485755920410156
09-03-2011,23.233333587646484,23.233333587646484,7350,23.233333587646484,23.233333587646484,20.11066246032715
10-03-2011,22.866666793823242,22.866666793823242,750,22.866666793823242,22.866666793823242,19.793277740478516
11-03-2011,22.866666793823242,22.866666793823242,0,22.866666793823242,22.866666793823242,19.793277740478516
14-03-2011,23.03333282470703,23.03333282470703,750,23.100000381469727,23.100000381469727,19.99525260925293
15-03-2011,22.553333282470703,22.553333282470703,14550,22.553333282470703,22.553333282470703,19.522056579589844
16-03-2011,22.600000381469727,22.600000381469727,24750,22.600000381469727,22.600000381469727,19.56245231628418
17-03-2011,22.600000381469727,22.600000381469727,0,22.600000381469727,22.600000381469727,19.56245231628418
18-03-2011,22.600000381469727,22.600000381469727,0,22.600000381469727,22.600000381469727,19.56245231628418
21-03-2011,22.600000381469727,22.600000381469727,0,22.600000381469727,22.600000381469727,19.56245231628418
22-03-2011,22.766666412353516,22.766666412353516,300,22.766666412353516,22.766666412353516,19.70671844482422
23-03-2011,23.0,24.0,34950,24.0,23.0,19.908687591552734
24-03-2011,23.219999313354492,23.219999313354492,38400,24.0,23.53333282470703,20.37034034729004
25-03-2011,23.53333282470703,23.53333282470703,0,23.53333282470703,23.53333282470703,20.37034034729004
28-03-2011,25.399999618530273,25.399999618530273,150,25.399999618530273,25.399999618530273,21.98611831665039
29-03-2011,25.399999618530273,25.399999618530273,0,25.399999618530273,25.399999618530273,21.98611831665039
30-03-2011,25.333332061767578,25.566667556762695,16800,25.566667556762695,25.333332061767578,21.92841339111328
31-03-2011,25.100000381469727,25.100000381469727,900,25.100000381469727,25.100000381469727,21.726442337036133
01-04-2011,25.166667938232422,25.166667938232422,300,25.166667938232422,25.166667938232422,21.784147262573242
04-04-2011,25.166667938232422,25.166667938232422,0,25.166667938232422,25.166667938232422,21.784147262573242
05-04-2011,24.666667938232422,24.666667938232422,600,24.666667938232422,24.666667938232422,21.351350784301758
06-04-2011,24.666667938232422,24.666667938232422,0,24.666667938232422,24.666667938232422,21.351350784301758
07-04-2011,24.799999237060547,25.399999618530273,4800,25.399999618530273,24.833332061767578,21.495616912841797
08-04-2011,24.833332061767578,24.833332061767578,0,24.833332061767578,24.833332061767578,21.495616912841797
11-04-2011,24.833332061767578,24.833332061767578,0,24.833332061767578,24.833332061767578,21.495616912841797
12-04-2011,24.700000762939453,24.700000762939453,600,24.96666717529297,24.96666717529297,21.61102867126465
13-04-2011,24.96666717529297,24.96666717529297,0,24.96666717529297,24.96666717529297,21.61102867126465
14-04-2011,25.0,25.0,1050,25.0,25.0,21.639881134033203
15-04-2011,24.666667938232422,24.666667938232422,900,24.666667938232422,24.666667938232422,21.351350784301758
18-04-2011,24.666667938232422,24.666667938232422,0,24.666667938232422,24.666667938232422,21.351350784301758
19-04-2011,25.333332061767578,25.799999237060547,750,25.799999237060547,25.333332061767578,21.92841339111328
20-04-2011,25.546667098999023,25.546667098999023,750,25.546667098999023,25.546667098999023,22.113073348999023
21-04-2011,25.0,25.0,600,25.0,25.0,21.639881134033203
25-04-2011,25.0,25.0,0,25.0,25.0,21.639881134033203
26-04-2011,25.5,25.5,150,25.5,25.5,22.072677612304688
27-04-2011,25.5,25.5,0,25.5,25.5,22.072677612304688
28-04-2011,25.5,25.5,0,25.5,25.5,22.072677612304688
29-04-2011,25.5,25.5,0,25.5,25.5,22.072677612304688
02-05-2011,25.166667938232422,25.166667938232422,300,25.166667938232422,25.166667938232422,21.784147262573242
03-05-2011,23.333332061767578,23.333332061767578,600,23.333332061767578,23.333332061767578,20.197223663330078
04-05-2011,22.666667938232422,22.666667938232422,450,22.666667938232422,22.666667938232422,19.620159149169922
05-05-2011,22.666667938232422,22.666667938232422,0,22.666667938232422,22.666667938232422,19.620159149169922
06-05-2011,22.666667938232422,22.666667938232422,0,22.666667938232422,22.666667938232422,19.620159149169922
09-05-2011,23.666667938232422,23.666667938232422,600,23.666667938232422,23.666667938232422,20.485755920410156
10-05-2011,23.666667938232422,23.666667938232422,600,23.666667938232422,23.666667938232422,20.485755920410156
11-05-2011,23.0,23.0,300,23.0,23.0,19.908687591552734
12-05-2011,23.0,23.0,0,23.0,23.0,19.908687591552734
13-05-2011,23.233333587646484,23.233333587646484,1050,23.233333587646484,23.233333587646484,20.11066246032715
16-05-2011,22.166667938232422,22.166667938232422,1050,22.666667938232422,22.666667938232422,19.620159149169922
17-05-2011,22.666667938232422,22.666667938232422,3600,22.666667938232422,22.666667938232422,19.620159149169922
18-05-2011,22.666667938232422,22.666667938232422,0,22.666667938232422,22.666667938232422,19.620159149169922
19-05-2011,24.0,24.0,450,24.0,24.0,20.77428436279297
20-05-2011,24.0,24.0,0,24.0,24.0,20.77428436279297
23-05-2011,24.0,24.0,0,24.0,24.0,20.77428436279297
24-05-2011,24.0,24.0,0,24.0,24.0,20.77428436279297
25-05-2011,24.0,24.0,0,24.0,24.0,20.77428436279297
26-05-2011,24.0,24.0,0,24.0,24.0,20.77428436279297
27-05-2011,24.0,24.0,0,24.0,24.0,20.77428436279297
31-05-2011,24.266666412353516,24.266666412353516,300,24.266666412353516,24.266666412353516,21.00511360168457
01-06-2011,24.266666412353516,24.266666412353516,0,24.266666412353516,24.266666412353516,21.00511360168457
02-06-2011,24.100000381469727,24.633333206176758,750,24.633333206176758,24.100000381469727,20.8608455657959
03-06-2011,25.766666412353516,25.766666412353516,300,25.766666412353516,25.766666412353516,22.303508758544922
06-06-2011,25.766666412353516,25.766666412353516,0,25.766666412353516,25.766666412353516,22.303508758544922
07-06-2011,25.766666412353516,25.766666412353516,0,25.766666412353516,25.766666412353516,22.303508758544922
08-06-2011,25.766666412353516,25.766666412353516,0,25.766666412353516,25.766666412353516,22.303508758544922
09-06-2011,25.799999237060547,25.799999237060547,300,25.799999237060547,25.799999237060547,22.332355499267578
10-06-2011,25.666667938232422,25.666667938232422,1800,25.666667938232422,25.666667938232422,22.216943740844727
13-06-2011,25.666667938232422,25.666667938232422,0,25.666667938232422,25.666667938232422,22.216943740844727
14-06-2011,25.666667938232422,25.666667938232422,0,25.666667938232422,25.666667938232422,22.216943740844727
15-06-2011,25.166667938232422,25.166667938232422,900,25.166667938232422,25.166667938232422,21.784147262573242
16-06-2011,25.15333366394043,25.15333366394043,18000,25.15333366394043,25.15333366394043,21.772605895996094
17-06-2011,25.15333366394043,25.15333366394043,0,25.15333366394043,25.15333366394043,21.772605895996094
20-06-2011,24.53333282470703,24.53333282470703,150,24.53333282470703,24.53333282470703,21.23593521118164
21-06-2011,24.53333282470703,24.53333282470703,0,24.53333282470703,24.53333282470703,21.23593521118164
22-06-2011,24.333332061767578,24.333332061767578,300,24.333332061767578,24.333332061767578,21.062816619873047
23-06-2011,25.5,25.5,450,25.5,25.5,22.072677612304688
24-06-2011,25.5,25.5,0,25.5,25.5,22.072677612304688
27-06-2011,26.333332061767578,26.333332061767578,150,26.333332061767578,26.333332061767578,22.794010162353516
28-06-2011,26.333332061767578,26.333332061767578,0,26.333332061767578,26.333332061767578,22.794010162353516
29-06-2011,26.333332061767578,26.333332061767578,0,26.333332061767578,26.333332061767578,22.794010162353516
30-06-2011,27.213333129882812,27.213333129882812,20550,27.213333129882812,27.213333129882812,23.555736541748047
01-07-2011,27.399999618530273,27.399999618530273,300,27.399999618530273,27.399999618530273,23.717308044433594
05-07-2011,27.399999618530273,27.399999618530273,0,27.399999618530273,27.399999618530273,23.717308044433594
06-07-2011,27.333332061767578,27.333332061767578,450,27.333332061767578,27.333332061767578,23.65960121154785
07-07-2011,27.833332061767578,27.833332061767578,150,27.833332061767578,27.833332061767578,24.092395782470703
08-07-2011,27.833332061767578,27.833332061767578,0,27.833332061767578,27.833332061767578,24.092395782470703
11-07-2011,27.833332061767578,27.833332061767578,0,27.833332061767578,27.833332061767578,24.092395782470703
12-07-2011,27.833332061767578,27.833332061767578,0,27.833332061767578,27.833332061767578,24.092395782470703
13-07-2011,27.833332061767578,27.833332061767578,0,27.833332061767578,27.833332061767578,24.092395782470703
14-07-2011,27.833332061767578,27.833332061767578,0,27.833332061767578,27.833332061767578,24.092395782470703
15-07-2011,27.833332061767578,27.833332061767578,0,27.833332061767578,27.833332061767578,24.092395782470703
18-07-2011,27.833332061767578,27.833332061767578,0,27.833332061767578,27.833332061767578,24.092395782470703
19-07-2011,27.833332061767578,27.833332061767578,0,27.833332061767578,27.833332061767578,24.092395782470703
20-07-2011,27.833332061767578,27.833332061767578,0,27.833332061767578,27.833332061767578,24.092395782470703
21-07-2011,27.833332061767578,27.833332061767578,0,27.833332061767578,27.833332061767578,24.092395782470703
22-07-2011,27.833332061767578,27.833332061767578,0,27.833332061767578,27.833332061767578,24.092395782470703
25-07-2011,27.833332061767578,27.833332061767578,0,27.833332061767578,27.833332061767578,24.092395782470703
26-07-2011,27.833332061767578,27.833332061767578,0,27.833332061767578,27.833332061767578,24.092395782470703
27-07-2011,27.833332061767578,27.833332061767578,0,27.833332061767578,27.833332061767578,24.092395782470703
28-07-2011,27.833332061767578,27.833332061767578,0,27.833332061767578,27.833332061767578,24.092395782470703
29-07-2011,27.833332061767578,27.833332061767578,0,27.833332061767578,27.833332061767578,24.092395782470703
01-08-2011,27.833332061767578,27.833332061767578,0,27.833332061767578,27.833332061767578,24.092395782470703
02-08-2011,27.833332061767578,27.833332061767578,0,27.833332061767578,27.833332061767578,24.092395782470703
03-08-2011,27.833332061767578,27.833332061767578,0,27.833332061767578,27.833332061767578,24.092395782470703
04-08-2011,27.833332061767578,27.833332061767578,0,27.833332061767578,27.833332061767578,24.092395782470703
05-08-2011,24.433332443237305,24.433332443237305,150,24.433332443237305,24.433332443237305,21.149375915527344
08-08-2011,24.433332443237305,24.433332443237305,0,24.433332443237305,24.433332443237305,21.149375915527344
09-08-2011,24.433332443237305,24.433332443237305,0,24.433332443237305,24.433332443237305,21.149375915527344
10-08-2011,24.433332443237305,24.433332443237305,0,24.433332443237305,24.433332443237305,21.149375915527344
11-08-2011,24.433332443237305,24.433332443237305,0,24.433332443237305,24.433332443237305,21.149375915527344
12-08-2011,24.433332443237305,24.433332443237305,0,24.433332443237305,24.433332443237305,21.149375915527344
15-08-2011,24.433332443237305,24.433332443237305,0,24.433332443237305,24.433332443237305,21.149375915527344
16-08-2011,24.433332443237305,24.433332443237305,0,24.433332443237305,24.433332443237305,21.33683967590332
17-08-2011,24.433332443237305,24.433332443237305,0,24.433332443237305,24.433332443237305,21.33683967590332
18-08-2011,23.666667938232422,23.666667938232422,300,23.666667938232422,23.666667938232422,20.66733741760254
19-08-2011,23.0,23.0,300,23.0,23.0,20.08515739440918
22-08-2011,23.0,23.0,0,23.0,23.0,20.08515739440918
23-08-2011,23.0,23.0,0,23.0,23.0,20.08515739440918
24-08-2011,23.0,23.0,0,23.0,23.0,20.08515739440918
25-08-2011,22.333332061767578,22.333332061767578,2550,22.333332061767578,22.333332061767578,19.502981185913086
26-08-2011,22.200000762939453,22.200000762939453,750,22.200000762939453,22.200000762939453,19.386545181274414
29-08-2011,22.200000762939453,22.200000762939453,0,22.200000762939453,22.200000762939453,19.386545181274414
30-08-2011,22.200000762939453,22.200000762939453,0,22.200000762939453,22.200000762939453,19.386545181274414
31-08-2011,22.200000762939453,22.200000762939453,0,22.200000762939453,22.200000762939453,19.386545181274414
01-09-2011,22.200000762939453,22.200000762939453,0,22.200000762939453,22.200000762939453,19.386545181274414
02-09-2011,22.200000762939453,22.200000762939453,0,22.200000762939453,22.200000762939453,19.386545181274414
06-09-2011,22.200000762939453,22.200000762939453,0,22.200000762939453,22.200000762939453,19.386545181274414
07-09-2011,22.200000762939453,22.200000762939453,0,22.200000762939453,22.200000762939453,19.386545181274414
08-09-2011,22.200000762939453,22.200000762939453,0,22.200000762939453,22.200000762939453,19.386545181274414
09-09-2011,22.200000762939453,22.200000762939453,0,22.200000762939453,22.200000762939453,19.386545181274414
12-09-2011,22.666667938232422,22.666667938232422,1200,22.666667938232422,22.666667938232422,19.794071197509766
13-09-2011,22.333332061767578,22.333332061767578,600,22.333332061767578,22.333332061767578,19.502981185913086
14-09-2011,22.333332061767578,22.333332061767578,0,22.333332061767578,22.333332061767578,19.502981185913086
15-09-2011,22.333332061767578,22.333332061767578,0,22.333332061767578,22.333332061767578,19.502981185913086
16-09-2011,22.333332061767578,22.333332061767578,0,22.333332061767578,22.333332061767578,19.502981185913086
19-09-2011,22.333332061767578,22.333332061767578,0,22.333332061767578,22.333332061767578,19.502981185913086
20-09-2011,21.579999923706055,21.579999923706055,12900,21.579999923706055,21.579999923706055,18.845117568969727
21-09-2011,21.579999923706055,21.579999923706055,0,21.579999923706055,21.579999923706055,18.845117568969727
22-09-2011,19.333332061767578,19.333332061767578,600,19.866666793823242,19.866666793823242,17.348920822143555
23-09-2011,19.866666793823242,19.866666793823242,0,19.866666793823242,19.866666793823242,17.348920822143555
26-09-2011,19.866666793823242,19.866666793823242,0,19.866666793823242,19.866666793823242,17.348920822143555
27-09-2011,19.866666793823242,19.866666793823242,0,19.866666793823242,19.866666793823242,17.348920822143555
28-09-2011,19.866666793823242,19.866666793823242,0,19.866666793823242,19.866666793823242,17.348920822143555
29-09-2011,19.866666793823242,19.866666793823242,0,19.866666793823242,19.866666793823242,17.348920822143555
30-09-2011,17.933332443237305,18.093332290649414,36000,18.093332290649414,17.933332443237305,15.660600662231445
03-10-2011,17.933332443237305,17.933332443237305,0,17.933332443237305,17.933332443237305,15.660600662231445
04-10-2011,17.933332443237305,17.933332443237305,0,17.933332443237305,17.933332443237305,15.660600662231445
05-10-2011,17.933332443237305,17.933332443237305,0,17.933332443237305,17.933332443237305,15.660600662231445
06-10-2011,17.933332443237305,17.933332443237305,0,17.933332443237305,17.933332443237305,15.660600662231445
07-10-2011,17.933332443237305,17.933332443237305,0,17.933332443237305,17.933332443237305,15.660600662231445
10-10-2011,17.933332443237305,17.933332443237305,0,17.933332443237305,17.933332443237305,15.660600662231445
11-10-2011,17.933332443237305,17.933332443237305,0,17.933332443237305,17.933332443237305,15.660600662231445
12-10-2011,20.166667938232422,20.166667938232422,300,20.166667938232422,20.166667938232422,17.610898971557617
13-10-2011,20.166667938232422,20.166667938232422,0,20.166667938232422,20.166667938232422,17.610898971557617
14-10-2011,20.166667938232422,20.166667938232422,0,20.166667938232422,20.166667938232422,17.610898971557617
17-10-2011,19.066667556762695,19.066667556762695,300,19.066667556762695,19.066667556762695,16.650306701660156
18-10-2011,19.066667556762695,19.066667556762695,0,19.066667556762695,19.066667556762695,16.650306701660156
19-10-2011,19.066667556762695,19.066667556762695,0,19.066667556762695,19.066667556762695,16.650306701660156
20-10-2011,19.066667556762695,19.066667556762695,0,19.066667556762695,19.066667556762695,16.650306701660156
21-10-2011,19.066667556762695,19.066667556762695,0,19.066667556762695,19.066667556762695,16.650306701660156
24-10-2011,19.066667556762695,19.066667556762695,0,19.066667556762695,19.066667556762695,16.650306701660156
25-10-2011,18.0,18.0,1200,18.0,18.0,15.718818664550781
26-10-2011,18.0,18.0,0,18.0,18.0,15.718818664550781
27-10-2011,18.0,18.0,0,18.0,18.0,15.718818664550781
28-10-2011,18.0,18.0,0,18.0,18.0,15.718818664550781
31-10-2011,18.0,18.0,0,18.0,18.0,15.718818664550781
01-11-2011,18.833332061767578,18.833332061767578,300,18.833332061767578,18.833332061767578,16.44654083251953
02-11-2011,18.833332061767578,18.833332061767578,0,18.833332061767578,18.833332061767578,16.44654083251953
03-11-2011,18.833332061767578,18.833332061767578,0,18.833332061767578,18.833332061767578,16.44654083251953
04-11-2011,18.833332061767578,18.833332061767578,0,18.833332061767578,18.833332061767578,16.44654083251953
07-11-2011,18.666667938232422,18.666667938232422,600,18.666667938232422,18.666667938232422,16.301000595092773
08-11-2011,18.666667938232422,18.666667938232422,0,18.666667938232422,18.666667938232422,16.301000595092773
09-11-2011,18.666667938232422,18.666667938232422,0,18.666667938232422,18.666667938232422,16.301000595092773
10-11-2011,18.666667938232422,18.666667938232422,0,18.666667938232422,18.666667938232422,16.301000595092773
11-11-2011,18.666667938232422,18.666667938232422,0,18.666667938232422,18.666667938232422,16.301000595092773
14-11-2011,18.666667938232422,18.666667938232422,0,18.666667938232422,18.666667938232422,16.301000595092773
15-11-2011,16.68000030517578,16.68000030517578,10500,16.68000030517578,16.68000030517578,14.566105842590332
16-11-2011,16.68000030517578,16.68000030517578,0,16.68000030517578,16.68000030517578,14.566105842590332
17-11-2011,16.68000030517578,16.68000030517578,0,16.68000030517578,16.68000030517578,14.566105842590332
18-11-2011,16.68000030517578,16.68000030517578,0,16.68000030517578,16.68000030517578,14.566105842590332
21-11-2011,16.68000030517578,16.68000030517578,0,16.68000030517578,16.68000030517578,14.566105842590332
22-11-2011,16.68000030517578,16.68000030517578,0,16.68000030517578,16.68000030517578,14.566105842590332
23-11-2011,16.68000030517578,16.68000030517578,0,16.68000030517578,16.68000030517578,14.566105842590332
25-11-2011,16.68000030517578,16.68000030517578,0,16.68000030517578,16.68000030517578,14.566105842590332
28-11-2011,16.68000030517578,16.68000030517578,0,16.68000030517578,16.68000030517578,14.566105842590332
29-11-2011,16.68000030517578,16.68000030517578,0,16.68000030517578,16.68000030517578,14.566105842590332
30-11-2011,16.5,16.5,2250,16.5,16.5,14.408917427062988
01-12-2011,16.5,16.5,0,16.5,16.5,14.408917427062988
02-12-2011,16.5,16.5,0,16.5,16.5,14.408917427062988
05-12-2011,16.666667938232422,17.066667556762695,28350,17.066667556762695,16.666667938232422,14.554464340209961
06-12-2011,16.666667938232422,16.666667938232422,0,16.666667938232422,16.666667938232422,14.554464340209961
07-12-2011,16.666667938232422,16.666667938232422,0,16.666667938232422,16.666667938232422,14.554464340209961
08-12-2011,16.666667938232422,16.666667938232422,0,16.666667938232422,16.666667938232422,14.554464340209961
09-12-2011,16.666667938232422,16.666667938232422,0,16.666667938232422,16.666667938232422,14.554464340209961
12-12-2011,16.666667938232422,16.666667938232422,0,16.666667938232422,16.666667938232422,14.554464340209961
13-12-2011,16.666667938232422,16.666667938232422,0,16.666667938232422,16.666667938232422,14.554464340209961
14-12-2011,16.666667938232422,16.666667938232422,0,16.666667938232422,16.666667938232422,14.554464340209961
15-12-2011,14.079999923706055,14.079999923706055,900,14.079999923706055,14.079999923706055,12.295610427856445
16-12-2011,14.079999923706055,14.079999923706055,0,14.079999923706055,14.079999923706055,12.295610427856445
19-12-2011,14.079999923706055,14.079999923706055,0,14.079999923706055,14.079999923706055,12.295610427856445
20-12-2011,14.079999923706055,14.079999923706055,0,14.079999923706055,14.079999923706055,12.295610427856445
21-12-2011,14.079999923706055,14.079999923706055,0,14.079999923706055,14.079999923706055,12.295610427856445
22-12-2011,14.079999923706055,14.079999923706055,0,14.079999923706055,14.079999923706055,12.295610427856445
23-12-2011,14.079999923706055,14.079999923706055,0,14.079999923706055,14.079999923706055,12.295610427856445
27-12-2011,14.079999923706055,14.079999923706055,0,14.079999923706055,14.079999923706055,12.295610427856445
28-12-2011,14.079999923706055,14.079999923706055,0,14.079999923706055,14.079999923706055,12.295610427856445
29-12-2011,14.079999923706055,14.079999923706055,0,14.079999923706055,14.079999923706055,12.295610427856445
30-12-2011,12.546667098999023,12.546667098999023,150,12.546667098999023,12.546667098999023,10.956600189208984
03-01-2012,12.546667098999023,12.546667098999023,0,12.546667098999023,12.546667098999023,10.956600189208984
04-01-2012,12.546667098999023,12.546667098999023,0,12.546667098999023,12.546667098999023,10.956600189208984
05-01-2012,12.546667098999023,12.546667098999023,0,12.546667098999023,12.546667098999023,10.956600189208984
06-01-2012,12.546667098999023,12.546667098999023,0,12.546667098999023,12.546667098999023,10.956600189208984
09-01-2012,13.333333015441895,13.333333015441895,750,13.333333015441895,13.333333015441895,11.643569946289062
10-01-2012,13.333333015441895,13.333333015441895,0,13.333333015441895,13.333333015441895,11.643569946289062
11-01-2012,13.333333015441895,13.333333015441895,0,13.333333015441895,13.333333015441895,11.643569946289062
12-01-2012,14.613332748413086,14.613332748413086,300,14.613332748413086,14.613332748413086,12.761350631713867
13-01-2012,14.613332748413086,14.613332748413086,0,14.613332748413086,14.613332748413086,12.761350631713867
17-01-2012,14.613332748413086,14.613332748413086,0,14.613332748413086,14.613332748413086,12.761350631713867
18-01-2012,16.833332061767578,16.833332061767578,300,16.833332061767578,16.833332061767578,14.700006484985352
19-01-2012,16.833332061767578,16.833332061767578,0,16.833332061767578,16.833332061767578,14.700006484985352
20-01-2012,16.833332061767578,16.833332061767578,0,16.833332061767578,16.833332061767578,14.700006484985352
23-01-2012,16.833332061767578,16.833332061767578,0,16.833332061767578,16.833332061767578,14.700006484985352
24-01-2012,17.666667938232422,17.666667938232422,7500,17.666667938232422,17.666667938232422,15.427730560302734
25-01-2012,17.666667938232422,17.666667938232422,0,17.666667938232422,17.666667938232422,15.427730560302734
26-01-2012,17.5,17.5,300,17.5,17.5,15.282184600830078
27-01-2012,17.5,17.5,0,17.5,17.5,15.282184600830078
30-01-2012,17.5,17.5,0,17.5,17.5,15.282184600830078
31-01-2012,17.5,17.5,0,17.5,17.5,15.282184600830078
01-02-2012,17.5,17.5,0,17.5,17.5,15.282184600830078
02-02-2012,17.5,17.5,0,17.5,17.5,15.282184600830078
03-02-2012,17.5,17.5,0,17.5,17.5,15.282184600830078
06-02-2012,17.5,17.5,0,17.5,17.5,15.282184600830078
07-02-2012,17.5,17.5,0,17.5,17.5,15.282184600830078
08-02-2012,17.5,17.5,0,17.5,17.5,15.282184600830078
09-02-2012,17.5,17.5,0,17.5,17.5,15.282184600830078
10-02-2012,17.5,17.5,0,17.5,17.5,15.282184600830078
13-02-2012,17.5,17.5,0,17.5,17.5,15.282184600830078
14-02-2012,17.5,17.5,0,17.5,17.5,15.282184600830078
15-02-2012,17.5,17.5,0,17.5,17.5,15.282184600830078
16-02-2012,17.5,17.5,0,17.5,17.5,15.282184600830078
17-02-2012,17.5,17.5,0,17.5,17.5,15.282184600830078
21-02-2012,17.5,17.5,0,17.5,17.5,15.282184600830078
22-02-2012,17.5,17.5,0,17.5,17.5,15.282184600830078
23-02-2012,17.5,17.5,0,17.5,17.5,15.282184600830078
24-02-2012,17.5,17.5,0,17.5,17.5,15.282184600830078
27-02-2012,17.5,17.5,0,17.5,17.5,15.282184600830078
28-02-2012,17.5,17.5,0,17.5,17.5,15.282184600830078
29-02-2012,17.933332443237305,18.166667938232422,40350,18.166667938232422,17.933332443237305,15.660600662231445
01-03-2012,17.833332061767578,17.833332061767578,300,17.833332061767578,17.833332061767578,15.573271751403809
02-03-2012,17.333332061767578,17.333332061767578,1500,17.399999618530273,17.399999618530273,15.19485855102539
05-03-2012,17.233333587646484,17.233333587646484,2400,17.233333587646484,17.233333587646484,15.04931354522705
06-03-2012,17.233333587646484,17.233333587646484,0,17.233333587646484,17.233333587646484,15.04931354522705
07-03-2012,17.233333587646484,17.233333587646484,0,17.233333587646484,17.233333587646484,15.04931354522705
08-03-2012,17.233333587646484,17.233333587646484,0,17.233333587646484,17.233333587646484,15.04931354522705
09-03-2012,17.233333587646484,17.233333587646484,0,17.233333587646484,17.233333587646484,15.04931354522705
12-03-2012,18.0,18.0,300,18.0,18.0,15.718818664550781
13-03-2012,18.03333282470703,18.03333282470703,2400,18.03333282470703,18.03333282470703,15.747928619384766
14-03-2012,18.03333282470703,18.03333282470703,0,18.03333282470703,18.03333282470703,15.747928619384766
15-03-2012,18.333332061767578,18.333332061767578,2550,18.333332061767578,18.333332061767578,16.009906768798828
16-03-2012,18.0,18.0,300,18.0,18.0,15.718818664550781
19-03-2012,18.0,18.0,0,18.0,18.0,15.718818664550781
20-03-2012,18.0,18.0,0,18.0,18.0,15.718818664550781
21-03-2012,18.0,18.0,0,18.0,18.0,15.718818664550781
22-03-2012,18.0,18.0,0,18.0,18.0,15.718818664550781
23-03-2012,18.0,18.0,0,18.0,18.0,15.718818664550781
26-03-2012,16.780000686645508,16.780000686645508,750,16.780000686645508,16.780000686645508,14.653432846069336
27-03-2012,16.666667938232422,16.666667938232422,300,16.666667938232422,16.666667938232422,14.554464340209961
28-03-2012,16.666667938232422,16.666667938232422,0,16.666667938232422,16.666667938232422,14.554464340209961
29-03-2012,16.666667938232422,16.666667938232422,0,16.666667938232422,16.666667938232422,14.554464340209961
30-03-2012,16.666667938232422,16.666667938232422,0,16.666667938232422,16.666667938232422,14.554464340209961
02-04-2012,16.666667938232422,16.666667938232422,0,16.666667938232422,16.666667938232422,14.554464340209961
03-04-2012,17.700000762939453,17.700000762939453,600,17.700000762939453,17.700000762939453,15.456839561462402
04-04-2012,17.700000762939453,17.700000762939453,0,17.700000762939453,17.700000762939453,15.456839561462402
05-04-2012,17.700000762939453,17.700000762939453,0,17.700000762939453,17.700000762939453,15.456839561462402
09-04-2012,17.700000762939453,17.700000762939453,0,17.700000762939453,17.700000762939453,15.456839561462402
10-04-2012,17.700000762939453,17.700000762939453,0,17.700000762939453,17.700000762939453,15.456839561462402
11-04-2012,17.700000762939453,17.700000762939453,0,17.700000762939453,17.700000762939453,15.456839561462402
12-04-2012,16.933332443237305,16.933332443237305,450,16.933332443237305,16.933332443237305,14.787333488464355
13-04-2012,16.933332443237305,16.933332443237305,0,16.933332443237305,16.933332443237305,14.787333488464355
16-04-2012,16.666667938232422,16.666667938232422,300,16.666667938232422,16.666667938232422,14.554464340209961
17-04-2012,16.666667938232422,16.666667938232422,0,16.666667938232422,16.666667938232422,14.554464340209961
18-04-2012,16.666667938232422,16.666667938232422,0,16.666667938232422,16.666667938232422,14.554464340209961
19-04-2012,16.666667938232422,16.666667938232422,0,16.666667938232422,16.666667938232422,14.554464340209961
20-04-2012,16.666667938232422,16.666667938232422,0,16.666667938232422,16.666667938232422,14.554464340209961
23-04-2012,16.666667938232422,16.666667938232422,0,16.666667938232422,16.666667938232422,14.554464340209961
24-04-2012,15.833333015441895,15.833333015441895,300,15.833333015441895,15.833333015441895,13.826738357543945
25-04-2012,15.833333015441895,15.833333015441895,0,15.833333015441895,15.833333015441895,13.826738357543945
26-04-2012,15.833333015441895,15.833333015441895,0,15.833333015441895,15.833333015441895,13.826738357543945
27-04-2012,15.833333015441895,15.833333015441895,0,15.833333015441895,15.833333015441895,13.826738357543945
30-04-2012,15.833333015441895,15.833333015441895,0,15.833333015441895,15.833333015441895,13.826738357543945
01-05-2012,15.833333015441895,15.833333015441895,0,15.833333015441895,15.833333015441895,13.826738357543945
02-05-2012,15.833333015441895,15.833333015441895,0,15.833333015441895,15.833333015441895,13.826738357543945
03-05-2012,15.833333015441895,15.833333015441895,0,15.833333015441895,15.833333015441895,13.826738357543945
04-05-2012,14.5,14.5,1050,14.5,14.5,12.662381172180176
07-05-2012,14.5,14.5,0,14.5,14.5,12.662381172180176
08-05-2012,14.5,14.5,0,14.5,14.5,12.662381172180176
09-05-2012,14.5,14.5,0,14.5,14.5,12.662381172180176
10-05-2012,14.5,14.5,0,14.5,14.5,12.662381172180176
11-05-2012,14.5,14.5,0,14.5,14.5,12.662381172180176
14-05-2012,14.5,14.5,0,14.5,14.5,12.662381172180176
15-05-2012,14.866666793823242,14.866666793823242,3000,14.866666793823242,14.866666793823242,12.98258113861084
16-05-2012,14.866666793823242,14.866666793823242,0,14.866666793823242,14.866666793823242,12.98258113861084
17-05-2012,14.866666793823242,14.866666793823242,0,14.866666793823242,14.866666793823242,12.98258113861084
18-05-2012,14.866666793823242,14.866666793823242,0,14.866666793823242,14.866666793823242,12.98258113861084
21-05-2012,14.866666793823242,14.866666793823242,0,14.866666793823242,14.866666793823242,12.98258113861084
22-05-2012,14.866666793823242,14.866666793823242,0,14.866666793823242,14.866666793823242,12.98258113861084
23-05-2012,14.866666793823242,14.866666793823242,0,14.866666793823242,14.866666793823242,12.98258113861084
24-05-2012,13.880000114440918,13.993332862854004,93750,13.993332862854004,13.880000114440918,12.120956420898438
25-05-2012,14.0,14.033332824707031,112200,14.033332824707031,14.0,12.225748062133789
29-05-2012,14.0,14.0,0,14.0,14.0,12.225748062133789
30-05-2012,13.826666831970215,13.826666831970215,10050,13.826666831970215,13.826666831970215,12.074381828308105
31-05-2012,13.826666831970215,13.826666831970215,0,13.826666831970215,13.826666831970215,12.074381828308105
01-06-2012,13.826666831970215,13.826666831970215,0,13.826666831970215,13.826666831970215,12.074381828308105
04-06-2012,13.826666831970215,13.826666831970215,0,13.826666831970215,13.826666831970215,12.074381828308105
05-06-2012,13.826666831970215,13.826666831970215,0,13.826666831970215,13.826666831970215,12.074381828308105
06-06-2012,13.826666831970215,13.826666831970215,0,13.826666831970215,13.826666831970215,12.074381828308105
07-06-2012,13.826666831970215,13.826666831970215,0,13.826666831970215,13.826666831970215,12.074381828308105
08-06-2012,13.826666831970215,13.826666831970215,0,13.826666831970215,13.826666831970215,12.074381828308105
11-06-2012,13.826666831970215,13.826666831970215,0,13.826666831970215,13.826666831970215,12.074381828308105
12-06-2012,13.826666831970215,13.826666831970215,0,13.826666831970215,13.826666831970215,12.074381828308105
13-06-2012,16.059999465942383,16.059999465942383,10500,16.059999465942383,16.059999465942383,14.024679183959961
14-06-2012,16.059999465942383,16.059999465942383,0,16.059999465942383,16.059999465942383,14.024679183959961
15-06-2012,16.059999465942383,16.059999465942383,0,16.059999465942383,16.059999465942383,14.024679183959961
18-06-2012,16.059999465942383,16.059999465942383,0,16.059999465942383,16.059999465942383,14.024679183959961
19-06-2012,16.040000915527344,16.040000915527344,1350,16.040000915527344,16.040000915527344,14.007217407226562
20-06-2012,16.040000915527344,16.040000915527344,0,16.040000915527344,16.040000915527344,14.007217407226562
21-06-2012,16.040000915527344,16.040000915527344,3000,16.040000915527344,16.040000915527344,14.007217407226562
22-06-2012,16.040000915527344,16.040000915527344,0,16.040000915527344,16.040000915527344,14.007217407226562
25-06-2012,16.040000915527344,16.040000915527344,0,16.040000915527344,16.040000915527344,14.007217407226562
26-06-2012,16.040000915527344,16.040000915527344,0,16.040000915527344,16.040000915527344,14.007217407226562
27-06-2012,16.040000915527344,16.040000915527344,0,16.040000915527344,16.040000915527344,14.007217407226562
28-06-2012,15.5,15.5,900,15.5,15.5,13.535651206970215
29-06-2012,16.666667938232422,16.666667938232422,1050,16.739999771118164,16.739999771118164,14.618501663208008
02-07-2012,16.739999771118164,16.739999771118164,0,16.739999771118164,16.739999771118164,14.618501663208008
03-07-2012,17.266666412353516,17.266666412353516,13050,17.266666412353516,17.266666412353516,15.078424453735352
05-07-2012,17.266666412353516,17.266666412353516,0,17.266666412353516,17.266666412353516,15.078424453735352
06-07-2012,17.266666412353516,17.266666412353516,0,17.266666412353516,17.266666412353516,15.078424453735352
09-07-2012,17.266666412353516,17.266666412353516,0,17.266666412353516,17.266666412353516,15.078424453735352
10-07-2012,17.266666412353516,17.266666412353516,0,17.266666412353516,17.266666412353516,15.078424453735352
11-07-2012,17.266666412353516,17.266666412353516,0,17.266666412353516,17.266666412353516,15.078424453735352
12-07-2012,16.666667938232422,16.666667938232422,2250,16.666667938232422,16.666667938232422,14.554464340209961
13-07-2012,16.666667938232422,16.666667938232422,0,16.666667938232422,16.666667938232422,14.554464340209961
16-07-2012,16.666667938232422,16.666667938232422,0,16.666667938232422,16.666667938232422,14.554464340209961
17-07-2012,16.666667938232422,16.666667938232422,0,16.666667938232422,16.666667938232422,14.554464340209961
18-07-2012,16.666667938232422,16.666667938232422,0,16.666667938232422,16.666667938232422,14.554464340209961
19-07-2012,16.666667938232422,16.666667938232422,0,16.666667938232422,16.666667938232422,14.554464340209961
20-07-2012,16.666667938232422,16.666667938232422,0,16.666667938232422,16.666667938232422,14.554464340209961
23-07-2012,16.666667938232422,16.666667938232422,0,16.666667938232422,16.666667938232422,14.554464340209961
24-07-2012,16.666667938232422,16.666667938232422,0,16.666667938232422,16.666667938232422,14.554464340209961
25-07-2012,15.733332633972168,15.733332633972168,3000,15.733332633972168,15.733332633972168,13.739410400390625
26-07-2012,15.733332633972168,15.733332633972168,0,15.733332633972168,15.733332633972168,13.739410400390625
27-07-2012,15.733332633972168,15.733332633972168,0,15.733332633972168,15.733332633972168,13.739410400390625
30-07-2012,16.166667938232422,16.166667938232422,300,16.166667938232422,16.166667938232422,14.117829322814941
31-07-2012,16.166667938232422,16.166667938232422,0,16.166667938232422,16.166667938232422,14.117829322814941
01-08-2012,16.166667938232422,16.166667938232422,0,16.166667938232422,16.166667938232422,14.117829322814941
02-08-2012,16.166667938232422,16.166667938232422,0,16.166667938232422,16.166667938232422,14.117829322814941
03-08-2012,16.166667938232422,16.166667938232422,0,16.166667938232422,16.166667938232422,14.117829322814941
06-08-2012,16.166667938232422,16.166667938232422,0,16.166667938232422,16.166667938232422,14.117829322814941
07-08-2012,16.933332443237305,17.273332595825195,6750,17.273332595825195,16.933332443237305,14.787333488464355
08-08-2012,16.933332443237305,16.933332443237305,0,16.933332443237305,16.933332443237305,14.787333488464355
09-08-2012,16.933332443237305,16.933332443237305,0,16.933332443237305,16.933332443237305,14.787333488464355
10-08-2012,16.933332443237305,16.933332443237305,0,16.933332443237305,16.933332443237305,14.787333488464355
13-08-2012,16.933332443237305,16.933332443237305,0,16.933332443237305,16.933332443237305,14.962287902832031
14-08-2012,16.933332443237305,16.933332443237305,0,16.933332443237305,16.933332443237305,14.962287902832031
15-08-2012,16.933332443237305,16.933332443237305,0,16.933332443237305,16.933332443237305,14.962287902832031
16-08-2012,16.933332443237305,16.933332443237305,0,16.933332443237305,16.933332443237305,14.962287902832031
17-08-2012,16.933332443237305,16.933332443237305,0,16.933332443237305,16.933332443237305,14.962287902832031
20-08-2012,16.933332443237305,16.933332443237305,0,16.933332443237305,16.933332443237305,14.962287902832031
21-08-2012,16.933332443237305,16.933332443237305,0,16.933332443237305,16.933332443237305,14.962287902832031
22-08-2012,16.933332443237305,16.933332443237305,0,16.933332443237305,16.933332443237305,14.962287902832031
23-08-2012,16.933332443237305,16.933332443237305,0,16.933332443237305,16.933332443237305,14.962287902832031
24-08-2012,16.933332443237305,16.933332443237305,0,16.933332443237305,16.933332443237305,14.962287902832031
27-08-2012,16.933332443237305,16.933332443237305,0,16.933332443237305,16.933332443237305,14.962287902832031
28-08-2012,16.933332443237305,16.933332443237305,0,16.933332443237305,16.933332443237305,14.962287902832031
29-08-2012,16.0,16.0,300,16.0,16.0,14.137594223022461
30-08-2012,15.933333396911621,16.0,4050,16.0,15.933333396911621,14.07868766784668
31-08-2012,15.933333396911621,15.933333396911621,0,15.933333396911621,15.933333396911621,14.07868766784668
04-09-2012,15.933333396911621,15.933333396911621,0,15.933333396911621,15.933333396911621,14.07868766784668
05-09-2012,15.933333396911621,15.933333396911621,0,15.933333396911621,15.933333396911621,14.07868766784668
06-09-2012,15.933333396911621,15.933333396911621,0,15.933333396911621,15.933333396911621,14.07868766784668
07-09-2012,15.933333396911621,15.933333396911621,0,15.933333396911621,15.933333396911621,14.07868766784668
10-09-2012,15.933333396911621,15.933333396911621,0,15.933333396911621,15.933333396911621,14.07868766784668
11-09-2012,15.933333396911621,15.933333396911621,0,15.933333396911621,15.933333396911621,14.07868766784668
12-09-2012,16.96666717529297,16.96666717529297,3300,16.96666717529297,16.96666717529297,14.991738319396973
13-09-2012,16.96666717529297,16.96666717529297,0,16.96666717529297,16.96666717529297,14.991738319396973
14-09-2012,16.96666717529297,16.96666717529297,0,16.96666717529297,16.96666717529297,14.991738319396973
17-09-2012,18.666667938232422,18.666667938232422,600,18.666667938232422,18.666667938232422,16.493860244750977
18-09-2012,18.666667938232422,18.666667938232422,0,18.666667938232422,18.666667938232422,16.493860244750977
19-09-2012,18.666667938232422,18.666667938232422,0,18.666667938232422,18.666667938232422,16.493860244750977
20-09-2012,18.666667938232422,18.666667938232422,0,18.666667938232422,18.666667938232422,16.493860244750977
21-09-2012,18.666667938232422,18.666667938232422,0,18.666667938232422,18.666667938232422,16.493860244750977
24-09-2012,18.666667938232422,18.666667938232422,0,18.666667938232422,18.666667938232422,16.493860244750977
25-09-2012,18.666667938232422,18.666667938232422,0,18.666667938232422,18.666667938232422,16.493860244750977
26-09-2012,19.100000381469727,19.100000381469727,450,19.100000381469727,19.100000381469727,16.876752853393555
27-09-2012,19.100000381469727,19.100000381469727,0,19.100000381469727,19.100000381469727,16.876752853393555
28-09-2012,19.100000381469727,19.100000381469727,0,19.100000381469727,19.100000381469727,16.876752853393555
01-10-2012,19.100000381469727,19.100000381469727,0,19.100000381469727,19.100000381469727,16.876752853393555
02-10-2012,19.100000381469727,19.100000381469727,0,19.100000381469727,19.100000381469727,16.876752853393555
03-10-2012,19.100000381469727,19.100000381469727,0,19.100000381469727,19.100000381469727,16.876752853393555
04-10-2012,21.1200008392334,21.1200008392334,1050,21.1200008392334,21.1200008392334,18.661623001098633
05-10-2012,21.1200008392334,21.1200008392334,0,21.1200008392334,21.1200008392334,18.661623001098633
08-10-2012,21.1200008392334,21.1200008392334,0,21.1200008392334,21.1200008392334,18.661623001098633
09-10-2012,21.1200008392334,21.1200008392334,0,21.1200008392334,21.1200008392334,18.661623001098633
10-10-2012,21.1200008392334,21.1200008392334,0,21.1200008392334,21.1200008392334,18.661623001098633
11-10-2012,21.1200008392334,21.1200008392334,0,21.1200008392334,21.1200008392334,18.661623001098633
12-10-2012,21.1200008392334,21.1200008392334,0,21.1200008392334,21.1200008392334,18.661623001098633
15-10-2012,21.1200008392334,21.1200008392334,0,21.1200008392334,21.1200008392334,18.661623001098633
16-10-2012,21.1200008392334,21.1200008392334,0,21.1200008392334,21.1200008392334,18.661623001098633
17-10-2012,21.1200008392334,21.1200008392334,0,21.1200008392334,21.1200008392334,18.661623001098633
18-10-2012,21.1200008392334,21.1200008392334,0,21.1200008392334,21.1200008392334,18.661623001098633
19-10-2012,21.1200008392334,21.1200008392334,0,21.1200008392334,21.1200008392334,18.661623001098633
22-10-2012,21.1200008392334,21.1200008392334,0,21.1200008392334,21.1200008392334,18.661623001098633
23-10-2012,20.0,20.0,450,20.0,20.0,17.6719913482666
24-10-2012,20.0,20.0,0,20.0,20.0,17.6719913482666
25-10-2012,21.133333206176758,21.133333206176758,450,21.133333206176758,21.133333206176758,18.67340660095215
26-10-2012,21.133333206176758,21.133333206176758,0,21.133333206176758,21.133333206176758,18.67340660095215
31-10-2012,21.133333206176758,21.133333206176758,0,21.133333206176758,21.133333206176758,18.67340660095215
01-11-2012,21.133333206176758,21.133333206176758,0,21.133333206176758,21.133333206176758,18.67340660095215
02-11-2012,21.133333206176758,21.133333206176758,0,21.133333206176758,21.133333206176758,18.67340660095215
05-11-2012,21.133333206176758,21.133333206176758,0,21.133333206176758,21.133333206176758,18.67340660095215
06-11-2012,20.166667938232422,20.166667938232422,300,20.166667938232422,20.166667938232422,17.819257736206055
07-11-2012,20.166667938232422,20.166667938232422,0,20.166667938232422,20.166667938232422,17.819257736206055
08-11-2012,20.166667938232422,20.166667938232422,0,20.166667938232422,20.166667938232422,17.819257736206055
09-11-2012,20.166667938232422,20.166667938232422,0,20.166667938232422,20.166667938232422,17.819257736206055
12-11-2012,20.166667938232422,20.166667938232422,0,20.166667938232422,20.166667938232422,17.819257736206055
13-11-2012,20.166667938232422,20.166667938232422,0,20.166667938232422,20.166667938232422,17.819257736206055
14-11-2012,20.166667938232422,20.166667938232422,0,20.166667938232422,20.166667938232422,17.819257736206055
15-11-2012,20.166667938232422,20.166667938232422,0,20.166667938232422,20.166667938232422,17.819257736206055
16-11-2012,20.166667938232422,20.166667938232422,0,20.166667938232422,20.166667938232422,17.819257736206055
19-11-2012,19.0,19.0,300,19.0,19.0,16.78839111328125
20-11-2012,19.0,19.0,0,19.0,19.0,16.78839111328125
21-11-2012,18.96666717529297,18.96666717529297,300,18.96666717529297,18.96666717529297,16.758939743041992
23-11-2012,18.96666717529297,18.96666717529297,0,18.96666717529297,18.96666717529297,16.758939743041992
26-11-2012,18.96666717529297,18.96666717529297,0,18.96666717529297,18.96666717529297,16.758939743041992
27-11-2012,19.333332061767578,19.333332061767578,600,19.333332061767578,19.333332061767578,17.082921981811523
28-11-2012,19.333332061767578,19.333332061767578,0,19.333332061767578,19.333332061767578,17.082921981811523
29-11-2012,19.333332061767578,19.333332061767578,0,19.333332061767578,19.333332061767578,17.082921981811523
30-11-2012,19.333332061767578,19.333332061767578,0,19.333332061767578,19.333332061767578,17.082921981811523
03-12-2012,19.333332061767578,19.333332061767578,0,19.333332061767578,19.333332061767578,17.082921981811523
04-12-2012,19.333332061767578,19.333332061767578,0,19.333332061767578,19.333332061767578,17.082921981811523
05-12-2012,19.333332061767578,19.333332061767578,0,19.333332061767578,19.333332061767578,17.082921981811523
06-12-2012,19.333332061767578,19.333332061767578,0,19.333332061767578,19.333332061767578,17.082921981811523
07-12-2012,19.333332061767578,19.333332061767578,0,19.333332061767578,19.333332061767578,17.082921981811523
10-12-2012,20.51333236694336,20.51333236694336,300,20.51333236694336,20.51333236694336,18.125572204589844
11-12-2012,20.51333236694336,20.51333236694336,0,20.51333236694336,20.51333236694336,18.125572204589844
12-12-2012,20.51333236694336,20.51333236694336,0,20.51333236694336,20.51333236694336,18.125572204589844
13-12-2012,20.51333236694336,20.51333236694336,0,20.51333236694336,20.51333236694336,18.125572204589844
14-12-2012,20.51333236694336,20.51333236694336,0,20.51333236694336,20.51333236694336,18.125572204589844
17-12-2012,19.833332061767578,19.833332061767578,1200,19.833332061767578,19.833332061767578,17.52472496032715
18-12-2012,20.206666946411133,20.206666946411133,600,20.206666946411133,20.206666946411133,17.85460090637207
19-12-2012,20.206666946411133,20.206666946411133,0,20.206666946411133,20.206666946411133,17.85460090637207
20-12-2012,20.206666946411133,20.206666946411133,0,20.206666946411133,20.206666946411133,17.85460090637207
21-12-2012,19.333332061767578,19.333332061767578,1800,19.333332061767578,19.333332061767578,17.082921981811523
24-12-2012,19.333332061767578,19.333332061767578,0,19.333332061767578,19.333332061767578,17.082921981811523
26-12-2012,19.333332061767578,19.333332061767578,0,19.333332061767578,19.333332061767578,17.082921981811523
27-12-2012,19.333332061767578,19.333332061767578,0,19.333332061767578,19.333332061767578,17.082921981811523
28-12-2012,19.666667938232422,19.666667938232422,3000,19.666667938232422,19.666667938232422,17.377458572387695
31-12-2012,19.666667938232422,19.666667938232422,0,19.666667938232422,19.666667938232422,17.377458572387695
02-01-2013,19.666667938232422,19.666667938232422,0,19.666667938232422,19.666667938232422,17.377458572387695
03-01-2013,19.666667938232422,19.666667938232422,0,19.666667938232422,19.666667938232422,17.377458572387695
04-01-2013,19.82666778564453,19.82666778564453,21150,19.82666778564453,19.82666778564453,17.518831253051758
07-01-2013,19.00666618347168,19.00666618347168,450,19.00666618347168,19.00666618347168,16.794282913208008
08-01-2013,19.00666618347168,19.00666618347168,0,19.00666618347168,19.00666618347168,16.794282913208008
09-01-2013,19.00666618347168,19.00666618347168,0,19.00666618347168,19.00666618347168,16.794282913208008
10-01-2013,19.00666618347168,19.00666618347168,0,19.00666618347168,19.00666618347168,16.794282913208008
11-01-2013,19.00666618347168,19.00666618347168,0,19.00666618347168,19.00666618347168,16.794282913208008
14-01-2013,18.97333335876465,19.00666618347168,2850,19.00666618347168,18.97333335876465,16.76483154296875
15-01-2013,18.97333335876465,18.97333335876465,0,18.97333335876465,18.97333335876465,16.76483154296875
16-01-2013,18.97333335876465,18.97333335876465,0,18.97333335876465,18.97333335876465,16.76483154296875
17-01-2013,18.97333335876465,18.97333335876465,0,18.97333335876465,18.97333335876465,16.76483154296875
18-01-2013,18.97333335876465,18.97333335876465,0,18.97333335876465,18.97333335876465,16.76483154296875
22-01-2013,18.97333335876465,18.97333335876465,0,18.97333335876465,18.97333335876465,16.76483154296875
23-01-2013,18.97333335876465,18.97333335876465,0,18.97333335876465,18.97333335876465,16.76483154296875
24-01-2013,18.97333335876465,18.97333335876465,0,18.97333335876465,18.97333335876465,16.76483154296875
25-01-2013,18.97333335876465,18.97333335876465,0,18.97333335876465,18.97333335876465,16.76483154296875
28-01-2013,18.97333335876465,18.97333335876465,0,18.97333335876465,18.97333335876465,16.76483154296875
29-01-2013,18.97333335876465,18.97333335876465,0,18.97333335876465,18.97333335876465,16.76483154296875
30-01-2013,18.97333335876465,18.97333335876465,0,18.97333335876465,18.97333335876465,16.76483154296875
31-01-2013,18.97333335876465,18.97333335876465,0,18.97333335876465,18.97333335876465,16.76483154296875
01-02-2013,18.97333335876465,18.97333335876465,0,18.97333335876465,18.97333335876465,16.76483154296875
04-02-2013,19.540000915527344,19.540000915527344,4950,19.540000915527344,19.540000915527344,17.26553726196289
05-02-2013,19.540000915527344,19.540000915527344,0,19.540000915527344,19.540000915527344,17.26553726196289
06-02-2013,19.540000915527344,19.540000915527344,0,19.540000915527344,19.540000915527344,17.26553726196289
07-02-2013,19.540000915527344,19.540000915527344,0,19.540000915527344,19.540000915527344,17.26553726196289
08-02-2013,19.540000915527344,19.540000915527344,0,19.540000915527344,19.540000915527344,17.26553726196289
11-02-2013,19.540000915527344,19.540000915527344,0,19.540000915527344,19.540000915527344,17.26553726196289
12-02-2013,19.540000915527344,19.540000915527344,0,19.540000915527344,19.540000915527344,17.26553726196289
13-02-2013,18.540000915527344,18.540000915527344,300,18.540000915527344,18.540000915527344,16.381933212280273
14-02-2013,18.540000915527344,18.540000915527344,0,18.540000915527344,18.540000915527344,16.381933212280273
15-02-2013,18.540000915527344,18.540000915527344,0,18.540000915527344,18.540000915527344,16.381933212280273
19-02-2013,18.540000915527344,18.540000915527344,0,18.540000915527344,18.540000915527344,16.381933212280273
20-02-2013,18.0,18.0,300,18.0,18.0,15.904792785644531
21-02-2013,18.0,18.0,0,18.0,18.0,15.904792785644531
22-02-2013,18.0,18.0,12750,18.0,18.0,15.904792785644531
25-02-2013,18.0,18.0,0,18.0,18.0,15.904792785644531
26-02-2013,17.133333206176758,17.133333206176758,10950,17.133333206176758,17.133333206176758,15.139005661010742
27-02-2013,17.600000381469727,17.899999618530273,5700,17.899999618530273,17.600000381469727,15.55135440826416
28-02-2013,17.600000381469727,17.600000381469727,0,17.600000381469727,17.600000381469727,15.55135440826416
01-03-2013,17.600000381469727,17.600000381469727,0,17.600000381469727,17.600000381469727,15.55135440826416
04-03-2013,17.600000381469727,17.600000381469727,0,17.600000381469727,17.600000381469727,15.55135440826416
05-03-2013,17.299999237060547,17.299999237060547,4500,17.299999237060547,17.299999237060547,15.286273002624512
06-03-2013,17.299999237060547,17.299999237060547,0,17.299999237060547,17.299999237060547,15.286273002624512
07-03-2013,17.299999237060547,17.299999237060547,0,17.299999237060547,17.299999237060547,15.286273002624512
08-03-2013,18.0,18.0,750,18.0,18.0,15.904792785644531
11-03-2013,18.453332901000977,18.453332901000977,300,18.453332901000977,18.453332901000977,16.305355072021484
12-03-2013,18.453332901000977,18.453332901000977,0,18.453332901000977,18.453332901000977,16.305355072021484
13-03-2013,18.453332901000977,18.453332901000977,0,18.453332901000977,18.453332901000977,16.305355072021484
14-03-2013,18.453332901000977,18.453332901000977,0,18.453332901000977,18.453332901000977,16.305355072021484
15-03-2013,18.453332901000977,18.453332901000977,0,18.453332901000977,18.453332901000977,16.305355072021484
18-03-2013,18.453332901000977,18.453332901000977,0,18.453332901000977,18.453332901000977,16.305355072021484
19-03-2013,17.833332061767578,17.833332061767578,300,17.833332061767578,17.833332061767578,15.757524490356445
20-03-2013,17.833332061767578,17.833332061767578,0,17.833332061767578,17.833332061767578,15.757524490356445
21-03-2013,17.833332061767578,17.833332061767578,0,17.833332061767578,17.833332061767578,15.757524490356445
22-03-2013,16.886667251586914,16.886667251586914,600,16.886667251586914,16.886667251586914,14.921050071716309
25-03-2013,16.886667251586914,16.886667251586914,0,16.886667251586914,16.886667251586914,14.921050071716309
26-03-2013,16.886667251586914,16.886667251586914,0,16.886667251586914,16.886667251586914,14.921050071716309
27-03-2013,16.166667938232422,16.166667938232422,300,16.166667938232422,16.166667938232422,14.284860610961914
28-03-2013,16.166667938232422,16.166667938232422,0,16.166667938232422,16.166667938232422,14.284860610961914
01-04-2013,16.166667938232422,16.166667938232422,0,16.166667938232422,16.166667938232422,14.284860610961914
02-04-2013,16.166667938232422,16.166667938232422,0,16.166667938232422,16.166667938232422,14.284860610961914
03-04-2013,16.166667938232422,16.166667938232422,0,16.166667938232422,16.166667938232422,14.284860610961914
04-04-2013,16.166667938232422,16.166667938232422,0,16.166667938232422,16.166667938232422,14.284860610961914
05-04-2013,15.666666984558105,15.666666984558105,450,15.666666984558105,15.666666984558105,13.843058586120605
08-04-2013,15.666666984558105,15.666666984558105,0,15.666666984558105,15.666666984558105,13.843058586120605
09-04-2013,15.666666984558105,15.666666984558105,0,15.666666984558105,15.666666984558105,13.843058586120605
10-04-2013,15.666666984558105,15.666666984558105,0,15.666666984558105,15.666666984558105,13.843058586120605
11-04-2013,15.666666984558105,15.666666984558105,0,15.666666984558105,15.666666984558105,13.843058586120605
12-04-2013,15.666666984558105,15.666666984558105,0,15.666666984558105,15.666666984558105,13.843058586120605
15-04-2013,16.68000030517578,16.68000030517578,450,16.68000030517578,16.68000030517578,14.738441467285156
16-04-2013,16.68000030517578,16.68000030517578,0,16.68000030517578,16.68000030517578,14.738441467285156
17-04-2013,16.68000030517578,16.68000030517578,0,16.68000030517578,16.68000030517578,14.738441467285156
18-04-2013,16.68000030517578,16.68000030517578,0,16.68000030517578,16.68000030517578,14.738441467285156
19-04-2013,16.68000030517578,16.68000030517578,0,16.68000030517578,16.68000030517578,14.738441467285156
22-04-2013,16.68000030517578,16.68000030517578,0,16.68000030517578,16.68000030517578,14.738441467285156
23-04-2013,16.68000030517578,16.68000030517578,0,16.68000030517578,16.68000030517578,14.738441467285156
24-04-2013,16.68000030517578,16.68000030517578,0,16.68000030517578,16.68000030517578,14.738441467285156
25-04-2013,16.68000030517578,16.68000030517578,0,16.68000030517578,16.68000030517578,14.738441467285156
26-04-2013,16.68000030517578,16.68000030517578,0,16.68000030517578,16.68000030517578,14.738441467285156
29-04-2013,16.68000030517578,16.68000030517578,0,16.68000030517578,16.68000030517578,14.738441467285156
30-04-2013,18.639999389648438,18.639999389648438,1500,18.639999389648438,18.639999389648438,16.470293045043945
01-05-2013,18.333332061767578,18.333332061767578,1950,18.333332061767578,18.333332061767578,16.199325561523438
02-05-2013,18.333332061767578,18.333332061767578,0,18.333332061767578,18.333332061767578,16.199325561523438
03-05-2013,18.333332061767578,18.333332061767578,0,18.333332061767578,18.333332061767578,16.199325561523438
06-05-2013,18.333332061767578,18.333332061767578,0,18.333332061767578,18.333332061767578,16.199325561523438
07-05-2013,19.406667709350586,19.406667709350586,150,19.406667709350586,19.406667709350586,17.147724151611328
08-05-2013,19.406667709350586,19.406667709350586,0,19.406667709350586,19.406667709350586,17.147724151611328
09-05-2013,19.406667709350586,19.406667709350586,0,19.406667709350586,19.406667709350586,17.147724151611328
10-05-2013,19.406667709350586,19.406667709350586,0,19.406667709350586,19.406667709350586,17.147724151611328
13-05-2013,18.53333282470703,18.53333282470703,300,18.53333282470703,18.53333282470703,16.37604331970215
14-05-2013,18.53333282470703,18.53333282470703,0,18.53333282470703,18.53333282470703,16.37604331970215
15-05-2013,18.53333282470703,18.53333282470703,0,18.53333282470703,18.53333282470703,16.37604331970215
16-05-2013,18.53333282470703,18.53333282470703,0,18.53333282470703,18.53333282470703,16.37604331970215
17-05-2013,18.53333282470703,18.53333282470703,0,18.53333282470703,18.53333282470703,16.37604331970215
20-05-2013,18.53333282470703,18.53333282470703,0,18.53333282470703,18.53333282470703,16.37604331970215
21-05-2013,18.53333282470703,18.53333282470703,0,18.53333282470703,18.53333282470703,16.37604331970215
22-05-2013,18.53333282470703,18.53333282470703,0,18.53333282470703,18.53333282470703,16.37604331970215
23-05-2013,18.53333282470703,18.53333282470703,0,18.53333282470703,18.53333282470703,16.37604331970215
24-05-2013,17.273332595825195,17.273332595825195,1050,17.273332595825195,17.273332595825195,15.262709617614746
28-05-2013,17.233333587646484,17.266666412353516,3300,17.266666412353516,17.233333587646484,15.227363586425781
29-05-2013,17.233333587646484,17.233333587646484,0,17.233333587646484,17.233333587646484,15.227363586425781
30-05-2013,17.233333587646484,17.233333587646484,0,17.233333587646484,17.233333587646484,15.227363586425781
31-05-2013,16.366666793823242,16.366666793823242,300,16.366666793823242,16.366666793823242,14.46158218383789
03-06-2013,16.366666793823242,16.366666793823242,0,16.366666793823242,16.366666793823242,14.46158218383789
04-06-2013,16.366666793823242,16.366666793823242,0,16.366666793823242,16.366666793823242,14.46158218383789
05-06-2013,16.366666793823242,16.366666793823242,0,16.366666793823242,16.366666793823242,14.46158218383789
06-06-2013,16.366666793823242,16.366666793823242,0,16.366666793823242,16.366666793823242,14.46158218383789
07-06-2013,16.366666793823242,16.366666793823242,0,16.366666793823242,16.366666793823242,14.46158218383789
10-06-2013,16.366666793823242,16.366666793823242,0,16.366666793823242,16.366666793823242,14.46158218383789
11-06-2013,16.366666793823242,16.366666793823242,0,16.366666793823242,16.366666793823242,14.46158218383789
12-06-2013,16.366666793823242,16.366666793823242,0,16.366666793823242,16.366666793823242,14.46158218383789
13-06-2013,16.366666793823242,16.366666793823242,0,16.366666793823242,16.366666793823242,14.46158218383789
14-06-2013,16.0,16.0,1650,16.166667938232422,16.166667938232422,14.284860610961914
17-06-2013,16.166667938232422,16.166667938232422,0,16.166667938232422,16.166667938232422,14.284860610961914
18-06-2013,16.166667938232422,16.166667938232422,0,16.166667938232422,16.166667938232422,14.284860610961914
19-06-2013,16.166667938232422,16.166667938232422,0,16.166667938232422,16.166667938232422,14.284860610961914
20-06-2013,15.0,15.0,600,15.0,15.0,13.25399398803711
21-06-2013,15.0,15.0,0,15.0,15.0,13.25399398803711
24-06-2013,14.926667213439941,14.926667213439941,6900,14.926667213439941,14.926667213439941,13.189197540283203
25-06-2013,14.926667213439941,14.926667213439941,0,14.926667213439941,14.926667213439941,13.189197540283203
26-06-2013,14.926667213439941,14.926667213439941,0,14.926667213439941,14.926667213439941,13.189197540283203
27-06-2013,14.926667213439941,14.926667213439941,0,14.926667213439941,14.926667213439941,13.189197540283203
28-06-2013,14.926667213439941,14.926667213439941,0,14.926667213439941,14.926667213439941,13.189197540283203
01-07-2013,14.926667213439941,14.926667213439941,0,14.926667213439941,14.926667213439941,13.189197540283203
02-07-2013,14.926667213439941,14.926667213439941,0,14.926667213439941,14.926667213439941,13.189197540283203
03-07-2013,14.926667213439941,14.926667213439941,0,14.926667213439941,14.926667213439941,13.189197540283203
05-07-2013,14.926667213439941,14.926667213439941,0,14.926667213439941,14.926667213439941,13.189197540283203
08-07-2013,14.926667213439941,14.926667213439941,0,14.926667213439941,14.926667213439941,13.189197540283203
09-07-2013,14.926667213439941,14.926667213439941,0,14.926667213439941,14.926667213439941,13.189197540283203
10-07-2013,14.926667213439941,14.926667213439941,0,14.926667213439941,14.926667213439941,13.189197540283203
11-07-2013,14.926667213439941,14.926667213439941,0,14.926667213439941,14.926667213439941,13.189197540283203
12-07-2013,16.833332061767578,16.833332061767578,300,16.833332061767578,16.833332061767578,14.87392520904541
15-07-2013,17.0,17.0,25950,17.0,17.0,15.021191596984863
16-07-2013,17.0,17.0,0,17.0,17.0,15.021191596984863
17-07-2013,17.0,17.0,0,17.0,17.0,15.021191596984863
18-07-2013,17.0,17.0,0,17.0,17.0,15.021191596984863
19-07-2013,17.0,17.0,0,17.0,17.0,15.021191596984863
22-07-2013,17.0,17.0,0,17.0,17.0,15.021191596984863
23-07-2013,17.0,17.0,0,17.0,17.0,15.021191596984863
24-07-2013,17.0,17.0,0,17.0,17.0,15.021191596984863
25-07-2013,17.0,17.0,0,17.0,17.0,15.021191596984863
26-07-2013,25.5,25.5,0,25.5,25.5,22.531789779663086
29-07-2013,17.0,17.0,0,17.0,17.0,15.021191596984863
30-07-2013,17.0,17.0,0,17.0,17.0,15.021191596984863
31-07-2013,17.0,17.0,0,17.0,17.0,15.021191596984863
01-08-2013,17.0,17.0,0,17.0,17.0,15.021191596984863
02-08-2013,17.0,17.0,0,17.0,17.0,15.021191596984863
05-08-2013,17.0,17.0,0,17.0,17.0,15.021191596984863
06-08-2013,17.0,17.0,0,17.0,17.0,15.021191596984863
07-08-2013,12.25,12.529999732971191,10300,12.529999732971191,12.25,10.824094772338867
08-08-2013,12.25,12.699999809265137,21300,12.699999809265137,12.5,11.044995307922363
09-08-2013,12.5,12.5,0,12.5,12.5,11.044995307922363
12-08-2013,12.5,12.5,0,12.5,12.5,11.228240013122559
13-08-2013,12.5,12.5,0,12.5,12.5,11.228240013122559
14-08-2013,12.5,12.5,0,12.5,12.5,11.228240013122559
15-08-2013,12.5,12.5,0,12.5,12.5,11.228240013122559
16-08-2013,12.5,12.5,0,12.5,12.5,11.228240013122559
19-08-2013,12.5,12.5,0,12.5,12.5,11.228240013122559
20-08-2013,12.5,12.5,0,12.5,12.5,11.228240013122559
21-08-2013,12.5,12.5,0,12.5,12.5,11.228240013122559
22-08-2013,12.5,12.5,0,12.5,12.5,11.228240013122559
23-08-2013,12.5,12.5,0,12.5,12.5,11.228240013122559
26-08-2013,11.25,11.25,2200,11.25,11.25,10.105417251586914
27-08-2013,11.25,11.25,0,11.25,11.25,10.105417251586914
28-08-2013,11.25,11.25,0,11.25,11.25,10.105417251586914
29-08-2013,11.25,11.25,0,11.25,11.25,10.105417251586914
30-08-2013,11.25,11.25,0,11.25,11.25,10.105417251586914
03-09-2013,11.25,11.25,0,11.25,11.25,10.105417251586914
04-09-2013,11.25,11.25,0,11.25,11.25,10.105417251586914
05-09-2013,11.25,11.25,0,11.25,11.25,10.105417251586914
06-09-2013,11.350000381469727,11.350000381469727,200,11.350000381469727,11.350000381469727,10.195241928100586
09-09-2013,11.300000190734863,11.300000190734863,400,11.300000190734863,11.300000190734863,10.15032958984375
10-09-2013,11.300000190734863,11.300000190734863,0,11.300000190734863,11.300000190734863,10.15032958984375
11-09-2013,11.300000190734863,11.300000190734863,0,11.300000190734863,11.300000190734863,10.15032958984375
12-09-2013,11.300000190734863,11.300000190734863,0,11.300000190734863,11.300000190734863,10.15032958984375
13-09-2013,12.75,12.75,400,12.75,12.75,11.452804565429688
16-09-2013,12.75,12.75,0,12.75,12.75,11.452804565429688
17-09-2013,12.899999618530273,12.899999618530273,300,12.899999618530273,12.899999618530273,11.587543487548828
18-09-2013,12.899999618530273,12.899999618530273,0,12.899999618530273,12.899999618530273,11.587543487548828
19-09-2013,14.0,14.0,1900,14.0,14.0,12.575628280639648
20-09-2013,14.0,14.0,0,14.0,14.0,12.575628280639648
23-09-2013,14.0,14.0,0,14.0,14.0,12.575628280639648
24-09-2013,14.0,14.0,0,14.0,14.0,12.575628280639648
25-09-2013,14.0,14.0,0,14.0,14.0,12.575628280639648
26-09-2013,14.0,14.0,0,14.0,14.0,12.575628280639648
27-09-2013,14.0,14.0,0,14.0,14.0,12.575628280639648
30-09-2013,14.0,14.0,0,14.0,14.0,12.575628280639648
01-10-2013,14.0,14.0,0,14.0,14.0,12.575628280639648
02-10-2013,12.569999694824219,12.569999694824219,1100,12.569999694824219,12.569999694824219,11.291119575500488
03-10-2013,12.569999694824219,12.569999694824219,0,12.569999694824219,12.569999694824219,11.291119575500488
04-10-2013,12.569999694824219,12.569999694824219,0,12.569999694824219,12.569999694824219,11.291119575500488
07-10-2013,12.899999618530273,12.899999618530273,2000,13.0,13.0,11.6773681640625
08-10-2013,13.0,13.0,0,13.0,13.0,11.6773681640625
09-10-2013,13.399999618530273,13.399999618530273,1400,13.399999618530273,13.399999618530273,12.036673545837402
10-10-2013,13.399999618530273,13.399999618530273,0,13.399999618530273,13.399999618530273,12.036673545837402
11-10-2013,13.399999618530273,13.399999618530273,0,13.399999618530273,13.399999618530273,12.036673545837402
14-10-2013,13.399999618530273,13.399999618530273,0,13.399999618530273,13.399999618530273,12.036673545837402
15-10-2013,13.399999618530273,13.399999618530273,0,13.399999618530273,13.399999618530273,12.036673545837402
16-10-2013,13.399999618530273,13.399999618530273,0,13.399999618530273,13.399999618530273,12.036673545837402
17-10-2013,13.399999618530273,13.399999618530273,0,13.399999618530273,13.399999618530273,12.036673545837402
18-10-2013,13.399999618530273,13.399999618530273,0,13.399999618530273,13.399999618530273,12.036673545837402
21-10-2013,13.399999618530273,13.399999618530273,0,13.399999618530273,13.399999618530273,12.036673545837402
22-10-2013,13.399999618530273,13.399999618530273,0,13.399999618530273,13.399999618530273,12.036673545837402
23-10-2013,15.0,15.0,5400,15.0,15.0,13.473888397216797
24-10-2013,15.0,15.0,0,15.0,15.0,13.473888397216797
25-10-2013,15.0,15.0,0,15.0,15.0,13.473888397216797
28-10-2013,15.0,15.0,0,15.0,15.0,13.473888397216797
29-10-2013,15.0,15.0,0,15.0,15.0,13.473888397216797
30-10-2013,15.0,15.0,0,15.0,15.0,13.473888397216797
31-10-2013,15.0,15.0,0,15.0,15.0,13.473888397216797
01-11-2013,15.0,15.0,0,15.0,15.0,13.473888397216797
04-11-2013,15.0,15.0,0,15.0,15.0,13.473888397216797
05-11-2013,15.0,15.0,0,15.0,15.0,13.473888397216797
06-11-2013,15.0,15.0,0,15.0,15.0,13.473888397216797
07-11-2013,15.0,15.0,0,15.0,15.0,13.473888397216797
08-11-2013,15.0,15.0,0,15.0,15.0,13.473888397216797
11-11-2013,15.0,15.0,0,15.0,15.0,13.473888397216797
12-11-2013,15.0,15.0,0,15.0,15.0,13.473888397216797
13-11-2013,14.34000015258789,14.34000015258789,2100,14.34000015258789,14.34000015258789,12.881037712097168
14-11-2013,14.34000015258789,14.34000015258789,0,14.34000015258789,14.34000015258789,12.881037712097168
15-11-2013,14.34000015258789,14.34000015258789,0,14.34000015258789,14.34000015258789,12.881037712097168
18-11-2013,14.34000015258789,14.34000015258789,0,14.34000015258789,14.34000015258789,12.881037712097168
19-11-2013,15.600000381469727,15.600000381469727,2700,15.600000381469727,15.600000381469727,14.01284408569336
20-11-2013,15.600000381469727,15.600000381469727,0,15.600000381469727,15.600000381469727,14.01284408569336
21-11-2013,15.600000381469727,15.600000381469727,0,15.600000381469727,15.600000381469727,14.01284408569336
22-11-2013,15.600000381469727,15.600000381469727,0,15.600000381469727,15.600000381469727,14.01284408569336
25-11-2013,15.649999618530273,15.649999618530273,2300,15.649999618530273,15.649999618530273,14.057754516601562
26-11-2013,15.5,15.989999771118164,1800,15.989999771118164,15.5,13.923018455505371
27-11-2013,15.5,15.5,0,15.5,15.5,13.923018455505371
29-11-2013,15.5,15.5,0,15.5,15.5,13.923018455505371
02-12-2013,15.5,15.5,0,15.5,15.5,13.923018455505371
03-12-2013,15.5,15.5,0,15.5,15.5,13.923018455505371
04-12-2013,16.25,16.25,9500,16.25,16.25,14.596713066101074
05-12-2013,17.440000534057617,17.440000534057617,8700,17.440000534057617,17.440000534057617,15.665639877319336
06-12-2013,17.440000534057617,17.440000534057617,0,17.440000534057617,17.440000534057617,15.665639877319336
09-12-2013,17.440000534057617,17.440000534057617,0,17.440000534057617,17.440000534057617,15.665639877319336
10-12-2013,17.5,17.5,600,17.5,17.5,15.719536781311035
11-12-2013,17.31999969482422,17.31999969482422,300,17.31999969482422,17.31999969482422,15.557848930358887
12-12-2013,17.31999969482422,17.31999969482422,0,17.31999969482422,17.31999969482422,15.557848930358887
13-12-2013,17.31999969482422,17.31999969482422,0,17.31999969482422,17.31999969482422,15.557848930358887
16-12-2013,16.809999465942383,16.809999465942383,3000,16.809999465942383,16.809999465942383,15.099737167358398
17-12-2013,16.809999465942383,16.809999465942383,0,16.809999465942383,16.809999465942383,15.099737167358398
18-12-2013,17.450000762939453,17.450000762939453,12500,17.450000762939453,17.450000762939453,15.674622535705566
19-12-2013,17.450000762939453,17.450000762939453,0,17.450000762939453,17.450000762939453,15.674622535705566
20-12-2013,16.5,16.5,1600,16.5,16.5,14.821276664733887
23-12-2013,16.5,16.5,0,16.5,16.5,14.821276664733887
24-12-2013,16.5,16.5,0,16.5,16.5,14.821276664733887
26-12-2013,16.5,16.5,0,16.5,16.5,14.821276664733887
27-12-2013,16.899999618530273,16.899999618530273,2900,16.899999618530273,16.899999618530273,15.180582046508789
30-12-2013,16.899999618530273,16.899999618530273,0,16.899999618530273,16.899999618530273,15.180582046508789
31-12-2013,17.229999542236328,17.229999542236328,500,17.229999542236328,17.229999542236328,15.477006912231445
02-01-2014,16.420000076293945,16.420000076293945,200,16.420000076293945,16.420000076293945,14.74941635131836
03-01-2014,16.420000076293945,16.420000076293945,0,16.420000076293945,16.420000076293945,14.74941635131836
06-01-2014,16.420000076293945,16.420000076293945,0,16.420000076293945,16.420000076293945,14.74941635131836
07-01-2014,16.420000076293945,16.420000076293945,0,16.420000076293945,16.420000076293945,14.74941635131836
08-01-2014,16.420000076293945,16.420000076293945,0,16.420000076293945,16.420000076293945,14.74941635131836
09-01-2014,16.420000076293945,16.420000076293945,0,16.420000076293945,16.420000076293945,14.74941635131836
10-01-2014,16.420000076293945,16.420000076293945,0,16.420000076293945,16.420000076293945,14.74941635131836
13-01-2014,16.5,16.5,200,16.5,16.5,14.821276664733887
14-01-2014,16.5,16.5,0,16.5,16.5,14.821276664733887
15-01-2014,16.5,16.5,0,16.5,16.5,14.821276664733887
16-01-2014,16.5,16.5,0,16.5,16.5,14.821276664733887
17-01-2014,16.0,16.0,1600,16.0,16.0,14.372147560119629
21-01-2014,16.0,16.0,0,16.0,16.0,14.372147560119629
22-01-2014,16.0,16.0,0,16.0,16.0,14.372147560119629
23-01-2014,16.149999618530273,16.149999618530273,200,16.149999618530273,16.149999618530273,14.506885528564453
24-01-2014,16.149999618530273,16.149999618530273,0,16.149999618530273,16.149999618530273,14.506885528564453
27-01-2014,16.149999618530273,16.149999618530273,0,16.149999618530273,16.149999618530273,14.506885528564453
28-01-2014,15.25,15.25,400,15.25,15.25,13.69845199584961
29-01-2014,15.25,15.25,0,15.25,15.25,13.69845199584961
30-01-2014,15.25,15.25,0,15.25,15.25,13.69845199584961
31-01-2014,15.25,15.25,0,15.25,15.25,13.69845199584961
03-02-2014,15.25,15.25,0,15.25,15.25,13.69845199584961
04-02-2014,15.25,15.25,0,15.25,15.25,13.69845199584961
05-02-2014,15.510000228881836,15.510000228881836,9900,15.510000228881836,15.510000228881836,13.932000160217285
06-02-2014,15.510000228881836,15.510000228881836,0,15.510000228881836,15.510000228881836,13.932000160217285
07-02-2014,15.5,15.5,200,15.5,15.5,13.923018455505371
10-02-2014,15.5,15.5,0,15.5,15.5,13.923018455505371
11-02-2014,15.5,15.5,0,15.5,15.5,13.923018455505371
12-02-2014,16.0,16.0,1000,16.0,16.0,14.372147560119629
13-02-2014,16.0,16.0,0,16.0,16.0,14.372147560119629
14-02-2014,16.0,16.0,0,16.0,16.0,14.372147560119629
18-02-2014,16.0,16.0,0,16.0,16.0,14.372147560119629
19-02-2014,16.0,16.0,0,16.0,16.0,14.372147560119629
20-02-2014,16.0,16.0,0,16.0,16.0,14.372147560119629
21-02-2014,16.0,16.0,0,16.0,16.0,14.372147560119629
24-02-2014,16.0,16.0,0,16.0,16.0,14.372147560119629
25-02-2014,16.0,16.0,0,16.0,16.0,14.372147560119629
26-02-2014,16.0,16.0,0,16.0,16.0,14.372147560119629
27-02-2014,16.0,16.0,0,16.0,16.0,14.372147560119629
28-02-2014,18.299999237060547,18.299999237060547,700,18.299999237060547,18.299999237060547,16.438142776489258
03-03-2014,18.299999237060547,18.299999237060547,0,18.299999237060547,18.299999237060547,16.438142776489258
04-03-2014,18.299999237060547,18.299999237060547,0,18.299999237060547,18.299999237060547,16.438142776489258
05-03-2014,18.299999237060547,18.299999237060547,0,18.299999237060547,18.299999237060547,16.438142776489258
06-03-2014,18.299999237060547,18.299999237060547,0,18.299999237060547,18.299999237060547,16.438142776489258
07-03-2014,18.299999237060547,18.299999237060547,0,18.299999237060547,18.299999237060547,16.438142776489258
10-03-2014,20.0,20.350000381469727,700,20.350000381469727,20.0,17.96518325805664
11-03-2014,20.0,20.0,0,20.0,20.0,17.96518325805664
12-03-2014,20.0,20.0,0,20.0,20.0,17.96518325805664
13-03-2014,20.350000381469727,20.350000381469727,1100,20.350000381469727,20.350000381469727,18.27957534790039
14-03-2014,20.350000381469727,20.350000381469727,0,20.350000381469727,20.350000381469727,18.27957534790039
17-03-2014,20.350000381469727,20.350000381469727,0,20.350000381469727,20.350000381469727,18.27957534790039
18-03-2014,20.350000381469727,20.350000381469727,0,20.350000381469727,20.350000381469727,18.27957534790039
19-03-2014,20.350000381469727,20.350000381469727,0,20.350000381469727,20.350000381469727,18.27957534790039
20-03-2014,20.010000228881836,20.010000228881836,200,20.010000228881836,20.010000228881836,17.974164962768555
21-03-2014,20.010000228881836,20.010000228881836,0,20.010000228881836,20.010000228881836,17.974164962768555
24-03-2014,20.010000228881836,20.010000228881836,0,20.010000228881836,20.010000228881836,17.974164962768555
25-03-2014,20.010000228881836,20.010000228881836,0,20.010000228881836,20.010000228881836,17.974164962768555
26-03-2014,20.010000228881836,20.010000228881836,0,20.010000228881836,20.010000228881836,17.974164962768555
27-03-2014,20.010000228881836,20.010000228881836,0,20.010000228881836,20.010000228881836,17.974164962768555
28-03-2014,20.010000228881836,20.010000228881836,0,20.010000228881836,20.010000228881836,17.974164962768555
31-03-2014,20.010000228881836,20.010000228881836,0,20.010000228881836,20.010000228881836,17.974164962768555
01-04-2014,20.010000228881836,20.010000228881836,0,20.010000228881836,20.010000228881836,17.974164962768555
02-04-2014,20.010000228881836,20.010000228881836,0,20.010000228881836,20.010000228881836,17.974164962768555
03-04-2014,20.010000228881836,20.010000228881836,0,20.010000228881836,20.010000228881836,17.974164962768555
04-04-2014,20.010000228881836,20.010000228881836,0,20.010000228881836,20.010000228881836,17.974164962768555
07-04-2014,20.010000228881836,20.010000228881836,0,20.010000228881836,20.010000228881836,17.974164962768555
08-04-2014,20.010000228881836,20.010000228881836,0,20.010000228881836,20.010000228881836,17.974164962768555
09-04-2014,20.010000228881836,20.010000228881836,0,20.010000228881836,20.010000228881836,17.974164962768555
10-04-2014,20.010000228881836,20.010000228881836,0,20.010000228881836,20.010000228881836,17.974164962768555
11-04-2014,20.010000228881836,20.010000228881836,0,20.010000228881836,20.010000228881836,17.974164962768555
14-04-2014,20.010000228881836,20.010000228881836,0,20.010000228881836,20.010000228881836,17.974164962768555
15-04-2014,20.010000228881836,20.010000228881836,0,20.010000228881836,20.010000228881836,17.974164962768555
16-04-2014,20.010000228881836,20.010000228881836,0,20.010000228881836,20.010000228881836,17.974164962768555
17-04-2014,20.010000228881836,20.010000228881836,0,20.010000228881836,20.010000228881836,17.974164962768555
21-04-2014,20.010000228881836,20.010000228881836,0,20.010000228881836,20.010000228881836,17.974164962768555
22-04-2014,20.010000228881836,20.010000228881836,0,20.010000228881836,20.010000228881836,17.974164962768555
23-04-2014,20.010000228881836,20.010000228881836,0,20.010000228881836,20.010000228881836,17.974164962768555
24-04-2014,20.010000228881836,20.010000228881836,0,20.010000228881836,20.010000228881836,17.974164962768555
25-04-2014,20.010000228881836,20.010000228881836,0,20.010000228881836,20.010000228881836,17.974164962768555
28-04-2014,21.5,21.5,300,21.5,21.5,19.312572479248047
29-04-2014,22.25,22.25,200,22.25,22.25,19.98626708984375
30-04-2014,22.25,22.25,0,22.25,22.25,19.98626708984375
01-05-2014,22.25,22.25,0,22.25,22.25,19.98626708984375
02-05-2014,22.25,22.25,0,22.25,22.25,19.98626708984375
05-05-2014,20.5,20.5,200,20.5,20.5,18.4143123626709
06-05-2014,20.5,20.5,0,20.5,20.5,18.4143123626709
07-05-2014,21.459999084472656,21.459999084472656,11500,21.459999084472656,21.459999084472656,19.276641845703125
08-05-2014,21.149999618530273,21.149999618530273,4700,21.149999618530273,21.149999618530273,18.998180389404297
09-05-2014,21.149999618530273,21.149999618530273,0,21.149999618530273,21.149999618530273,18.998180389404297
12-05-2014,21.149999618530273,21.149999618530273,0,21.149999618530273,21.149999618530273,18.998180389404297
13-05-2014,21.149999618530273,21.149999618530273,0,21.149999618530273,21.149999618530273,18.998180389404297
14-05-2014,21.149999618530273,21.149999618530273,0,21.149999618530273,21.149999618530273,18.998180389404297
15-05-2014,21.149999618530273,21.149999618530273,0,21.149999618530273,21.149999618530273,18.998180389404297
16-05-2014,24.260000228881836,24.260000228881836,100,24.260000228881836,24.260000228881836,21.791770935058594
19-05-2014,24.260000228881836,24.260000228881836,0,24.260000228881836,24.260000228881836,21.791770935058594
20-05-2014,24.260000228881836,24.260000228881836,0,24.260000228881836,24.260000228881836,21.791770935058594
21-05-2014,24.260000228881836,24.260000228881836,0,24.260000228881836,24.260000228881836,21.791770935058594
22-05-2014,24.260000228881836,24.260000228881836,0,24.260000228881836,24.260000228881836,21.791770935058594
23-05-2014,24.260000228881836,24.260000228881836,0,24.260000228881836,24.260000228881836,21.791770935058594
27-05-2014,24.260000228881836,24.260000228881836,0,24.260000228881836,24.260000228881836,21.791770935058594
28-05-2014,26.360000610351562,26.469999313354492,2700,26.469999313354492,26.360000610351562,23.678110122680664
29-05-2014,26.360000610351562,26.360000610351562,0,26.360000610351562,26.360000610351562,23.678110122680664
30-05-2014,26.450000762939453,26.450000762939453,100,26.450000762939453,26.450000762939453,23.758955001831055
02-06-2014,26.450000762939453,26.450000762939453,0,26.450000762939453,26.450000762939453,23.758955001831055
03-06-2014,26.450000762939453,26.450000762939453,0,26.450000762939453,26.450000762939453,23.758955001831055
04-06-2014,26.450000762939453,26.450000762939453,0,26.450000762939453,26.450000762939453,23.758955001831055
05-06-2014,26.450000762939453,26.450000762939453,0,26.450000762939453,26.450000762939453,23.758955001831055
06-06-2014,26.450000762939453,26.450000762939453,0,26.450000762939453,26.450000762939453,23.758955001831055
09-06-2014,26.450000762939453,26.450000762939453,0,26.450000762939453,26.450000762939453,23.758955001831055
10-06-2014,29.18000030517578,29.239999771118164,18100,29.239999771118164,29.18000030517578,26.21120262145996
11-06-2014,29.18000030517578,29.18000030517578,0,29.18000030517578,29.18000030517578,26.21120262145996
12-06-2014,23.190000534057617,29.190000534057617,400,29.190000534057617,23.190000534057617,20.83063316345215
13-06-2014,23.190000534057617,23.190000534057617,0,23.190000534057617,23.190000534057617,20.83063316345215
16-06-2014,27.049999237060547,27.049999237060547,400,27.420000076293945,27.420000076293945,24.630264282226562
17-06-2014,27.420000076293945,27.420000076293945,0,27.420000076293945,27.420000076293945,24.630264282226562
18-06-2014,27.420000076293945,27.420000076293945,0,27.420000076293945,27.420000076293945,24.630264282226562
19-06-2014,27.950000762939453,27.950000762939453,100,27.950000762939453,27.950000762939453,25.106342315673828
20-06-2014,27.649999618530273,27.649999618530273,500,27.649999618530273,27.649999618530273,24.836864471435547
23-06-2014,27.649999618530273,27.649999618530273,1100,27.649999618530273,27.649999618530273,24.836864471435547
24-06-2014,27.649999618530273,27.649999618530273,0,27.649999618530273,27.649999618530273,24.836864471435547
25-06-2014,27.649999618530273,27.649999618530273,0,27.649999618530273,27.649999618530273,24.836864471435547
26-06-2014,27.649999618530273,27.649999618530273,0,27.649999618530273,27.649999618530273,24.836864471435547
27-06-2014,27.649999618530273,27.649999618530273,0,27.649999618530273,27.649999618530273,24.836864471435547
30-06-2014,27.649999618530273,27.649999618530273,0,27.649999618530273,27.649999618530273,24.836864471435547
01-07-2014,28.5,28.5,1600,28.5,28.5,25.600387573242188
02-07-2014,29.350000381469727,29.350000381469727,500,29.350000381469727,29.350000381469727,26.363906860351562
03-07-2014,29.350000381469727,29.350000381469727,0,29.350000381469727,29.350000381469727,26.363906860351562
07-07-2014,29.200000762939453,29.200000762939453,200,29.200000762939453,29.200000762939453,26.229167938232422
08-07-2014,29.200000762939453,29.200000762939453,0,29.200000762939453,29.200000762939453,26.229167938232422
09-07-2014,29.200000762939453,29.200000762939453,0,29.200000762939453,29.200000762939453,26.229167938232422
10-07-2014,29.200000762939453,29.200000762939453,0,29.200000762939453,29.200000762939453,26.229167938232422
11-07-2014,29.200000762939453,29.200000762939453,0,29.200000762939453,29.200000762939453,26.229167938232422
14-07-2014,29.200000762939453,29.200000762939453,0,29.200000762939453,29.200000762939453,26.229167938232422
15-07-2014,29.200000762939453,29.200000762939453,0,29.200000762939453,29.200000762939453,26.229167938232422
16-07-2014,29.200000762939453,29.200000762939453,0,29.200000762939453,29.200000762939453,26.229167938232422
17-07-2014,29.200000762939453,29.200000762939453,0,29.200000762939453,29.200000762939453,26.229167938232422
18-07-2014,29.200000762939453,29.200000762939453,0,29.200000762939453,29.200000762939453,26.229167938232422
21-07-2014,29.200000762939453,29.200000762939453,0,29.200000762939453,29.200000762939453,26.229167938232422
22-07-2014,29.200000762939453,29.200000762939453,0,29.200000762939453,29.200000762939453,26.229167938232422
23-07-2014,29.200000762939453,29.200000762939453,0,29.200000762939453,29.200000762939453,26.229167938232422
24-07-2014,29.200000762939453,29.200000762939453,0,29.200000762939453,29.200000762939453,26.229167938232422
25-07-2014,29.200000762939453,29.200000762939453,0,29.200000762939453,29.200000762939453,26.229167938232422
28-07-2014,29.200000762939453,29.200000762939453,0,29.200000762939453,29.200000762939453,26.229167938232422
29-07-2014,29.200000762939453,29.200000762939453,0,29.200000762939453,29.200000762939453,26.229167938232422
30-07-2014,29.200000762939453,29.200000762939453,0,29.200000762939453,29.200000762939453,26.229167938232422
31-07-2014,29.200000762939453,29.200000762939453,0,29.200000762939453,29.200000762939453,26.229167938232422
01-08-2014,29.200000762939453,29.200000762939453,0,29.200000762939453,29.200000762939453,26.229167938232422
04-08-2014,29.200000762939453,29.200000762939453,0,29.200000762939453,29.200000762939453,26.229167938232422
05-08-2014,29.200000762939453,29.200000762939453,0,29.200000762939453,29.200000762939453,26.229167938232422
06-08-2014,29.200000762939453,29.200000762939453,0,29.200000762939453,29.200000762939453,26.229167938232422
07-08-2014,29.200000762939453,29.200000762939453,0,29.200000762939453,29.200000762939453,26.229167938232422
08-08-2014,29.200000762939453,29.200000762939453,0,29.200000762939453,29.200000762939453,26.229167938232422
11-08-2014,29.200000762939453,29.200000762939453,0,29.200000762939453,29.200000762939453,26.229167938232422
12-08-2014,29.200000762939453,29.200000762939453,0,29.200000762939453,29.200000762939453,26.229167938232422
13-08-2014,24.06999969482422,24.06999969482422,300,24.06999969482422,24.06999969482422,21.6210994720459
14-08-2014,24.06999969482422,24.06999969482422,0,24.06999969482422,24.06999969482422,21.6210994720459
15-08-2014,24.06999969482422,24.06999969482422,0,24.06999969482422,24.06999969482422,21.6210994720459
18-08-2014,24.06999969482422,24.06999969482422,0,24.06999969482422,24.06999969482422,21.6210994720459
19-08-2014,24.06999969482422,24.06999969482422,0,24.06999969482422,24.06999969482422,21.6210994720459
20-08-2014,25.549999237060547,25.549999237060547,7400,25.549999237060547,25.549999237060547,22.95052146911621
21-08-2014,25.549999237060547,25.549999237060547,0,25.549999237060547,25.549999237060547,23.161745071411133
22-08-2014,25.549999237060547,25.549999237060547,0,25.549999237060547,25.549999237060547,23.161745071411133
25-08-2014,25.549999237060547,25.549999237060547,0,25.549999237060547,25.549999237060547,23.161745071411133
26-08-2014,25.549999237060547,25.549999237060547,0,25.549999237060547,25.549999237060547,23.161745071411133
27-08-2014,25.549999237060547,25.549999237060547,0,25.549999237060547,25.549999237060547,23.161745071411133
28-08-2014,25.549999237060547,25.549999237060547,0,25.549999237060547,25.549999237060547,23.161745071411133
29-08-2014,25.549999237060547,25.549999237060547,0,25.549999237060547,25.549999237060547,23.161745071411133
02-09-2014,25.549999237060547,25.549999237060547,0,25.549999237060547,25.549999237060547,23.161745071411133
03-09-2014,26.5,26.5,800,26.5,26.5,24.02294158935547
04-09-2014,26.649999618530273,26.649999618530273,400,26.649999618530273,26.649999618530273,24.15892219543457
05-09-2014,26.649999618530273,26.649999618530273,0,26.649999618530273,26.649999618530273,24.15892219543457
08-09-2014,26.649999618530273,26.649999618530273,0,26.649999618530273,26.649999618530273,24.15892219543457
09-09-2014,26.649999618530273,26.649999618530273,0,26.649999618530273,26.649999618530273,24.15892219543457
10-09-2014,26.649999618530273,26.649999618530273,0,26.649999618530273,26.649999618530273,24.15892219543457
11-09-2014,26.649999618530273,26.649999618530273,0,26.649999618530273,26.649999618530273,24.15892219543457
12-09-2014,26.649999618530273,26.649999618530273,0,26.649999618530273,26.649999618530273,24.15892219543457
15-09-2014,25.450000762939453,25.450000762939453,1400,25.450000762939453,25.450000762939453,23.07109260559082
16-09-2014,24.5,24.5,1100,24.5,24.5,22.209888458251953
17-09-2014,25.15999984741211,25.15999984741211,800,25.15999984741211,25.15999984741211,22.808198928833008
18-09-2014,25.610000610351562,25.690000534057617,50000,25.690000534057617,25.610000610351562,23.21613311767578
19-09-2014,25.149999618530273,25.149999618530273,21000,25.149999618530273,25.149999618530273,22.79913330078125
22-09-2014,25.149999618530273,25.149999618530273,0,25.149999618530273,25.149999618530273,22.79913330078125
23-09-2014,24.850000381469727,24.850000381469727,600,24.850000381469727,24.850000381469727,22.527177810668945
24-09-2014,24.850000381469727,24.850000381469727,0,24.850000381469727,24.850000381469727,22.527177810668945
25-09-2014,24.850000381469727,24.850000381469727,0,24.850000381469727,24.850000381469727,22.527177810668945
26-09-2014,24.850000381469727,24.850000381469727,0,24.850000381469727,24.850000381469727,22.527177810668945
29-09-2014,24.850000381469727,24.850000381469727,0,24.850000381469727,24.850000381469727,22.527177810668945
30-09-2014,24.850000381469727,24.850000381469727,0,24.850000381469727,24.850000381469727,22.527177810668945
01-10-2014,24.850000381469727,24.850000381469727,0,24.850000381469727,24.850000381469727,22.527177810668945
02-10-2014,24.850000381469727,24.850000381469727,0,24.850000381469727,24.850000381469727,22.527177810668945
03-10-2014,24.850000381469727,24.850000381469727,0,24.850000381469727,24.850000381469727,22.527177810668945
06-10-2014,24.850000381469727,24.850000381469727,0,24.850000381469727,24.850000381469727,22.527177810668945
07-10-2014,24.850000381469727,24.850000381469727,0,24.850000381469727,24.850000381469727,22.527177810668945
08-10-2014,24.850000381469727,24.850000381469727,0,24.850000381469727,24.850000381469727,22.527177810668945
09-10-2014,24.850000381469727,24.850000381469727,0,24.850000381469727,24.850000381469727,22.527177810668945
10-10-2014,24.850000381469727,24.850000381469727,0,24.850000381469727,24.850000381469727,22.527177810668945
13-10-2014,23.0,23.0,200,23.0,23.0,20.850099563598633
14-10-2014,23.0,23.0,0,23.0,23.0,20.850099563598633
15-10-2014,23.209999084472656,23.209999084472656,6400,23.209999084472656,23.209999084472656,21.040470123291016
16-10-2014,22.959999084472656,22.959999084472656,11200,22.959999084472656,22.959999084472656,20.813838958740234
17-10-2014,22.959999084472656,22.959999084472656,0,22.959999084472656,22.959999084472656,20.813838958740234
20-10-2014,22.959999084472656,22.959999084472656,0,22.959999084472656,22.959999084472656,20.813838958740234
21-10-2014,24.31999969482422,24.31999969482422,300,24.31999969482422,24.31999969482422,22.04671287536621
22-10-2014,24.31999969482422,24.31999969482422,0,24.31999969482422,24.31999969482422,22.04671287536621
23-10-2014,24.31999969482422,24.31999969482422,0,24.31999969482422,24.31999969482422,22.04671287536621
24-10-2014,24.31999969482422,24.31999969482422,0,24.31999969482422,24.31999969482422,22.04671287536621
27-10-2014,24.31999969482422,24.31999969482422,0,24.31999969482422,24.31999969482422,22.04671287536621
28-10-2014,24.31999969482422,24.31999969482422,0,24.31999969482422,24.31999969482422,22.04671287536621
29-10-2014,24.31999969482422,24.31999969482422,0,24.31999969482422,24.31999969482422,22.04671287536621
30-10-2014,25.399999618530273,25.399999618530273,400,25.5,25.5,23.116416931152344
31-10-2014,25.5,25.5,0,25.5,25.5,23.116416931152344
03-11-2014,25.5,25.5,0,25.5,25.5,23.116416931152344
04-11-2014,25.5,25.5,0,25.5,25.5,23.116416931152344
05-11-2014,25.5,25.5,0,25.5,25.5,23.116416931152344
06-11-2014,25.5,25.5,0,25.5,25.5,23.116416931152344
07-11-2014,25.5,25.5,0,25.5,25.5,23.116416931152344
10-11-2014,25.5,25.5,0,25.5,25.5,23.116416931152344
11-11-2014,25.5,25.5,0,25.5,25.5,23.116416931152344
12-11-2014,25.850000381469727,25.850000381469727,4700,25.850000381469727,25.850000381469727,23.43370246887207
13-11-2014,25.850000381469727,25.850000381469727,0,25.850000381469727,25.850000381469727,23.43370246887207
14-11-2014,25.850000381469727,25.850000381469727,0,25.850000381469727,25.850000381469727,23.43370246887207
17-11-2014,25.850000381469727,25.850000381469727,0,25.850000381469727,25.850000381469727,23.43370246887207
18-11-2014,26.399999618530273,26.399999618530273,100,26.399999618530273,26.399999618530273,23.932289123535156
19-11-2014,26.399999618530273,26.399999618530273,0,26.399999618530273,26.399999618530273,23.932289123535156
20-11-2014,26.399999618530273,26.399999618530273,0,26.399999618530273,26.399999618530273,23.932289123535156
21-11-2014,26.399999618530273,26.399999618530273,0,26.399999618530273,26.399999618530273,23.932289123535156
24-11-2014,26.399999618530273,26.399999618530273,0,26.399999618530273,26.399999618530273,23.932289123535156
25-11-2014,26.399999618530273,26.399999618530273,0,26.399999618530273,26.399999618530273,23.932289123535156
26-11-2014,26.0,26.0,100,26.0,26.0,23.569677352905273
28-11-2014,26.0,26.0,0,26.0,26.0,23.569677352905273
01-12-2014,26.0,26.0,0,26.0,26.0,23.569677352905273
02-12-2014,26.0,26.0,0,26.0,26.0,23.569677352905273
03-12-2014,26.0,26.0,0,26.0,26.0,23.569677352905273
04-12-2014,26.0,26.0,0,26.0,26.0,23.569677352905273
05-12-2014,26.0,26.0,0,26.0,26.0,23.569677352905273
08-12-2014,26.0,26.0,0,26.0,26.0,23.569677352905273
09-12-2014,26.0,26.0,0,26.0,26.0,23.569677352905273
10-12-2014,26.0,26.0,0,26.0,26.0,23.569677352905273
11-12-2014,26.0,26.0,0,26.0,26.0,23.569677352905273
12-12-2014,26.0,26.0,0,26.0,26.0,23.569677352905273
15-12-2014,23.040000915527344,23.040000915527344,600,23.040000915527344,23.040000915527344,20.886362075805664
16-12-2014,23.040000915527344,23.040000915527344,0,23.040000915527344,23.040000915527344,20.886362075805664
17-12-2014,23.040000915527344,23.040000915527344,0,23.040000915527344,23.040000915527344,20.886362075805664
18-12-2014,24.299999237060547,24.299999237060547,3500,24.299999237060547,24.299999237060547,22.02858543395996
19-12-2014,24.299999237060547,24.299999237060547,0,24.299999237060547,24.299999237060547,22.02858543395996
22-12-2014,24.299999237060547,24.299999237060547,0,24.299999237060547,24.299999237060547,22.02858543395996
23-12-2014,23.25,23.25,600,23.25,23.25,21.076732635498047
24-12-2014,23.25,23.25,0,23.25,23.25,21.076732635498047
26-12-2014,22.75,22.75,300,22.75,22.75,20.62346839904785
29-12-2014,22.75,22.75,0,22.75,22.75,20.62346839904785
30-12-2014,22.75,22.75,100,22.75,22.75,20.62346839904785
31-12-2014,23.709999084472656,23.709999084472656,2700,23.709999084472656,23.709999084472656,21.49373435974121
02-01-2015,23.709999084472656,23.709999084472656,0,23.709999084472656,23.709999084472656,21.49373435974121
05-01-2015,24.0,24.0,500,24.0,24.0,21.75662612915039
06-01-2015,24.0,24.0,0,24.0,24.0,21.75662612915039
07-01-2015,24.0,24.0,0,24.0,24.0,21.75662612915039
08-01-2015,24.049999237060547,24.25,1600,24.25,24.049999237060547,21.801956176757812
09-01-2015,24.049999237060547,24.049999237060547,0,24.049999237060547,24.049999237060547,21.801956176757812
12-01-2015,24.049999237060547,24.049999237060547,0,24.049999237060547,24.049999237060547,21.801956176757812
13-01-2015,24.049999237060547,24.049999237060547,0,24.049999237060547,24.049999237060547,21.801956176757812
14-01-2015,24.049999237060547,24.049999237060547,0,24.049999237060547,24.049999237060547,21.801956176757812
15-01-2015,24.049999237060547,24.049999237060547,0,24.049999237060547,24.049999237060547,21.801956176757812
16-01-2015,26.010000228881836,26.010000228881836,400,26.010000228881836,26.010000228881836,23.578746795654297
20-01-2015,26.010000228881836,26.010000228881836,0,26.010000228881836,26.010000228881836,23.578746795654297
21-01-2015,26.010000228881836,26.010000228881836,0,26.010000228881836,26.010000228881836,23.578746795654297
22-01-2015,26.010000228881836,26.010000228881836,0,26.010000228881836,26.010000228881836,23.578746795654297
23-01-2015,26.010000228881836,26.010000228881836,0,26.010000228881836,26.010000228881836,23.578746795654297
26-01-2015,26.010000228881836,26.010000228881836,0,26.010000228881836,26.010000228881836,23.578746795654297
27-01-2015,26.010000228881836,26.010000228881836,0,26.010000228881836,26.010000228881836,23.578746795654297
28-01-2015,26.010000228881836,26.010000228881836,0,26.010000228881836,26.010000228881836,23.578746795654297
29-01-2015,26.010000228881836,26.010000228881836,0,26.010000228881836,26.010000228881836,23.578746795654297
30-01-2015,26.010000228881836,26.010000228881836,0,26.010000228881836,26.010000228881836,23.578746795654297
02-02-2015,26.010000228881836,26.010000228881836,0,26.010000228881836,26.010000228881836,23.578746795654297
03-02-2015,26.010000228881836,26.010000228881836,0,26.010000228881836,26.010000228881836,23.578746795654297
04-02-2015,26.010000228881836,26.010000228881836,0,26.010000228881836,26.010000228881836,23.578746795654297
05-02-2015,26.010000228881836,26.010000228881836,0,26.010000228881836,26.010000228881836,23.578746795654297
06-02-2015,27.100000381469727,27.100000381469727,200,27.100000381469727,27.100000381469727,24.566858291625977
09-02-2015,27.100000381469727,27.100000381469727,0,27.100000381469727,27.100000381469727,24.566858291625977
10-02-2015,27.100000381469727,27.100000381469727,0,27.100000381469727,27.100000381469727,24.566858291625977
11-02-2015,25.860000610351562,25.860000610351562,5000,25.889999389648438,25.889999389648438,23.469961166381836
12-02-2015,25.889999389648438,25.889999389648438,0,25.889999389648438,25.889999389648438,23.469961166381836
13-02-2015,25.889999389648438,25.889999389648438,0,25.889999389648438,25.889999389648438,23.469961166381836
17-02-2015,26.399999618530273,26.399999618530273,100,26.399999618530273,26.399999618530273,23.932289123535156
18-02-2015,26.399999618530273,26.399999618530273,0,26.399999618530273,26.399999618530273,23.932289123535156
19-02-2015,27.09000015258789,27.09000015258789,86000,27.09000015258789,27.09000015258789,24.55779266357422
20-02-2015,27.09000015258789,27.09000015258789,0,27.09000015258789,27.09000015258789,24.55779266357422
23-02-2015,27.100000381469727,27.100000381469727,200,27.100000381469727,27.100000381469727,24.566858291625977
24-02-2015,27.100000381469727,27.100000381469727,0,27.100000381469727,27.100000381469727,24.566858291625977
25-02-2015,27.100000381469727,27.100000381469727,0,27.100000381469727,27.100000381469727,24.566858291625977
26-02-2015,27.100000381469727,27.100000381469727,0,27.100000381469727,27.100000381469727,24.566858291625977
27-02-2015,27.100000381469727,27.100000381469727,0,27.100000381469727,27.100000381469727,24.566858291625977
02-03-2015,30.18000030517578,30.18000030517578,3000,30.5,30.5,27.6490478515625
03-03-2015,30.5,30.5,0,30.5,30.5,27.6490478515625
04-03-2015,30.5,30.5,0,30.5,30.5,27.6490478515625
05-03-2015,30.5,30.5,0,30.5,30.5,27.6490478515625
06-03-2015,30.5,30.5,0,30.5,30.5,27.6490478515625
09-03-2015,28.459999084472656,28.459999084472656,500,28.459999084472656,28.459999084472656,25.79973602294922
10-03-2015,28.459999084472656,28.459999084472656,0,28.459999084472656,28.459999084472656,25.79973602294922
11-03-2015,28.100000381469727,28.100000381469727,5900,28.100000381469727,28.100000381469727,25.4733829498291
12-03-2015,28.100000381469727,28.100000381469727,0,28.100000381469727,28.100000381469727,25.4733829498291
13-03-2015,28.100000381469727,28.100000381469727,0,28.100000381469727,28.100000381469727,25.4733829498291
16-03-2015,28.100000381469727,28.100000381469727,0,28.100000381469727,28.100000381469727,25.4733829498291
17-03-2015,27.899999618530273,27.899999618530273,600,27.940000534057617,27.940000534057617,25.328338623046875
18-03-2015,27.940000534057617,27.940000534057617,0,27.940000534057617,27.940000534057617,25.328338623046875
19-03-2015,27.940000534057617,27.940000534057617,0,27.940000534057617,27.940000534057617,25.328338623046875
20-03-2015,27.190000534057617,27.190000534057617,200,27.190000534057617,27.190000534057617,24.64844512939453
23-03-2015,27.190000534057617,27.190000534057617,0,27.190000534057617,27.190000534057617,24.64844512939453
24-03-2015,27.190000534057617,27.190000534057617,0,27.190000534057617,27.190000534057617,24.64844512939453
25-03-2015,27.190000534057617,27.190000534057617,0,27.190000534057617,27.190000534057617,24.64844512939453
26-03-2015,27.190000534057617,27.190000534057617,0,27.190000534057617,27.190000534057617,24.64844512939453
27-03-2015,27.190000534057617,27.190000534057617,0,27.190000534057617,27.190000534057617,24.64844512939453
30-03-2015,27.190000534057617,27.190000534057617,0,27.190000534057617,27.190000534057617,24.64844512939453
31-03-2015,27.75,27.75,1400,27.75,27.75,25.15610122680664
01-04-2015,27.75,27.75,0,27.75,27.75,25.15610122680664
02-04-2015,27.75,27.75,0,27.75,27.75,25.15610122680664
06-04-2015,27.75,27.75,0,27.75,27.75,25.15610122680664
07-04-2015,27.75,27.75,0,27.75,27.75,25.15610122680664
08-04-2015,28.350000381469727,28.350000381469727,200,28.350000381469727,28.350000381469727,25.700014114379883
09-04-2015,28.350000381469727,28.350000381469727,0,28.350000381469727,28.350000381469727,25.700014114379883
10-04-2015,28.350000381469727,28.350000381469727,0,28.350000381469727,28.350000381469727,25.700014114379883
13-04-2015,28.350000381469727,28.350000381469727,0,28.350000381469727,28.350000381469727,25.700014114379883
14-04-2015,28.350000381469727,28.350000381469727,0,28.350000381469727,28.350000381469727,25.700014114379883
15-04-2015,28.600000381469727,28.600000381469727,200,28.600000381469727,28.600000381469727,25.926647186279297
16-04-2015,28.5,28.5,100,28.5,28.5,25.835996627807617
17-04-2015,28.049999237060547,28.049999237060547,100,28.049999237060547,28.049999237060547,25.428056716918945
20-04-2015,27.190000534057617,27.190000534057617,400,27.190000534057617,27.190000534057617,24.64844512939453
21-04-2015,26.40999984741211,26.40999984741211,800,26.40999984741211,26.40999984741211,23.94135856628418
22-04-2015,27.75,27.75,800,27.75,27.75,25.15610122680664
23-04-2015,27.239999771118164,27.239999771118164,200,27.239999771118164,27.239999771118164,24.693769454956055
24-04-2015,26.600000381469727,26.600000381469727,100,26.600000381469727,26.600000381469727,24.113595962524414
27-04-2015,26.600000381469727,26.600000381469727,0,26.600000381469727,26.600000381469727,24.113595962524414
28-04-2015,26.600000381469727,26.600000381469727,0,26.600000381469727,26.600000381469727,24.113595962524414
29-04-2015,26.600000381469727,26.600000381469727,0,26.600000381469727,26.600000381469727,24.113595962524414
30-04-2015,25.25,25.25,1400,25.25,25.25,22.889785766601562
01-05-2015,25.559999465942383,25.559999465942383,200,25.559999465942383,25.559999465942383,23.170804977416992
04-05-2015,25.559999465942383,25.559999465942383,0,25.559999465942383,25.559999465942383,23.170804977416992
05-05-2015,25.559999465942383,25.559999465942383,0,25.559999465942383,25.559999465942383,23.170804977416992
06-05-2015,24.700000762939453,24.850000381469727,1100,24.850000381469727,24.700000762939453,22.391193389892578
07-05-2015,24.700000762939453,24.700000762939453,0,24.700000762939453,24.700000762939453,22.391193389892578
08-05-2015,24.75,24.75,1400,24.75,24.75,22.436521530151367
11-05-2015,24.75,24.75,0,24.75,24.75,22.436521530151367
12-05-2015,24.75,24.75,0,24.75,24.75,22.436521530151367
13-05-2015,24.75,24.75,0,24.75,24.75,22.436521530151367
14-05-2015,24.75,24.75,0,24.75,24.75,22.436521530151367
15-05-2015,24.75,24.75,0,24.75,24.75,22.436521530151367
18-05-2015,24.899999618530273,24.899999618530273,300,24.899999618530273,24.899999618530273,22.572500228881836
19-05-2015,25.1299991607666,25.1299991607666,200,25.1299991607666,25.1299991607666,22.781002044677734
20-05-2015,25.200000762939453,25.200000762939453,200,25.200000762939453,25.200000762939453,22.844457626342773
21-05-2015,25.200000762939453,25.200000762939453,0,25.200000762939453,25.200000762939453,22.844457626342773
22-05-2015,25.200000762939453,25.200000762939453,0,25.200000762939453,25.200000762939453,22.844457626342773
26-05-2015,25.200000762939453,25.200000762939453,0,25.200000762939453,25.200000762939453,22.844457626342773
27-05-2015,25.200000762939453,25.200000762939453,0,25.200000762939453,25.200000762939453,22.844457626342773
28-05-2015,25.200000762939453,25.200000762939453,0,25.200000762939453,25.200000762939453,22.844457626342773
29-05-2015,25.200000762939453,25.200000762939453,0,25.200000762939453,25.200000762939453,22.844457626342773
01-06-2015,25.200000762939453,25.200000762939453,0,25.200000762939453,25.200000762939453,22.844457626342773
02-06-2015,25.200000762939453,25.200000762939453,0,25.200000762939453,25.200000762939453,22.844457626342773
03-06-2015,25.200000762939453,25.200000762939453,0,25.200000762939453,25.200000762939453,22.844457626342773
04-06-2015,25.200000762939453,25.200000762939453,0,25.200000762939453,25.200000762939453,22.844457626342773
05-06-2015,25.200000762939453,25.200000762939453,0,25.200000762939453,25.200000762939453,22.844457626342773
08-06-2015,25.200000762939453,25.200000762939453,0,25.200000762939453,25.200000762939453,22.844457626342773
09-06-2015,25.200000762939453,25.200000762939453,0,25.200000762939453,25.200000762939453,22.844457626342773
10-06-2015,25.200000762939453,25.200000762939453,0,25.200000762939453,25.200000762939453,22.844457626342773
11-06-2015,25.200000762939453,25.200000762939453,0,25.200000762939453,25.200000762939453,22.844457626342773
12-06-2015,25.200000762939453,25.200000762939453,0,25.200000762939453,25.200000762939453,22.844457626342773
15-06-2015,26.200000762939453,26.200000762939453,3100,26.200000762939453,26.200000762939453,23.750986099243164
16-06-2015,26.200000762939453,26.200000762939453,0,26.200000762939453,26.200000762939453,23.750986099243164
17-06-2015,26.200000762939453,26.200000762939453,0,26.200000762939453,26.200000762939453,23.750986099243164
18-06-2015,26.200000762939453,26.200000762939453,0,26.200000762939453,26.200000762939453,23.750986099243164
19-06-2015,26.200000762939453,26.200000762939453,0,26.200000762939453,26.200000762939453,23.750986099243164
22-06-2015,26.200000762939453,26.200000762939453,0,26.200000762939453,26.200000762939453,23.750986099243164
23-06-2015,26.200000762939453,26.200000762939453,0,26.200000762939453,26.200000762939453,23.750986099243164
24-06-2015,26.200000762939453,26.200000762939453,0,26.200000762939453,26.200000762939453,23.750986099243164
25-06-2015,26.200000762939453,26.200000762939453,0,26.200000762939453,26.200000762939453,23.750986099243164
26-06-2015,26.200000762939453,26.200000762939453,0,26.200000762939453,26.200000762939453,23.750986099243164
29-06-2015,26.200000762939453,26.200000762939453,0,26.200000762939453,26.200000762939453,23.750986099243164
30-06-2015,26.200000762939453,26.200000762939453,0,26.200000762939453,26.200000762939453,23.750986099243164
01-07-2015,28.010000228881836,28.100000381469727,1500,28.100000381469727,28.010000228881836,25.39179801940918
02-07-2015,28.0,28.75,22600,28.75,28.0,25.382732391357422
06-07-2015,28.0,28.0,7200,28.0,28.0,25.382732391357422
07-07-2015,28.0,28.0,0,28.0,28.0,25.382732391357422
08-07-2015,28.15999984741211,28.15999984741211,3000,28.15999984741211,28.15999984741211,25.52777862548828
09-07-2015,28.5,28.5,100,28.5,28.5,25.835996627807617
10-07-2015,28.5,28.5,0,28.5,28.5,25.835996627807617
13-07-2015,28.5,28.5,0,28.5,28.5,25.835996627807617
14-07-2015,28.5,28.5,0,28.5,28.5,25.835996627807617
15-07-2015,28.5,28.5,0,28.5,28.5,25.835996627807617
16-07-2015,28.5,28.5,0,28.5,28.5,25.835996627807617
17-07-2015,28.5,28.5,0,28.5,28.5,25.835996627807617
20-07-2015,28.5,28.5,0,28.5,28.5,25.835996627807617
21-07-2015,28.5,28.5,0,28.5,28.5,25.835996627807617
22-07-2015,28.5,28.5,0,28.5,28.5,25.835996627807617
23-07-2015,28.709999084472656,28.709999084472656,200,28.709999084472656,28.709999084472656,26.026365280151367
24-07-2015,28.34000015258789,28.34000015258789,36200,28.34000015258789,28.34000015258789,25.69095230102539
27-07-2015,28.34000015258789,28.34000015258789,0,28.34000015258789,28.34000015258789,25.69095230102539
28-07-2015,28.34000015258789,28.34000015258789,0,28.34000015258789,28.34000015258789,25.69095230102539
29-07-2015,28.34000015258789,28.34000015258789,0,28.34000015258789,28.34000015258789,25.69095230102539
30-07-2015,28.34000015258789,28.34000015258789,0,28.34000015258789,28.34000015258789,25.69095230102539
31-07-2015,28.34000015258789,28.34000015258789,0,28.34000015258789,28.34000015258789,25.69095230102539
03-08-2015,27.799999237060547,27.799999237060547,1000,27.799999237060547,27.799999237060547,25.201425552368164
04-08-2015,27.5,27.5,200,27.5,27.5,24.929471969604492
05-08-2015,27.5,27.5,0,27.5,27.5,24.929471969604492
06-08-2015,27.5,27.5,0,27.5,27.5,24.929471969604492
07-08-2015,27.5,27.5,0,27.5,27.5,24.929471969604492
10-08-2015,27.5,27.5,0,27.5,27.5,24.929471969604492
11-08-2015,27.5,27.5,0,27.5,27.5,24.929471969604492
12-08-2015,27.5,27.5,0,27.5,27.5,24.929471969604492
13-08-2015,26.899999618530273,26.899999618530273,800,26.899999618530273,26.899999618530273,24.385555267333984
14-08-2015,26.899999618530273,26.899999618530273,0,26.899999618530273,26.899999618530273,24.385555267333984
17-08-2015,26.899999618530273,26.899999618530273,0,26.899999618530273,26.899999618530273,24.385555267333984
18-08-2015,26.899999618530273,26.899999618530273,0,26.899999618530273,26.899999618530273,24.385555267333984
19-08-2015,26.899999618530273,26.899999618530273,0,26.899999618530273,26.899999618530273,24.385555267333984
20-08-2015,27.040000915527344,27.040000915527344,3000,27.040000915527344,27.040000915527344,24.512466430664062
21-08-2015,27.040000915527344,27.040000915527344,0,27.040000915527344,27.040000915527344,24.512466430664062
24-08-2015,23.25,23.459999084472656,600,23.459999084472656,23.25,21.076732635498047
25-08-2015,24.09000015258789,24.09000015258789,1300,24.09000015258789,24.09000015258789,21.838214874267578
26-08-2015,24.09000015258789,24.09000015258789,0,24.09000015258789,24.09000015258789,21.838214874267578
27-08-2015,24.09000015258789,24.09000015258789,0,24.09000015258789,24.09000015258789,21.838214874267578
28-08-2015,24.09000015258789,24.09000015258789,0,24.09000015258789,24.09000015258789,21.98722267150879
31-08-2015,24.0,24.75,500,24.75,24.0,21.90507698059082
01-09-2015,23.5,23.5,2100,23.5,23.5,21.448720932006836
02-09-2015,23.5,23.5,0,23.5,23.5,21.448720932006836
03-09-2015,23.5,23.5,0,23.5,23.5,21.448720932006836
04-09-2015,23.5,23.5,0,23.5,23.5,21.448720932006836
08-09-2015,23.5,23.5,0,23.5,23.5,21.448720932006836
09-09-2015,23.5,23.5,0,23.5,23.5,21.448720932006836
10-09-2015,24.0,24.0,300,24.0,24.0,21.90507698059082
11-09-2015,23.5,23.5,300,23.5,23.5,21.448720932006836
14-09-2015,23.5,23.5,0,23.5,23.5,21.448720932006836
15-09-2015,23.5,23.5,0,23.5,23.5,21.448720932006836
16-09-2015,23.399999618530273,23.700000762939453,700,23.700000762939453,23.399999618530273,21.357450485229492
17-09-2015,23.399999618530273,23.399999618530273,0,23.399999618530273,23.399999618530273,21.357450485229492
18-09-2015,23.399999618530273,23.399999618530273,0,23.399999618530273,23.399999618530273,21.357450485229492
21-09-2015,23.399999618530273,23.399999618530273,0,23.399999618530273,23.399999618530273,21.357450485229492
22-09-2015,22.809999465942383,22.809999465942383,100,22.809999465942383,22.809999465942383,20.818950653076172
23-09-2015,22.809999465942383,22.809999465942383,0,22.809999465942383,22.809999465942383,20.818950653076172
24-09-2015,22.809999465942383,22.809999465942383,0,22.809999465942383,22.809999465942383,20.818950653076172
25-09-2015,22.809999465942383,22.809999465942383,0,22.809999465942383,22.809999465942383,20.818950653076172
28-09-2015,21.360000610351562,21.360000610351562,17300,21.360000610351562,21.360000610351562,19.49551773071289
29-09-2015,21.360000610351562,21.360000610351562,0,21.360000610351562,21.360000610351562,19.49551773071289
30-09-2015,21.360000610351562,21.360000610351562,0,21.360000610351562,21.360000610351562,19.49551773071289
01-10-2015,21.360000610351562,21.360000610351562,0,21.360000610351562,21.360000610351562,19.49551773071289
02-10-2015,21.360000610351562,21.360000610351562,0,21.360000610351562,21.360000610351562,19.49551773071289
05-10-2015,21.360000610351562,21.360000610351562,0,21.360000610351562,21.360000610351562,19.49551773071289
06-10-2015,23.8700008392334,23.8700008392334,1100,23.8700008392334,23.8700008392334,21.786426544189453
07-10-2015,23.8700008392334,23.8700008392334,0,23.8700008392334,23.8700008392334,21.786426544189453
08-10-2015,23.8700008392334,23.8700008392334,0,23.8700008392334,23.8700008392334,21.786426544189453
09-10-2015,23.8700008392334,23.8700008392334,0,23.8700008392334,23.8700008392334,21.786426544189453
12-10-2015,23.8700008392334,23.8700008392334,0,23.8700008392334,23.8700008392334,21.786426544189453
13-10-2015,23.8700008392334,23.8700008392334,0,23.8700008392334,23.8700008392334,21.786426544189453
14-10-2015,23.8700008392334,23.8700008392334,0,23.8700008392334,23.8700008392334,21.786426544189453
15-10-2015,23.8700008392334,23.8700008392334,0,23.8700008392334,23.8700008392334,21.786426544189453
16-10-2015,23.8700008392334,23.8700008392334,0,23.8700008392334,23.8700008392334,21.786426544189453
19-10-2015,23.8700008392334,23.8700008392334,0,23.8700008392334,23.8700008392334,21.786426544189453
20-10-2015,23.8700008392334,23.8700008392334,0,23.8700008392334,23.8700008392334,21.786426544189453
21-10-2015,23.8700008392334,23.8700008392334,0,23.8700008392334,23.8700008392334,21.786426544189453
22-10-2015,23.8700008392334,23.8700008392334,0,23.8700008392334,23.8700008392334,21.786426544189453
23-10-2015,23.8700008392334,23.8700008392334,0,23.8700008392334,23.8700008392334,21.786426544189453
26-10-2015,23.8700008392334,23.8700008392334,0,23.8700008392334,23.8700008392334,21.786426544189453
27-10-2015,23.8700008392334,23.8700008392334,0,23.8700008392334,23.8700008392334,21.786426544189453
28-10-2015,23.8700008392334,23.8700008392334,0,23.8700008392334,23.8700008392334,21.786426544189453
29-10-2015,23.8700008392334,23.8700008392334,0,23.8700008392334,23.8700008392334,21.786426544189453
30-10-2015,21.25,21.25,200,21.25,21.25,19.39512062072754
02-11-2015,21.25,21.25,0,21.25,21.25,19.39512062072754
03-11-2015,20.700000762939453,20.700000762939453,1100,21.0,21.0,19.166940689086914
04-11-2015,20.700000762939453,20.700000762939453,200,20.700000762939453,20.700000762939453,18.893129348754883
05-11-2015,20.700000762939453,20.700000762939453,0,20.700000762939453,20.700000762939453,18.893129348754883
06-11-2015,20.700000762939453,20.700000762939453,0,20.700000762939453,20.700000762939453,18.893129348754883
09-11-2015,20.559999465942383,20.559999465942383,500,20.559999465942383,20.559999465942383,18.765350341796875
10-11-2015,20.559999465942383,20.559999465942383,0,20.559999465942383,20.559999465942383,18.765350341796875
11-11-2015,20.559999465942383,20.559999465942383,0,20.559999465942383,20.559999465942383,18.765350341796875
12-11-2015,20.0,20.0,600,20.0,20.0,18.25423240661621
13-11-2015,20.0,20.0,0,20.0,20.0,18.25423240661621
16-11-2015,20.0,20.0,0,20.0,20.0,18.25423240661621
17-11-2015,20.0,20.0,0,20.0,20.0,18.25423240661621
18-11-2015,20.0,20.0,0,20.0,20.0,18.25423240661621
19-11-2015,20.299999237060547,20.299999237060547,900,20.299999237060547,20.299999237060547,18.528043746948242
20-11-2015,20.299999237060547,20.299999237060547,0,20.299999237060547,20.299999237060547,18.528043746948242
23-11-2015,20.299999237060547,20.299999237060547,237300,20.299999237060547,20.299999237060547,18.528043746948242
24-11-2015,20.299999237060547,20.299999237060547,0,20.299999237060547,20.299999237060547,18.528043746948242
25-11-2015,20.1200008392334,20.1200008392334,500,20.1200008392334,20.1200008392334,18.36375617980957
27-11-2015,20.1200008392334,20.1200008392334,0,20.1200008392334,20.1200008392334,18.36375617980957
30-11-2015,20.1200008392334,20.1200008392334,0,20.1200008392334,20.1200008392334,18.36375617980957
01-12-2015,20.1200008392334,20.1200008392334,0,20.1200008392334,20.1200008392334,18.36375617980957
02-12-2015,20.1200008392334,20.1200008392334,0,20.1200008392334,20.1200008392334,18.36375617980957
03-12-2015,20.1200008392334,20.1200008392334,0,20.1200008392334,20.1200008392334,18.36375617980957
04-12-2015,20.1200008392334,20.1200008392334,0,20.1200008392334,20.1200008392334,18.36375617980957
07-12-2015,20.1200008392334,20.1200008392334,0,20.1200008392334,20.1200008392334,18.36375617980957
08-12-2015,20.1200008392334,20.1200008392334,0,20.1200008392334,20.1200008392334,18.36375617980957
09-12-2015,19.549999237060547,19.549999237060547,2000,19.549999237060547,19.549999237060547,17.8435115814209
10-12-2015,19.549999237060547,19.549999237060547,0,19.549999237060547,19.549999237060547,17.8435115814209
11-12-2015,18.950000762939453,18.950000762939453,500,18.950000762939453,18.950000762939453,17.295883178710938
14-12-2015,18.5,18.5,500,18.5,18.5,16.88516616821289
15-12-2015,18.5,18.5,0,18.5,18.5,16.88516616821289
16-12-2015,18.5,18.5,0,18.5,18.5,16.88516616821289
17-12-2015,18.5,18.5,0,18.5,18.5,16.88516616821289
18-12-2015,18.75,18.75,200,18.75,18.75,17.113340377807617
21-12-2015,19.0,19.0,200,19.0,19.0,17.341520309448242
22-12-2015,19.0,19.0,0,19.0,19.0,17.341520309448242
23-12-2015,19.0,19.0,0,19.0,19.0,17.341520309448242
24-12-2015,19.0,19.0,0,19.0,19.0,17.341520309448242
28-12-2015,19.0,19.0,0,19.0,19.0,17.341520309448242
29-12-2015,19.0,19.0,0,19.0,19.0,17.341520309448242
30-12-2015,19.0,19.0,0,19.0,19.0,17.341520309448242
31-12-2015,19.0,19.0,0,19.0,19.0,17.341520309448242
04-01-2016,19.0,19.0,0,19.0,19.0,17.341520309448242
05-01-2016,18.75,19.25,1100,19.25,18.75,17.113340377807617
06-01-2016,18.75,18.75,0,18.75,18.75,17.113340377807617
07-01-2016,18.75,18.75,0,18.75,18.75,17.113340377807617
08-01-2016,18.75,18.75,0,18.75,18.75,17.113340377807617
11-01-2016,18.75,18.75,0,18.75,18.75,17.113340377807617
12-01-2016,18.75,18.75,0,18.75,18.75,17.113340377807617
13-01-2016,18.75,18.75,0,18.75,18.75,17.113340377807617
14-01-2016,18.75,18.75,0,18.75,18.75,17.113340377807617
15-01-2016,18.75,18.75,0,18.75,18.75,17.113340377807617
19-01-2016,16.149999618530273,16.3799991607666,28200,16.3799991607666,16.149999618530273,14.740291595458984
20-01-2016,15.75,15.75,800,15.75,15.75,14.375207901000977
21-01-2016,15.75,15.75,0,15.75,15.75,14.375207901000977
22-01-2016,15.75,15.75,0,15.75,15.75,14.375207901000977
25-01-2016,15.75,15.75,0,15.75,15.75,14.375207901000977
26-01-2016,16.329999923706055,16.329999923706055,300,16.329999923706055,16.329999923706055,14.904580116271973
27-01-2016,16.329999923706055,16.329999923706055,0,16.329999923706055,16.329999923706055,14.904580116271973
28-01-2016,16.329999923706055,16.329999923706055,0,16.329999923706055,16.329999923706055,14.904580116271973
29-01-2016,16.329999923706055,16.329999923706055,0,16.329999923706055,16.329999923706055,14.904580116271973
01-02-2016,16.329999923706055,16.329999923706055,0,16.329999923706055,16.329999923706055,14.904580116271973
02-02-2016,16.329999923706055,16.329999923706055,0,16.329999923706055,16.329999923706055,14.904580116271973
03-02-2016,16.329999923706055,16.329999923706055,0,16.329999923706055,16.329999923706055,14.904580116271973
04-02-2016,16.329999923706055,16.329999923706055,0,16.329999923706055,16.329999923706055,14.904580116271973
05-02-2016,16.329999923706055,16.329999923706055,0,16.329999923706055,16.329999923706055,14.904580116271973
08-02-2016,16.329999923706055,16.329999923706055,0,16.329999923706055,16.329999923706055,14.904580116271973
09-02-2016,16.0,16.0,400,16.0,16.0,14.603385925292969
10-02-2016,16.0,16.0,0,16.0,16.0,14.603385925292969
11-02-2016,15.600000381469727,15.600000381469727,100,15.600000381469727,15.600000381469727,14.238301277160645
12-02-2016,15.600000381469727,15.600000381469727,0,15.600000381469727,15.600000381469727,14.238301277160645
16-02-2016,15.720000267028809,15.720000267028809,300,15.720000267028809,15.720000267028809,14.347825050354004
17-02-2016,15.720000267028809,15.720000267028809,0,15.720000267028809,15.720000267028809,14.347825050354004
18-02-2016,15.720000267028809,15.720000267028809,0,15.720000267028809,15.720000267028809,14.347825050354004
19-02-2016,15.720000267028809,15.720000267028809,0,15.720000267028809,15.720000267028809,14.347825050354004
22-02-2016,15.720000267028809,15.720000267028809,0,15.720000267028809,15.720000267028809,14.347825050354004
23-02-2016,15.720000267028809,15.720000267028809,0,15.720000267028809,15.720000267028809,14.347825050354004
24-02-2016,15.720000267028809,15.720000267028809,0,15.720000267028809,15.720000267028809,14.347825050354004
25-02-2016,15.720000267028809,15.720000267028809,0,15.720000267028809,15.720000267028809,14.347825050354004
26-02-2016,15.720000267028809,15.720000267028809,0,15.720000267028809,15.720000267028809,14.347825050354004
29-02-2016,15.720000267028809,15.720000267028809,0,15.720000267028809,15.720000267028809,14.347825050354004
01-03-2016,15.720000267028809,15.720000267028809,0,15.720000267028809,15.720000267028809,14.347825050354004
02-03-2016,15.720000267028809,15.720000267028809,0,15.720000267028809,15.720000267028809,14.347825050354004
03-03-2016,15.720000267028809,15.720000267028809,0,15.720000267028809,15.720000267028809,14.347825050354004
04-03-2016,15.720000267028809,15.720000267028809,0,15.720000267028809,15.720000267028809,14.347825050354004
07-03-2016,15.720000267028809,15.720000267028809,0,15.720000267028809,15.720000267028809,14.347825050354004
08-03-2016,15.720000267028809,15.720000267028809,0,15.720000267028809,15.720000267028809,14.347825050354004
09-03-2016,15.720000267028809,15.720000267028809,0,15.720000267028809,15.720000267028809,14.347825050354004
10-03-2016,15.720000267028809,15.720000267028809,0,15.720000267028809,15.720000267028809,14.347825050354004
11-03-2016,15.720000267028809,15.720000267028809,0,15.720000267028809,15.720000267028809,14.347825050354004
14-03-2016,15.720000267028809,15.720000267028809,0,15.720000267028809,15.720000267028809,14.347825050354004
15-03-2016,15.720000267028809,15.720000267028809,0,15.720000267028809,15.720000267028809,14.347825050354004
16-03-2016,15.720000267028809,15.720000267028809,0,15.720000267028809,15.720000267028809,14.347825050354004
17-03-2016,15.720000267028809,15.720000267028809,0,15.720000267028809,15.720000267028809,14.347825050354004
18-03-2016,15.720000267028809,15.720000267028809,0,15.720000267028809,15.720000267028809,14.347825050354004
21-03-2016,15.720000267028809,15.720000267028809,0,15.720000267028809,15.720000267028809,14.347825050354004
22-03-2016,15.720000267028809,15.720000267028809,0,15.720000267028809,15.720000267028809,14.347825050354004
23-03-2016,18.200000762939453,18.200000762939453,100,18.200000762939453,18.200000762939453,16.611352920532227
24-03-2016,18.200000762939453,18.200000762939453,0,18.200000762939453,18.200000762939453,16.611352920532227
28-03-2016,18.200000762939453,18.200000762939453,0,18.200000762939453,18.200000762939453,16.611352920532227
29-03-2016,18.200000762939453,18.200000762939453,0,18.200000762939453,18.200000762939453,16.611352920532227
30-03-2016,18.200000762939453,18.200000762939453,0,18.200000762939453,18.200000762939453,16.611352920532227
31-03-2016,18.200000762939453,18.200000762939453,0,18.200000762939453,18.200000762939453,16.611352920532227
01-04-2016,18.200000762939453,18.200000762939453,0,18.200000762939453,18.200000762939453,16.611352920532227
04-04-2016,18.200000762939453,18.200000762939453,0,18.200000762939453,18.200000762939453,16.611352920532227
05-04-2016,18.200000762939453,18.200000762939453,0,18.200000762939453,18.200000762939453,16.611352920532227
06-04-2016,18.200000762939453,18.200000762939453,0,18.200000762939453,18.200000762939453,16.611352920532227
07-04-2016,18.200000762939453,18.200000762939453,0,18.200000762939453,18.200000762939453,16.611352920532227
08-04-2016,18.200000762939453,18.200000762939453,0,18.200000762939453,18.200000762939453,16.611352920532227
11-04-2016,18.200000762939453,18.200000762939453,0,18.200000762939453,18.200000762939453,16.611352920532227
12-04-2016,18.200000762939453,18.200000762939453,0,18.200000762939453,18.200000762939453,16.611352920532227
13-04-2016,18.200000762939453,18.200000762939453,0,18.200000762939453,18.200000762939453,16.611352920532227
14-04-2016,18.200000762939453,18.200000762939453,0,18.200000762939453,18.200000762939453,16.611352920532227
15-04-2016,18.200000762939453,18.200000762939453,0,18.200000762939453,18.200000762939453,16.611352920532227
18-04-2016,18.200000762939453,18.200000762939453,0,18.200000762939453,18.200000762939453,16.611352920532227
19-04-2016,18.200000762939453,18.200000762939453,0,18.200000762939453,18.200000762939453,16.611352920532227
20-04-2016,18.200000762939453,18.200000762939453,0,18.200000762939453,18.200000762939453,16.611352920532227
21-04-2016,18.200000762939453,18.200000762939453,0,18.200000762939453,18.200000762939453,16.611352920532227
22-04-2016,18.200000762939453,18.200000762939453,0,18.200000762939453,18.200000762939453,16.611352920532227
25-04-2016,18.200000762939453,18.200000762939453,0,18.200000762939453,18.200000762939453,16.611352920532227
26-04-2016,18.200000762939453,18.200000762939453,0,18.200000762939453,18.200000762939453,16.611352920532227
27-04-2016,18.200000762939453,18.200000762939453,0,18.200000762939453,18.200000762939453,16.611352920532227
28-04-2016,18.200000762939453,18.200000762939453,0,18.200000762939453,18.200000762939453,16.611352920532227
29-04-2016,18.200000762939453,18.200000762939453,0,18.200000762939453,18.200000762939453,16.611352920532227
02-05-2016,18.850000381469727,18.850000381469727,1100,18.850000381469727,18.850000381469727,17.204614639282227
03-05-2016,18.850000381469727,18.850000381469727,0,18.850000381469727,18.850000381469727,17.204614639282227
04-05-2016,18.850000381469727,18.850000381469727,0,18.850000381469727,18.850000381469727,17.204614639282227
05-05-2016,18.850000381469727,18.850000381469727,0,18.850000381469727,18.850000381469727,17.204614639282227
06-05-2016,18.850000381469727,18.850000381469727,0,18.850000381469727,18.850000381469727,17.204614639282227
09-05-2016,18.850000381469727,18.850000381469727,0,18.850000381469727,18.850000381469727,17.204614639282227
10-05-2016,18.850000381469727,18.850000381469727,0,18.850000381469727,18.850000381469727,17.204614639282227
11-05-2016,18.850000381469727,18.850000381469727,0,18.850000381469727,18.850000381469727,17.204614639282227
12-05-2016,18.850000381469727,18.850000381469727,0,18.850000381469727,18.850000381469727,17.204614639282227
13-05-2016,18.850000381469727,18.850000381469727,0,18.850000381469727,18.850000381469727,17.204614639282227
16-05-2016,18.850000381469727,18.850000381469727,0,18.850000381469727,18.850000381469727,17.204614639282227
17-05-2016,18.850000381469727,18.850000381469727,0,18.850000381469727,18.850000381469727,17.204614639282227
18-05-2016,18.850000381469727,18.850000381469727,0,18.850000381469727,18.850000381469727,17.204614639282227
19-05-2016,18.850000381469727,18.850000381469727,0,18.850000381469727,18.850000381469727,17.204614639282227
20-05-2016,18.700000762939453,18.700000762939453,300,18.700000762939453,18.700000762939453,17.067707061767578
23-05-2016,18.700000762939453,18.700000762939453,0,18.700000762939453,18.700000762939453,17.067707061767578
24-05-2016,18.700000762939453,18.700000762939453,0,18.700000762939453,18.700000762939453,17.067707061767578
25-05-2016,18.700000762939453,18.700000762939453,0,18.700000762939453,18.700000762939453,17.067707061767578
26-05-2016,18.700000762939453,18.700000762939453,0,18.700000762939453,18.700000762939453,17.067707061767578
27-05-2016,18.700000762939453,18.700000762939453,0,18.700000762939453,18.700000762939453,17.067707061767578
31-05-2016,18.700000762939453,18.700000762939453,0,18.700000762939453,18.700000762939453,17.067707061767578
01-06-2016,21.649999618530273,21.649999618530273,1500,21.649999618530273,21.649999618530273,19.760204315185547
02-06-2016,21.649999618530273,21.649999618530273,0,21.649999618530273,21.649999618530273,19.760204315185547
03-06-2016,21.649999618530273,21.649999618530273,0,21.649999618530273,21.649999618530273,19.760204315185547
06-06-2016,21.649999618530273,21.649999618530273,0,21.649999618530273,21.649999618530273,19.760204315185547
07-06-2016,21.649999618530273,21.649999618530273,2200,21.649999618530273,21.649999618530273,19.760204315185547
08-06-2016,22.399999618530273,22.399999618530273,200,22.399999618530273,22.399999618530273,20.44473648071289
09-06-2016,22.399999618530273,22.399999618530273,0,22.399999618530273,22.399999618530273,20.44473648071289
10-06-2016,22.399999618530273,22.399999618530273,0,22.399999618530273,22.399999618530273,20.44473648071289
13-06-2016,22.399999618530273,22.399999618530273,0,22.399999618530273,22.399999618530273,20.44473648071289
14-06-2016,22.399999618530273,22.399999618530273,0,22.399999618530273,22.399999618530273,20.44473648071289
15-06-2016,22.389999389648438,22.600000381469727,2800,22.649999618530273,22.389999389648438,20.43561363220215
16-06-2016,22.389999389648438,22.389999389648438,0,22.389999389648438,22.389999389648438,20.43561363220215
17-06-2016,22.389999389648438,22.389999389648438,0,22.389999389648438,22.389999389648438,20.43561363220215
20-06-2016,22.389999389648438,22.389999389648438,0,22.389999389648438,22.389999389648438,20.43561363220215
21-06-2016,22.389999389648438,22.389999389648438,0,22.389999389648438,22.389999389648438,20.43561363220215
22-06-2016,22.389999389648438,22.389999389648438,0,22.389999389648438,22.389999389648438,20.43561363220215
23-06-2016,22.389999389648438,22.389999389648438,0,22.389999389648438,22.389999389648438,20.43561363220215
24-06-2016,22.389999389648438,22.389999389648438,0,22.389999389648438,22.389999389648438,20.43561363220215
27-06-2016,22.389999389648438,22.389999389648438,0,22.389999389648438,22.389999389648438,20.43561363220215
28-06-2016,22.389999389648438,22.389999389648438,0,22.389999389648438,22.389999389648438,20.43561363220215
29-06-2016,21.579999923706055,21.579999923706055,6500,21.579999923706055,21.579999923706055,19.69631576538086
30-06-2016,21.579999923706055,21.579999923706055,0,21.579999923706055,21.579999923706055,19.69631576538086
01-07-2016,21.579999923706055,21.579999923706055,0,21.579999923706055,21.579999923706055,19.69631576538086
05-07-2016,21.579999923706055,21.579999923706055,0,21.579999923706055,21.579999923706055,19.69631576538086
06-07-2016,21.579999923706055,21.579999923706055,0,21.579999923706055,21.579999923706055,19.69631576538086
07-07-2016,21.579999923706055,21.579999923706055,0,21.579999923706055,21.579999923706055,19.69631576538086
08-07-2016,21.579999923706055,21.579999923706055,0,21.579999923706055,21.579999923706055,19.69631576538086
11-07-2016,21.579999923706055,21.579999923706055,0,21.579999923706055,21.579999923706055,19.69631576538086
12-07-2016,21.579999923706055,21.579999923706055,0,21.579999923706055,21.579999923706055,19.69631576538086
13-07-2016,23.0,23.0,100,23.0,23.0,20.99236488342285
14-07-2016,23.0,23.0,0,23.0,23.0,20.99236488342285
15-07-2016,23.0,23.0,0,23.0,23.0,20.99236488342285
18-07-2016,23.0,23.0,0,23.0,23.0,20.99236488342285
19-07-2016,23.0,23.0,0,23.0,23.0,20.99236488342285
20-07-2016,23.780000686645508,23.780000686645508,100,23.780000686645508,23.780000686645508,21.704280853271484
21-07-2016,23.780000686645508,23.780000686645508,0,23.780000686645508,23.780000686645508,21.704280853271484
22-07-2016,23.780000686645508,23.780000686645508,0,23.780000686645508,23.780000686645508,21.704280853271484
25-07-2016,23.780000686645508,23.780000686645508,0,23.780000686645508,23.780000686645508,21.704280853271484
26-07-2016,23.780000686645508,23.780000686645508,0,23.780000686645508,23.780000686645508,21.704280853271484
27-07-2016,23.780000686645508,23.780000686645508,0,23.780000686645508,23.780000686645508,21.704280853271484
28-07-2016,23.780000686645508,23.780000686645508,0,23.780000686645508,23.780000686645508,21.704280853271484
29-07-2016,23.780000686645508,23.780000686645508,0,23.780000686645508,23.780000686645508,21.704280853271484
01-08-2016,23.780000686645508,23.780000686645508,0,23.780000686645508,23.780000686645508,21.704280853271484
02-08-2016,23.780000686645508,23.780000686645508,0,23.780000686645508,23.780000686645508,21.704280853271484
03-08-2016,23.780000686645508,23.780000686645508,0,23.780000686645508,23.780000686645508,21.704280853271484
04-08-2016,23.780000686645508,23.780000686645508,0,23.780000686645508,23.780000686645508,21.704280853271484
05-08-2016,23.780000686645508,23.780000686645508,0,23.780000686645508,23.780000686645508,21.704280853271484
08-08-2016,23.780000686645508,23.780000686645508,0,23.780000686645508,23.780000686645508,21.704280853271484
09-08-2016,23.780000686645508,23.780000686645508,0,23.780000686645508,23.780000686645508,21.704280853271484
10-08-2016,23.780000686645508,23.780000686645508,0,23.780000686645508,23.780000686645508,21.704280853271484
11-08-2016,23.780000686645508,23.780000686645508,0,23.780000686645508,23.780000686645508,21.704280853271484
12-08-2016,22.75,22.75,200,22.75,22.75,20.76418685913086
15-08-2016,22.75,22.75,0,22.75,22.75,20.76418685913086
16-08-2016,22.75,22.75,0,22.75,22.75,20.76418685913086
17-08-2016,22.75,22.75,0,22.75,22.75,20.76418685913086
18-08-2016,22.75,22.75,0,22.75,22.75,20.76418685913086
19-08-2016,22.75,22.75,0,22.75,22.75,20.76418685913086
22-08-2016,22.75,22.75,0,22.75,22.75,20.76418685913086
23-08-2016,22.75,22.75,0,22.75,22.75,20.76418685913086
24-08-2016,22.75,22.75,0,22.75,22.75,20.76418685913086
25-08-2016,22.75,22.75,0,22.75,22.75,20.76418685913086
26-08-2016,22.75,22.75,0,22.75,22.75,20.9315128326416
29-08-2016,22.75,22.75,0,22.75,22.75,20.9315128326416
30-08-2016,22.75,22.75,0,22.75,22.75,20.9315128326416
31-08-2016,22.75,22.75,0,22.75,22.75,20.9315128326416
01-09-2016,22.75,22.75,0,22.75,22.75,20.9315128326416
02-09-2016,22.75,22.75,0,22.75,22.75,20.9315128326416
06-09-2016,22.75,22.75,0,22.75,22.75,20.9315128326416
07-09-2016,22.75,22.75,0,22.75,22.75,20.9315128326416
08-09-2016,22.75,22.75,0,22.75,22.75,20.9315128326416
09-09-2016,22.75,22.75,0,22.75,22.75,20.9315128326416
12-09-2016,22.75,22.75,0,22.75,22.75,20.9315128326416
13-09-2016,22.75,22.75,0,22.75,22.75,20.9315128326416
14-09-2016,22.75,22.75,0,22.75,22.75,20.9315128326416
15-09-2016,22.75,22.75,0,22.75,22.75,20.9315128326416
16-09-2016,22.75,22.75,0,22.75,22.75,20.9315128326416
19-09-2016,22.75,22.75,0,22.75,22.75,20.9315128326416
20-09-2016,22.75,22.75,0,22.75,22.75,20.9315128326416
21-09-2016,22.75,22.75,0,22.75,22.75,20.9315128326416
22-09-2016,22.75,22.75,0,22.75,22.75,20.9315128326416
23-09-2016,22.75,22.75,0,22.75,22.75,20.9315128326416
26-09-2016,22.75,22.75,0,22.75,22.75,20.9315128326416
27-09-2016,22.75,22.75,0,22.75,22.75,20.9315128326416
28-09-2016,22.75,22.75,0,22.75,22.75,20.9315128326416
29-09-2016,22.75,22.75,0,22.75,22.75,20.9315128326416
30-09-2016,22.75,22.75,0,22.75,22.75,20.9315128326416
03-10-2016,22.75,22.75,0,22.75,22.75,20.9315128326416
04-10-2016,22.75,22.75,0,22.75,22.75,20.9315128326416
05-10-2016,22.75,22.75,0,22.75,22.75,20.9315128326416
06-10-2016,21.639999389648438,21.639999389648438,1400,21.639999389648438,21.639999389648438,19.910240173339844
07-10-2016,21.639999389648438,21.639999389648438,0,21.639999389648438,21.639999389648438,19.910240173339844
10-10-2016,21.639999389648438,21.639999389648438,0,21.639999389648438,21.639999389648438,19.910240173339844
11-10-2016,21.639999389648438,21.639999389648438,0,21.639999389648438,21.639999389648438,19.910240173339844
12-10-2016,21.639999389648438,21.639999389648438,0,21.639999389648438,21.639999389648438,19.910240173339844
13-10-2016,21.639999389648438,21.639999389648438,0,21.639999389648438,21.639999389648438,19.910240173339844
14-10-2016,21.639999389648438,21.639999389648438,0,21.639999389648438,21.639999389648438,19.910240173339844
17-10-2016,21.639999389648438,21.639999389648438,0,21.639999389648438,21.639999389648438,19.910240173339844
18-10-2016,22.18000030517578,22.18000030517578,100,22.18000030517578,22.18000030517578,20.407075881958008
19-10-2016,22.18000030517578,22.18000030517578,0,22.18000030517578,22.18000030517578,20.407075881958008
20-10-2016,22.18000030517578,22.18000030517578,0,22.18000030517578,22.18000030517578,20.407075881958008
21-10-2016,22.18000030517578,22.18000030517578,0,22.18000030517578,22.18000030517578,20.407075881958008
24-10-2016,22.200000762939453,22.200000762939453,1200,22.200000762939453,22.200000762939453,20.425477981567383
25-10-2016,22.200000762939453,22.200000762939453,0,22.200000762939453,22.200000762939453,20.425477981567383
26-10-2016,22.200000762939453,22.200000762939453,0,22.200000762939453,22.200000762939453,20.425477981567383
27-10-2016,22.200000762939453,22.200000762939453,0,22.200000762939453,22.200000762939453,20.425477981567383
28-10-2016,22.200000762939453,22.200000762939453,0,22.200000762939453,22.200000762939453,20.425477981567383
31-10-2016,22.200000762939453,22.200000762939453,0,22.200000762939453,22.200000762939453,20.425477981567383
01-11-2016,22.200000762939453,22.200000762939453,0,22.200000762939453,22.200000762939453,20.425477981567383
02-11-2016,22.200000762939453,22.200000762939453,0,22.200000762939453,22.200000762939453,20.425477981567383
03-11-2016,22.200000762939453,22.200000762939453,0,22.200000762939453,22.200000762939453,20.425477981567383
04-11-2016,22.200000762939453,22.200000762939453,0,22.200000762939453,22.200000762939453,20.425477981567383
07-11-2016,22.200000762939453,22.200000762939453,0,22.200000762939453,22.200000762939453,20.425477981567383
08-11-2016,22.200000762939453,22.200000762939453,0,22.200000762939453,22.200000762939453,20.425477981567383
09-11-2016,22.200000762939453,22.200000762939453,0,22.200000762939453,22.200000762939453,20.425477981567383
10-11-2016,22.200000762939453,22.200000762939453,0,22.200000762939453,22.200000762939453,20.425477981567383
11-11-2016,22.200000762939453,22.200000762939453,0,22.200000762939453,22.200000762939453,20.425477981567383
14-11-2016,22.200000762939453,22.200000762939453,0,22.200000762939453,22.200000762939453,20.425477981567383
15-11-2016,22.200000762939453,22.200000762939453,0,22.200000762939453,22.200000762939453,20.425477981567383
16-11-2016,22.200000762939453,22.200000762939453,0,22.200000762939453,22.200000762939453,20.425477981567383
17-11-2016,22.200000762939453,22.200000762939453,0,22.200000762939453,22.200000762939453,20.425477981567383
18-11-2016,22.200000762939453,22.200000762939453,0,22.200000762939453,22.200000762939453,20.425477981567383
21-11-2016,22.200000762939453,22.200000762939453,0,22.200000762939453,22.200000762939453,20.425477981567383
22-11-2016,19.649999618530273,19.649999618530273,500,19.649999618530273,19.649999618530273,18.079307556152344
23-11-2016,19.510000228881836,19.649999618530273,500,19.649999618530273,19.510000228881836,17.950498580932617
25-11-2016,19.510000228881836,19.510000228881836,0,19.510000228881836,19.510000228881836,17.950498580932617
28-11-2016,19.25,19.25,3000,19.25,19.25,17.711278915405273
29-11-2016,19.25,19.25,0,19.25,19.25,17.711278915405273
30-11-2016,20.09000015258789,20.09000015258789,500,20.09000015258789,20.09000015258789,18.4841365814209
01-12-2016,20.100000381469727,20.100000381469727,500,20.100000381469727,20.100000381469727,18.493337631225586
02-12-2016,20.09000015258789,20.09000015258789,100,20.09000015258789,20.09000015258789,18.4841365814209
05-12-2016,20.09000015258789,20.09000015258789,0,20.09000015258789,20.09000015258789,18.4841365814209
06-12-2016,20.09000015258789,20.09000015258789,0,20.09000015258789,20.09000015258789,18.4841365814209
07-12-2016,19.799999237060547,19.799999237060547,2600,19.799999237060547,19.799999237060547,18.217321395874023
08-12-2016,19.799999237060547,19.799999237060547,0,19.799999237060547,19.799999237060547,18.217321395874023
09-12-2016,19.799999237060547,19.799999237060547,0,19.799999237060547,19.799999237060547,18.217321395874023
12-12-2016,19.799999237060547,19.799999237060547,0,19.799999237060547,19.799999237060547,18.217321395874023
13-12-2016,19.799999237060547,19.799999237060547,0,19.799999237060547,19.799999237060547,18.217321395874023
14-12-2016,19.700000762939453,19.700000762939453,2700,19.700000762939453,19.700000762939453,18.12531089782715
15-12-2016,19.940000534057617,19.940000534057617,200,19.940000534057617,19.940000534057617,18.346128463745117
16-12-2016,19.940000534057617,19.940000534057617,0,19.940000534057617,19.940000534057617,18.346128463745117
19-12-2016,19.940000534057617,19.940000534057617,0,19.940000534057617,19.940000534057617,18.346128463745117
20-12-2016,19.940000534057617,19.940000534057617,0,19.940000534057617,19.940000534057617,18.346128463745117
21-12-2016,19.940000534057617,19.940000534057617,0,19.940000534057617,19.940000534057617,18.346128463745117
22-12-2016,19.469999313354492,19.469999313354492,200,19.469999313354492,19.469999313354492,17.913694381713867
23-12-2016,19.469999313354492,19.469999313354492,0,19.469999313354492,19.469999313354492,17.913694381713867
27-12-2016,19.700000762939453,19.700000762939453,400,19.75,19.75,18.171316146850586
28-12-2016,19.75,19.75,0,19.75,19.75,18.171316146850586
29-12-2016,19.75,19.75,0,19.75,19.75,18.171316146850586
30-12-2016,19.75,19.75,0,19.75,19.75,18.171316146850586
03-01-2017,19.75,19.75,0,19.75,19.75,18.171316146850586
04-01-2017,19.75,19.75,0,19.75,19.75,18.171316146850586
05-01-2017,19.75,19.75,0,19.75,19.75,18.171316146850586
06-01-2017,19.75,19.75,0,19.75,19.75,18.171316146850586
09-01-2017,19.75,19.75,0,19.75,19.75,18.171316146850586
10-01-2017,19.75,19.75,0,19.75,19.75,18.171316146850586
11-01-2017,20.389999389648438,20.389999389648438,500,20.389999389648438,20.389999389648438,18.760156631469727
12-01-2017,20.389999389648438,20.389999389648438,0,20.389999389648438,20.389999389648438,18.760156631469727
13-01-2017,20.389999389648438,20.389999389648438,0,20.389999389648438,20.389999389648438,18.760156631469727
17-01-2017,20.389999389648438,20.389999389648438,0,20.389999389648438,20.389999389648438,18.760156631469727
18-01-2017,20.389999389648438,20.389999389648438,0,20.389999389648438,20.389999389648438,18.760156631469727
19-01-2017,20.389999389648438,20.389999389648438,0,20.389999389648438,20.389999389648438,18.760156631469727
20-01-2017,20.389999389648438,20.389999389648438,0,20.389999389648438,20.389999389648438,18.760156631469727
23-01-2017,20.389999389648438,20.389999389648438,0,20.389999389648438,20.389999389648438,18.760156631469727
24-01-2017,20.389999389648438,20.389999389648438,0,20.389999389648438,20.389999389648438,18.760156631469727
25-01-2017,20.389999389648438,20.389999389648438,0,20.389999389648438,20.389999389648438,18.760156631469727
26-01-2017,20.389999389648438,20.389999389648438,0,20.389999389648438,20.389999389648438,18.760156631469727
27-01-2017,20.389999389648438,20.389999389648438,0,20.389999389648438,20.389999389648438,18.760156631469727
30-01-2017,20.389999389648438,20.389999389648438,0,20.389999389648438,20.389999389648438,18.760156631469727
31-01-2017,20.389999389648438,20.389999389648438,0,20.389999389648438,20.389999389648438,18.760156631469727
01-02-2017,20.389999389648438,20.389999389648438,0,20.389999389648438,20.389999389648438,18.760156631469727
02-02-2017,20.389999389648438,20.389999389648438,0,20.389999389648438,20.389999389648438,18.760156631469727
03-02-2017,20.389999389648438,20.389999389648438,0,20.389999389648438,20.389999389648438,18.760156631469727
06-02-2017,20.389999389648438,20.389999389648438,0,20.389999389648438,20.389999389648438,18.760156631469727
07-02-2017,20.389999389648438,20.389999389648438,0,20.389999389648438,20.389999389648438,18.760156631469727
08-02-2017,20.389999389648438,20.389999389648438,0,20.389999389648438,20.389999389648438,18.760156631469727
09-02-2017,20.389999389648438,20.389999389648438,0,20.389999389648438,20.389999389648438,18.760156631469727
10-02-2017,20.389999389648438,20.389999389648438,0,20.389999389648438,20.389999389648438,18.760156631469727
13-02-2017,20.389999389648438,20.389999389648438,0,20.389999389648438,20.389999389648438,18.760156631469727
14-02-2017,20.389999389648438,20.389999389648438,0,20.389999389648438,20.389999389648438,18.760156631469727
15-02-2017,22.0,22.0,200,22.0,22.0,20.241464614868164
16-02-2017,22.0,22.0,0,22.0,22.0,20.241464614868164
17-02-2017,22.0,22.0,0,22.0,22.0,20.241464614868164
21-02-2017,22.25,22.25,500,22.25,22.25,20.471479415893555
22-02-2017,22.25,22.25,0,22.25,22.25,20.471479415893555
23-02-2017,21.899999618530273,21.899999618530273,900,21.899999618530273,21.899999618530273,20.149457931518555
24-02-2017,21.899999618530273,21.899999618530273,2300,21.899999618530273,21.899999618530273,20.149457931518555
27-02-2017,21.899999618530273,21.899999618530273,0,21.899999618530273,21.899999618530273,20.149457931518555
28-02-2017,21.899999618530273,21.899999618530273,0,21.899999618530273,21.899999618530273,20.149457931518555
01-03-2017,21.899999618530273,21.899999618530273,0,21.899999618530273,21.899999618530273,20.149457931518555
02-03-2017,21.899999618530273,21.899999618530273,0,21.899999618530273,21.899999618530273,20.149457931518555
03-03-2017,21.899999618530273,21.899999618530273,0,21.899999618530273,21.899999618530273,20.149457931518555
06-03-2017,21.899999618530273,21.899999618530273,0,21.899999618530273,21.899999618530273,20.149457931518555
07-03-2017,21.899999618530273,21.899999618530273,0,21.899999618530273,21.899999618530273,20.149457931518555
08-03-2017,21.899999618530273,21.899999618530273,0,21.899999618530273,21.899999618530273,20.149457931518555
09-03-2017,21.899999618530273,21.899999618530273,0,21.899999618530273,21.899999618530273,20.149457931518555
10-03-2017,21.899999618530273,21.899999618530273,0,21.899999618530273,21.899999618530273,20.149457931518555
13-03-2017,22.450000762939453,22.510000228881836,600,22.510000228881836,22.450000762939453,20.65549659729004
14-03-2017,22.450000762939453,22.450000762939453,0,22.450000762939453,22.450000762939453,20.65549659729004
15-03-2017,22.450000762939453,22.450000762939453,0,22.450000762939453,22.450000762939453,20.65549659729004
16-03-2017,22.450000762939453,22.450000762939453,0,22.450000762939453,22.450000762939453,20.65549659729004
17-03-2017,22.450000762939453,22.450000762939453,0,22.450000762939453,22.450000762939453,20.65549659729004
20-03-2017,22.450000762939453,22.450000762939453,0,22.450000762939453,22.450000762939453,20.65549659729004
21-03-2017,23.100000381469727,23.100000381469727,300,23.100000381469727,23.100000381469727,21.253538131713867
22-03-2017,23.100000381469727,23.100000381469727,0,23.100000381469727,23.100000381469727,21.253538131713867
23-03-2017,23.100000381469727,23.100000381469727,0,23.100000381469727,23.100000381469727,21.253538131713867
24-03-2017,23.100000381469727,23.100000381469727,0,23.100000381469727,23.100000381469727,21.253538131713867
27-03-2017,23.100000381469727,23.100000381469727,0,23.100000381469727,23.100000381469727,21.253538131713867
28-03-2017,23.100000381469727,23.100000381469727,0,23.100000381469727,23.100000381469727,21.253538131713867
29-03-2017,23.100000381469727,23.100000381469727,0,23.100000381469727,23.100000381469727,21.253538131713867
30-03-2017,23.100000381469727,23.100000381469727,0,23.100000381469727,23.100000381469727,21.253538131713867
31-03-2017,23.100000381469727,23.100000381469727,0,23.100000381469727,23.100000381469727,21.253538131713867
03-04-2017,23.100000381469727,23.100000381469727,0,23.100000381469727,23.100000381469727,21.253538131713867
04-04-2017,23.100000381469727,23.100000381469727,0,23.100000381469727,23.100000381469727,21.253538131713867
05-04-2017,23.100000381469727,23.100000381469727,0,23.100000381469727,23.100000381469727,21.253538131713867
06-04-2017,25.5,25.5,300,25.700000762939453,25.700000762939453,23.645715713500977
07-04-2017,25.700000762939453,25.700000762939453,0,25.700000762939453,25.700000762939453,23.645715713500977
10-04-2017,25.700000762939453,25.700000762939453,0,25.700000762939453,25.700000762939453,23.645715713500977
11-04-2017,25.700000762939453,25.700000762939453,0,25.700000762939453,25.700000762939453,23.645715713500977
12-04-2017,25.700000762939453,25.700000762939453,0,25.700000762939453,25.700000762939453,23.645715713500977
13-04-2017,25.700000762939453,25.700000762939453,0,25.700000762939453,25.700000762939453,23.645715713500977
17-04-2017,25.700000762939453,25.700000762939453,0,25.700000762939453,25.700000762939453,23.645715713500977
18-04-2017,25.700000762939453,25.700000762939453,0,25.700000762939453,25.700000762939453,23.645715713500977
19-04-2017,25.700000762939453,25.700000762939453,0,25.700000762939453,25.700000762939453,23.645715713500977
20-04-2017,25.700000762939453,25.700000762939453,0,25.700000762939453,25.700000762939453,23.645715713500977
21-04-2017,25.700000762939453,25.700000762939453,0,25.700000762939453,25.700000762939453,23.645715713500977
24-04-2017,25.700000762939453,25.700000762939453,0,25.700000762939453,25.700000762939453,23.645715713500977
25-04-2017,25.700000762939453,25.700000762939453,0,25.700000762939453,25.700000762939453,23.645715713500977
26-04-2017,25.700000762939453,25.700000762939453,0,25.700000762939453,25.700000762939453,23.645715713500977
27-04-2017,25.700000762939453,25.700000762939453,0,25.700000762939453,25.700000762939453,23.645715713500977
28-04-2017,25.700000762939453,25.700000762939453,0,25.700000762939453,25.700000762939453,23.645715713500977
01-05-2017,25.700000762939453,25.700000762939453,0,25.700000762939453,25.700000762939453,23.645715713500977
02-05-2017,25.700000762939453,25.700000762939453,0,25.700000762939453,25.700000762939453,23.645715713500977
03-05-2017,25.700000762939453,25.700000762939453,0,25.700000762939453,25.700000762939453,23.645715713500977
04-05-2017,25.700000762939453,25.700000762939453,0,25.700000762939453,25.700000762939453,23.645715713500977
05-05-2017,25.700000762939453,25.700000762939453,0,25.700000762939453,25.700000762939453,23.645715713500977
08-05-2017,25.700000762939453,25.700000762939453,0,25.700000762939453,25.700000762939453,23.645715713500977
09-05-2017,25.700000762939453,25.700000762939453,0,25.700000762939453,25.700000762939453,23.645715713500977
10-05-2017,25.700000762939453,25.700000762939453,0,25.700000762939453,25.700000762939453,23.645715713500977
11-05-2017,25.700000762939453,25.700000762939453,0,25.700000762939453,25.700000762939453,23.645715713500977
12-05-2017,25.700000762939453,25.700000762939453,0,25.700000762939453,25.700000762939453,23.645715713500977
15-05-2017,25.700000762939453,25.700000762939453,0,25.700000762939453,25.700000762939453,23.645715713500977
16-05-2017,26.84000015258789,26.84000015258789,500,26.84000015258789,26.84000015258789,24.69458770751953
17-05-2017,26.84000015258789,26.84000015258789,0,26.84000015258789,26.84000015258789,24.69458770751953
18-05-2017,26.84000015258789,26.84000015258789,0,26.84000015258789,26.84000015258789,24.69458770751953
19-05-2017,26.84000015258789,26.84000015258789,0,26.84000015258789,26.84000015258789,24.69458770751953
22-05-2017,26.84000015258789,26.84000015258789,0,26.84000015258789,26.84000015258789,24.69458770751953
23-05-2017,26.84000015258789,26.84000015258789,0,26.84000015258789,26.84000015258789,24.69458770751953
24-05-2017,26.84000015258789,26.84000015258789,0,26.84000015258789,26.84000015258789,24.69458770751953
25-05-2017,26.84000015258789,26.84000015258789,0,26.84000015258789,26.84000015258789,24.69458770751953
26-05-2017,27.469999313354492,27.469999313354492,900,27.469999313354492,27.469999313354492,25.27423095703125
30-05-2017,27.469999313354492,27.469999313354492,0,27.469999313354492,27.469999313354492,25.27423095703125
31-05-2017,27.469999313354492,27.469999313354492,0,27.469999313354492,27.469999313354492,25.27423095703125
01-06-2017,27.469999313354492,27.469999313354492,0,27.469999313354492,27.469999313354492,25.27423095703125
02-06-2017,27.469999313354492,27.469999313354492,0,27.469999313354492,27.469999313354492,25.27423095703125
05-06-2017,27.469999313354492,27.469999313354492,0,27.469999313354492,27.469999313354492,25.27423095703125
06-06-2017,27.40999984741211,27.40999984741211,500,27.40999984741211,27.40999984741211,25.219024658203125
07-06-2017,27.40999984741211,27.40999984741211,0,27.40999984741211,27.40999984741211,25.219024658203125
08-06-2017,27.40999984741211,27.40999984741211,0,27.40999984741211,27.40999984741211,25.219024658203125
09-06-2017,27.40999984741211,27.40999984741211,0,27.40999984741211,27.40999984741211,25.219024658203125
12-06-2017,26.709999084472656,26.709999084472656,1000,26.709999084472656,26.709999084472656,24.57497787475586
13-06-2017,26.709999084472656,26.709999084472656,0,26.709999084472656,26.709999084472656,24.57497787475586
14-06-2017,26.709999084472656,26.709999084472656,0,26.709999084472656,26.709999084472656,24.57497787475586
15-06-2017,26.709999084472656,26.709999084472656,0,26.709999084472656,26.709999084472656,24.57497787475586
16-06-2017,26.709999084472656,26.709999084472656,0,26.709999084472656,26.709999084472656,24.57497787475586
19-06-2017,27.309999465942383,27.309999465942383,500,27.309999465942383,27.309999465942383,25.127016067504883
20-06-2017,27.360000610351562,27.360000610351562,500,27.360000610351562,27.360000610351562,25.17302131652832
21-06-2017,27.360000610351562,27.360000610351562,0,27.360000610351562,27.360000610351562,25.17302131652832
22-06-2017,27.360000610351562,27.360000610351562,0,27.360000610351562,27.360000610351562,25.17302131652832
23-06-2017,27.360000610351562,27.360000610351562,0,27.360000610351562,27.360000610351562,25.17302131652832
26-06-2017,27.360000610351562,27.360000610351562,0,27.360000610351562,27.360000610351562,25.17302131652832
27-06-2017,27.360000610351562,27.360000610351562,0,27.360000610351562,27.360000610351562,25.17302131652832
28-06-2017,27.360000610351562,27.360000610351562,0,27.360000610351562,27.360000610351562,25.17302131652832
29-06-2017,27.360000610351562,27.360000610351562,0,27.360000610351562,27.360000610351562,25.17302131652832
30-06-2017,27.360000610351562,27.360000610351562,0,27.360000610351562,27.360000610351562,25.17302131652832
03-07-2017,27.360000610351562,27.360000610351562,0,27.360000610351562,27.360000610351562,25.17302131652832
05-07-2017,27.360000610351562,27.360000610351562,0,27.360000610351562,27.360000610351562,25.17302131652832
06-07-2017,27.360000610351562,27.360000610351562,0,27.360000610351562,27.360000610351562,25.17302131652832
07-07-2017,27.360000610351562,27.360000610351562,0,27.360000610351562,27.360000610351562,25.17302131652832
10-07-2017,27.360000610351562,27.360000610351562,0,27.360000610351562,27.360000610351562,25.17302131652832
11-07-2017,27.360000610351562,27.360000610351562,0,27.360000610351562,27.360000610351562,25.17302131652832
12-07-2017,27.360000610351562,27.360000610351562,0,27.360000610351562,27.360000610351562,25.17302131652832
13-07-2017,27.360000610351562,27.360000610351562,0,27.360000610351562,27.360000610351562,25.17302131652832
14-07-2017,27.360000610351562,27.360000610351562,0,27.360000610351562,27.360000610351562,25.17302131652832
17-07-2017,27.360000610351562,27.360000610351562,0,27.360000610351562,27.360000610351562,25.17302131652832
18-07-2017,27.360000610351562,27.360000610351562,0,27.360000610351562,27.360000610351562,25.17302131652832
19-07-2017,27.360000610351562,27.360000610351562,0,27.360000610351562,27.360000610351562,25.17302131652832
20-07-2017,27.360000610351562,27.360000610351562,0,27.360000610351562,27.360000610351562,25.17302131652832
21-07-2017,27.360000610351562,27.360000610351562,0,27.360000610351562,27.360000610351562,25.17302131652832
24-07-2017,27.360000610351562,27.360000610351562,0,27.360000610351562,27.360000610351562,25.17302131652832
25-07-2017,27.360000610351562,27.360000610351562,0,27.360000610351562,27.360000610351562,25.17302131652832
26-07-2017,27.360000610351562,27.360000610351562,0,27.360000610351562,27.360000610351562,25.17302131652832
27-07-2017,27.360000610351562,27.360000610351562,0,27.360000610351562,27.360000610351562,25.17302131652832
28-07-2017,27.360000610351562,27.360000610351562,0,27.360000610351562,27.360000610351562,25.17302131652832
31-07-2017,27.360000610351562,27.360000610351562,0,27.360000610351562,27.360000610351562,25.17302131652832
01-08-2017,27.360000610351562,27.360000610351562,0,27.360000610351562,27.360000610351562,25.17302131652832
02-08-2017,27.360000610351562,27.360000610351562,0,27.360000610351562,27.360000610351562,25.17302131652832
03-08-2017,27.360000610351562,27.360000610351562,0,27.360000610351562,27.360000610351562,25.17302131652832
04-08-2017,27.360000610351562,27.360000610351562,0,27.360000610351562,27.360000610351562,25.17302131652832
07-08-2017,27.360000610351562,27.360000610351562,0,27.360000610351562,27.360000610351562,25.17302131652832
08-08-2017,27.360000610351562,27.360000610351562,0,27.360000610351562,27.360000610351562,25.17302131652832
09-08-2017,27.360000610351562,27.360000610351562,0,27.360000610351562,27.360000610351562,25.17302131652832
10-08-2017,27.360000610351562,27.360000610351562,0,27.360000610351562,27.360000610351562,25.17302131652832
11-08-2017,27.360000610351562,27.360000610351562,0,27.360000610351562,27.360000610351562,25.375207901000977
14-08-2017,17.899999618530273,17.899999618530273,100,17.899999618530273,17.899999618530273,16.60146713256836
15-08-2017,17.899999618530273,17.899999618530273,0,17.899999618530273,17.899999618530273,16.60146713256836
16-08-2017,17.899999618530273,17.899999618530273,0,17.899999618530273,17.899999618530273,16.60146713256836
17-08-2017,17.899999618530273,17.899999618530273,0,17.899999618530273,17.899999618530273,16.60146713256836
18-08-2017,17.899999618530273,17.899999618530273,0,17.899999618530273,17.899999618530273,16.60146713256836
21-08-2017,17.899999618530273,17.899999618530273,0,17.899999618530273,17.899999618530273,16.60146713256836
22-08-2017,17.5,17.5,600,17.5,17.5,16.230484008789062
23-08-2017,17.5,17.5,0,17.5,17.5,16.230484008789062
24-08-2017,17.5,17.5,0,17.5,17.5,16.230484008789062
25-08-2017,17.5,17.5,0,17.5,17.5,16.230484008789062
28-08-2017,17.5,17.5,0,17.5,17.5,16.230484008789062
29-08-2017,17.5,17.5,0,17.5,17.5,16.230484008789062
30-08-2017,17.5,17.5,0,17.5,17.5,16.230484008789062
31-08-2017,17.5,17.5,0,17.5,17.5,16.230484008789062
01-09-2017,17.5,17.5,0,17.5,17.5,16.230484008789062
05-09-2017,17.5,17.5,0,17.5,17.5,16.230484008789062
06-09-2017,17.5,17.5,0,17.5,17.5,16.230484008789062
07-09-2017,17.5,17.5,0,17.5,17.5,16.230484008789062
08-09-2017,17.5,17.5,0,17.5,17.5,16.230484008789062
11-09-2017,17.5,17.5,0,17.5,17.5,16.230484008789062
12-09-2017,17.5,17.5,0,17.5,17.5,16.230484008789062
13-09-2017,17.5,17.5,0,17.5,17.5,16.230484008789062
14-09-2017,17.5,17.5,0,17.5,17.5,16.230484008789062
15-09-2017,17.5,17.5,0,17.5,17.5,16.230484008789062
18-09-2017,17.5,17.5,0,17.5,17.5,16.230484008789062
19-09-2017,17.5,17.5,0,17.5,17.5,16.230484008789062
20-09-2017,17.5,17.5,0,17.5,17.5,16.230484008789062
21-09-2017,17.5,17.5,0,17.5,17.5,16.230484008789062
22-09-2017,17.5,17.5,0,17.5,17.5,16.230484008789062
25-09-2017,17.5,17.5,0,17.5,17.5,16.230484008789062
26-09-2017,17.5,17.5,0,17.5,17.5,16.230484008789062
27-09-2017,17.5,17.5,1500,17.5,17.5,16.230484008789062
28-09-2017,17.5,17.5,0,17.5,17.5,16.230484008789062
29-09-2017,17.5,17.5,4500,17.5,17.5,16.230484008789062
02-10-2017,17.5,17.5,0,17.5,17.5,16.230484008789062
03-10-2017,17.5,17.5,0,17.5,17.5,16.230484008789062
04-10-2017,17.5,17.5,0,17.5,17.5,16.230484008789062
05-10-2017,17.5,17.5,0,17.5,17.5,16.230484008789062
06-10-2017,17.799999237060547,17.799999237060547,500,17.799999237060547,17.799999237060547,16.508724212646484
09-10-2017,17.799999237060547,17.799999237060547,0,17.799999237060547,17.799999237060547,16.508724212646484
10-10-2017,17.799999237060547,17.799999237060547,0,17.799999237060547,17.799999237060547,16.508724212646484
11-10-2017,17.799999237060547,17.799999237060547,0,17.799999237060547,17.799999237060547,16.508724212646484
12-10-2017,17.799999237060547,17.799999237060547,0,17.799999237060547,17.799999237060547,16.508724212646484
13-10-2017,17.799999237060547,17.799999237060547,0,17.799999237060547,17.799999237060547,16.508724212646484
16-10-2017,17.799999237060547,17.799999237060547,0,17.799999237060547,17.799999237060547,16.508724212646484
17-10-2017,17.799999237060547,17.799999237060547,0,17.799999237060547,17.799999237060547,16.508724212646484
18-10-2017,17.799999237060547,17.799999237060547,0,17.799999237060547,17.799999237060547,16.508724212646484
19-10-2017,17.799999237060547,17.799999237060547,0,17.799999237060547,17.799999237060547,16.508724212646484
20-10-2017,17.799999237060547,17.799999237060547,0,17.799999237060547,17.799999237060547,16.508724212646484
23-10-2017,17.649999618530273,17.649999618530273,1100,17.649999618530273,17.649999618530273,16.369604110717773
24-10-2017,17.649999618530273,17.649999618530273,0,17.649999618530273,17.649999618530273,16.369604110717773
25-10-2017,17.649999618530273,17.649999618530273,0,17.649999618530273,17.649999618530273,16.369604110717773
26-10-2017,17.649999618530273,17.649999618530273,0,17.649999618530273,17.649999618530273,16.369604110717773
27-10-2017,18.600000381469727,18.600000381469727,36100,18.600000381469727,18.600000381469727,17.250690460205078
30-10-2017,18.600000381469727,18.600000381469727,0,18.600000381469727,18.600000381469727,17.250690460205078
31-10-2017,18.600000381469727,18.600000381469727,0,18.600000381469727,18.600000381469727,17.250690460205078
01-11-2017,18.600000381469727,18.600000381469727,0,18.600000381469727,18.600000381469727,17.250690460205078
02-11-2017,18.600000381469727,18.600000381469727,0,18.600000381469727,18.600000381469727,17.250690460205078
03-11-2017,18.600000381469727,18.600000381469727,0,18.600000381469727,18.600000381469727,17.250690460205078
06-11-2017,18.600000381469727,18.600000381469727,0,18.600000381469727,18.600000381469727,17.250690460205078
07-11-2017,18.600000381469727,18.600000381469727,0,18.600000381469727,18.600000381469727,17.250690460205078
08-11-2017,18.600000381469727,18.600000381469727,0,18.600000381469727,18.600000381469727,17.250690460205078
09-11-2017,18.600000381469727,18.600000381469727,0,18.600000381469727,18.600000381469727,17.250690460205078
10-11-2017,18.600000381469727,18.600000381469727,2800,18.600000381469727,18.600000381469727,17.250690460205078
13-11-2017,18.600000381469727,18.600000381469727,0,18.600000381469727,18.600000381469727,17.250690460205078
14-11-2017,18.600000381469727,18.600000381469727,0,18.600000381469727,18.600000381469727,17.250690460205078
15-11-2017,18.600000381469727,18.600000381469727,0,18.600000381469727,18.600000381469727,17.250690460205078
16-11-2017,18.600000381469727,18.600000381469727,0,18.600000381469727,18.600000381469727,17.250690460205078
17-11-2017,18.600000381469727,18.600000381469727,0,18.600000381469727,18.600000381469727,17.250690460205078
20-11-2017,18.600000381469727,18.600000381469727,0,18.600000381469727,18.600000381469727,17.250690460205078
21-11-2017,18.950000762939453,18.950000762939453,2600,18.950000762939453,18.950000762939453,17.575302124023438
22-11-2017,18.950000762939453,18.950000762939453,0,18.950000762939453,18.950000762939453,17.575302124023438
24-11-2017,18.950000762939453,18.950000762939453,0,18.950000762939453,18.950000762939453,17.575302124023438
27-11-2017,18.950000762939453,18.950000762939453,0,18.950000762939453,18.950000762939453,17.575302124023438
28-11-2017,18.950000762939453,18.950000762939453,0,18.950000762939453,18.950000762939453,17.575302124023438
29-11-2017,18.950000762939453,18.950000762939453,0,18.950000762939453,18.950000762939453,17.575302124023438
30-11-2017,18.600000381469727,18.600000381469727,42600,18.600000381469727,18.600000381469727,17.250690460205078
01-12-2017,18.600000381469727,18.600000381469727,0,18.600000381469727,18.600000381469727,17.250690460205078
04-12-2017,18.600000381469727,18.600000381469727,0,18.600000381469727,18.600000381469727,17.250690460205078
05-12-2017,18.600000381469727,18.600000381469727,0,18.600000381469727,18.600000381469727,17.250690460205078
06-12-2017,18.600000381469727,18.600000381469727,0,18.600000381469727,18.600000381469727,17.250690460205078
07-12-2017,18.600000381469727,18.600000381469727,0,18.600000381469727,18.600000381469727,17.250690460205078
08-12-2017,18.600000381469727,18.600000381469727,2100,18.600000381469727,18.600000381469727,17.250690460205078
11-12-2017,18.600000381469727,18.600000381469727,0,18.600000381469727,18.600000381469727,17.250690460205078
12-12-2017,18.600000381469727,18.600000381469727,0,18.600000381469727,18.600000381469727,17.250690460205078
13-12-2017,18.600000381469727,18.600000381469727,0,18.600000381469727,18.600000381469727,17.250690460205078
14-12-2017,18.600000381469727,18.600000381469727,0,18.600000381469727,18.600000381469727,17.250690460205078
15-12-2017,18.600000381469727,18.600000381469727,0,18.600000381469727,18.600000381469727,17.250690460205078
18-12-2017,18.600000381469727,18.600000381469727,0,18.600000381469727,18.600000381469727,17.250690460205078
19-12-2017,18.600000381469727,18.600000381469727,0,18.600000381469727,18.600000381469727,17.250690460205078
20-12-2017,18.600000381469727,18.600000381469727,0,18.600000381469727,18.600000381469727,17.250690460205078
21-12-2017,18.600000381469727,18.600000381469727,0,18.600000381469727,18.600000381469727,17.250690460205078
22-12-2017,18.600000381469727,18.600000381469727,0,18.600000381469727,18.600000381469727,17.250690460205078
26-12-2017,18.600000381469727,18.600000381469727,0,18.600000381469727,18.600000381469727,17.250690460205078
27-12-2017,18.600000381469727,18.600000381469727,0,18.600000381469727,18.600000381469727,17.250690460205078
28-12-2017,18.600000381469727,18.600000381469727,0,18.600000381469727,18.600000381469727,17.250690460205078
29-12-2017,18.600000381469727,18.600000381469727,0,18.600000381469727,18.600000381469727,17.250690460205078
02-01-2018,18.600000381469727,18.600000381469727,0,18.600000381469727,18.600000381469727,17.250690460205078
03-01-2018,18.600000381469727,18.600000381469727,0,18.600000381469727,18.600000381469727,17.250690460205078
04-01-2018,18.600000381469727,18.600000381469727,0,18.600000381469727,18.600000381469727,17.250690460205078
05-01-2018,20.299999237060547,20.299999237060547,700,20.299999237060547,20.299999237060547,18.827363967895508
08-01-2018,20.299999237060547,20.299999237060547,0,20.299999237060547,20.299999237060547,18.827363967895508
09-01-2018,20.709999084472656,20.709999084472656,1100,20.709999084472656,20.709999084472656,19.20762062072754
10-01-2018,20.709999084472656,20.709999084472656,0,20.709999084472656,20.709999084472656,19.20762062072754
11-01-2018,20.709999084472656,20.709999084472656,0,20.709999084472656,20.709999084472656,19.20762062072754
12-01-2018,20.709999084472656,20.709999084472656,0,20.709999084472656,20.709999084472656,19.20762062072754
16-01-2018,20.709999084472656,20.709999084472656,0,20.709999084472656,20.709999084472656,19.20762062072754
17-01-2018,20.709999084472656,20.709999084472656,0,20.709999084472656,20.709999084472656,19.20762062072754
18-01-2018,20.709999084472656,20.709999084472656,0,20.709999084472656,20.709999084472656,19.20762062072754
19-01-2018,20.709999084472656,20.709999084472656,0,20.709999084472656,20.709999084472656,19.20762062072754
22-01-2018,20.709999084472656,20.709999084472656,0,20.709999084472656,20.709999084472656,19.20762062072754
23-01-2018,22.110000610351562,22.110000610351562,1000,22.110000610351562,22.110000610351562,20.50606346130371
24-01-2018,22.110000610351562,22.110000610351562,0,22.110000610351562,22.110000610351562,20.50606346130371
25-01-2018,22.290000915527344,22.290000915527344,1700,22.290000915527344,22.290000915527344,20.673006057739258
26-01-2018,22.290000915527344,22.290000915527344,0,22.290000915527344,22.290000915527344,20.673006057739258
29-01-2018,22.290000915527344,22.290000915527344,0,22.290000915527344,22.290000915527344,20.673006057739258
30-01-2018,22.290000915527344,22.290000915527344,0,22.290000915527344,22.290000915527344,20.673006057739258
31-01-2018,22.290000915527344,22.290000915527344,0,22.290000915527344,22.290000915527344,20.673006057739258
01-02-2018,22.290000915527344,22.290000915527344,0,22.290000915527344,22.290000915527344,20.673006057739258
02-02-2018,22.290000915527344,22.290000915527344,0,22.290000915527344,22.290000915527344,20.673006057739258
05-02-2018,22.290000915527344,22.290000915527344,0,22.290000915527344,22.290000915527344,20.673006057739258
06-02-2018,22.290000915527344,22.290000915527344,0,22.290000915527344,22.290000915527344,20.673006057739258
07-02-2018,22.290000915527344,22.290000915527344,0,22.290000915527344,22.290000915527344,20.673006057739258
08-02-2018,22.290000915527344,22.290000915527344,0,22.290000915527344,22.290000915527344,20.673006057739258
09-02-2018,22.290000915527344,22.290000915527344,0,22.290000915527344,22.290000915527344,20.673006057739258
12-02-2018,22.290000915527344,22.290000915527344,0,22.290000915527344,22.290000915527344,20.673006057739258
13-02-2018,22.290000915527344,22.290000915527344,0,22.290000915527344,22.290000915527344,20.673006057739258
14-02-2018,22.290000915527344,22.290000915527344,0,22.290000915527344,22.290000915527344,20.673006057739258
15-02-2018,22.290000915527344,22.290000915527344,0,22.290000915527344,22.290000915527344,20.673006057739258
16-02-2018,22.290000915527344,22.290000915527344,0,22.290000915527344,22.290000915527344,20.673006057739258
20-02-2018,22.290000915527344,22.290000915527344,0,22.290000915527344,22.290000915527344,20.673006057739258
21-02-2018,22.290000915527344,22.290000915527344,0,22.290000915527344,22.290000915527344,20.673006057739258
22-02-2018,22.290000915527344,22.290000915527344,0,22.290000915527344,22.290000915527344,20.673006057739258
23-02-2018,22.290000915527344,22.290000915527344,0,22.290000915527344,22.290000915527344,20.673006057739258
26-02-2018,22.290000915527344,22.290000915527344,0,22.290000915527344,22.290000915527344,20.673006057739258
27-02-2018,22.290000915527344,22.290000915527344,0,22.290000915527344,22.290000915527344,20.673006057739258
28-02-2018,22.290000915527344,22.290000915527344,0,22.290000915527344,22.290000915527344,20.673006057739258
01-03-2018,20.549999237060547,20.549999237060547,1500,20.549999237060547,20.549999237060547,19.059226989746094
02-03-2018,20.549999237060547,20.549999237060547,0,20.549999237060547,20.549999237060547,19.059226989746094
05-03-2018,20.549999237060547,20.549999237060547,0,20.549999237060547,20.549999237060547,19.059226989746094
06-03-2018,20.549999237060547,20.549999237060547,32500,20.549999237060547,20.549999237060547,19.059226989746094
07-03-2018,20.549999237060547,20.549999237060547,0,20.549999237060547,20.549999237060547,19.059226989746094
08-03-2018,20.549999237060547,20.549999237060547,4300,20.549999237060547,20.549999237060547,19.059226989746094
09-03-2018,20.549999237060547,20.549999237060547,0,20.549999237060547,20.549999237060547,19.059226989746094
12-03-2018,20.549999237060547,20.549999237060547,0,20.549999237060547,20.549999237060547,19.059226989746094
13-03-2018,20.350000381469727,20.350000381469727,700,20.350000381469727,20.350000381469727,18.87373924255371
14-03-2018,20.350000381469727,20.350000381469727,0,20.350000381469727,20.350000381469727,18.87373924255371
15-03-2018,20.350000381469727,20.350000381469727,0,20.350000381469727,20.350000381469727,18.87373924255371
16-03-2018,20.350000381469727,20.350000381469727,0,20.350000381469727,20.350000381469727,18.87373924255371
19-03-2018,20.350000381469727,20.350000381469727,2500,20.350000381469727,20.350000381469727,18.87373924255371
20-03-2018,20.350000381469727,20.350000381469727,0,20.350000381469727,20.350000381469727,18.87373924255371
21-03-2018,20.350000381469727,20.350000381469727,0,20.350000381469727,20.350000381469727,18.87373924255371
22-03-2018,20.350000381469727,20.350000381469727,0,20.350000381469727,20.350000381469727,18.87373924255371
23-03-2018,20.350000381469727,20.350000381469727,0,20.350000381469727,20.350000381469727,18.87373924255371
26-03-2018,20.350000381469727,20.350000381469727,0,20.350000381469727,20.350000381469727,18.87373924255371
27-03-2018,20.350000381469727,20.350000381469727,0,20.350000381469727,20.350000381469727,18.87373924255371
28-03-2018,20.350000381469727,20.350000381469727,0,20.350000381469727,20.350000381469727,18.87373924255371
29-03-2018,20.350000381469727,20.350000381469727,0,20.350000381469727,20.350000381469727,18.87373924255371
02-04-2018,20.350000381469727,20.350000381469727,0,20.350000381469727,20.350000381469727,18.87373924255371
03-04-2018,20.350000381469727,20.350000381469727,0,20.350000381469727,20.350000381469727,18.87373924255371
04-04-2018,20.350000381469727,20.350000381469727,0,20.350000381469727,20.350000381469727,18.87373924255371
05-04-2018,20.350000381469727,20.350000381469727,0,20.350000381469727,20.350000381469727,18.87373924255371
06-04-2018,20.350000381469727,20.350000381469727,0,20.350000381469727,20.350000381469727,18.87373924255371
09-04-2018,20.350000381469727,20.350000381469727,0,20.350000381469727,20.350000381469727,18.87373924255371
10-04-2018,20.350000381469727,20.350000381469727,0,20.350000381469727,20.350000381469727,18.87373924255371
11-04-2018,20.350000381469727,20.350000381469727,0,20.350000381469727,20.350000381469727,18.87373924255371
12-04-2018,20.350000381469727,20.350000381469727,0,20.350000381469727,20.350000381469727,18.87373924255371
13-04-2018,20.899999618530273,20.899999618530273,1000,20.899999618530273,20.899999618530273,19.383838653564453
16-04-2018,20.899999618530273,20.899999618530273,0,20.899999618530273,20.899999618530273,19.383838653564453
17-04-2018,20.899999618530273,20.899999618530273,0,20.899999618530273,20.899999618530273,19.383838653564453
18-04-2018,20.899999618530273,20.899999618530273,0,20.899999618530273,20.899999618530273,19.383838653564453
19-04-2018,20.899999618530273,20.899999618530273,0,20.899999618530273,20.899999618530273,19.383838653564453
20-04-2018,20.899999618530273,20.899999618530273,0,20.899999618530273,20.899999618530273,19.383838653564453
23-04-2018,20.899999618530273,20.899999618530273,0,20.899999618530273,20.899999618530273,19.383838653564453
24-04-2018,20.899999618530273,20.899999618530273,0,20.899999618530273,20.899999618530273,19.383838653564453
25-04-2018,20.899999618530273,20.899999618530273,0,20.899999618530273,20.899999618530273,19.383838653564453
26-04-2018,20.899999618530273,20.899999618530273,0,20.899999618530273,20.899999618530273,19.383838653564453
27-04-2018,20.899999618530273,20.899999618530273,0,20.899999618530273,20.899999618530273,19.383838653564453
30-04-2018,20.899999618530273,20.899999618530273,0,20.899999618530273,20.899999618530273,19.383838653564453
01-05-2018,20.899999618530273,20.899999618530273,0,20.899999618530273,20.899999618530273,19.383838653564453
02-05-2018,20.899999618530273,20.899999618530273,0,20.899999618530273,20.899999618530273,19.383838653564453
03-05-2018,20.799999237060547,20.799999237060547,200,20.799999237060547,20.799999237060547,19.291093826293945
04-05-2018,20.549999237060547,20.549999237060547,100,20.549999237060547,20.549999237060547,19.059226989746094
07-05-2018,20.549999237060547,20.549999237060547,0,20.549999237060547,20.549999237060547,19.059226989746094
08-05-2018,20.549999237060547,20.549999237060547,0,20.549999237060547,20.549999237060547,19.059226989746094
09-05-2018,20.549999237060547,20.549999237060547,0,20.549999237060547,20.549999237060547,19.059226989746094
10-05-2018,20.549999237060547,20.549999237060547,0,20.549999237060547,20.549999237060547,19.059226989746094
11-05-2018,20.549999237060547,20.549999237060547,0,20.549999237060547,20.549999237060547,19.059226989746094
14-05-2018,20.549999237060547,20.549999237060547,0,20.549999237060547,20.549999237060547,19.059226989746094
15-05-2018,20.209999084472656,20.209999084472656,13200,20.209999084472656,20.209999084472656,18.7438907623291
16-05-2018,19.799999237060547,19.799999237060547,100,19.799999237060547,19.799999237060547,18.363636016845703
17-05-2018,19.799999237060547,19.799999237060547,0,19.799999237060547,19.799999237060547,18.363636016845703
18-05-2018,19.799999237060547,19.799999237060547,0,19.799999237060547,19.799999237060547,18.363636016845703
21-05-2018,19.799999237060547,19.799999237060547,0,19.799999237060547,19.799999237060547,18.363636016845703
22-05-2018,18.700000762939453,18.700000762939453,15000,18.700000762939453,18.700000762939453,17.343435287475586
23-05-2018,18.700000762939453,18.700000762939453,0,18.700000762939453,18.700000762939453,17.343435287475586
24-05-2018,18.700000762939453,18.700000762939453,0,18.700000762939453,18.700000762939453,17.343435287475586
25-05-2018,18.700000762939453,18.700000762939453,0,18.700000762939453,18.700000762939453,17.343435287475586
29-05-2018,18.700000762939453,18.700000762939453,0,18.700000762939453,18.700000762939453,17.343435287475586
30-05-2018,18.700000762939453,18.700000762939453,0,18.700000762939453,18.700000762939453,17.343435287475586
31-05-2018,18.700000762939453,18.700000762939453,0,18.700000762939453,18.700000762939453,17.343435287475586
01-06-2018,18.700000762939453,18.700000762939453,0,18.700000762939453,18.700000762939453,17.343435287475586
04-06-2018,18.700000762939453,18.700000762939453,0,18.700000762939453,18.700000762939453,17.343435287475586
05-06-2018,18.700000762939453,18.700000762939453,0,18.700000762939453,18.700000762939453,17.343435287475586
06-06-2018,18.700000762939453,18.700000762939453,0,18.700000762939453,18.700000762939453,17.343435287475586
07-06-2018,19.049999237060547,19.049999237060547,300,19.049999237060547,19.049999237060547,17.66804313659668
08-06-2018,19.049999237060547,19.049999237060547,0,19.049999237060547,19.049999237060547,17.66804313659668
11-06-2018,19.049999237060547,19.049999237060547,0,19.049999237060547,19.049999237060547,17.66804313659668
12-06-2018,19.850000381469727,19.850000381469727,900,20.049999237060547,20.049999237060547,18.595497131347656
13-06-2018,20.049999237060547,20.049999237060547,0,20.049999237060547,20.049999237060547,18.595497131347656
14-06-2018,20.049999237060547,20.049999237060547,0,20.049999237060547,20.049999237060547,18.595497131347656
15-06-2018,20.049999237060547,20.049999237060547,0,20.049999237060547,20.049999237060547,18.595497131347656
18-06-2018,20.049999237060547,20.049999237060547,0,20.049999237060547,20.049999237060547,18.595497131347656
19-06-2018,20.049999237060547,20.049999237060547,0,20.049999237060547,20.049999237060547,18.595497131347656
20-06-2018,20.049999237060547,20.049999237060547,0,20.049999237060547,20.049999237060547,18.595497131347656
21-06-2018,20.049999237060547,20.049999237060547,0,20.049999237060547,20.049999237060547,18.595497131347656
22-06-2018,20.049999237060547,20.049999237060547,0,20.049999237060547,20.049999237060547,18.595497131347656
25-06-2018,20.049999237060547,20.049999237060547,0,20.049999237060547,20.049999237060547,18.595497131347656
26-06-2018,20.049999237060547,20.049999237060547,0,20.049999237060547,20.049999237060547,18.595497131347656
27-06-2018,20.049999237060547,20.049999237060547,0,20.049999237060547,20.049999237060547,18.595497131347656
28-06-2018,20.049999237060547,20.049999237060547,0,20.049999237060547,20.049999237060547,18.595497131347656
29-06-2018,20.049999237060547,20.049999237060547,0,20.049999237060547,20.049999237060547,18.595497131347656
02-07-2018,20.049999237060547,20.049999237060547,1800,20.049999237060547,20.049999237060547,18.595497131347656
03-07-2018,20.049999237060547,20.049999237060547,0,20.049999237060547,20.049999237060547,18.595497131347656
05-07-2018,20.049999237060547,20.049999237060547,0,20.049999237060547,20.049999237060547,18.595497131347656
06-07-2018,20.049999237060547,20.049999237060547,0,20.049999237060547,20.049999237060547,18.595497131347656
09-07-2018,20.049999237060547,20.049999237060547,0,20.049999237060547,20.049999237060547,18.595497131347656
10-07-2018,18.700000762939453,18.700000762939453,100,18.700000762939453,18.700000762939453,17.343435287475586
11-07-2018,18.700000762939453,18.700000762939453,0,18.700000762939453,18.700000762939453,17.343435287475586
12-07-2018,18.700000762939453,18.700000762939453,0,18.700000762939453,18.700000762939453,17.343435287475586
13-07-2018,18.700000762939453,18.700000762939453,0,18.700000762939453,18.700000762939453,17.343435287475586
16-07-2018,18.700000762939453,18.700000762939453,0,18.700000762939453,18.700000762939453,17.343435287475586
17-07-2018,18.700000762939453,18.700000762939453,0,18.700000762939453,18.700000762939453,17.343435287475586
18-07-2018,18.700000762939453,18.700000762939453,0,18.700000762939453,18.700000762939453,17.343435287475586
19-07-2018,18.5,18.5,200,18.5,18.5,17.157943725585938
20-07-2018,18.5,18.5,0,18.5,18.5,17.157943725585938
23-07-2018,18.5,18.5,0,18.5,18.5,17.157943725585938
24-07-2018,18.5,18.5,0,18.5,18.5,17.157943725585938
25-07-2018,18.5,18.5,0,18.5,18.5,17.157943725585938
26-07-2018,18.5,18.5,0,18.5,18.5,17.157943725585938
27-07-2018,18.5,18.5,0,18.5,18.5,17.157943725585938
30-07-2018,18.5,18.5,0,18.5,18.5,17.157943725585938
31-07-2018,18.5,18.5,0,18.5,18.5,17.157943725585938
01-08-2018,18.5,18.5,0,18.5,18.5,17.157943725585938
02-08-2018,18.5,18.5,0,18.5,18.5,17.157943725585938
03-08-2018,18.5,18.5,0,18.5,18.5,17.157943725585938
06-08-2018,18.5,18.5,0,18.5,18.5,17.157943725585938
07-08-2018,18.5,18.5,0,18.5,18.5,17.157943725585938
08-08-2018,18.5,18.5,0,18.5,18.5,17.157943725585938
09-08-2018,18.5,18.5,0,18.5,18.5,17.157943725585938
10-08-2018,18.5,18.5,0,18.5,18.5,17.157943725585938
13-08-2018,18.5,18.5,0,18.5,18.5,17.157943725585938
14-08-2018,18.5,18.5,0,18.5,18.5,17.37679672241211
15-08-2018,18.5,18.5,100,18.5,18.5,17.37679672241211
16-08-2018,18.0,18.0,200,18.0,18.0,16.907154083251953
17-08-2018,18.0,18.0,0,18.0,18.0,16.907154083251953
20-08-2018,18.0,18.0,0,18.0,18.0,16.907154083251953
21-08-2018,18.0,18.0,0,18.0,18.0,16.907154083251953
22-08-2018,18.0,18.0,0,18.0,18.0,16.907154083251953
23-08-2018,18.0,18.0,0,18.0,18.0,16.907154083251953
24-08-2018,18.0,18.0,0,18.0,18.0,16.907154083251953
27-08-2018,18.0,18.0,0,18.0,18.0,16.907154083251953
28-08-2018,19.1200008392334,19.18000030517578,4500,19.18000030517578,19.1200008392334,17.95915412902832
29-08-2018,19.1200008392334,19.1200008392334,0,19.1200008392334,19.1200008392334,17.95915412902832
30-08-2018,19.1200008392334,19.1200008392334,0,19.1200008392334,19.1200008392334,17.95915412902832
31-08-2018,19.600000381469727,19.600000381469727,5000,19.600000381469727,19.600000381469727,18.410011291503906
04-09-2018,19.600000381469727,19.600000381469727,0,19.600000381469727,19.600000381469727,18.410011291503906
05-09-2018,19.600000381469727,19.600000381469727,0,19.600000381469727,19.600000381469727,18.410011291503906
06-09-2018,19.600000381469727,19.600000381469727,0,19.600000381469727,19.600000381469727,18.410011291503906
07-09-2018,19.600000381469727,19.600000381469727,0,19.600000381469727,19.600000381469727,18.410011291503906
10-09-2018,19.600000381469727,19.600000381469727,0,19.600000381469727,19.600000381469727,18.410011291503906
11-09-2018,19.600000381469727,19.600000381469727,0,19.600000381469727,19.600000381469727,18.410011291503906
12-09-2018,19.600000381469727,19.600000381469727,0,19.600000381469727,19.600000381469727,18.410011291503906
13-09-2018,19.600000381469727,19.600000381469727,0,19.600000381469727,19.600000381469727,18.410011291503906
14-09-2018,19.600000381469727,19.600000381469727,0,19.600000381469727,19.600000381469727,18.410011291503906
17-09-2018,19.600000381469727,19.600000381469727,0,19.600000381469727,19.600000381469727,18.410011291503906
18-09-2018,19.600000381469727,19.600000381469727,0,19.600000381469727,19.600000381469727,18.410011291503906
19-09-2018,19.600000381469727,19.600000381469727,0,19.600000381469727,19.600000381469727,18.410011291503906
20-09-2018,19.600000381469727,19.600000381469727,0,19.600000381469727,19.600000381469727,18.410011291503906
21-09-2018,19.600000381469727,19.600000381469727,0,19.600000381469727,19.600000381469727,18.410011291503906
24-09-2018,19.600000381469727,19.600000381469727,0,19.600000381469727,19.600000381469727,18.410011291503906
25-09-2018,19.600000381469727,19.600000381469727,0,19.600000381469727,19.600000381469727,18.410011291503906
26-09-2018,19.600000381469727,19.600000381469727,0,19.600000381469727,19.600000381469727,18.410011291503906
27-09-2018,19.600000381469727,19.600000381469727,0,19.600000381469727,19.600000381469727,18.410011291503906
28-09-2018,19.600000381469727,19.600000381469727,0,19.600000381469727,19.600000381469727,18.410011291503906
01-10-2018,19.600000381469727,19.600000381469727,0,19.600000381469727,19.600000381469727,18.410011291503906
02-10-2018,19.600000381469727,19.600000381469727,0,19.600000381469727,19.600000381469727,18.410011291503906
03-10-2018,19.600000381469727,19.600000381469727,0,19.600000381469727,19.600000381469727,18.410011291503906
04-10-2018,19.600000381469727,19.600000381469727,0,19.600000381469727,19.600000381469727,18.410011291503906
05-10-2018,19.600000381469727,19.600000381469727,0,19.600000381469727,19.600000381469727,18.410011291503906
08-10-2018,19.600000381469727,19.600000381469727,0,19.600000381469727,19.600000381469727,18.410011291503906
09-10-2018,19.600000381469727,19.600000381469727,0,19.600000381469727,19.600000381469727,18.410011291503906
10-10-2018,19.600000381469727,19.600000381469727,0,19.600000381469727,19.600000381469727,18.410011291503906
11-10-2018,19.600000381469727,19.600000381469727,0,19.600000381469727,19.600000381469727,18.410011291503906
12-10-2018,19.600000381469727,19.600000381469727,0,19.600000381469727,19.600000381469727,18.410011291503906
15-10-2018,19.600000381469727,19.600000381469727,0,19.600000381469727,19.600000381469727,18.410011291503906
16-10-2018,19.600000381469727,19.600000381469727,0,19.600000381469727,19.600000381469727,18.410011291503906
17-10-2018,19.600000381469727,19.600000381469727,0,19.600000381469727,19.600000381469727,18.410011291503906
18-10-2018,16.5,16.5,300,16.5,16.5,15.498223304748535
19-10-2018,16.5,16.5,400,16.5,16.5,15.498223304748535
22-10-2018,16.5,16.5,0,16.5,16.5,15.498223304748535
23-10-2018,16.5,16.5,0,16.5,16.5,15.498223304748535
24-10-2018,16.5,16.5,0,16.5,16.5,15.498223304748535
25-10-2018,16.5,16.5,0,16.5,16.5,15.498223304748535
26-10-2018,16.5,16.5,0,16.5,16.5,15.498223304748535
29-10-2018,16.5,16.5,0,16.5,16.5,15.498223304748535
30-10-2018,16.5,16.5,0,16.5,16.5,15.498223304748535
31-10-2018,16.5,16.5,0,16.5,16.5,15.498223304748535
01-11-2018,16.5,16.5,0,16.5,16.5,15.498223304748535
02-11-2018,16.5,16.5,0,16.5,16.5,15.498223304748535
05-11-2018,16.5,16.5,0,16.5,16.5,15.498223304748535
06-11-2018,16.5,16.5,0,16.5,16.5,15.498223304748535
07-11-2018,18.5,18.5,500,18.5,18.5,17.37679672241211
08-11-2018,18.5,18.5,0,18.5,18.5,17.37679672241211
09-11-2018,18.5,18.5,0,18.5,18.5,17.37679672241211
12-11-2018,18.5,18.5,0,18.5,18.5,17.37679672241211
13-11-2018,18.5,18.5,0,18.5,18.5,17.37679672241211
14-11-2018,18.5,18.5,0,18.5,18.5,17.37679672241211
15-11-2018,18.5,18.5,0,18.5,18.5,17.37679672241211
16-11-2018,19.299999237060547,19.299999237060547,1900,19.299999237060547,19.299999237060547,18.128225326538086
19-11-2018,19.299999237060547,19.299999237060547,0,19.299999237060547,19.299999237060547,18.128225326538086
20-11-2018,19.299999237060547,19.299999237060547,0,19.299999237060547,19.299999237060547,18.128225326538086
21-11-2018,19.299999237060547,19.299999237060547,0,19.299999237060547,19.299999237060547,18.128225326538086
23-11-2018,19.600000381469727,19.600000381469727,6100,19.600000381469727,19.600000381469727,18.410011291503906
26-11-2018,19.600000381469727,19.600000381469727,0,19.600000381469727,19.600000381469727,18.410011291503906
27-11-2018,19.600000381469727,19.600000381469727,0,19.600000381469727,19.600000381469727,18.410011291503906
28-11-2018,19.600000381469727,19.600000381469727,0,19.600000381469727,19.600000381469727,18.410011291503906
29-11-2018,19.600000381469727,19.600000381469727,0,19.600000381469727,19.600000381469727,18.410011291503906
30-11-2018,20.0,20.0,2000,20.0,20.0,18.78572654724121
03-12-2018,20.0,20.0,0,20.0,20.0,18.78572654724121
04-12-2018,20.0,20.0,0,20.0,20.0,18.78572654724121
06-12-2018,20.0,20.0,0,20.0,20.0,18.78572654724121
07-12-2018,20.0,20.0,0,20.0,20.0,18.78572654724121
10-12-2018,20.0,20.0,0,20.0,20.0,18.78572654724121
11-12-2018,20.0,20.0,0,20.0,20.0,18.78572654724121
12-12-2018,20.0,20.0,0,20.0,20.0,18.78572654724121
13-12-2018,20.0,20.0,0,20.0,20.0,18.78572654724121
14-12-2018,20.0,20.0,0,20.0,20.0,18.78572654724121
17-12-2018,20.0,20.0,0,20.0,20.0,18.78572654724121
18-12-2018,20.0,20.0,0,20.0,20.0,18.78572654724121
19-12-2018,19.90999984741211,20.18000030517578,36100,20.18000030517578,19.90999984741211,18.701189041137695
20-12-2018,20.5,20.5,10000,20.5,20.5,19.255367279052734
21-12-2018,20.5,20.5,1500,20.5,20.5,19.255367279052734
24-12-2018,20.5,20.5,0,20.5,20.5,19.255367279052734
26-12-2018,20.5,20.5,0,20.5,20.5,19.255367279052734
27-12-2018,20.5,20.5,200,20.5,20.5,19.255367279052734
28-12-2018,20.5,20.5,0,20.5,20.5,19.255367279052734
31-12-2018,20.5,20.5,0,20.5,20.5,19.255367279052734
02-01-2019,20.5,20.5,0,20.5,20.5,19.255367279052734
03-01-2019,20.5,20.5,100,20.5,20.5,19.255367279052734
04-01-2019,20.5,20.5,0,20.5,20.5,19.255367279052734
07-01-2019,20.5,20.5,0,20.5,20.5,19.255367279052734
08-01-2019,20.5,20.5,0,20.5,20.5,19.255367279052734
09-01-2019,19.350000381469727,19.350000381469727,800,19.350000381469727,19.350000381469727,18.175189971923828
10-01-2019,19.350000381469727,19.350000381469727,0,19.350000381469727,19.350000381469727,18.175189971923828
11-01-2019,19.350000381469727,19.350000381469727,0,19.350000381469727,19.350000381469727,18.175189971923828
14-01-2019,19.350000381469727,19.350000381469727,100,19.350000381469727,19.350000381469727,18.175189971923828
15-01-2019,19.350000381469727,19.350000381469727,0,19.350000381469727,19.350000381469727,18.175189971923828
16-01-2019,19.350000381469727,19.350000381469727,0,19.350000381469727,19.350000381469727,18.175189971923828
17-01-2019,19.350000381469727,19.350000381469727,0,19.350000381469727,19.350000381469727,18.175189971923828
18-01-2019,19.350000381469727,19.350000381469727,0,19.350000381469727,19.350000381469727,18.175189971923828
22-01-2019,19.350000381469727,19.350000381469727,0,19.350000381469727,19.350000381469727,18.175189971923828
23-01-2019,19.350000381469727,19.350000381469727,0,19.350000381469727,19.350000381469727,18.175189971923828
24-01-2019,19.350000381469727,19.350000381469727,0,19.350000381469727,19.350000381469727,18.175189971923828
25-01-2019,19.350000381469727,19.350000381469727,100,19.350000381469727,19.350000381469727,18.175189971923828
28-01-2019,19.350000381469727,19.350000381469727,0,19.350000381469727,19.350000381469727,18.175189971923828
29-01-2019,19.350000381469727,19.350000381469727,0,19.350000381469727,19.350000381469727,18.175189971923828
30-01-2019,19.350000381469727,19.350000381469727,100,19.350000381469727,19.350000381469727,18.175189971923828
31-01-2019,19.350000381469727,19.350000381469727,0,19.350000381469727,19.350000381469727,18.175189971923828
01-02-2019,19.350000381469727,19.350000381469727,0,19.350000381469727,19.350000381469727,18.175189971923828
04-02-2019,19.350000381469727,19.350000381469727,0,19.350000381469727,19.350000381469727,18.175189971923828
05-02-2019,19.350000381469727,19.350000381469727,0,19.350000381469727,19.350000381469727,18.175189971923828
06-02-2019,19.350000381469727,19.350000381469727,0,19.350000381469727,19.350000381469727,18.175189971923828
07-02-2019,18.299999237060547,18.299999237060547,100,18.299999237060547,18.299999237060547,17.18893814086914
08-02-2019,18.299999237060547,18.299999237060547,0,18.299999237060547,18.299999237060547,17.18893814086914
11-02-2019,18.299999237060547,18.299999237060547,0,18.299999237060547,18.299999237060547,17.18893814086914
12-02-2019,18.299999237060547,18.299999237060547,0,18.299999237060547,18.299999237060547,17.18893814086914
13-02-2019,18.299999237060547,18.299999237060547,0,18.299999237060547,18.299999237060547,17.18893814086914
14-02-2019,18.299999237060547,18.299999237060547,0,18.299999237060547,18.299999237060547,17.18893814086914
15-02-2019,18.299999237060547,18.299999237060547,0,18.299999237060547,18.299999237060547,17.18893814086914
19-02-2019,18.299999237060547,18.299999237060547,1400,18.299999237060547,18.299999237060547,17.18893814086914
20-02-2019,18.299999237060547,18.299999237060547,0,18.299999237060547,18.299999237060547,17.18893814086914
21-02-2019,18.299999237060547,18.299999237060547,0,18.299999237060547,18.299999237060547,17.18893814086914
22-02-2019,17.489999771118164,17.489999771118164,700,17.489999771118164,17.489999771118164,16.428117752075195
25-02-2019,17.489999771118164,17.489999771118164,0,17.489999771118164,17.489999771118164,16.428117752075195
26-02-2019,17.489999771118164,17.489999771118164,0,17.489999771118164,17.489999771118164,16.428117752075195
27-02-2019,17.489999771118164,17.489999771118164,0,17.489999771118164,17.489999771118164,16.428117752075195
28-02-2019,17.489999771118164,17.489999771118164,0,17.489999771118164,17.489999771118164,16.428117752075195
01-03-2019,17.489999771118164,18.0,4100,18.0,17.489999771118164,16.428117752075195
04-03-2019,17.489999771118164,17.489999771118164,0,17.489999771118164,17.489999771118164,16.428117752075195
05-03-2019,17.489999771118164,17.489999771118164,0,17.489999771118164,17.489999771118164,16.428117752075195
06-03-2019,17.489999771118164,17.489999771118164,0,17.489999771118164,17.489999771118164,16.428117752075195
07-03-2019,17.489999771118164,17.489999771118164,0,17.489999771118164,17.489999771118164,16.428117752075195
08-03-2019,17.489999771118164,17.489999771118164,0,17.489999771118164,17.489999771118164,16.428117752075195
11-03-2019,17.489999771118164,17.489999771118164,0,17.489999771118164,17.489999771118164,16.428117752075195
12-03-2019,17.489999771118164,17.489999771118164,0,17.489999771118164,17.489999771118164,16.428117752075195
13-03-2019,17.489999771118164,17.489999771118164,0,17.489999771118164,17.489999771118164,16.428117752075195
14-03-2019,17.489999771118164,17.489999771118164,0,17.489999771118164,17.489999771118164,16.428117752075195
15-03-2019,17.489999771118164,17.489999771118164,0,17.489999771118164,17.489999771118164,16.428117752075195
18-03-2019,20.200000762939453,20.200000762939453,600,20.200000762939453,20.200000762939453,18.97358512878418
19-03-2019,20.200000762939453,20.200000762939453,0,20.200000762939453,20.200000762939453,18.97358512878418
20-03-2019,20.200000762939453,20.200000762939453,100,20.200000762939453,20.200000762939453,18.97358512878418
21-03-2019,20.200000762939453,20.200000762939453,0,20.200000762939453,20.200000762939453,18.97358512878418
22-03-2019,20.200000762939453,20.200000762939453,0,20.200000762939453,20.200000762939453,18.97358512878418
25-03-2019,20.200000762939453,20.200000762939453,0,20.200000762939453,20.200000762939453,18.97358512878418
26-03-2019,20.200000762939453,20.200000762939453,0,20.200000762939453,20.200000762939453,18.97358512878418
27-03-2019,20.200000762939453,20.200000762939453,0,20.200000762939453,20.200000762939453,18.97358512878418
28-03-2019,20.200000762939453,20.200000762939453,0,20.200000762939453,20.200000762939453,18.97358512878418
29-03-2019,20.200000762939453,20.200000762939453,0,20.200000762939453,20.200000762939453,18.97358512878418
01-04-2019,20.5,20.530000686645508,12500,20.530000686645508,20.5,19.255367279052734
02-04-2019,20.5,20.5,0,20.5,20.5,19.255367279052734
03-04-2019,20.5,20.5,0,20.5,20.5,19.255367279052734
04-04-2019,20.5,20.5,0,20.5,20.5,19.255367279052734
05-04-2019,20.5,20.5,0,20.5,20.5,19.255367279052734
08-04-2019,20.5,20.5,0,20.5,20.5,19.255367279052734
09-04-2019,20.5,20.5,0,20.5,20.5,19.255367279052734
10-04-2019,20.5,20.5,0,20.5,20.5,19.255367279052734
11-04-2019,20.5,20.5,0,20.5,20.5,19.255367279052734
12-04-2019,20.5,20.5,0,20.5,20.5,19.255367279052734
15-04-2019,20.5,20.5,0,20.5,20.5,19.255367279052734
16-04-2019,20.5,20.5,0,20.5,20.5,19.255367279052734
17-04-2019,20.5,20.5,0,20.5,20.5,19.255367279052734
18-04-2019,20.5,20.5,0,20.5,20.5,19.255367279052734
22-04-2019,20.5,20.5,0,20.5,20.5,19.255367279052734
23-04-2019,20.5,20.5,0,20.5,20.5,19.255367279052734
24-04-2019,20.5,20.5,0,20.5,20.5,19.255367279052734
25-04-2019,20.5,20.5,0,20.5,20.5,19.255367279052734
26-04-2019,20.5,20.5,0,20.5,20.5,19.255367279052734
29-04-2019,20.5,20.5,0,20.5,20.5,19.255367279052734
30-04-2019,20.5,20.5,0,20.5,20.5,19.255367279052734
01-05-2019,19.75,19.75,1000,19.75,19.75,18.550905227661133
02-05-2019,19.75,19.75,0,19.75,19.75,18.550905227661133
03-05-2019,19.75,19.75,0,19.75,19.75,18.550905227661133
06-05-2019,19.75,19.75,0,19.75,19.75,18.550905227661133
07-05-2019,19.75,19.75,0,19.75,19.75,18.550905227661133
08-05-2019,19.75,19.75,0,19.75,19.75,18.550905227661133
09-05-2019,19.75,19.75,0,19.75,19.75,18.550905227661133
10-05-2019,19.75,19.75,0,19.75,19.75,18.550905227661133
13-05-2019,19.75,19.75,0,19.75,19.75,18.550905227661133
14-05-2019,19.75,19.75,0,19.75,19.75,18.550905227661133
15-05-2019,19.75,19.75,0,19.75,19.75,18.550905227661133
16-05-2019,19.75,19.75,0,19.75,19.75,18.550905227661133
17-05-2019,19.75,19.75,0,19.75,19.75,18.550905227661133
20-05-2019,19.75,19.75,0,19.75,19.75,18.550905227661133
21-05-2019,19.75,19.75,0,19.75,19.75,18.550905227661133
22-05-2019,19.75,19.75,0,19.75,19.75,18.550905227661133
23-05-2019,19.75,19.75,0,19.75,19.75,18.550905227661133
24-05-2019,19.75,19.75,0,19.75,19.75,18.550905227661133
28-05-2019,19.75,19.75,0,19.75,19.75,18.550905227661133
29-05-2019,19.75,19.75,0,19.75,19.75,18.550905227661133
30-05-2019,19.75,19.75,0,19.75,19.75,18.550905227661133
31-05-2019,19.75,19.75,0,19.75,19.75,18.550905227661133
03-06-2019,19.75,19.75,0,19.75,19.75,18.550905227661133
04-06-2019,22.549999237060547,22.549999237060547,400,22.549999237060547,22.549999237060547,21.180906295776367
05-06-2019,22.549999237060547,22.549999237060547,0,22.549999237060547,22.549999237060547,21.180906295776367
06-06-2019,21.93000030517578,21.93000030517578,1900,21.93000030517578,21.93000030517578,20.598548889160156
07-06-2019,21.93000030517578,21.93000030517578,0,21.93000030517578,21.93000030517578,20.598548889160156
10-06-2019,21.93000030517578,21.93000030517578,0,21.93000030517578,21.93000030517578,20.598548889160156
11-06-2019,21.93000030517578,21.93000030517578,0,21.93000030517578,21.93000030517578,20.598548889160156
12-06-2019,21.93000030517578,21.93000030517578,0,21.93000030517578,21.93000030517578,20.598548889160156
13-06-2019,21.93000030517578,21.93000030517578,0,21.93000030517578,21.93000030517578,20.598548889160156
14-06-2019,21.93000030517578,21.93000030517578,0,21.93000030517578,21.93000030517578,20.598548889160156
17-06-2019,21.93000030517578,21.93000030517578,0,21.93000030517578,21.93000030517578,20.598548889160156
18-06-2019,21.93000030517578,21.93000030517578,0,21.93000030517578,21.93000030517578,20.598548889160156
19-06-2019,21.93000030517578,21.93000030517578,0,21.93000030517578,21.93000030517578,20.598548889160156
20-06-2019,21.270000457763672,21.93000030517578,4100,21.93000030517578,21.270000457763672,19.978620529174805
21-06-2019,21.270000457763672,21.270000457763672,0,21.270000457763672,21.270000457763672,19.978620529174805
24-06-2019,21.270000457763672,21.270000457763672,0,21.270000457763672,21.270000457763672,19.978620529174805
25-06-2019,21.270000457763672,21.270000457763672,0,21.270000457763672,21.270000457763672,19.978620529174805
26-06-2019,21.270000457763672,21.270000457763672,0,21.270000457763672,21.270000457763672,19.978620529174805
27-06-2019,21.270000457763672,21.270000457763672,0,21.270000457763672,21.270000457763672,19.978620529174805
28-06-2019,21.270000457763672,21.270000457763672,0,21.270000457763672,21.270000457763672,19.978620529174805
01-07-2019,21.270000457763672,21.270000457763672,0,21.270000457763672,21.270000457763672,19.978620529174805
02-07-2019,21.270000457763672,21.270000457763672,200,21.270000457763672,21.270000457763672,19.978620529174805
03-07-2019,21.270000457763672,21.270000457763672,0,21.270000457763672,21.270000457763672,19.978620529174805
05-07-2019,21.270000457763672,21.270000457763672,0,21.270000457763672,21.270000457763672,19.978620529174805
08-07-2019,21.270000457763672,21.270000457763672,0,21.270000457763672,21.270000457763672,19.978620529174805
09-07-2019,21.270000457763672,21.270000457763672,0,21.270000457763672,21.270000457763672,19.978620529174805
10-07-2019,21.270000457763672,21.270000457763672,0,21.270000457763672,21.270000457763672,19.978620529174805
11-07-2019,21.25,21.25,500,21.25,21.25,19.959836959838867
12-07-2019,21.25,21.25,0,21.25,21.25,19.959836959838867
15-07-2019,21.25,21.25,100,21.25,21.25,19.959836959838867
16-07-2019,21.25,21.25,0,21.25,21.25,19.959836959838867
17-07-2019,21.25,21.25,1000,21.25,21.25,19.959836959838867
18-07-2019,21.25,21.25,0,21.25,21.25,19.959836959838867
19-07-2019,20.399999618530273,20.399999618530273,100,20.399999618530273,20.399999618530273,19.161441802978516
22-07-2019,20.399999618530273,20.399999618530273,0,20.399999618530273,20.399999618530273,19.161441802978516
23-07-2019,20.399999618530273,20.399999618530273,0,20.399999618530273,20.399999618530273,19.161441802978516
24-07-2019,20.399999618530273,20.399999618530273,0,20.399999618530273,20.399999618530273,19.161441802978516
25-07-2019,20.399999618530273,20.399999618530273,0,20.399999618530273,20.399999618530273,19.161441802978516
26-07-2019,20.399999618530273,20.399999618530273,0,20.399999618530273,20.399999618530273,19.409770965576172
29-07-2019,20.399999618530273,20.399999618530273,100,20.399999618530273,20.399999618530273,19.409770965576172
30-07-2019,19.700000762939453,19.700000762939453,25000,20.399999618530273,20.399999618530273,19.409770965576172
31-07-2019,19.700000762939453,19.700000762939453,25000,19.700000762939453,19.700000762939453,18.743749618530273
01-08-2019,19.700000762939453,19.700000762939453,0,19.700000762939453,19.700000762939453,18.743749618530273
02-08-2019,19.700000762939453,19.700000762939453,100,19.700000762939453,19.700000762939453,18.743749618530273
05-08-2019,19.700000762939453,19.700000762939453,0,19.700000762939453,19.700000762939453,18.743749618530273
06-08-2019,19.700000762939453,19.700000762939453,200,19.700000762939453,19.700000762939453,18.743749618530273
07-08-2019,19.700000762939453,19.700000762939453,500,19.700000762939453,19.700000762939453,18.743749618530273
08-08-2019,19.700000762939453,19.700000762939453,0,19.700000762939453,19.700000762939453,18.743749618530273
09-08-2019,19.700000762939453,19.700000762939453,0,19.700000762939453,19.700000762939453,18.743749618530273
12-08-2019,19.700000762939453,19.700000762939453,800,19.700000762939453,19.700000762939453,18.743749618530273
13-08-2019,19.700000762939453,19.700000762939453,400,19.700000762939453,19.700000762939453,18.743749618530273
14-08-2019,19.700000762939453,19.700000762939453,1300,19.700000762939453,19.700000762939453,18.743749618530273
15-08-2019,19.700000762939453,19.700000762939453,200,19.700000762939453,19.700000762939453,18.743749618530273
16-08-2019,19.700000762939453,19.700000762939453,0,19.700000762939453,19.700000762939453,18.743749618530273
19-08-2019,19.700000762939453,19.700000762939453,0,19.700000762939453,19.700000762939453,18.743749618530273
20-08-2019,19.700000762939453,19.700000762939453,0,19.700000762939453,19.700000762939453,18.743749618530273
21-08-2019,19.700000762939453,19.700000762939453,0,19.700000762939453,19.700000762939453,18.743749618530273
22-08-2019,17.700000762939453,17.700000762939453,6300,17.700000762939453,17.700000762939453,16.840831756591797
23-08-2019,17.700000762939453,17.700000762939453,0,17.700000762939453,17.700000762939453,16.840831756591797
26-08-2019,17.700000762939453,17.700000762939453,0,17.700000762939453,17.700000762939453,16.840831756591797
27-08-2019,17.700000762939453,17.700000762939453,0,17.700000762939453,17.700000762939453,16.840831756591797
28-08-2019,17.700000762939453,17.700000762939453,0,17.700000762939453,17.700000762939453,16.840831756591797
29-08-2019,17.700000762939453,17.700000762939453,0,17.700000762939453,17.700000762939453,16.840831756591797
30-08-2019,17.700000762939453,17.700000762939453,0,17.700000762939453,17.700000762939453,16.840831756591797
03-09-2019,17.700000762939453,17.700000762939453,0,17.700000762939453,17.700000762939453,16.840831756591797
04-09-2019,17.700000762939453,17.700000762939453,0,17.700000762939453,17.700000762939453,16.840831756591797
05-09-2019,17.700000762939453,17.700000762939453,0,17.700000762939453,17.700000762939453,16.840831756591797
06-09-2019,17.75,18.350000381469727,700,18.350000381469727,17.75,16.888404846191406
09-09-2019,18.75,18.75,200,18.75,18.75,17.839862823486328
10-09-2019,18.75,18.75,0,18.75,18.75,17.839862823486328
11-09-2019,19.149999618530273,19.149999618530273,4700,19.149999618530273,19.149999618530273,18.220447540283203
12-09-2019,19.149999618530273,19.149999618530273,0,19.149999618530273,19.149999618530273,18.220447540283203
13-09-2019,19.299999237060547,19.299999237060547,1100,19.299999237060547,19.299999237060547,18.36316680908203
16-09-2019,18.860000610351562,18.860000610351562,1500,18.899999618530273,18.899999618530273,17.98258399963379
17-09-2019,18.40999984741211,18.40999984741211,4800,18.40999984741211,18.40999984741211,17.516368865966797
18-09-2019,18.40999984741211,18.40999984741211,0,18.40999984741211,18.40999984741211,17.516368865966797
19-09-2019,18.40999984741211,18.40999984741211,0,18.40999984741211,18.40999984741211,17.516368865966797
20-09-2019,18.40999984741211,18.40999984741211,0,18.40999984741211,18.40999984741211,17.516368865966797
23-09-2019,18.40999984741211,18.40999984741211,700,18.40999984741211,18.40999984741211,17.516368865966797
24-09-2019,18.40999984741211,18.40999984741211,0,18.40999984741211,18.40999984741211,17.516368865966797
25-09-2019,18.40999984741211,18.40999984741211,0,18.40999984741211,18.40999984741211,17.516368865966797
26-09-2019,18.40999984741211,18.40999984741211,0,18.40999984741211,18.40999984741211,17.516368865966797
27-09-2019,18.40999984741211,18.40999984741211,0,18.40999984741211,18.40999984741211,17.516368865966797
30-09-2019,18.40999984741211,18.40999984741211,0,18.40999984741211,18.40999984741211,17.516368865966797
01-10-2019,19.75,19.75,300,19.75,19.75,18.791322708129883
02-10-2019,19.75,19.75,0,19.75,19.75,18.791322708129883
03-10-2019,19.75,19.75,0,19.75,19.75,18.791322708129883
04-10-2019,19.75,19.75,0,19.75,19.75,18.791322708129883
07-10-2019,19.75,19.75,0,19.75,19.75,18.791322708129883
08-10-2019,19.75,19.75,0,19.75,19.75,18.791322708129883
09-10-2019,19.75,19.75,0,19.75,19.75,18.791322708129883
10-10-2019,19.75,19.75,0,19.75,19.75,18.791322708129883
11-10-2019,19.75,19.75,0,19.75,19.75,18.791322708129883
14-10-2019,19.75,19.75,0,19.75,19.75,18.791322708129883
15-10-2019,19.75,19.75,0,19.75,19.75,18.791322708129883
16-10-2019,19.75,19.75,0,19.75,19.75,18.791322708129883
17-10-2019,19.75,19.75,0,19.75,19.75,18.791322708129883
18-10-2019,20.34000015258789,20.34000015258789,100,20.34000015258789,20.34000015258789,19.352684020996094
21-10-2019,20.34000015258789,20.34000015258789,0,20.34000015258789,20.34000015258789,19.352684020996094
22-10-2019,20.34000015258789,20.34000015258789,0,20.34000015258789,20.34000015258789,19.352684020996094
23-10-2019,20.34000015258789,20.34000015258789,0,20.34000015258789,20.34000015258789,19.352684020996094
24-10-2019,20.34000015258789,20.34000015258789,0,20.34000015258789,20.34000015258789,19.352684020996094
25-10-2019,20.34000015258789,20.34000015258789,0,20.34000015258789,20.34000015258789,19.352684020996094
28-10-2019,20.34000015258789,20.34000015258789,0,20.34000015258789,20.34000015258789,19.352684020996094
29-10-2019,20.34000015258789,20.34000015258789,0,20.34000015258789,20.34000015258789,19.352684020996094
30-10-2019,20.34000015258789,20.34000015258789,0,20.34000015258789,20.34000015258789,19.352684020996094
31-10-2019,20.34000015258789,20.34000015258789,0,20.34000015258789,20.34000015258789,19.352684020996094
01-11-2019,20.34000015258789,20.34000015258789,0,20.34000015258789,20.34000015258789,19.352684020996094
04-11-2019,20.34000015258789,20.34000015258789,0,20.34000015258789,20.34000015258789,19.352684020996094
05-11-2019,20.549999237060547,20.549999237060547,300,20.549999237060547,20.549999237060547,19.552490234375
06-11-2019,20.549999237060547,20.549999237060547,0,20.549999237060547,20.549999237060547,19.552490234375
07-11-2019,20.350000381469727,20.350000381469727,100,20.350000381469727,20.350000381469727,19.362199783325195
08-11-2019,20.350000381469727,20.350000381469727,0,20.350000381469727,20.350000381469727,19.362199783325195
11-11-2019,20.350000381469727,20.350000381469727,0,20.350000381469727,20.350000381469727,19.362199783325195
12-11-2019,20.350000381469727,20.350000381469727,300,20.350000381469727,20.350000381469727,19.362199783325195
13-11-2019,20.350000381469727,20.350000381469727,0,20.350000381469727,20.350000381469727,19.362199783325195
14-11-2019,20.350000381469727,20.350000381469727,0,20.350000381469727,20.350000381469727,19.362199783325195
15-11-2019,20.350000381469727,20.350000381469727,0,20.350000381469727,20.350000381469727,19.362199783325195
18-11-2019,20.350000381469727,20.350000381469727,0,20.350000381469727,20.350000381469727,19.362199783325195
19-11-2019,20.350000381469727,20.350000381469727,0,20.350000381469727,20.350000381469727,19.362199783325195
20-11-2019,20.350000381469727,20.350000381469727,0,20.350000381469727,20.350000381469727,19.362199783325195
21-11-2019,19.399999618530273,20.25,2900,20.25,19.399999618530273,18.45831298828125
22-11-2019,19.399999618530273,19.399999618530273,0,19.399999618530273,19.399999618530273,18.45831298828125
25-11-2019,19.399999618530273,19.399999618530273,0,19.399999618530273,19.399999618530273,18.45831298828125
26-11-2019,19.399999618530273,19.399999618530273,0,19.399999618530273,19.399999618530273,18.45831298828125
27-11-2019,19.399999618530273,19.399999618530273,0,19.399999618530273,19.399999618530273,18.45831298828125
29-11-2019,19.399999618530273,19.399999618530273,0,19.399999618530273,19.399999618530273,18.45831298828125
02-12-2019,19.399999618530273,19.399999618530273,0,19.399999618530273,19.399999618530273,18.45831298828125
03-12-2019,18.40999984741211,18.40999984741211,6100,18.40999984741211,18.40999984741211,17.516368865966797
04-12-2019,18.40999984741211,18.40999984741211,0,18.40999984741211,18.40999984741211,17.516368865966797
05-12-2019,18.40999984741211,18.40999984741211,0,18.40999984741211,18.40999984741211,17.516368865966797
06-12-2019,18.40999984741211,18.40999984741211,0,18.40999984741211,18.40999984741211,17.516368865966797
09-12-2019,18.40999984741211,18.40999984741211,0,18.40999984741211,18.40999984741211,17.516368865966797
10-12-2019,18.40999984741211,18.40999984741211,0,18.40999984741211,18.40999984741211,17.516368865966797
11-12-2019,18.40999984741211,18.40999984741211,0,18.40999984741211,18.40999984741211,17.516368865966797
12-12-2019,18.40999984741211,18.40999984741211,0,18.40999984741211,18.40999984741211,17.516368865966797
13-12-2019,18.40999984741211,18.40999984741211,0,18.40999984741211,18.40999984741211,17.516368865966797
16-12-2019,18.299999237060547,18.299999237060547,100,18.299999237060547,18.299999237060547,17.411705017089844
17-12-2019,18.299999237060547,18.299999237060547,0,18.299999237060547,18.299999237060547,17.411705017089844
18-12-2019,18.299999237060547,18.299999237060547,0,18.299999237060547,18.299999237060547,17.411705017089844
19-12-2019,18.299999237060547,18.299999237060547,0,18.299999237060547,18.299999237060547,17.411705017089844
20-12-2019,18.100000381469727,18.100000381469727,2700,18.100000381469727,18.100000381469727,17.221418380737305
23-12-2019,18.100000381469727,18.100000381469727,0,18.100000381469727,18.100000381469727,17.221418380737305
24-12-2019,18.100000381469727,18.100000381469727,0,18.100000381469727,18.100000381469727,17.221418380737305
26-12-2019,18.100000381469727,18.100000381469727,0,18.100000381469727,18.100000381469727,17.221418380737305
27-12-2019,18.100000381469727,18.100000381469727,0,18.100000381469727,18.100000381469727,17.221418380737305
30-12-2019,18.100000381469727,18.100000381469727,0,18.100000381469727,18.100000381469727,17.221418380737305
31-12-2019,18.100000381469727,18.100000381469727,0,18.100000381469727,18.100000381469727,17.221418380737305
02-01-2020,18.950000762939453,18.950000762939453,300,19.0,19.0,18.077728271484375
03-01-2020,18.5,18.5,400,18.5,18.5,17.601999282836914
06-01-2020,18.5,18.5,0,18.5,18.5,17.601999282836914
07-01-2020,18.56999969482422,18.56999969482422,200,18.56999969482422,18.56999969482422,17.668603897094727
08-01-2020,18.100000381469727,18.100000381469727,300,18.100000381469727,18.100000381469727,17.221418380737305
09-01-2020,18.100000381469727,18.100000381469727,0,18.100000381469727,18.100000381469727,17.221418380737305
10-01-2020,18.100000381469727,18.100000381469727,0,18.100000381469727,18.100000381469727,17.221418380737305
13-01-2020,18.100000381469727,18.100000381469727,0,18.100000381469727,18.100000381469727,17.221418380737305
14-01-2020,18.100000381469727,18.100000381469727,0,18.100000381469727,18.100000381469727,17.221418380737305
15-01-2020,18.100000381469727,18.100000381469727,0,18.100000381469727,18.100000381469727,17.221418380737305
16-01-2020,18.440000534057617,18.440000534057617,16900,18.440000534057617,18.440000534057617,17.544912338256836
17-01-2020,18.440000534057617,18.440000534057617,0,18.440000534057617,18.440000534057617,17.544912338256836
21-01-2020,18.440000534057617,18.440000534057617,0,18.440000534057617,18.440000534057617,17.544912338256836
22-01-2020,17.799999237060547,17.799999237060547,700,18.1200008392334,18.1200008392334,17.240446090698242
23-01-2020,18.1200008392334,18.1200008392334,0,18.1200008392334,18.1200008392334,17.240446090698242
24-01-2020,18.1200008392334,18.1200008392334,0,18.1200008392334,18.1200008392334,17.240446090698242
27-01-2020,18.1200008392334,18.1200008392334,0,18.1200008392334,18.1200008392334,17.240446090698242
28-01-2020,18.1200008392334,18.1200008392334,0,18.1200008392334,18.1200008392334,17.240446090698242
29-01-2020,18.1200008392334,18.1200008392334,0,18.1200008392334,18.1200008392334,17.240446090698242
30-01-2020,18.1200008392334,18.1200008392334,0,18.1200008392334,18.1200008392334,17.240446090698242
31-01-2020,18.1200008392334,18.1200008392334,0,18.1200008392334,18.1200008392334,17.240446090698242
03-02-2020,18.1200008392334,18.1200008392334,0,18.1200008392334,18.1200008392334,17.240446090698242
04-02-2020,18.0,18.0,400,18.0,18.0,17.126270294189453
05-02-2020,18.0,18.0,3300,18.0,18.0,17.126270294189453
06-02-2020,18.399999618530273,18.399999618530273,200,18.399999618530273,18.399999618530273,17.506851196289062
07-02-2020,18.399999618530273,18.399999618530273,0,18.399999618530273,18.399999618530273,17.506851196289062
10-02-2020,18.399999618530273,18.399999618530273,0,18.399999618530273,18.399999618530273,17.506851196289062
11-02-2020,18.399999618530273,18.399999618530273,0,18.399999618530273,18.399999618530273,17.506851196289062
12-02-2020,18.399999618530273,18.399999618530273,0,18.399999618530273,18.399999618530273,17.506851196289062
13-02-2020,18.399999618530273,18.399999618530273,3300,18.399999618530273,18.399999618530273,17.506851196289062
14-02-2020,18.399999618530273,18.399999618530273,214200,18.399999618530273,18.399999618530273,17.506851196289062
18-02-2020,18.399999618530273,18.399999618530273,0,18.399999618530273,18.399999618530273,17.506851196289062
19-02-2020,18.399999618530273,18.399999618530273,0,18.399999618530273,18.399999618530273,17.506851196289062
20-02-2020,18.399999618530273,18.399999618530273,0,18.399999618530273,18.399999618530273,17.506851196289062
21-02-2020,18.399999618530273,18.399999618530273,0,18.399999618530273,18.399999618530273,17.506851196289062
24-02-2020,18.399999618530273,18.399999618530273,0,18.399999618530273,18.399999618530273,17.506851196289062
25-02-2020,17.200000762939453,17.200000762939453,2700,17.200000762939453,17.200000762939453,16.365102767944336
26-02-2020,17.200000762939453,17.200000762939453,0,17.200000762939453,17.200000762939453,16.365102767944336
27-02-2020,17.200000762939453,17.200000762939453,0,17.200000762939453,17.200000762939453,16.365102767944336
28-02-2020,15.949999809265137,15.949999809265137,100,15.949999809265137,15.949999809265137,15.17577838897705
02-03-2020,15.829999923706055,15.829999923706055,200,15.829999923706055,15.829999923706055,15.061602592468262
03-03-2020,15.829999923706055,15.829999923706055,0,15.829999923706055,15.829999923706055,15.061602592468262
04-03-2020,16.059999465942383,16.059999465942383,300,16.059999465942383,16.059999465942383,15.280438423156738
05-03-2020,16.059999465942383,16.059999465942383,0,16.059999465942383,16.059999465942383,15.280438423156738
06-03-2020,16.059999465942383,16.059999465942383,0,16.059999465942383,16.059999465942383,15.280438423156738
09-03-2020,16.059999465942383,16.059999465942383,0,16.059999465942383,16.059999465942383,15.280438423156738
10-03-2020,16.059999465942383,16.059999465942383,0,16.059999465942383,16.059999465942383,15.280438423156738
11-03-2020,16.059999465942383,16.059999465942383,0,16.059999465942383,16.059999465942383,15.280438423156738
12-03-2020,16.059999465942383,16.059999465942383,0,16.059999465942383,16.059999465942383,15.280438423156738
13-03-2020,16.059999465942383,16.059999465942383,0,16.059999465942383,16.059999465942383,15.280438423156738
16-03-2020,16.059999465942383,16.059999465942383,0,16.059999465942383,16.059999465942383,15.280438423156738
17-03-2020,16.059999465942383,16.059999465942383,0,16.059999465942383,16.059999465942383,15.280438423156738
18-03-2020,16.059999465942383,16.059999465942383,0,16.059999465942383,16.059999465942383,15.280438423156738
19-03-2020,16.059999465942383,16.059999465942383,0,16.059999465942383,16.059999465942383,15.280438423156738
20-03-2020,16.059999465942383,16.059999465942383,0,16.059999465942383,16.059999465942383,15.280438423156738
23-03-2020,16.059999465942383,16.059999465942383,0,16.059999465942383,16.059999465942383,15.280438423156738
24-03-2020,16.059999465942383,16.059999465942383,0,16.059999465942383,16.059999465942383,15.280438423156738
25-03-2020,16.059999465942383,16.059999465942383,0,16.059999465942383,16.059999465942383,15.280438423156738
26-03-2020,16.0,16.0,100,16.0,16.0,15.223350524902344
27-03-2020,16.0,16.0,0,16.0,16.0,15.352890968322754
30-03-2020,16.0,16.0,0,16.0,16.0,15.352890968322754
31-03-2020,16.0,16.0,0,16.0,16.0,15.352890968322754
01-04-2020,16.0,16.0,0,16.0,16.0,15.352890968322754
02-04-2020,16.0,16.0,0,16.0,16.0,15.352890968322754
03-04-2020,16.0,16.0,0,16.0,16.0,15.352890968322754
06-04-2020,16.0,16.0,0,16.0,16.0,15.352890968322754
07-04-2020,16.0,16.0,0,16.0,16.0,15.352890968322754
08-04-2020,16.0,16.0,0,16.0,16.0,15.352890968322754
09-04-2020,16.0,16.0,0,16.0,16.0,15.352890968322754
13-04-2020,16.0,16.0,0,16.0,16.0,15.352890968322754
14-04-2020,12.0,12.0,400,14.0,12.0,11.514668464660645
15-04-2020,12.0,12.0,0,12.0,12.0,11.514668464660645
16-04-2020,11.680000305175781,11.680000305175781,8900,11.680000305175781,11.680000305175781,11.207611083984375
17-04-2020,11.680000305175781,11.680000305175781,5200,11.680000305175781,11.680000305175781,11.207611083984375
20-04-2020,11.680000305175781,11.680000305175781,0,11.680000305175781,11.680000305175781,11.207611083984375
21-04-2020,11.680000305175781,11.680000305175781,0,11.680000305175781,11.680000305175781,11.207611083984375
22-04-2020,11.100000381469727,11.100000381469727,300,11.100000381469727,11.100000381469727,10.651068687438965
23-04-2020,11.100000381469727,11.100000381469727,31200,11.100000381469727,11.100000381469727,10.651068687438965
24-04-2020,11.100000381469727,11.100000381469727,0,11.100000381469727,11.100000381469727,10.651068687438965
27-04-2020,11.0600004196167,11.100000381469727,50100,11.100000381469727,11.0600004196167,10.612686157226562
28-04-2020,11.079999923706055,11.079999923706055,55200,11.079999923706055,11.079999923706055,10.631877899169922
29-04-2020,11.079999923706055,11.079999923706055,70000,11.079999923706055,11.079999923706055,10.631877899169922
30-04-2020,11.079999923706055,11.079999923706055,0,11.079999923706055,11.079999923706055,10.631877899169922
01-05-2020,11.079999923706055,11.079999923706055,0,11.079999923706055,11.079999923706055,10.631877899169922
04-05-2020,11.279999732971191,11.279999732971191,3000,11.279999732971191,11.279999732971191,10.823787689208984
05-05-2020,11.279999732971191,11.279999732971191,0,11.279999732971191,11.279999732971191,10.823787689208984
06-05-2020,11.279999732971191,11.279999732971191,0,11.279999732971191,11.279999732971191,10.823787689208984
07-05-2020,11.279999732971191,11.279999732971191,0,11.279999732971191,11.279999732971191,10.823787689208984
08-05-2020,11.279999732971191,11.279999732971191,0,11.279999732971191,11.279999732971191,10.823787689208984
11-05-2020,10.869999885559082,10.869999885559082,900,10.869999885559082,10.869999885559082,10.430370330810547
12-05-2020,10.800000190734863,10.800000190734863,2000,11.0,10.800000190734863,10.363202095031738
13-05-2020,10.800000190734863,10.800000190734863,0,10.800000190734863,10.800000190734863,10.363202095031738
14-05-2020,10.800000190734863,10.800000190734863,0,10.800000190734863,10.800000190734863,10.363202095031738
15-05-2020,10.800000190734863,10.800000190734863,0,10.800000190734863,10.800000190734863,10.363202095031738
18-05-2020,11.0,11.0,200,11.050000190734863,11.050000190734863,10.603090286254883
19-05-2020,10.520000457763672,10.670000076293945,500,10.670000076293945,10.520000457763672,10.094527244567871
20-05-2020,10.520000457763672,10.520000457763672,0,10.520000457763672,10.520000457763672,10.094527244567871
21-05-2020,10.520000457763672,10.520000457763672,0,10.520000457763672,10.520000457763672,10.094527244567871
22-05-2020,10.520000457763672,10.520000457763672,0,10.520000457763672,10.520000457763672,10.094527244567871
26-05-2020,10.520000457763672,10.520000457763672,0,10.520000457763672,10.520000457763672,10.094527244567871
27-05-2020,10.520000457763672,10.520000457763672,0,10.520000457763672,10.520000457763672,10.094527244567871
28-05-2020,10.520000457763672,10.520000457763672,0,10.520000457763672,10.520000457763672,10.094527244567871
29-05-2020,10.520000457763672,10.520000457763672,0,10.520000457763672,10.520000457763672,10.094527244567871
01-06-2020,10.520000457763672,10.520000457763672,0,10.520000457763672,10.520000457763672,10.094527244567871
02-06-2020,10.520000457763672,10.520000457763672,0,10.520000457763672,10.520000457763672,10.094527244567871
03-06-2020,10.550000190734863,10.550000190734863,300,10.550000190734863,10.550000190734863,10.123311996459961
04-06-2020,10.550000190734863,10.550000190734863,0,10.550000190734863,10.550000190734863,10.123311996459961
05-06-2020,10.550000190734863,10.550000190734863,0,10.550000190734863,10.550000190734863,10.123311996459961
08-06-2020,10.550000190734863,10.550000190734863,0,10.550000190734863,10.550000190734863,10.123311996459961
09-06-2020,10.550000190734863,10.550000190734863,0,10.550000190734863,10.550000190734863,10.123311996459961
10-06-2020,10.550000190734863,10.550000190734863,0,10.550000190734863,10.550000190734863,10.123311996459961
11-06-2020,10.550000190734863,10.550000190734863,0,10.550000190734863,10.550000190734863,10.123311996459961
12-06-2020,10.550000190734863,10.550000190734863,0,10.550000190734863,10.550000190734863,10.123311996459961
15-06-2020,10.550000190734863,10.550000190734863,0,10.550000190734863,10.550000190734863,10.123311996459961
16-06-2020,10.550000190734863,10.550000190734863,0,10.550000190734863,10.550000190734863,10.123311996459961
17-06-2020,10.550000190734863,10.550000190734863,0,10.550000190734863,10.550000190734863,10.123311996459961
18-06-2020,10.550000190734863,10.550000190734863,0,10.550000190734863,10.550000190734863,10.123311996459961
19-06-2020,10.550000190734863,10.550000190734863,0,10.550000190734863,10.550000190734863,10.123311996459961
22-06-2020,10.550000190734863,10.550000190734863,0,10.550000190734863,10.550000190734863,10.123311996459961
23-06-2020,10.550000190734863,10.550000190734863,0,10.550000190734863,10.550000190734863,10.123311996459961
24-06-2020,10.550000190734863,10.550000190734863,0,10.550000190734863,10.550000190734863,10.123311996459961
25-06-2020,10.550000190734863,10.550000190734863,0,10.550000190734863,10.550000190734863,10.123311996459961
26-06-2020,10.550000190734863,10.550000190734863,0,10.550000190734863,10.550000190734863,10.123311996459961
29-06-2020,10.550000190734863,10.550000190734863,0,10.550000190734863,10.550000190734863,10.123311996459961
30-06-2020,10.550000190734863,10.550000190734863,0,10.550000190734863,10.550000190734863,10.123311996459961
01-07-2020,10.550000190734863,10.550000190734863,0,10.550000190734863,10.550000190734863,10.123311996459961
02-07-2020,10.550000190734863,10.550000190734863,0,10.550000190734863,10.550000190734863,10.123311996459961
06-07-2020,10.5,10.5,500,10.5,10.5,10.075335502624512
07-07-2020,10.5,10.5,0,10.5,10.5,10.075335502624512
08-07-2020,10.5,10.5,0,10.5,10.5,10.075335502624512
09-07-2020,12.75,12.75,900,12.75,12.75,12.234334945678711
10-07-2020,12.75,12.75,0,12.75,12.75,12.234334945678711
13-07-2020,12.75,12.75,0,12.75,12.75,12.234334945678711
14-07-2020,12.0,12.0,100,12.0,12.0,11.514668464660645
15-07-2020,12.0,12.0,0,12.0,12.0,11.514668464660645
16-07-2020,12.0,12.0,0,12.0,12.0,11.514668464660645
17-07-2020,12.0,12.0,0,12.0,12.0,11.514668464660645
20-07-2020,12.0,12.0,0,12.0,12.0,11.514668464660645
21-07-2020,12.0,12.0,0,12.0,12.0,11.514668464660645
22-07-2020,12.0,12.0,0,12.0,12.0,11.514668464660645
23-07-2020,12.0,12.0,0,12.0,12.0,11.514668464660645
24-07-2020,12.0,12.0,0,12.0,12.0,11.514668464660645
27-07-2020,12.0,12.0,0,12.0,12.0,11.514668464660645
28-07-2020,12.0,12.0,0,12.0,12.0,11.514668464660645
29-07-2020,12.0,12.0,0,12.0,12.0,11.514668464660645
30-07-2020,12.0,12.0,0,12.0,12.0,11.514668464660645
31-07-2020,12.0,12.0,0,12.0,12.0,11.514668464660645
03-08-2020,12.0,12.0,0,12.0,12.0,11.514668464660645
04-08-2020,12.0,12.0,0,12.0,12.0,11.618189811706543
05-08-2020,12.0,12.0,0,12.0,12.0,11.618189811706543
06-08-2020,12.0,12.0,0,12.0,12.0,11.618189811706543
07-08-2020,12.0,12.0,0,12.0,12.0,11.618189811706543
10-08-2020,13.0,13.0,100,13.0,13.0,12.586371421813965
11-08-2020,13.0,13.0,0,13.0,13.0,12.586371421813965
12-08-2020,13.0,13.0,0,13.0,13.0,12.586371421813965
13-08-2020,13.0,13.0,0,13.0,13.0,12.586371421813965
14-08-2020,13.0,13.0,0,13.0,13.0,12.586371421813965
17-08-2020,13.0,13.0,0,13.0,13.0,12.586371421813965
18-08-2020,13.420000076293945,13.420000076293945,600,13.420000076293945,13.420000076293945,12.993008613586426
19-08-2020,13.420000076293945,13.420000076293945,0,13.420000076293945,13.420000076293945,12.993008613586426
20-08-2020,13.420000076293945,13.420000076293945,0,13.420000076293945,13.420000076293945,12.993008613586426
21-08-2020,13.420000076293945,13.420000076293945,0,13.420000076293945,13.420000076293945,12.993008613586426
24-08-2020,13.420000076293945,13.420000076293945,0,13.420000076293945,13.420000076293945,12.993008613586426
25-08-2020,13.420000076293945,13.420000076293945,0,13.420000076293945,13.420000076293945,12.993008613586426
26-08-2020,13.420000076293945,13.420000076293945,0,13.420000076293945,13.420000076293945,12.993008613586426
27-08-2020,13.420000076293945,13.420000076293945,0,13.420000076293945,13.420000076293945,12.993008613586426
28-08-2020,13.420000076293945,13.420000076293945,0,13.420000076293945,13.420000076293945,12.993008613586426
31-08-2020,13.420000076293945,13.420000076293945,0,13.420000076293945,13.420000076293945,12.993008613586426
01-09-2020,14.0,14.0,100,14.0,14.0,13.554553985595703
02-09-2020,14.0,14.0,0,14.0,14.0,13.554553985595703
03-09-2020,14.0,14.0,0,14.0,14.0,13.554553985595703
04-09-2020,14.0,14.0,0,14.0,14.0,13.554553985595703
08-09-2020,14.0,14.0,0,14.0,14.0,13.554553985595703
09-09-2020,14.0,14.0,0,14.0,14.0,13.554553985595703
10-09-2020,14.0,14.0,0,14.0,14.0,13.554553985595703
11-09-2020,14.0,14.0,0,14.0,14.0,13.554553985595703
14-09-2020,12.5,12.5,200,12.5,12.5,12.102280616760254
15-09-2020,12.5,12.5,0,12.5,12.5,12.102280616760254
16-09-2020,12.5,12.5,0,12.5,12.5,12.102280616760254
17-09-2020,12.5,12.5,0,12.5,12.5,12.102280616760254
18-09-2020,12.5,12.5,0,12.5,12.5,12.102280616760254
21-09-2020,12.5,12.5,0,12.5,12.5,12.102280616760254
22-09-2020,12.5,12.5,0,12.5,12.5,12.102280616760254
23-09-2020,12.5,12.5,0,12.5,12.5,12.102280616760254
24-09-2020,11.300000190734863,11.300000190734863,300,11.300000190734863,11.300000190734863,10.940461158752441
25-09-2020,11.300000190734863,11.300000190734863,0,11.300000190734863,11.300000190734863,10.940461158752441
28-09-2020,11.300000190734863,11.300000190734863,0,11.300000190734863,11.300000190734863,10.940461158752441
29-09-2020,11.300000190734863,11.300000190734863,0,11.300000190734863,11.300000190734863,10.940461158752441
30-09-2020,11.300000190734863,11.300000190734863,0,11.300000190734863,11.300000190734863,10.940461158752441
01-10-2020,11.300000190734863,11.300000190734863,0,11.300000190734863,11.300000190734863,10.940461158752441
02-10-2020,11.300000190734863,11.300000190734863,0,11.300000190734863,11.300000190734863,10.940461158752441
05-10-2020,11.300000190734863,11.300000190734863,0,11.300000190734863,11.300000190734863,10.940461158752441
06-10-2020,11.300000190734863,11.300000190734863,0,11.300000190734863,11.300000190734863,10.940461158752441
07-10-2020,11.300000190734863,11.300000190734863,0,11.300000190734863,11.300000190734863,10.940461158752441
08-10-2020,11.300000190734863,11.300000190734863,0,11.300000190734863,11.300000190734863,10.940461158752441
09-10-2020,11.300000190734863,11.300000190734863,0,11.300000190734863,11.300000190734863,10.940461158752441
12-10-2020,11.300000190734863,11.300000190734863,0,11.300000190734863,11.300000190734863,10.940461158752441
13-10-2020,11.300000190734863,11.300000190734863,0,11.300000190734863,11.300000190734863,10.940461158752441
14-10-2020,11.300000190734863,11.300000190734863,0,11.300000190734863,11.300000190734863,10.940461158752441
15-10-2020,11.300000190734863,11.300000190734863,0,11.300000190734863,11.300000190734863,10.940461158752441
16-10-2020,11.300000190734863,11.300000190734863,0,11.300000190734863,11.300000190734863,10.940461158752441
19-10-2020,11.300000190734863,11.300000190734863,0,11.300000190734863,11.300000190734863,10.940461158752441
20-10-2020,11.300000190734863,11.300000190734863,0,11.300000190734863,11.300000190734863,10.940461158752441
21-10-2020,11.300000190734863,11.300000190734863,0,11.300000190734863,11.300000190734863,10.940461158752441
22-10-2020,11.300000190734863,11.300000190734863,0,11.300000190734863,11.300000190734863,10.940461158752441
23-10-2020,11.300000190734863,11.300000190734863,0,11.300000190734863,11.300000190734863,10.940461158752441
26-10-2020,11.300000190734863,11.300000190734863,0,11.300000190734863,11.300000190734863,10.940461158752441
27-10-2020,11.300000190734863,11.300000190734863,0,11.300000190734863,11.300000190734863,10.940461158752441
28-10-2020,11.300000190734863,11.300000190734863,0,11.300000190734863,11.300000190734863,10.940461158752441
29-10-2020,11.300000190734863,11.300000190734863,0,11.300000190734863,11.300000190734863,10.940461158752441
30-10-2020,11.300000190734863,11.300000190734863,0,11.300000190734863,11.300000190734863,10.940461158752441
02-11-2020,11.300000190734863,11.300000190734863,0,11.300000190734863,11.300000190734863,10.940461158752441
03-11-2020,11.300000190734863,11.300000190734863,0,11.300000190734863,11.300000190734863,10.940461158752441
04-11-2020,11.300000190734863,11.300000190734863,0,11.300000190734863,11.300000190734863,10.940461158752441
05-11-2020,11.300000190734863,11.300000190734863,0,11.300000190734863,11.300000190734863,10.940461158752441
06-11-2020,11.300000190734863,11.300000190734863,0,11.300000190734863,11.300000190734863,11.17885684967041
09-11-2020,11.300000190734863,11.300000190734863,0,11.300000190734863,11.300000190734863,11.17885684967041
10-11-2020,11.300000190734863,11.300000190734863,0,11.300000190734863,11.300000190734863,11.17885684967041
11-11-2020,11.300000190734863,11.300000190734863,0,11.300000190734863,11.300000190734863,11.17885684967041
12-11-2020,11.300000190734863,11.300000190734863,0,11.300000190734863,11.300000190734863,11.17885684967041
13-11-2020,11.300000190734863,11.300000190734863,0,11.300000190734863,11.300000190734863,11.17885684967041
16-11-2020,11.300000190734863,11.300000190734863,0,11.300000190734863,11.300000190734863,11.17885684967041
17-11-2020,11.300000190734863,11.300000190734863,0,11.300000190734863,11.300000190734863,11.17885684967041
18-11-2020,11.300000190734863,11.300000190734863,0,11.300000190734863,11.300000190734863,11.17885684967041
19-11-2020,11.300000190734863,11.300000190734863,0,11.300000190734863,11.300000190734863,11.17885684967041
20-11-2020,11.300000190734863,11.300000190734863,0,11.300000190734863,11.300000190734863,11.17885684967041
23-11-2020,11.300000190734863,11.300000190734863,0,11.300000190734863,11.300000190734863,11.17885684967041
24-11-2020,11.300000190734863,11.300000190734863,0,11.300000190734863,11.300000190734863,11.17885684967041
25-11-2020,11.300000190734863,11.300000190734863,0,11.300000190734863,11.300000190734863,11.17885684967041
27-11-2020,15.729999542236328,15.729999542236328,1000,15.729999542236328,15.729999542236328,15.56136417388916
30-11-2020,15.729999542236328,15.729999542236328,0,15.729999542236328,15.729999542236328,15.56136417388916
01-12-2020,15.729999542236328,15.729999542236328,0,15.729999542236328,15.729999542236328,15.56136417388916
02-12-2020,14.850000381469727,14.850000381469727,100,14.850000381469727,14.850000381469727,14.690799713134766
03-12-2020,14.850000381469727,14.850000381469727,0,14.850000381469727,14.850000381469727,14.690799713134766
04-12-2020,14.850000381469727,14.850000381469727,0,14.850000381469727,14.850000381469727,14.690799713134766
07-12-2020,14.850000381469727,14.850000381469727,0,14.850000381469727,14.850000381469727,14.690799713134766
08-12-2020,14.850000381469727,14.850000381469727,0,14.850000381469727,14.850000381469727,14.690799713134766
09-12-2020,14.850000381469727,14.850000381469727,0,14.850000381469727,14.850000381469727,14.690799713134766
10-12-2020,15.850000381469727,15.850000381469727,700,15.850000381469727,15.850000381469727,15.680078506469727
11-12-2020,15.850000381469727,15.850000381469727,0,15.850000381469727,15.850000381469727,15.680078506469727
14-12-2020,15.850000381469727,15.850000381469727,0,15.850000381469727,15.850000381469727,15.680078506469727
15-12-2020,15.850000381469727,15.850000381469727,0,15.850000381469727,15.850000381469727,15.680078506469727
16-12-2020,15.850000381469727,15.850000381469727,0,15.850000381469727,15.850000381469727,15.680078506469727
17-12-2020,17.6200008392334,17.6200008392334,5000,17.75,17.75,17.559709548950195
18-12-2020,17.75,17.75,0,17.75,17.75,17.559709548950195
21-12-2020,17.75,17.75,0,17.75,17.75,17.559709548950195
22-12-2020,17.100000381469727,17.100000381469727,400,17.100000381469727,17.100000381469727,16.916677474975586
23-12-2020,17.100000381469727,17.100000381469727,0,17.100000381469727,17.100000381469727,16.916677474975586
24-12-2020,19.920000076293945,19.920000076293945,100,19.920000076293945,19.920000076293945,19.706445693969727
28-12-2020,19.920000076293945,19.920000076293945,0,19.920000076293945,19.920000076293945,19.706445693969727
29-12-2020,19.920000076293945,19.920000076293945,0,19.920000076293945,19.920000076293945,19.706445693969727
30-12-2020,18.030000686645508,18.030000686645508,100,18.030000686645508,18.030000686645508,17.836708068847656
31-12-2020,18.030000686645508,18.030000686645508,0,18.030000686645508,18.030000686645508,17.836708068847656
04-01-2021,18.030000686645508,18.030000686645508,0,18.030000686645508,18.030000686645508,17.836708068847656
05-01-2021,17.219999313354492,17.219999313354492,1000,17.219999313354492,17.219999313354492,17.035390853881836
06-01-2021,17.219999313354492,17.219999313354492,0,17.219999313354492,17.219999313354492,17.035390853881836
07-01-2021,18.329999923706055,18.329999923706055,200,18.329999923706055,18.329999923706055,18.13349151611328
08-01-2021,18.950000762939453,18.950000762939453,400,18.950000762939453,18.950000762939453,18.746845245361328
11-01-2021,18.950000762939453,18.950000762939453,0,18.950000762939453,18.950000762939453,18.746845245361328
12-01-2021,18.950000762939453,18.950000762939453,0,18.950000762939453,18.950000762939453,18.746845245361328
13-01-2021,18.950000762939453,18.950000762939453,0,18.950000762939453,18.950000762939453,18.746845245361328
14-01-2021,19.0,19.899999618530273,800,19.899999618530273,19.0,18.796308517456055
15-01-2021,18.5,18.5,600,18.5,18.5,18.301668167114258
19-01-2021,18.5,18.5,400,18.5,18.5,18.301668167114258
20-01-2021,18.5,18.5,0,18.5,18.5,18.301668167114258
21-01-2021,18.5,18.5,2800,18.5,18.5,18.301668167114258
22-01-2021,18.5,18.5,0,18.5,18.5,18.301668167114258
25-01-2021,18.5,18.5,0,18.5,18.5,18.301668167114258
26-01-2021,18.5,18.5,0,18.5,18.5,18.301668167114258
27-01-2021,18.5,18.5,0,18.5,18.5,18.301668167114258
28-01-2021,18.5,18.5,0,18.5,18.5,18.301668167114258
29-01-2021,18.5,18.5,0,18.5,18.5,18.301668167114258
01-02-2021,18.5,18.5,0,18.5,18.5,18.301668167114258
02-02-2021,20.549999237060547,20.549999237060547,300,20.549999237060547,20.549999237060547,20.32969093322754
03-02-2021,20.549999237060547,20.549999237060547,0,20.549999237060547,20.549999237060547,20.32969093322754
04-02-2021,20.5,20.5,300,20.5,20.5,20.280227661132812
05-02-2021,20.5,20.5,0,20.5,20.5,20.280227661132812
08-02-2021,20.5,20.5,0,20.5,20.5,20.280227661132812
09-02-2021,20.989999771118164,20.989999771118164,100,20.989999771118164,20.989999771118164,20.76497459411621
10-02-2021,20.989999771118164,20.989999771118164,0,20.989999771118164,20.989999771118164,20.76497459411621
11-02-2021,21.0,21.0,100,21.0,21.0,20.77486801147461
12-02-2021,21.0,21.0,0,21.0,21.0,20.77486801147461
16-02-2021,20.950000762939453,20.950000762939453,500,21.0,20.950000762939453,20.725404739379883
17-02-2021,20.950000762939453,20.950000762939453,0,20.950000762939453,20.950000762939453,20.725404739379883
18-02-2021,20.950000762939453,21.350000381469727,1000,21.350000381469727,20.950000762939453,20.725404739379883
19-02-2021,20.950000762939453,20.950000762939453,0,20.950000762939453,20.950000762939453,20.725404739379883
22-02-2021,20.149999618530273,20.149999618530273,200,20.149999618530273,20.149999618530273,19.933979034423828
23-02-2021,20.149999618530273,20.149999618530273,0,20.149999618530273,20.149999618530273,19.933979034423828
24-02-2021,20.149999618530273,20.149999618530273,0,20.149999618530273,20.149999618530273,19.933979034423828
25-02-2021,20.149999618530273,20.149999618530273,0,20.149999618530273,20.149999618530273,19.933979034423828
26-02-2021,20.149999618530273,20.149999618530273,0,20.149999618530273,20.149999618530273,19.933979034423828
01-03-2021,20.149999618530273,20.149999618530273,0,20.149999618530273,20.149999618530273,19.933979034423828
02-03-2021,20.649999618530273,20.649999618530273,200,20.649999618530273,20.649999618530273,20.428619384765625
03-03-2021,20.450000762939453,20.450000762939453,400,20.450000762939453,20.450000762939453,20.230764389038086
04-03-2021,20.450000762939453,20.450000762939453,0,20.450000762939453,20.450000762939453,20.230764389038086
05-03-2021,20.450000762939453,20.450000762939453,0,20.450000762939453,20.450000762939453,20.230764389038086
08-03-2021,20.450000762939453,20.450000762939453,0,20.450000762939453,20.450000762939453,20.230764389038086
09-03-2021,20.450000762939453,20.450000762939453,0,20.450000762939453,20.450000762939453,20.230764389038086
10-03-2021,20.450000762939453,20.450000762939453,0,20.450000762939453,20.450000762939453,20.230764389038086
11-03-2021,20.450000762939453,20.450000762939453,0,20.450000762939453,20.450000762939453,20.230764389038086
12-03-2021,20.450000762939453,20.450000762939453,0,20.450000762939453,20.450000762939453,20.230764389038086
15-03-2021,20.75,20.75,300,20.75,20.75,20.52754783630371
16-03-2021,20.75,20.75,0,20.75,20.75,20.52754783630371
17-03-2021,20.0,20.0,500,20.0,20.0,19.785587310791016
18-03-2021,19.8799991607666,19.8799991607666,1400,19.8799991607666,19.8799991607666,19.666873931884766
19-03-2021,19.8799991607666,19.8799991607666,0,19.8799991607666,19.8799991607666,19.666873931884766
22-03-2021,19.8799991607666,19.8799991607666,0,19.8799991607666,19.8799991607666,19.666873931884766
23-03-2021,19.0,19.0,1000,19.0,19.0,18.796308517456055
24-03-2021,19.0,19.0,0,19.0,19.0,18.796308517456055
25-03-2021,19.0,19.0,0,19.0,19.0,18.796308517456055
26-03-2021,19.25,19.25,1200,19.25,19.25,19.043628692626953
29-03-2021,19.25,19.25,0,19.25,19.25,19.043628692626953
30-03-2021,19.280000686645508,19.280000686645508,300,19.280000686645508,19.280000686645508,19.073307037353516
31-03-2021,19.280000686645508,19.280000686645508,0,19.280000686645508,19.280000686645508,19.073307037353516
01-04-2021,19.280000686645508,19.280000686645508,0,19.280000686645508,19.280000686645508,19.073307037353516
05-04-2021,19.280000686645508,19.280000686645508,0,19.280000686645508,19.280000686645508,19.073307037353516
06-04-2021,18.950000762939453,18.950000762939453,900,18.950000762939453,18.950000762939453,18.746845245361328
07-04-2021,18.950000762939453,18.950000762939453,0,18.950000762939453,18.950000762939453,18.746845245361328
08-04-2021,18.950000762939453,18.950000762939453,0,18.950000762939453,18.950000762939453,18.746845245361328
09-04-2021,18.950000762939453,18.950000762939453,0,18.950000762939453,18.950000762939453,18.746845245361328
12-04-2021,17.799999237060547,17.799999237060547,2400,17.799999237060547,17.799999237060547,17.609172821044922
13-04-2021,17.799999237060547,17.799999237060547,0,17.799999237060547,17.799999237060547,17.609172821044922
14-04-2021,17.799999237060547,17.799999237060547,0,17.799999237060547,17.799999237060547,17.609172821044922
15-04-2021,18.290000915527344,18.290000915527344,1700,18.290000915527344,18.290000915527344,18.093921661376953
16-04-2021,18.290000915527344,18.290000915527344,0,18.290000915527344,18.290000915527344,18.093921661376953
19-04-2021,18.290000915527344,18.290000915527344,0,18.290000915527344,18.290000915527344,18.093921661376953
20-04-2021,18.290000915527344,18.290000915527344,0,18.290000915527344,18.290000915527344,18.093921661376953
21-04-2021,17.350000381469727,17.350000381469727,200,17.350000381469727,17.350000381469727,17.163997650146484
22-04-2021,17.280000686645508,17.34000015258789,12400,17.34000015258789,17.280000686645508,17.094749450683594
23-04-2021,17.280000686645508,17.280000686645508,0,17.280000686645508,17.280000686645508,17.094749450683594
26-04-2021,17.280000686645508,17.280000686645508,0,17.280000686645508,17.280000686645508,17.094749450683594
27-04-2021,17.280000686645508,17.280000686645508,0,17.280000686645508,17.280000686645508,17.094749450683594
28-04-2021,18.049999237060547,18.049999237060547,1500,18.049999237060547,18.049999237060547,17.85649299621582
29-04-2021,18.049999237060547,18.049999237060547,0,18.049999237060547,18.049999237060547,17.85649299621582
30-04-2021,18.049999237060547,18.049999237060547,0,18.049999237060547,18.049999237060547,17.85649299621582
03-05-2021,17.75,18.200000762939453,2400,18.200000762939453,17.75,17.559709548950195
04-05-2021,17.75,17.75,0,17.75,17.75,17.559709548950195
05-05-2021,17.75,17.75,0,17.75,17.75,17.559709548950195
06-05-2021,17.75,17.75,0,17.75,17.75,17.559709548950195
07-05-2021,17.75,17.75,0,17.75,17.75,17.559709548950195
10-05-2021,17.75,17.75,0,17.75,17.75,17.559709548950195
11-05-2021,17.75,17.75,0,17.75,17.75,17.559709548950195
12-05-2021,17.75,17.75,0,17.75,17.75,17.559709548950195
13-05-2021,17.75,17.75,0,17.75,17.75,17.559709548950195
14-05-2021,17.75,17.75,0,17.75,17.75,17.559709548950195
17-05-2021,18.700000762939453,18.700000762939453,1000,18.700000762939453,18.700000762939453,18.49952507019043
18-05-2021,18.700000762939453,18.700000762939453,0,18.700000762939453,18.700000762939453,18.49952507019043
19-05-2021,18.850000381469727,18.850000381469727,8200,19.25,19.25,19.043628692626953
20-05-2021,19.25,19.25,0,19.25,19.25,19.043628692626953
21-05-2021,19.25,19.25,0,19.25,19.25,19.043628692626953
24-05-2021,19.25,19.25,0,19.25,19.25,19.043628692626953
25-05-2021,19.25,19.25,0,19.25,19.25,19.043628692626953
26-05-2021,19.25,19.25,0,19.25,19.25,19.043628692626953
27-05-2021,19.25,19.25,0,19.25,19.25,19.043628692626953
28-05-2021,19.25,19.25,0,19.25,19.25,19.043628692626953
01-06-2021,19.25,19.25,0,19.25,19.25,19.043628692626953
02-06-2021,19.25,19.25,0,19.25,19.25,19.043628692626953
03-06-2021,19.25,19.25,0,19.25,19.25,19.043628692626953
04-06-2021,19.25,19.25,0,19.25,19.25,19.043628692626953
07-06-2021,19.25,19.25,100,19.25,19.25,19.043628692626953
08-06-2021,19.25,19.25,0,19.25,19.25,19.043628692626953
09-06-2021,19.25,19.25,0,19.25,19.25,19.043628692626953
10-06-2021,19.25,19.25,0,19.25,19.25,19.043628692626953
11-06-2021,19.25,19.25,0,19.25,19.25,19.043628692626953
14-06-2021,19.25,19.25,0,19.25,19.25,19.043628692626953
15-06-2021,19.25,19.25,0,19.25,19.25,19.043628692626953
16-06-2021,19.25,19.25,0,19.25,19.25,19.043628692626953
17-06-2021,19.600000381469727,19.600000381469727,10700,19.600000381469727,19.600000381469727,19.389877319335938
18-06-2021,19.600000381469727,19.600000381469727,0,19.600000381469727,19.600000381469727,19.389877319335938
21-06-2021,19.399999618530273,19.399999618530273,3000,19.399999618530273,19.399999618530273,19.192020416259766
22-06-2021,19.399999618530273,19.399999618530273,0,19.399999618530273,19.399999618530273,19.192020416259766
23-06-2021,19.399999618530273,19.399999618530273,0,19.399999618530273,19.399999618530273,19.192020416259766
24-06-2021,19.399999618530273,19.399999618530273,0,19.399999618530273,19.399999618530273,19.192020416259766
25-06-2021,19.399999618530273,19.399999618530273,0,19.399999618530273,19.399999618530273,19.192020416259766
28-06-2021,19.399999618530273,19.399999618530273,0,19.399999618530273,19.399999618530273,19.192020416259766
29-06-2021,19.399999618530273,19.399999618530273,0,19.399999618530273,19.399999618530273,19.192020416259766
30-06-2021,20.0,20.0,100,20.0,20.0,19.785587310791016
01-07-2021,20.0,20.0,0,20.0,20.0,19.785587310791016
02-07-2021,20.0,20.0,0,20.0,20.0,19.785587310791016
06-07-2021,20.0,20.0,0,20.0,20.0,19.785587310791016
07-07-2021,20.0,20.0,0,20.0,20.0,19.785587310791016
08-07-2021,20.0,20.0,0,20.0,20.0,19.785587310791016
09-07-2021,20.0,20.0,0,20.0,20.0,19.785587310791016
12-07-2021,20.0,20.0,0,20.0,20.0,19.785587310791016
13-07-2021,20.0,20.0,0,20.0,20.0,19.785587310791016
14-07-2021,20.0,20.0,100,20.0,20.0,19.785587310791016
15-07-2021,20.0,20.0,0,20.0,20.0,19.785587310791016
16-07-2021,21.149999618530273,21.149999618530273,500,21.350000381469727,21.350000381469727,21.12111473083496
19-07-2021,21.350000381469727,21.350000381469727,0,21.350000381469727,21.350000381469727,21.12111473083496
20-07-2021,20.850000381469727,20.850000381469727,700,20.850000381469727,20.850000381469727,20.626476287841797
21-07-2021,20.850000381469727,20.850000381469727,100,20.850000381469727,20.850000381469727,20.626476287841797
22-07-2021,22.479999542236328,22.479999542236328,300,22.479999542236328,22.479999542236328,22.23900032043457
23-07-2021,22.479999542236328,22.479999542236328,0,22.479999542236328,22.479999542236328,22.23900032043457
26-07-2021,22.479999542236328,22.479999542236328,0,22.479999542236328,22.479999542236328,22.23900032043457
27-07-2021,22.479999542236328,22.479999542236328,0,22.479999542236328,22.479999542236328,22.479999542236328
28-07-2021,22.479999542236328,22.479999542236328,0,22.479999542236328,22.479999542236328,22.479999542236328
29-07-2021,22.479999542236328,22.479999542236328,0,22.479999542236328,22.479999542236328,22.479999542236328
30-07-2021,22.479999542236328,22.479999542236328,0,22.479999542236328,22.479999542236328,22.479999542236328
02-08-2021,22.479999542236328,22.479999542236328,0,22.479999542236328,22.479999542236328,22.479999542236328
03-08-2021,22.479999542236328,22.479999542236328,0,22.479999542236328,22.479999542236328,22.479999542236328
04-08-2021,22.479999542236328,22.479999542236328,500,22.479999542236328,22.479999542236328,22.479999542236328
05-08-2021,22.479999542236328,22.479999542236328,0,22.479999542236328,22.479999542236328,22.479999542236328
06-08-2021,22.479999542236328,22.479999542236328,0,22.479999542236328,22.479999542236328,22.479999542236328
09-08-2021,22.479999542236328,22.479999542236328,0,22.479999542236328,22.479999542236328,22.479999542236328
10-08-2021,22.479999542236328,22.479999542236328,0,22.479999542236328,22.479999542236328,22.479999542236328
11-08-2021,22.479999542236328,22.479999542236328,0,22.479999542236328,22.479999542236328,22.479999542236328
12-08-2021,22.479999542236328,22.479999542236328,0,22.479999542236328,22.479999542236328,22.479999542236328
13-08-2021,22.479999542236328,22.479999542236328,0,22.479999542236328,22.479999542236328,22.479999542236328
16-08-2021,22.479999542236328,22.479999542236328,0,22.479999542236328,22.479999542236328,22.479999542236328
17-08-2021,21.75,21.75,2000,21.75,21.75,21.75
18-08-2021,21.75,21.75,0,21.75,21.75,21.75
19-08-2021,21.75,21.75,0,21.75,21.75,21.75
20-08-2021,21.75,21.75,0,21.75,21.75,21.75
23-08-2021,21.75,21.75,0,21.75,21.75,21.75
24-08-2021,21.75,21.75,0,21.75,21.75,21.75
25-08-2021,21.75,21.75,0,21.75,21.75,21.75
26-08-2021,21.75,21.75,0,21.75,21.75,21.75
27-08-2021,21.75,21.75,0,21.75,21.75,21.75
30-08-2021,21.75,21.75,0,21.75,21.75,21.75
31-08-2021,21.75,21.75,0,21.75,21.75,21.75
01-09-2021,21.75,21.75,0,21.75,21.75,21.75
02-09-2021,21.75,21.75,0,21.75,21.75,21.75
03-09-2021,21.75,21.75,0,21.75,21.75,21.75
07-09-2021,21.75,21.75,0,21.75,21.75,21.75
08-09-2021,21.75,21.75,0,21.75,21.75,21.75
09-09-2021,21.75,21.75,0,21.75,21.75,21.75
10-09-2021,21.75,21.75,0,21.75,21.75,21.75
13-09-2021,21.75,21.75,0,21.75,21.75,21.75
14-09-2021,21.75,21.75,0,21.75,21.75,21.75
15-09-2021,21.75,21.75,0,21.75,21.75,21.75
16-09-2021,21.75,21.75,0,21.75,21.75,21.75
17-09-2021,21.75,21.75,0,21.75,21.75,21.75
20-09-2021,22.75,22.75,900,22.75,22.75,22.75
21-09-2021,22.75,22.75,0,22.75,22.75,22.75
22-09-2021,22.75,22.75,0,22.75,22.75,22.75
23-09-2021,22.75,22.75,0,22.75,22.75,22.75
24-09-2021,22.75,22.75,0,22.75,22.75,22.75
27-09-2021,22.75,22.75,0,22.75,22.75,22.75
28-09-2021,22.75,22.75,0,22.75,22.75,22.75
29-09-2021,22.75,22.75,0,22.75,22.75,22.75
30-09-2021,22.979999542236328,22.979999542236328,500,22.979999542236328,22.979999542236328,22.979999542236328
01-10-2021,22.979999542236328,22.979999542236328,0,22.979999542236328,22.979999542236328,22.979999542236328
04-10-2021,22.979999542236328,22.979999542236328,0,22.979999542236328,22.979999542236328,22.979999542236328
05-10-2021,22.979999542236328,22.979999542236328,0,22.979999542236328,22.979999542236328,22.979999542236328
06-10-2021,22.979999542236328,22.979999542236328,0,22.979999542236328,22.979999542236328,22.979999542236328
07-10-2021,22.979999542236328,22.979999542236328,0,22.979999542236328,22.979999542236328,22.979999542236328
08-10-2021,23.56999969482422,23.56999969482422,100,23.56999969482422,23.56999969482422,23.56999969482422
11-10-2021,23.56999969482422,23.56999969482422,0,23.56999969482422,23.56999969482422,23.56999969482422
12-10-2021,23.56999969482422,23.56999969482422,0,23.56999969482422,23.56999969482422,23.56999969482422
13-10-2021,23.56999969482422,23.56999969482422,0,23.56999969482422,23.56999969482422,23.56999969482422
14-10-2021,23.56999969482422,23.56999969482422,0,23.56999969482422,23.56999969482422,23.56999969482422
15-10-2021,23.56999969482422,23.56999969482422,0,23.56999969482422,23.56999969482422,23.56999969482422
18-10-2021,23.440000534057617,23.440000534057617,600,24.200000762939453,24.200000762939453,24.200000762939453
19-10-2021,24.200000762939453,24.200000762939453,0,24.200000762939453,24.200000762939453,24.200000762939453
20-10-2021,24.15999984741211,24.15999984741211,14000,24.15999984741211,24.15999984741211,24.15999984741211
21-10-2021,24.15999984741211,24.15999984741211,0,24.15999984741211,24.15999984741211,24.15999984741211
22-10-2021,24.299999237060547,24.299999237060547,200,24.299999237060547,24.299999237060547,24.299999237060547
25-10-2021,24.299999237060547,24.299999237060547,0,24.299999237060547,24.299999237060547,24.299999237060547
